{
"type": "FeatureCollection",
"name": "Panchganga_RJKT_Flowpath",
"crs": { "type": "name", "properties": { "name": "urn:ogc:def:crs:EPSG::32643" } },
"features": [
{ "type": "Feature", "properties": { "subbasin": "S1", "name": null, "reach_len": null, "reach_rel": null, "reach_sin": null, "reach_slo": null, "len_units": null, "layer": "longest_flowpath_network", "path": "E:\\Manasi_intern\\HMS_Shp\\longest_flowpath_network.shp" }, "geometry": { "type": "MultiLineString", "coordinates": [ [ [ 418482.529161402781028, 1850926.643594981171191, 534.5 ], [ 418482.529161402781028, 1850911.532752939732745, 534.0 ], [ 418482.529161402781028, 1850881.311068856855854, 535.0 ], [ 418482.529161402781028, 1850851.089384773978963, 533.0 ], [ 418482.529161402781028, 1850820.867700691102073, 534.0 ], [ 418482.529161402781028, 1850790.646016608225182, 537.0 ], [ 418482.529161402781028, 1850760.424332525348291, 539.0 ], [ 418482.529161402781028, 1850730.2026484424714, 537.0 ], [ 418452.307477319787722, 1850699.980964359594509, 536.0 ], [ 418452.307477319787722, 1850669.759280276717618, 536.0 ], [ 418452.307477319787722, 1850639.537596193840727, 535.0 ], [ 418452.307477319787722, 1850609.315912110963836, 534.0 ], [ 418452.307477319787722, 1850579.094228028086945, 535.0 ], [ 418422.085793236794416, 1850548.872543945210055, 537.0 ], [ 418422.085793236794416, 1850518.650859862333164, 537.0 ], [ 418422.085793236794416, 1850488.429175779456273, 536.0 ], [ 418422.085793236794416, 1850458.207491696579382, 536.0 ], [ 418422.085793236794416, 1850427.985807613702491, 535.0 ], [ 418422.085793236794416, 1850397.7641235308256, 536.0 ], [ 418422.085793236794416, 1850367.542439447948709, 538.0 ], [ 418422.085793236794416, 1850337.320755365071818, 538.0 ], [ 418391.86410915380111, 1850307.099071282194927, 540.0 ], [ 418361.642425070807803, 1850276.877387199318036, 541.0 ], [ 418361.642425070807803, 1850246.655703116441146, 540.0 ], [ 418331.420740987814497, 1850216.434019033564255, 541.0 ], [ 418301.199056904821191, 1850186.212334950687364, 539.0 ], [ 418270.977372821827885, 1850155.990650867810473, 535.0 ], [ 418240.755688738834579, 1850125.768966784933582, 535.0 ], [ 418210.534004655841272, 1850125.768966784933582, 537.0 ], [ 418180.312320572847966, 1850095.547282702056691, 539.0 ], [ 418180.312320572847966, 1850065.3255986191798, 539.0 ], [ 418150.09063648985466, 1850035.103914536302909, 541.0 ], [ 418119.868952406861354, 1850004.882230453426018, 542.0 ], [ 418089.647268323868047, 1849974.660546370549127, 541.0 ], [ 418059.425584240874741, 1849944.438862287672237, 538.0 ], [ 418029.203900157881435, 1849914.217178204795346, 536.0 ], [ 417998.982216074888129, 1849883.995494121918455, 538.0 ], [ 417968.760531991894823, 1849853.773810039041564, 540.0 ], [ 417938.538847908901516, 1849823.552125956164673, 533.0 ], [ 417908.31716382590821, 1849793.330441873287782, 530.0 ], [ 417878.095479742914904, 1849763.108757790410891, 534.0 ], [ 417878.095479742914904, 1849732.887073707534, 535.0 ], [ 417878.095479742914904, 1849702.665389624657109, 538.0 ], [ 417847.873795659921598, 1849672.443705541780218, 542.0 ], [ 417817.652111576928291, 1849642.222021458903328, 541.0 ], [ 417787.430427493934985, 1849612.000337376026437, 540.0 ], [ 417787.430427493934985, 1849581.778653293149546, 540.0 ], [ 417757.208743410941679, 1849551.556969210272655, 540.0 ], [ 417726.987059327948373, 1849551.556969210272655, 539.0 ], [ 417696.765375244955067, 1849521.335285127395764, 540.0 ], [ 417666.54369116196176, 1849491.113601044518873, 541.0 ], [ 417636.322007078968454, 1849491.113601044518873, 542.0 ], [ 417606.100322995975148, 1849491.113601044518873, 542.0 ], [ 417575.878638912981842, 1849460.891916961641982, 541.0 ], [ 417545.656954829988535, 1849430.670232878765091, 542.0 ], [ 417515.435270746995229, 1849400.4485487958882, 540.0 ], [ 417485.213586664001923, 1849370.22686471301131, 537.0 ], [ 417454.991902581008617, 1849340.005180630134419, 538.0 ], [ 417424.770218498015311, 1849309.783496547257528, 541.0 ], [ 417394.548534415022004, 1849279.561812464380637, 542.0 ], [ 417364.326850332028698, 1849249.340128381503746, 540.0 ], [ 417334.105166249035392, 1849219.118444298626855, 539.0 ], [ 417303.883482166042086, 1849188.896760215749964, 540.0 ], [ 417303.883482166042086, 1849158.675076132873073, 540.0 ], [ 417273.66179808304878, 1849128.453392049996182, 540.0 ], [ 417303.883482166042086, 1849098.231707967119291, 542.0 ], [ 417303.883482166042086, 1849068.010023884242401, 541.0 ], [ 417303.883482166042086, 1849037.78833980136551, 540.0 ], [ 417303.883482166042086, 1849007.566655718488619, 540.0 ], [ 417273.66179808304878, 1848977.344971635611728, 542.0 ], [ 417243.440114000055473, 1848947.123287552734837, 542.0 ], [ 417243.440114000055473, 1848916.901603469857946, 542.0 ], [ 417243.440114000055473, 1848886.679919386981055, 540.0 ], [ 417213.218429917062167, 1848856.458235304104164, 538.0 ], [ 417182.996745834068861, 1848826.236551221227273, 539.0 ], [ 417152.775061751075555, 1848796.014867138350382, 538.0 ], [ 417122.553377668082248, 1848765.793183055473492, 537.0 ], [ 417092.331693585088942, 1848735.571498972596601, 537.0 ], [ 417092.331693585088942, 1848705.34981488971971, 536.0 ], [ 417062.110009502095636, 1848675.128130806842819, 536.0 ], [ 417062.110009502095636, 1848644.906446723965928, 537.0 ], [ 417031.88832541910233, 1848614.684762641089037, 540.0 ], [ 417031.88832541910233, 1848584.463078558212146, 540.0 ], [ 417031.88832541910233, 1848554.241394475335255, 541.0 ], [ 417001.666641336109024, 1848524.019710392458364, 542.0 ], [ 416971.444957253115717, 1848493.798026309581473, 542.0 ], [ 416941.223273170122411, 1848463.576342226704583, 542.0 ], [ 416911.001589087129105, 1848433.354658143827692, 542.0 ], [ 416880.779905004135799, 1848433.354658143827692, 541.0 ], [ 416850.558220921142492, 1848403.132974060950801, 540.0 ], [ 416850.558220921142492, 1848372.91128997807391, 541.0 ], [ 416850.558220921142492, 1848342.689605895197019, 542.0 ], [ 416850.558220921142492, 1848312.467921812320128, 541.0 ], [ 416850.558220921142492, 1848282.246237729443237, 541.0 ], [ 416820.336536838149186, 1848252.024553646566346, 542.0 ], [ 416790.11485275515588, 1848221.802869563689455, 542.0 ], [ 416790.11485275515588, 1848191.581185480812564, 541.0 ], [ 416820.336536838149186, 1848161.359501397935674, 542.0 ], [ 416850.558220921142492, 1848131.137817315058783, 539.0 ], [ 416820.336536838149186, 1848100.916133232181892, 539.0 ], [ 416820.336536838149186, 1848070.694449149305001, 537.0 ], [ 416820.336536838149186, 1848040.47276506642811, 541.0 ], [ 416820.336536838149186, 1848010.251080983551219, 542.0 ], [ 416850.558220921142492, 1847980.029396900674328, 542.0 ], [ 416850.558220921142492, 1847949.807712817797437, 542.0 ], [ 416880.779905004135799, 1847919.586028734920546, 542.0 ], [ 416911.001589087129105, 1847889.364344652043656, 542.0 ], [ 416941.223273170122411, 1847859.142660569166765, 541.0 ], [ 416971.444957253115717, 1847828.920976486289874, 542.0 ], [ 417001.666641336109024, 1847828.920976486289874, 543.0 ], [ 417031.88832541910233, 1847828.920976486289874, 543.0 ], [ 417062.110009502095636, 1847859.142660569166765, 543.0 ], [ 417092.331693585088942, 1847889.364344652043656, 543.0 ], [ 417122.553377668082248, 1847889.364344652043656, 542.0 ], [ 417152.775061751075555, 1847859.142660569166765, 542.0 ], [ 417182.996745834068861, 1847859.142660569166765, 543.0 ], [ 417213.218429917062167, 1847828.920976486289874, 544.0 ], [ 417213.218429917062167, 1847798.699292403412983, 543.0 ], [ 417182.996745834068861, 1847768.477608320536092, 544.0 ], [ 417152.775061751075555, 1847738.255924237659201, 544.0 ], [ 417122.553377668082248, 1847708.03424015478231, 544.0 ], [ 417092.331693585088942, 1847677.812556071905419, 543.0 ], [ 417092.331693585088942, 1847647.590871989028528, 543.0 ], [ 417122.553377668082248, 1847617.369187906151637, 544.0 ], [ 417152.775061751075555, 1847587.147503823274747, 544.0 ], [ 417182.996745834068861, 1847556.925819740397856, 543.0 ], [ 417182.996745834068861, 1847526.704135657520965, 542.0 ], [ 417213.218429917062167, 1847496.482451574644074, 544.0 ], [ 417243.440114000055473, 1847466.260767491767183, 543.0 ], [ 417273.66179808304878, 1847436.039083408890292, 544.0 ], [ 417303.883482166042086, 1847405.817399326013401, 544.0 ], [ 417334.105166249035392, 1847375.59571524313651, 542.0 ], [ 417364.326850332028698, 1847345.374031160259619, 542.0 ], [ 417394.548534415022004, 1847315.152347077382728, 544.0 ], [ 417424.770218498015311, 1847284.930662994505838, 543.0 ], [ 417424.770218498015311, 1847254.708978911628947, 542.0 ], [ 417454.991902581008617, 1847224.487294828752056, 544.0 ], [ 417454.991902581008617, 1847194.265610745875165, 544.0 ], [ 417485.213586664001923, 1847164.043926662998274, 544.0 ], [ 417515.435270746995229, 1847194.265610745875165, 544.0 ], [ 417545.656954829988535, 1847194.265610745875165, 543.0 ], [ 417575.878638912981842, 1847194.265610745875165, 544.0 ], [ 417606.100322995975148, 1847224.487294828752056, 545.0 ], [ 417636.322007078968454, 1847254.708978911628947, 545.0 ], [ 417666.54369116196176, 1847254.708978911628947, 544.0 ], [ 417696.765375244955067, 1847254.708978911628947, 544.0 ], [ 417726.987059327948373, 1847254.708978911628947, 544.0 ], [ 417757.208743410941679, 1847224.487294828752056, 545.0 ], [ 417787.430427493934985, 1847194.265610745875165, 545.0 ], [ 417817.652111576928291, 1847164.043926662998274, 543.0 ], [ 417847.873795659921598, 1847133.822242580121383, 542.0 ], [ 417878.095479742914904, 1847103.600558497244492, 541.0 ], [ 417908.31716382590821, 1847103.600558497244492, 542.0 ], [ 417938.538847908901516, 1847073.378874414367601, 543.0 ], [ 417938.538847908901516, 1847043.15719033149071, 544.0 ], [ 417938.538847908901516, 1847012.935506248613819, 544.0 ], [ 417938.538847908901516, 1846982.713822165736929, 543.0 ], [ 417938.538847908901516, 1846952.492138082860038, 542.0 ], [ 417938.538847908901516, 1846922.270454, 542.0 ], [ 417938.538847908901516, 1846892.048769917106256, 545.0 ], [ 417908.31716382590821, 1846861.827085834229365, 547.0 ], [ 417908.31716382590821, 1846831.605401751352474, 546.0 ], [ 417908.31716382590821, 1846801.383717668475583, 547.0 ], [ 417908.31716382590821, 1846771.162033585598692, 548.0 ], [ 417938.538847908901516, 1846740.940349502721801, 547.0 ], [ 417968.760531991894823, 1846710.718665419844911, 545.0 ], [ 417998.982216074888129, 1846680.49698133696802, 546.0 ], [ 418029.203900157881435, 1846680.49698133696802, 547.0 ], [ 418059.425584240874741, 1846680.49698133696802, 548.0 ], [ 418089.647268323868047, 1846650.275297254091129, 548.0 ], [ 418089.647268323868047, 1846620.053613171214238, 550.0 ], [ 418089.647268323868047, 1846589.831929088337347, 551.0 ], [ 418119.868952406861354, 1846559.610245005460456, 551.0 ], [ 418119.868952406861354, 1846529.388560922583565, 551.0 ], [ 418119.868952406861354, 1846499.166876839706674, 550.0 ], [ 418119.868952406861354, 1846468.945192756829783, 550.0 ], [ 418119.868952406861354, 1846438.723508673952892, 549.0 ], [ 418119.868952406861354, 1846408.501824591076002, 549.0 ], [ 418119.868952406861354, 1846378.280140508199111, 549.0 ], [ 418119.868952406861354, 1846348.05845642532222, 550.0 ], [ 418150.09063648985466, 1846317.836772342445329, 550.0 ], [ 418150.09063648985466, 1846287.615088259568438, 551.0 ], [ 418150.09063648985466, 1846257.393404176691547, 554.0 ], [ 418180.312320572847966, 1846227.171720093814656, 556.0 ], [ 418180.312320572847966, 1846196.950036010937765, 556.0 ], [ 418180.312320572847966, 1846166.728351928060874, 555.0 ], [ 418180.312320572847966, 1846136.506667845183983, 554.0 ], [ 418180.312320572847966, 1846106.284983762307093, 554.0 ], [ 418180.312320572847966, 1846076.063299679430202, 555.0 ], [ 418180.312320572847966, 1846045.841615596553311, 556.0 ], [ 418180.312320572847966, 1846015.61993151367642, 556.0 ], [ 418150.09063648985466, 1846015.61993151367642, 557.0 ], [ 418119.868952406861354, 1845985.398247430799529, 558.0 ], [ 418089.647268323868047, 1845955.176563347922638, 556.0 ], [ 418059.425584240874741, 1845924.954879265045747, 555.0 ], [ 418059.425584240874741, 1845894.733195182168856, 555.0 ], [ 418029.203900157881435, 1845864.511511099291965, 556.0 ], [ 417998.982216074888129, 1845864.511511099291965, 557.0 ], [ 417968.760531991894823, 1845834.289827016415074, 557.0 ], [ 417938.538847908901516, 1845834.289827016415074, 558.0 ], [ 417908.31716382590821, 1845804.068142933538184, 558.0 ], [ 417908.31716382590821, 1845773.846458850661293, 558.0 ], [ 417908.31716382590821, 1845743.624774767784402, 558.0 ], [ 417938.538847908901516, 1845713.403090684907511, 558.0 ], [ 417968.760531991894823, 1845683.18140660203062, 557.0 ], [ 417998.982216074888129, 1845652.959722519153729, 558.0 ], [ 417998.982216074888129, 1845622.738038436276838, 558.0 ], [ 418029.203900157881435, 1845592.516354353399947, 559.0 ], [ 418059.425584240874741, 1845562.294670270523056, 560.0 ], [ 418089.647268323868047, 1845532.072986187646165, 558.0 ], [ 418119.868952406861354, 1845501.851302104769275, 558.0 ], [ 418150.09063648985466, 1845471.629618021892384, 559.0 ], [ 418180.312320572847966, 1845441.407933939015493, 561.0 ], [ 418210.534004655841272, 1845411.186249856138602, 561.0 ], [ 418240.755688738834579, 1845380.964565773261711, 559.0 ], [ 418240.755688738834579, 1845350.74288169038482, 559.0 ], [ 418240.755688738834579, 1845320.521197607507929, 560.0 ], [ 418210.534004655841272, 1845290.299513524631038, 559.0 ], [ 418210.534004655841272, 1845260.077829441754147, 557.0 ], [ 418210.534004655841272, 1845229.856145358877257, 556.0 ], [ 418210.534004655841272, 1845199.634461276000366, 557.0 ], [ 418180.312320572847966, 1845169.412777193123475, 558.0 ], [ 418150.09063648985466, 1845139.191093110246584, 557.0 ], [ 418119.868952406861354, 1845108.969409027369693, 559.0 ], [ 418089.647268323868047, 1845108.969409027369693, 560.0 ], [ 418059.425584240874741, 1845078.747724944492802, 560.0 ], [ 418029.203900157881435, 1845048.526040861615911, 560.0 ], [ 418029.203900157881435, 1845018.30435677873902, 559.0 ], [ 418029.203900157881435, 1844988.082672695862129, 558.0 ], [ 418029.203900157881435, 1844957.860988612985238, 559.0 ], [ 418029.203900157881435, 1844927.639304530108348, 560.0 ], [ 418029.203900157881435, 1844897.417620447231457, 559.0 ], [ 418029.203900157881435, 1844867.195936364354566, 557.0 ], [ 418029.203900157881435, 1844836.974252281477675, 557.0 ], [ 418029.203900157881435, 1844806.752568198600784, 559.0 ], [ 418029.203900157881435, 1844776.530884115723893, 561.0 ], [ 418029.203900157881435, 1844746.309200032847002, 560.0 ], [ 418059.425584240874741, 1844716.087515949970111, 560.0 ], [ 418059.425584240874741, 1844685.86583186709322, 560.0 ], [ 418059.425584240874741, 1844655.644147784216329, 560.0 ], [ 418059.425584240874741, 1844625.422463701339439, 560.0 ], [ 418059.425584240874741, 1844595.200779618462548, 561.0 ], [ 418089.647268323868047, 1844564.979095535585657, 561.0 ], [ 418089.647268323868047, 1844534.757411452708766, 561.0 ], [ 418059.425584240874741, 1844504.535727369831875, 561.0 ], [ 418029.203900157881435, 1844474.314043286954984, 561.0 ], [ 417998.982216074888129, 1844444.092359204078093, 561.0 ], [ 417968.760531991894823, 1844413.870675121201202, 558.0 ], [ 417968.760531991894823, 1844383.648991038324311, 558.0 ], [ 417968.760531991894823, 1844353.42730695544742, 558.0 ], [ 417938.538847908901516, 1844323.20562287257053, 559.0 ], [ 417938.538847908901516, 1844292.983938789693639, 560.0 ], [ 417938.538847908901516, 1844262.762254706816748, 560.0 ], [ 417908.31716382590821, 1844232.540570623939857, 558.0 ], [ 417878.095479742914904, 1844232.540570623939857, 558.0 ], [ 417878.095479742914904, 1844202.318886541062966, 558.0 ], [ 417878.095479742914904, 1844172.097202458186075, 559.0 ], [ 417878.095479742914904, 1844141.875518375309184, 560.0 ], [ 417878.095479742914904, 1844111.653834292432293, 561.0 ], [ 417878.095479742914904, 1844081.432150209555402, 561.0 ], [ 417878.095479742914904, 1844051.210466126678512, 560.0 ], [ 417878.095479742914904, 1844020.988782043801621, 561.0 ], [ 417878.095479742914904, 1843990.76709796092473, 562.0 ], [ 417878.095479742914904, 1843960.545413878047839, 562.0 ], [ 417878.095479742914904, 1843930.323729795170948, 562.0 ], [ 417878.095479742914904, 1843900.102045712294057, 562.0 ], [ 417847.873795659921598, 1843869.880361629417166, 564.0 ], [ 417817.652111576928291, 1843839.658677546540275, 564.0 ], [ 417787.430427493934985, 1843839.658677546540275, 563.0 ], [ 417757.208743410941679, 1843839.658677546540275, 563.0 ], [ 417726.987059327948373, 1843839.658677546540275, 564.0 ], [ 417696.765375244955067, 1843809.436993463663384, 565.0 ], [ 417666.54369116196176, 1843809.436993463663384, 566.0 ], [ 417636.322007078968454, 1843809.436993463663384, 567.0 ], [ 417606.100322995975148, 1843809.436993463663384, 567.0 ], [ 417575.878638912981842, 1843779.215309380786493, 567.0 ], [ 417545.656954829988535, 1843779.215309380786493, 567.0 ], [ 417515.435270746995229, 1843779.215309380786493, 566.0 ], [ 417485.213586664001923, 1843748.993625297909603, 567.0 ], [ 417454.991902581008617, 1843718.771941215032712, 568.0 ], [ 417424.770218498015311, 1843718.771941215032712, 567.0 ], [ 417394.548534415022004, 1843688.550257132155821, 565.0 ], [ 417394.548534415022004, 1843658.32857304927893, 565.0 ], [ 417364.326850332028698, 1843628.106888966402039, 566.0 ], [ 417364.326850332028698, 1843597.885204883525148, 567.0 ], [ 417364.326850332028698, 1843567.663520800648257, 567.0 ], [ 417334.105166249035392, 1843537.441836717771366, 568.0 ], [ 417334.105166249035392, 1843507.220152634894475, 568.0 ], [ 417303.883482166042086, 1843476.998468552017584, 568.0 ], [ 417273.66179808304878, 1843446.776784469140694, 568.0 ], [ 417243.440114000055473, 1843416.555100386263803, 566.0 ], [ 417213.218429917062167, 1843386.333416303386912, 566.0 ], [ 417182.996745834068861, 1843356.111732220510021, 568.0 ], [ 417182.996745834068861, 1843325.89004813763313, 568.0 ], [ 417182.996745834068861, 1843295.668364054756239, 569.0 ], [ 417182.996745834068861, 1843265.446679971879348, 569.0 ], [ 417182.996745834068861, 1843235.224995889002457, 569.0 ], [ 417182.996745834068861, 1843205.003311806125566, 568.0 ], [ 417152.775061751075555, 1843174.781627723248675, 569.0 ], [ 417152.775061751075555, 1843144.559943640371785, 570.0 ], [ 417122.553377668082248, 1843114.338259557494894, 573.0 ], [ 417092.331693585088942, 1843084.116575474618003, 573.0 ], [ 417122.553377668082248, 1843053.894891391741112, 572.0 ], [ 417122.553377668082248, 1843023.673207308864221, 570.0 ], [ 417122.553377668082248, 1842993.45152322598733, 571.0 ], [ 417092.331693585088942, 1842963.229839143110439, 573.0 ], [ 417092.331693585088942, 1842933.008155060233548, 573.0 ], [ 417062.110009502095636, 1842933.008155060233548, 574.0 ], [ 417031.88832541910233, 1842902.786470977356657, 575.0 ], [ 417001.666641336109024, 1842872.564786894479766, 571.0 ], [ 416971.444957253115717, 1842842.343102811602876, 570.0 ], [ 416941.223273170122411, 1842812.121418728725985, 572.0 ], [ 416911.001589087129105, 1842781.899734645849094, 574.0 ], [ 416911.001589087129105, 1842751.678050562972203, 574.0 ], [ 416911.001589087129105, 1842721.456366480095312, 574.0 ], [ 416880.779905004135799, 1842691.234682397218421, 575.0 ], [ 416850.558220921142492, 1842661.01299831434153, 576.0 ], [ 416820.336536838149186, 1842630.791314231464639, 574.0 ], [ 416790.11485275515588, 1842630.791314231464639, 573.0 ], [ 416759.893168672162574, 1842600.569630148587748, 574.0 ], [ 416759.893168672162574, 1842570.347946065710858, 575.0 ], [ 416729.671484589169268, 1842540.126261982833967, 574.0 ], [ 416699.449800506175961, 1842509.904577899957076, 576.0 ], [ 416669.228116423182655, 1842479.682893817080185, 576.0 ], [ 416639.006432340189349, 1842449.461209734203294, 576.0 ], [ 416608.784748257196043, 1842449.461209734203294, 576.0 ], [ 416578.563064174202736, 1842419.239525651326403, 576.0 ], [ 416578.563064174202736, 1842389.017841568449512, 577.0 ], [ 416578.563064174202736, 1842358.796157485572621, 579.0 ], [ 416548.34138009120943, 1842328.57447340269573, 581.0 ], [ 416518.119696008216124, 1842298.352789319818839, 582.0 ], [ 416518.119696008216124, 1842268.131105236941949, 582.0 ], [ 416487.898011925222818, 1842237.909421154065058, 584.0 ], [ 416457.676327842229512, 1842207.687737071188167, 584.0 ], [ 416427.454643759236205, 1842177.466052988311276, 583.0 ], [ 416427.454643759236205, 1842147.244368905434385, 583.0 ], [ 416427.454643759236205, 1842117.022684822557494, 583.0 ], [ 416427.454643759236205, 1842086.801000739680603, 582.0 ], [ 416427.454643759236205, 1842056.579316656803712, 583.0 ], [ 416427.454643759236205, 1842026.357632573926821, 583.0 ], [ 416427.454643759236205, 1841996.13594849104993, 583.0 ], [ 416397.232959676242899, 1841965.91426440817304, 584.0 ], [ 416367.011275593249593, 1841935.692580325296149, 584.0 ], [ 416336.789591510256287, 1841905.470896242419258, 585.0 ], [ 416306.56790742726298, 1841905.470896242419258, 586.0 ], [ 416276.346223344269674, 1841875.249212159542367, 588.0 ], [ 416246.124539261276368, 1841845.027528076665476, 589.0 ], [ 416215.902855178283062, 1841845.027528076665476, 591.0 ], [ 416185.681171095289756, 1841845.027528076665476, 592.0 ], [ 416155.459487012296449, 1841845.027528076665476, 593.0 ], [ 416125.237802929303143, 1841845.027528076665476, 593.0 ], [ 416095.016118846309837, 1841845.027528076665476, 592.0 ], [ 416095.016118846309837, 1841814.805843993788585, 595.0 ], [ 416064.794434763316531, 1841784.584159910911694, 596.0 ], [ 416034.572750680323225, 1841754.362475828034803, 596.0 ], [ 416004.351066597329918, 1841724.140791745157912, 596.0 ], [ 415974.129382514336612, 1841693.919107662281021, 596.0 ], [ 415943.907698431343306, 1841663.697423579404131, 596.0 ], [ 415913.68601434835, 1841633.47573949652724, 596.0 ], [ 415913.68601434835, 1841603.254055413650349, 596.0 ], [ 415913.68601434835, 1841573.032371330773458, 596.0 ], [ 415913.68601434835, 1841542.810687247896567, 596.0 ], [ 415883.464330265356693, 1841512.589003165019676, 596.0 ], [ 415853.242646182363387, 1841482.367319082142785, 596.0 ], [ 415853.242646182363387, 1841452.145634999265894, 596.0 ], [ 415823.020962099370081, 1841421.923950916389003, 596.0 ], [ 415792.799278016376775, 1841391.702266833512112, 596.0 ], [ 415792.799278016376775, 1841361.480582750635222, 596.0 ], [ 415762.577593933383469, 1841331.258898667758331, 596.0 ], [ 415732.355909850390162, 1841301.03721458488144, 596.0 ], [ 415702.134225767396856, 1841301.03721458488144, 596.0 ], [ 415702.134225767396856, 1841270.815530502004549, 596.0 ], [ 415671.91254168440355, 1841240.593846419127658, 596.0 ], [ 415641.690857601410244, 1841210.372162336250767, 596.0 ], [ 415641.690857601410244, 1841180.150478253373876, 596.0 ], [ 415641.690857601410244, 1841149.928794170496985, 596.0 ], [ 415641.690857601410244, 1841119.707110087620094, 597.0 ], [ 415611.469173518416937, 1841089.485426004743204, 598.0 ], [ 415581.247489435423631, 1841059.263741921866313, 598.0 ], [ 415581.247489435423631, 1841029.042057838989422, 599.0 ], [ 415581.247489435423631, 1840998.820373756112531, 600.0 ], [ 415581.247489435423631, 1840968.59868967323564, 599.0 ], [ 415581.247489435423631, 1840938.377005590358749, 598.0 ], [ 415581.247489435423631, 1840908.155321507481858, 599.0 ], [ 415581.247489435423631, 1840877.933637424604967, 599.0 ], [ 415581.247489435423631, 1840847.711953341728076, 599.0 ], [ 415551.025805352430325, 1840817.490269258851185, 600.0 ], [ 415551.025805352430325, 1840787.268585175974295, 602.0 ], [ 415551.025805352430325, 1840757.046901093097404, 602.0 ], [ 415551.025805352430325, 1840726.825217010220513, 602.0 ], [ 415551.025805352430325, 1840696.603532927343622, 603.0 ], [ 415551.025805352430325, 1840666.381848844466731, 604.0 ], [ 415551.025805352430325, 1840636.16016476158984, 603.0 ], [ 415520.804121269437019, 1840605.938480678712949, 603.0 ], [ 415490.582437186443713, 1840575.716796595836058, 603.0 ], [ 415460.360753103450406, 1840545.495112512959167, 604.0 ], [ 415460.360753103450406, 1840515.273428430082276, 604.0 ], [ 415460.360753103450406, 1840485.051744347205386, 603.0 ], [ 415460.360753103450406, 1840454.830060264328495, 603.0 ], [ 415430.1390690204571, 1840454.830060264328495, 604.0 ], [ 415399.917384937463794, 1840424.608376181451604, 604.0 ], [ 415369.695700854470488, 1840424.608376181451604, 604.0 ], [ 415339.474016771477181, 1840394.386692098574713, 605.0 ], [ 415339.474016771477181, 1840364.165008015697822, 606.0 ], [ 415339.474016771477181, 1840333.943323932820931, 606.0 ], [ 415339.474016771477181, 1840303.72163984994404, 606.0 ], [ 415339.474016771477181, 1840273.499955767067149, 606.0 ], [ 415369.695700854470488, 1840243.278271684190258, 607.0 ], [ 415369.695700854470488, 1840213.056587601313367, 608.0 ], [ 415369.695700854470488, 1840182.834903518436477, 608.0 ], [ 415369.695700854470488, 1840152.613219435559586, 608.0 ], [ 415369.695700854470488, 1840122.391535352682695, 607.0 ], [ 415399.917384937463794, 1840092.169851269805804, 609.0 ], [ 415399.917384937463794, 1840061.948167186928913, 609.0 ], [ 415369.695700854470488, 1840031.726483104052022, 609.0 ], [ 415339.474016771477181, 1840001.504799021175131, 609.0 ], [ 415339.474016771477181, 1839971.28311493829824, 609.0 ], [ 415309.252332688483875, 1839941.061430855421349, 610.0 ], [ 415279.030648605490569, 1839910.839746772544459, 610.0 ], [ 415309.252332688483875, 1839880.618062689667568, 611.0 ], [ 415339.474016771477181, 1839850.396378606790677, 610.0 ], [ 415369.695700854470488, 1839820.174694523913786, 611.0 ], [ 415399.917384937463794, 1839789.953010441036895, 611.0 ], [ 415430.1390690204571, 1839759.731326358160004, 611.0 ], [ 415460.360753103450406, 1839729.509642275283113, 611.0 ], [ 415460.360753103450406, 1839699.287958192406222, 610.0 ], [ 415460.360753103450406, 1839669.066274109529331, 610.0 ], [ 415460.360753103450406, 1839638.84459002665244, 611.0 ], [ 415460.360753103450406, 1839608.62290594377555, 613.0 ], [ 415490.582437186443713, 1839578.401221860898659, 614.0 ], [ 415520.804121269437019, 1839548.179537778021768, 614.0 ], [ 415551.025805352430325, 1839548.179537778021768, 614.0 ], [ 415551.025805352430325, 1839517.957853695144877, 615.0 ], [ 415551.025805352430325, 1839487.736169612267986, 615.0 ], [ 415551.025805352430325, 1839457.514485529391095, 614.0 ], [ 415551.025805352430325, 1839427.292801446514204, 613.0 ], [ 415551.025805352430325, 1839397.071117363637313, 614.0 ], [ 415551.025805352430325, 1839366.849433280760422, 615.0 ], [ 415551.025805352430325, 1839336.627749197883531, 616.0 ], [ 415551.025805352430325, 1839306.406065115006641, 617.0 ], [ 415520.804121269437019, 1839276.18438103212975, 618.0 ], [ 415490.582437186443713, 1839245.962696949252859, 618.0 ], [ 415490.582437186443713, 1839215.741012866375968, 618.0 ], [ 415490.582437186443713, 1839185.519328783499077, 620.0 ], [ 415490.582437186443713, 1839155.297644700622186, 621.0 ], [ 415490.582437186443713, 1839125.075960617745295, 622.0 ], [ 415490.582437186443713, 1839094.854276534868404, 622.0 ], [ 415490.582437186443713, 1839064.632592451991513, 623.0 ], [ 415490.582437186443713, 1839034.410908369114622, 625.0 ], [ 415520.804121269437019, 1839004.189224286237732, 626.0 ], [ 415520.804121269437019, 1838973.967540203360841, 626.0 ], [ 415551.025805352430325, 1838943.74585612048395, 625.0 ], [ 415551.025805352430325, 1838913.524172037607059, 623.0 ], [ 415551.025805352430325, 1838883.302487954730168, 622.0 ], [ 415520.804121269437019, 1838853.080803871853277, 624.0 ], [ 415490.582437186443713, 1838822.859119788976386, 626.0 ], [ 415490.582437186443713, 1838792.637435706099495, 627.0 ], [ 415490.582437186443713, 1838762.415751623222604, 627.0 ], [ 415460.360753103450406, 1838732.194067540345713, 628.0 ], [ 415460.360753103450406, 1838701.972383457468823, 628.0 ], [ 415460.360753103450406, 1838671.750699374591932, 628.0 ], [ 415460.360753103450406, 1838641.529015291715041, 629.0 ], [ 415490.582437186443713, 1838611.30733120883815, 630.0 ], [ 415490.582437186443713, 1838581.085647125961259, 630.0 ], [ 415520.804121269437019, 1838550.863963043084368, 633.0 ], [ 415551.025805352430325, 1838520.642278960207477, 635.0 ], [ 415581.247489435423631, 1838490.420594877330586, 637.0 ], [ 415611.469173518416937, 1838460.198910794453695, 639.0 ], [ 415641.690857601410244, 1838429.977226711576805, 642.0 ], [ 415671.91254168440355, 1838399.755542628699914, 643.0 ], [ 415702.134225767396856, 1838369.533858545823023, 643.0 ], [ 415732.355909850390162, 1838339.312174462946132, 644.0 ], [ 415762.577593933383469, 1838309.090490380069241, 645.0 ], [ 415792.799278016376775, 1838278.86880629719235, 648.0 ], [ 415823.020962099370081, 1838248.647122214315459, 649.0 ], [ 415853.242646182363387, 1838248.647122214315459, 650.0 ], [ 415883.464330265356693, 1838248.647122214315459, 652.0 ], [ 415913.68601434835, 1838248.647122214315459, 655.0 ], [ 415943.907698431343306, 1838248.647122214315459, 658.0 ], [ 415974.129382514336612, 1838218.425438131438568, 660.0 ], [ 416004.351066597329918, 1838188.203754048561677, 660.0 ], [ 416004.351066597329918, 1838157.982069965684786, 661.0 ], [ 416034.572750680323225, 1838127.760385882807896, 661.0 ], [ 416034.572750680323225, 1838097.538701799931005, 660.0 ], [ 416034.572750680323225, 1838067.317017717054114, 661.0 ], [ 416064.794434763316531, 1838037.095333634177223, 665.0 ], [ 416095.016118846309837, 1838006.873649551300332, 668.0 ], [ 416125.237802929303143, 1837976.651965468423441, 669.0 ], [ 416125.237802929303143, 1837946.43028138554655, 671.0 ], [ 416155.459487012296449, 1837916.208597302669659, 674.0 ], [ 416185.681171095289756, 1837885.986913219792768, 679.0 ], [ 416215.902855178283062, 1837855.765229136915877, 684.0 ], [ 416246.124539261276368, 1837825.543545054038987, 686.0 ], [ 416276.346223344269674, 1837795.321860971162096, 688.0 ], [ 416306.56790742726298, 1837765.100176888285205, 692.0 ], [ 416306.56790742726298, 1837734.878492805408314, 695.0 ], [ 416336.789591510256287, 1837704.656808722531423, 697.0 ], [ 416367.011275593249593, 1837674.435124639654532, 698.0 ], [ 416367.011275593249593, 1837644.213440556777641, 698.0 ], [ 416367.011275593249593, 1837613.99175647390075, 699.0 ], [ 416397.232959676242899, 1837583.770072391023859, 701.0 ], [ 416427.454643759236205, 1837553.548388308146968, 703.0 ], [ 416457.676327842229512, 1837523.326704225270078, 704.0 ], [ 416457.676327842229512, 1837493.105020142393187, 704.0 ], [ 416487.898011925222818, 1837462.883336059516296, 706.0 ], [ 416518.119696008216124, 1837432.661651976639405, 709.0 ], [ 416548.34138009120943, 1837402.439967893762514, 712.0 ], [ 416578.563064174202736, 1837372.218283810885623, 714.0 ], [ 416608.784748257196043, 1837341.996599728008732, 715.0 ], [ 416608.784748257196043, 1837311.774915645131841, 716.0 ], [ 416608.784748257196043, 1837281.55323156225495, 716.0 ], [ 416608.784748257196043, 1837251.33154747937806, 717.0 ], [ 416608.784748257196043, 1837221.109863396501169, 719.0 ], [ 416608.784748257196043, 1837190.888179313624278, 722.0 ], [ 416608.784748257196043, 1837160.666495230747387, 725.0 ], [ 416578.563064174202736, 1837130.444811147870496, 726.0 ], [ 416578.563064174202736, 1837100.223127064993605, 727.0 ], [ 416578.563064174202736, 1837070.001442982116714, 729.0 ], [ 416578.563064174202736, 1837039.779758899239823, 731.0 ], [ 416578.563064174202736, 1837009.558074816362932, 731.0 ], [ 416578.563064174202736, 1836979.336390733486041, 731.0 ], [ 416578.563064174202736, 1836949.114706650609151, 732.0 ], [ 416578.563064174202736, 1836918.89302256773226, 735.0 ], [ 416578.563064174202736, 1836888.671338484855369, 735.0 ], [ 416578.563064174202736, 1836858.449654401978478, 738.0 ], [ 416578.563064174202736, 1836828.227970319101587, 741.0 ], [ 416548.34138009120943, 1836798.006286236224696, 742.0 ], [ 416548.34138009120943, 1836767.784602153347805, 742.0 ], [ 416518.119696008216124, 1836737.562918070470914, 742.0 ], [ 416487.898011925222818, 1836737.562918070470914, 743.0 ], [ 416457.676327842229512, 1836737.562918070470914, 744.0 ], [ 416427.454643759236205, 1836737.562918070470914, 745.0 ], [ 416397.232959676242899, 1836767.784602153347805, 747.0 ], [ 416367.011275593249593, 1836767.784602153347805, 748.0 ], [ 416336.789591510256287, 1836767.784602153347805, 748.0 ], [ 416336.789591510256287, 1836798.006286236224696, 750.0 ] ] ] } },
{ "type": "Feature", "properties": { "subbasin": "S3", "name": null, "reach_len": null, "reach_rel": null, "reach_sin": null, "reach_slo": null, "len_units": null, "layer": "longest_flowpath_network", "path": "E:\\Manasi_intern\\HMS_Shp\\longest_flowpath_network.shp" }, "geometry": { "type": "MultiLineString", "coordinates": [ [ [ 412513.746555038203951, 1850110.658124820329249, 541.5 ], [ 412528.857397079700604, 1850125.768966861767694, 542.0 ], [ 412528.857397079700604, 1850155.990650944644585, 542.0 ], [ 412528.857397079700604, 1850186.212335027521476, 543.0 ], [ 412528.857397079700604, 1850216.434019110398367, 543.0 ], [ 412528.857397079700604, 1850246.655703193275258, 541.0 ], [ 412528.857397079700604, 1850276.877387276152149, 540.0 ], [ 412559.07908116269391, 1850307.09907135902904, 541.0 ], [ 412589.300765245687217, 1850337.320755441905931, 543.0 ], [ 412619.522449328680523, 1850367.542439524782822, 540.0 ], [ 412649.744133411673829, 1850397.764123607659712, 539.0 ], [ 412679.965817494667135, 1850427.985807690536603, 539.0 ], [ 412679.965817494667135, 1850458.207491773413494, 540.0 ], [ 412679.965817494667135, 1850488.429175856290385, 541.0 ], [ 412679.965817494667135, 1850518.650859939167276, 540.0 ], [ 412679.965817494667135, 1850548.872544022044167, 538.0 ], [ 412679.965817494667135, 1850579.094228104921058, 538.0 ], [ 412649.744133411673829, 1850609.315912187797949, 538.0 ], [ 412649.744133411673829, 1850639.53759627067484, 538.0 ], [ 412649.744133411673829, 1850669.759280353551731, 538.0 ], [ 412649.744133411673829, 1850699.980964436428621, 538.0 ], [ 412619.522449328680523, 1850730.202648519305512, 537.0 ], [ 412619.522449328680523, 1850760.424332602182403, 538.0 ], [ 412619.522449328680523, 1850790.646016685059294, 541.0 ], [ 412589.300765245687217, 1850820.867700767936185, 542.0 ], [ 412559.07908116269391, 1850851.089384850813076, 540.0 ], [ 412528.857397079700604, 1850881.311068933689967, 540.0 ], [ 412528.857397079700604, 1850911.532753016566858, 539.0 ], [ 412528.857397079700604, 1850941.754437099443749, 539.0 ], [ 412528.857397079700604, 1850971.976121182320639, 539.0 ], [ 412498.635712996707298, 1851002.19780526519753, 541.0 ], [ 412468.414028913713992, 1851032.419489348074421, 541.0 ], [ 412468.414028913713992, 1851062.641173430951312, 540.0 ], [ 412468.414028913713992, 1851092.862857513828203, 541.0 ], [ 412498.635712996707298, 1851123.084541596705094, 543.0 ], [ 412498.635712996707298, 1851153.306225679581985, 543.0 ], [ 412468.414028913713992, 1851183.527909762458876, 542.0 ], [ 412468.414028913713992, 1851213.749593845335767, 540.0 ], [ 412438.192344830720685, 1851243.971277928212658, 541.0 ], [ 412407.970660747727379, 1851274.192962011089548, 543.0 ], [ 412377.748976664734073, 1851304.414646093966439, 543.0 ], [ 412347.527292581740767, 1851334.63633017684333, 542.0 ], [ 412317.305608498747461, 1851334.63633017684333, 543.0 ], [ 412287.083924415754154, 1851364.858014259720221, 543.0 ], [ 412287.083924415754154, 1851395.079698342597112, 542.0 ], [ 412287.083924415754154, 1851425.301382425474003, 542.0 ], [ 412287.083924415754154, 1851455.523066508350894, 542.0 ], [ 412317.305608498747461, 1851485.744750591227785, 542.0 ], [ 412347.527292581740767, 1851515.966434674104676, 539.0 ], [ 412347.527292581740767, 1851546.188118756981567, 540.0 ], [ 412347.527292581740767, 1851576.409802839858457, 541.0 ], [ 412347.527292581740767, 1851606.631486922735348, 541.0 ], [ 412347.527292581740767, 1851636.853171005612239, 540.0 ], [ 412317.305608498747461, 1851667.07485508848913, 539.0 ], [ 412317.305608498747461, 1851697.296539171366021, 539.0 ], [ 412317.305608498747461, 1851727.518223254242912, 539.0 ], [ 412317.305608498747461, 1851757.739907337119803, 540.0 ], [ 412317.305608498747461, 1851787.961591419996694, 540.0 ], [ 412347.527292581740767, 1851818.183275502873585, 540.0 ], [ 412347.527292581740767, 1851848.404959585750476, 542.0 ], [ 412347.527292581740767, 1851878.626643668627366, 543.0 ], [ 412347.527292581740767, 1851908.848327751504257, 543.0 ], [ 412347.527292581740767, 1851939.070011834381148, 542.0 ], [ 412317.305608498747461, 1851969.291695917258039, 543.0 ], [ 412287.083924415754154, 1851999.51338000013493, 542.0 ], [ 412256.862240332760848, 1852029.735064083011821, 540.0 ], [ 412226.640556249767542, 1852059.956748165888712, 541.0 ], [ 412226.640556249767542, 1852090.178432248765603, 541.0 ], [ 412226.640556249767542, 1852120.400116331642494, 541.0 ], [ 412196.418872166774236, 1852150.621800414519385, 541.0 ], [ 412166.197188083780929, 1852180.843484497396275, 541.0 ], [ 412135.975504000787623, 1852211.065168580273166, 543.0 ], [ 412135.975504000787623, 1852241.286852663150057, 542.0 ], [ 412105.753819917794317, 1852271.508536746026948, 540.0 ], [ 412075.532135834801011, 1852271.508536746026948, 541.0 ], [ 412045.310451751807705, 1852301.730220828903839, 538.0 ], [ 412015.088767668814398, 1852301.730220828903839, 539.0 ], [ 411984.867083585821092, 1852331.95190491178073, 540.0 ], [ 411954.645399502827786, 1852362.173588994657621, 543.0 ], [ 411924.42371541983448, 1852392.395273077534512, 542.0 ], [ 411894.202031336841173, 1852392.395273077534512, 540.0 ], [ 411863.980347253847867, 1852392.395273077534512, 541.0 ], [ 411833.758663170854561, 1852392.395273077534512, 541.0 ], [ 411803.536979087861255, 1852392.395273077534512, 540.0 ], [ 411773.315295004867949, 1852422.616957160411403, 541.0 ], [ 411743.093610921874642, 1852422.616957160411403, 543.0 ], [ 411712.871926838881336, 1852452.838641243288293, 544.0 ], [ 411682.65024275588803, 1852483.060325326165184, 540.0 ], [ 411652.428558672894724, 1852513.282009409042075, 539.0 ], [ 411622.206874589901417, 1852543.503693491918966, 540.0 ], [ 411622.206874589901417, 1852573.725377574795857, 542.0 ], [ 411591.985190506908111, 1852603.947061657672748, 542.0 ], [ 411561.763506423914805, 1852634.168745740549639, 543.0 ], [ 411531.541822340921499, 1852634.168745740549639, 543.0 ], [ 411501.320138257928193, 1852664.39042982342653, 544.0 ], [ 411471.098454174934886, 1852664.39042982342653, 544.0 ], [ 411440.87677009194158, 1852634.168745740549639, 544.0 ], [ 411410.655086008948274, 1852603.947061657672748, 541.0 ], [ 411380.433401925954968, 1852573.725377574795857, 539.0 ], [ 411350.211717842961662, 1852543.503693491918966, 542.0 ], [ 411319.990033759968355, 1852543.503693491918966, 542.0 ], [ 411289.768349676975049, 1852513.282009409042075, 542.0 ], [ 411259.546665593981743, 1852483.060325326165184, 543.0 ], [ 411229.324981510988437, 1852483.060325326165184, 542.0 ], [ 411199.10329742799513, 1852452.838641243288293, 543.0 ], [ 411168.881613345001824, 1852422.616957160411403, 543.0 ], [ 411138.659929262008518, 1852392.395273077534512, 541.0 ], [ 411108.438245179015212, 1852362.173588994657621, 542.0 ], [ 411078.216561096021906, 1852331.95190491178073, 542.0 ], [ 411047.994877013028599, 1852331.95190491178073, 543.0 ], [ 411017.773192930035293, 1852331.95190491178073, 544.0 ], [ 410987.551508847041987, 1852331.95190491178073, 544.0 ], [ 410957.329824764048681, 1852331.95190491178073, 544.0 ], [ 410927.108140681055374, 1852362.173588994657621, 545.0 ], [ 410896.886456598062068, 1852392.395273077534512, 545.0 ], [ 410866.664772515068762, 1852422.616957160411403, 543.0 ], [ 410836.443088432075456, 1852452.838641243288293, 542.0 ], [ 410806.22140434908215, 1852483.060325326165184, 541.0 ], [ 410775.999720266088843, 1852513.282009409042075, 541.0 ], [ 410745.778036183095537, 1852513.282009409042075, 542.0 ], [ 410715.556352100102231, 1852543.503693491918966, 542.0 ], [ 410685.334668017108925, 1852573.725377574795857, 541.0 ], [ 410655.112983934115618, 1852603.947061657672748, 541.0 ], [ 410624.891299851122312, 1852634.168745740549639, 542.0 ], [ 410594.669615768129006, 1852664.39042982342653, 543.0 ], [ 410564.4479316851357, 1852664.39042982342653, 544.0 ], [ 410534.226247602142394, 1852664.39042982342653, 545.0 ], [ 410504.004563519149087, 1852694.612113906303421, 543.0 ], [ 410473.782879436155781, 1852724.833797989180312, 543.0 ], [ 410443.561195353162475, 1852755.055482072057202, 544.0 ], [ 410413.339511270169169, 1852785.277166154934093, 543.0 ], [ 410383.117827187175862, 1852785.277166154934093, 542.0 ], [ 410352.896143104182556, 1852785.277166154934093, 542.0 ], [ 410322.67445902118925, 1852785.277166154934093, 542.0 ], [ 410292.452774938195944, 1852785.277166154934093, 542.0 ], [ 410262.231090855202638, 1852785.277166154934093, 543.0 ], [ 410232.009406772209331, 1852785.277166154934093, 543.0 ], [ 410201.787722689216025, 1852815.498850237810984, 543.0 ], [ 410171.566038606222719, 1852815.498850237810984, 543.0 ], [ 410141.344354523229413, 1852815.498850237810984, 543.0 ], [ 410111.122670440236107, 1852785.277166154934093, 543.0 ], [ 410080.9009863572428, 1852755.055482072057202, 543.0 ], [ 410050.679302274249494, 1852755.055482072057202, 544.0 ], [ 410020.457618191256188, 1852755.055482072057202, 543.0 ], [ 409990.235934108262882, 1852755.055482072057202, 542.0 ], [ 409960.014250025269575, 1852755.055482072057202, 542.0 ], [ 409929.792565942276269, 1852755.055482072057202, 542.0 ], [ 409899.570881859282963, 1852755.055482072057202, 542.0 ], [ 409869.349197776289657, 1852755.055482072057202, 543.0 ], [ 409839.127513693296351, 1852724.833797989180312, 544.0 ], [ 409808.905829610303044, 1852694.612113906303421, 543.0 ], [ 409778.684145527309738, 1852694.612113906303421, 543.0 ], [ 409748.462461444316432, 1852694.612113906303421, 541.0 ], [ 409718.240777361323126, 1852664.39042982342653, 540.0 ], [ 409688.019093278329819, 1852634.168745740549639, 541.0 ], [ 409657.797409195336513, 1852603.947061657672748, 542.0 ], [ 409627.575725112343207, 1852603.947061657672748, 543.0 ], [ 409597.354041029349901, 1852573.725377574795857, 543.0 ], [ 409567.132356946356595, 1852573.725377574795857, 543.0 ], [ 409536.910672863363288, 1852543.503693491918966, 545.0 ], [ 409506.688988780369982, 1852513.282009409042075, 545.0 ], [ 409476.467304697376676, 1852483.060325326165184, 543.0 ], [ 409446.24562061438337, 1852452.838641243288293, 543.0 ], [ 409416.023936531390063, 1852452.838641243288293, 544.0 ], [ 409385.802252448396757, 1852422.616957160411403, 545.0 ], [ 409385.802252448396757, 1852392.395273077534512, 544.0 ], [ 409355.580568365403451, 1852392.395273077534512, 544.0 ], [ 409325.358884282410145, 1852362.173588994657621, 544.0 ], [ 409295.137200199416839, 1852331.95190491178073, 545.0 ], [ 409264.915516116423532, 1852301.730220828903839, 545.0 ], [ 409234.693832033430226, 1852271.508536746026948, 544.0 ], [ 409204.47214795043692, 1852271.508536746026948, 544.0 ], [ 409174.250463867443614, 1852241.286852663150057, 545.0 ], [ 409144.028779784450307, 1852211.065168580273166, 544.0 ], [ 409113.807095701457001, 1852211.065168580273166, 543.0 ], [ 409083.585411618463695, 1852211.065168580273166, 542.0 ], [ 409053.363727535470389, 1852180.843484497396275, 543.0 ], [ 409023.142043452477083, 1852150.621800414519385, 542.0 ], [ 408992.920359369483776, 1852120.400116331642494, 543.0 ], [ 408962.69867528649047, 1852120.400116331642494, 544.0 ], [ 408932.476991203497164, 1852090.178432248765603, 545.0 ], [ 408902.255307120503858, 1852059.956748165888712, 545.0 ], [ 408902.255307120503858, 1852029.735064083011821, 544.0 ], [ 408902.255307120503858, 1851999.51338000013493, 544.0 ], [ 408902.255307120503858, 1851969.291695917258039, 542.0 ], [ 408872.033623037510552, 1851969.291695917258039, 541.0 ], [ 408841.811938954517245, 1851939.070011834381148, 541.0 ], [ 408811.590254871523939, 1851908.848327751504257, 542.0 ], [ 408781.368570788530633, 1851878.626643668627366, 543.0 ], [ 408751.146886705537327, 1851848.404959585750476, 540.0 ], [ 408751.146886705537327, 1851818.183275502873585, 540.0 ], [ 408720.92520262254402, 1851787.961591419996694, 540.0 ], [ 408690.703518539550714, 1851757.739907337119803, 539.0 ], [ 408660.481834456557408, 1851727.518223254242912, 541.0 ], [ 408630.260150373564102, 1851697.296539171366021, 542.0 ], [ 408600.038466290570796, 1851667.07485508848913, 542.0 ], [ 408569.816782207577489, 1851636.853171005612239, 545.0 ], [ 408539.595098124584183, 1851606.631486922735348, 544.0 ], [ 408509.373414041590877, 1851576.409802839858457, 542.0 ], [ 408479.151729958597571, 1851546.188118756981567, 543.0 ], [ 408448.930045875604264, 1851515.966434674104676, 544.0 ], [ 408418.708361792610958, 1851485.744750591227785, 544.0 ], [ 408388.486677709617652, 1851455.523066508350894, 545.0 ], [ 408358.264993626624346, 1851425.301382425474003, 544.0 ], [ 408328.04330954363104, 1851395.079698342597112, 543.0 ], [ 408297.821625460637733, 1851364.858014259720221, 544.0 ], [ 408267.599941377644427, 1851334.63633017684333, 543.0 ], [ 408237.378257294651121, 1851304.414646093966439, 545.0 ], [ 408207.156573211657815, 1851274.192962011089548, 544.0 ], [ 408176.934889128664508, 1851243.971277928212658, 543.0 ], [ 408146.713205045671202, 1851213.749593845335767, 542.0 ], [ 408116.491520962677896, 1851213.749593845335767, 544.0 ], [ 408086.26983687968459, 1851213.749593845335767, 544.0 ], [ 408056.048152796691284, 1851243.971277928212658, 542.0 ], [ 408025.826468713697977, 1851274.192962011089548, 542.0 ], [ 407995.604784630704671, 1851304.414646093966439, 543.0 ], [ 407965.383100547711365, 1851304.414646093966439, 543.0 ], [ 407935.161416464718059, 1851304.414646093966439, 542.0 ], [ 407904.939732381724752, 1851274.192962011089548, 543.0 ], [ 407874.718048298731446, 1851274.192962011089548, 543.0 ], [ 407844.49636421573814, 1851243.971277928212658, 543.0 ], [ 407814.274680132744834, 1851213.749593845335767, 543.0 ], [ 407784.052996049751528, 1851213.749593845335767, 542.0 ], [ 407753.831311966758221, 1851213.749593845335767, 542.0 ], [ 407723.609627883764915, 1851213.749593845335767, 542.0 ], [ 407693.387943800771609, 1851213.749593845335767, 542.0 ], [ 407663.166259717778303, 1851183.527909762458876, 541.0 ], [ 407632.944575634784997, 1851213.749593845335767, 542.0 ], [ 407602.72289155179169, 1851243.971277928212658, 544.0 ], [ 407572.501207468798384, 1851274.192962011089548, 544.0 ], [ 407542.279523385805078, 1851304.414646093966439, 545.0 ], [ 407512.057839302811772, 1851334.63633017684333, 545.0 ], [ 407481.836155219818465, 1851364.858014259720221, 545.0 ], [ 407451.614471136825159, 1851364.858014259720221, 544.0 ], [ 407421.392787053831853, 1851395.079698342597112, 544.0 ], [ 407391.171102970838547, 1851395.079698342597112, 544.0 ], [ 407360.949418887845241, 1851395.079698342597112, 543.0 ], [ 407330.727734804851934, 1851395.079698342597112, 542.0 ], [ 407300.506050721858628, 1851395.079698342597112, 543.0 ], [ 407270.284366638865322, 1851395.079698342597112, 544.0 ], [ 407240.062682555872016, 1851425.301382425474003, 543.0 ], [ 407209.840998472878709, 1851455.523066508350894, 542.0 ], [ 407179.619314389885403, 1851485.744750591227785, 543.0 ], [ 407149.397630306892097, 1851515.966434674104676, 544.0 ], [ 407119.175946223898791, 1851546.188118756981567, 544.0 ], [ 407088.954262140905485, 1851546.188118756981567, 544.0 ], [ 407058.732578057912178, 1851515.966434674104676, 544.0 ], [ 407028.510893974918872, 1851485.744750591227785, 542.0 ], [ 406998.289209891925566, 1851485.744750591227785, 541.0 ], [ 406968.06752580893226, 1851515.966434674104676, 541.0 ], [ 406937.845841725938953, 1851515.966434674104676, 543.0 ], [ 406907.624157642945647, 1851515.966434674104676, 545.0 ], [ 406877.402473559952341, 1851546.188118756981567, 546.0 ], [ 406847.180789476959035, 1851576.409802839858457, 545.0 ], [ 406816.959105393965729, 1851546.188118756981567, 545.0 ], [ 406786.737421310972422, 1851546.188118756981567, 543.0 ], [ 406756.515737227979116, 1851546.188118756981567, 542.0 ], [ 406726.29405314498581, 1851576.409802839858457, 543.0 ], [ 406696.072369061992504, 1851576.409802839858457, 544.0 ], [ 406665.850684978999197, 1851606.631486922735348, 544.0 ], [ 406635.629000896005891, 1851606.631486922735348, 545.0 ], [ 406605.407316813012585, 1851606.631486922735348, 545.0 ], [ 406575.185632730019279, 1851606.631486922735348, 545.0 ], [ 406544.963948647025973, 1851636.853171005612239, 545.0 ], [ 406514.742264564032666, 1851667.07485508848913, 546.0 ], [ 406484.52058048103936, 1851697.296539171366021, 546.0 ], [ 406454.298896398046054, 1851727.518223254242912, 546.0 ], [ 406424.077212315052748, 1851757.739907337119803, 546.0 ], [ 406424.077212315052748, 1851787.961591419996694, 546.0 ], [ 406424.077212315052748, 1851818.183275502873585, 546.0 ], [ 406424.077212315052748, 1851848.404959585750476, 545.0 ], [ 406393.855528232059442, 1851878.626643668627366, 543.0 ], [ 406363.633844149066135, 1851908.848327751504257, 541.0 ], [ 406363.633844149066135, 1851939.070011834381148, 540.0 ], [ 406363.633844149066135, 1851969.291695917258039, 541.0 ], [ 406363.633844149066135, 1851999.51338000013493, 542.0 ], [ 406333.412160066072829, 1852029.735064083011821, 543.0 ], [ 406303.190475983079523, 1852059.956748165888712, 544.0 ], [ 406272.968791900086217, 1852090.178432248765603, 543.0 ], [ 406242.74710781709291, 1852120.400116331642494, 542.0 ], [ 406212.525423734099604, 1852150.621800414519385, 544.0 ], [ 406182.303739651106298, 1852180.843484497396275, 545.0 ], [ 406152.082055568112992, 1852180.843484497396275, 544.0 ], [ 406121.860371485119686, 1852211.065168580273166, 543.0 ], [ 406121.860371485119686, 1852241.286852663150057, 543.0 ], [ 406091.638687402126379, 1852271.508536746026948, 545.0 ], [ 406061.417003319133073, 1852301.730220828903839, 545.0 ], [ 406061.417003319133073, 1852331.95190491178073, 544.0 ], [ 406031.195319236139767, 1852362.173588994657621, 543.0 ], [ 406031.195319236139767, 1852392.395273077534512, 544.0 ], [ 406000.973635153146461, 1852422.616957160411403, 544.0 ], [ 405970.751951070153154, 1852452.838641243288293, 544.0 ], [ 405940.530266987159848, 1852483.060325326165184, 543.0 ], [ 405910.308582904166542, 1852483.060325326165184, 543.0 ], [ 405880.086898821173236, 1852483.060325326165184, 543.0 ], [ 405849.86521473817993, 1852513.282009409042075, 544.0 ], [ 405819.643530655186623, 1852543.503693491918966, 545.0 ], [ 405789.421846572193317, 1852573.725377574795857, 546.0 ], [ 405759.200162489200011, 1852603.947061657672748, 545.0 ], [ 405759.200162489200011, 1852634.168745740549639, 545.0 ], [ 405759.200162489200011, 1852664.39042982342653, 543.0 ], [ 405759.200162489200011, 1852694.612113906303421, 541.0 ], [ 405789.421846572193317, 1852724.833797989180312, 542.0 ], [ 405819.643530655186623, 1852755.055482072057202, 544.0 ], [ 405819.643530655186623, 1852785.277166154934093, 544.0 ], [ 405819.643530655186623, 1852815.498850237810984, 545.0 ], [ 405819.643530655186623, 1852845.720534320687875, 545.0 ], [ 405789.421846572193317, 1852875.942218403564766, 544.0 ], [ 405789.421846572193317, 1852906.163902486441657, 543.0 ], [ 405789.421846572193317, 1852936.385586569318548, 544.0 ], [ 405789.421846572193317, 1852966.607270652195439, 545.0 ], [ 405789.421846572193317, 1852996.82895473507233, 545.0 ], [ 405789.421846572193317, 1853027.050638817949221, 545.0 ], [ 405789.421846572193317, 1853057.272322900826111, 544.0 ], [ 405789.421846572193317, 1853087.494006983703002, 542.0 ], [ 405759.200162489200011, 1853117.715691066579893, 541.0 ], [ 405728.978478406206705, 1853147.937375149456784, 541.0 ], [ 405698.756794323213398, 1853178.159059232333675, 542.0 ], [ 405668.535110240220092, 1853208.380743315210566, 543.0 ], [ 405638.313426157226786, 1853238.602427398087457, 543.0 ], [ 405638.313426157226786, 1853268.824111480964348, 544.0 ], [ 405638.313426157226786, 1853299.045795563841239, 546.0 ], [ 405638.313426157226786, 1853329.26747964671813, 546.0 ], [ 405608.09174207423348, 1853359.48916372959502, 545.0 ], [ 405577.870057991240174, 1853389.710847812471911, 545.0 ], [ 405547.648373908246867, 1853419.932531895348802, 545.0 ], [ 405547.648373908246867, 1853450.154215978225693, 543.0 ], [ 405547.648373908246867, 1853480.375900061102584, 543.0 ], [ 405547.648373908246867, 1853510.597584143979475, 544.0 ], [ 405547.648373908246867, 1853540.819268226856366, 545.0 ], [ 405517.426689825253561, 1853571.040952309733257, 545.0 ], [ 405487.205005742260255, 1853601.262636392610148, 545.0 ], [ 405487.205005742260255, 1853631.484320475487038, 545.0 ], [ 405456.983321659266949, 1853661.706004558363929, 545.0 ], [ 405456.983321659266949, 1853691.92768864124082, 545.0 ], [ 405426.761637576273642, 1853722.149372724117711, 545.0 ], [ 405426.761637576273642, 1853752.371056806994602, 546.0 ], [ 405426.761637576273642, 1853782.592740889871493, 546.0 ], [ 405426.761637576273642, 1853812.814424972748384, 546.0 ], [ 405426.761637576273642, 1853843.036109055625275, 545.0 ], [ 405426.761637576273642, 1853873.257793138502166, 545.0 ], [ 405396.539953493280336, 1853903.479477221379057, 545.0 ], [ 405366.31826941028703, 1853933.701161304255947, 546.0 ], [ 405336.096585327293724, 1853963.922845387132838, 546.0 ], [ 405305.874901244300418, 1853994.144529470009729, 546.0 ], [ 405336.096585327293724, 1854024.36621355288662, 546.0 ], [ 405336.096585327293724, 1854054.587897635763511, 545.0 ], [ 405305.874901244300418, 1854084.809581718640402, 545.0 ], [ 405275.653217161307111, 1854115.031265801517293, 545.0 ], [ 405245.431533078313805, 1854145.252949884394184, 546.0 ], [ 405215.209848995320499, 1854175.474633967271075, 545.0 ], [ 405184.988164912327193, 1854175.474633967271075, 545.0 ], [ 405184.988164912327193, 1854205.696318050147966, 545.0 ], [ 405184.988164912327193, 1854235.918002133024856, 546.0 ], [ 405184.988164912327193, 1854266.139686215901747, 546.0 ], [ 405184.988164912327193, 1854296.361370298778638, 546.0 ], [ 405184.988164912327193, 1854326.583054381655529, 546.0 ], [ 405184.988164912327193, 1854356.80473846453242, 546.0 ], [ 405215.209848995320499, 1854387.026422547409311, 545.0 ], [ 405245.431533078313805, 1854417.248106630286202, 545.0 ], [ 405275.653217161307111, 1854447.469790713163093, 545.0 ], [ 405275.653217161307111, 1854477.691474796039984, 545.0 ], [ 405275.653217161307111, 1854507.913158878916875, 544.0 ], [ 405245.431533078313805, 1854538.134842961793765, 545.0 ], [ 405245.431533078313805, 1854568.356527044670656, 546.0 ], [ 405275.653217161307111, 1854598.578211127547547, 542.0 ], [ 405275.653217161307111, 1854628.799895210424438, 540.0 ], [ 405305.874901244300418, 1854659.021579293301329, 543.0 ], [ 405305.874901244300418, 1854689.24326337617822, 546.0 ], [ 405305.874901244300418, 1854719.464947459055111, 546.0 ], [ 405305.874901244300418, 1854749.686631541932002, 544.0 ], [ 405275.653217161307111, 1854779.908315624808893, 545.0 ], [ 405245.431533078313805, 1854810.129999707685784, 545.0 ], [ 405215.209848995320499, 1854840.351683790562674, 544.0 ], [ 405184.988164912327193, 1854870.573367873439565, 543.0 ], [ 405154.766480829333887, 1854900.795051956316456, 544.0 ], [ 405124.54479674634058, 1854931.016736039193347, 544.0 ], [ 405094.323112663347274, 1854931.016736039193347, 545.0 ], [ 405064.101428580353968, 1854961.238420122070238, 545.0 ], [ 405033.879744497360662, 1854961.238420122070238, 544.0 ], [ 405003.658060414367355, 1854961.238420122070238, 543.0 ], [ 404973.436376331374049, 1854961.238420122070238, 544.0 ], [ 404943.214692248380743, 1854961.238420122070238, 545.0 ], [ 404912.993008165387437, 1854991.460104204947129, 545.0 ], [ 404882.771324082394131, 1855021.68178828782402, 546.0 ], [ 404852.549639999400824, 1855051.903472370700911, 546.0 ], [ 404822.327955916407518, 1855082.125156453577802, 545.0 ], [ 404792.106271833414212, 1855112.346840536454692, 543.0 ], [ 404761.884587750420906, 1855142.568524619331583, 544.0 ], [ 404731.662903667427599, 1855172.790208702208474, 545.0 ], [ 404701.441219584434293, 1855142.568524619331583, 545.0 ], [ 404671.219535501440987, 1855142.568524619331583, 545.0 ], [ 404640.997851418447681, 1855142.568524619331583, 544.0 ], [ 404610.776167335454375, 1855112.346840536454692, 544.0 ], [ 404580.554483252461068, 1855112.346840536454692, 544.0 ], [ 404550.332799169467762, 1855112.346840536454692, 544.0 ], [ 404520.111115086474456, 1855112.346840536454692, 545.0 ], [ 404489.88943100348115, 1855142.568524619331583, 545.0 ], [ 404459.667746920487843, 1855172.790208702208474, 546.0 ], [ 404429.446062837494537, 1855203.011892785085365, 545.0 ], [ 404399.224378754501231, 1855233.233576867962256, 545.0 ], [ 404369.002694671507925, 1855263.455260950839147, 546.0 ], [ 404338.781010588514619, 1855293.676945033716038, 546.0 ], [ 404308.559326505521312, 1855293.676945033716038, 545.0 ], [ 404278.337642422528006, 1855293.676945033716038, 544.0 ], [ 404248.1159583395347, 1855293.676945033716038, 544.0 ], [ 404217.894274256541394, 1855323.898629116592929, 546.0 ], [ 404187.672590173548087, 1855354.12031319946982, 547.0 ], [ 404157.450906090554781, 1855384.341997282346711, 545.0 ], [ 404127.229222007561475, 1855384.341997282346711, 545.0 ], [ 404097.007537924568169, 1855354.12031319946982, 545.0 ], [ 404066.785853841574863, 1855354.12031319946982, 545.0 ], [ 404036.564169758581556, 1855384.341997282346711, 544.0 ], [ 404006.34248567558825, 1855414.563681365223601, 544.0 ], [ 403976.120801592594944, 1855444.785365448100492, 545.0 ], [ 403945.899117509601638, 1855475.007049530977383, 546.0 ], [ 403915.677433426608332, 1855475.007049530977383, 547.0 ], [ 403885.455749343615025, 1855475.007049530977383, 545.0 ], [ 403855.234065260621719, 1855505.228733613854274, 545.0 ], [ 403825.012381177628413, 1855505.228733613854274, 546.0 ], [ 403794.790697094635107, 1855505.228733613854274, 546.0 ], [ 403764.5690130116418, 1855505.228733613854274, 545.0 ], [ 403734.347328928648494, 1855535.450417696731165, 544.0 ], [ 403704.125644845655188, 1855535.450417696731165, 544.0 ], [ 403673.903960762661882, 1855505.228733613854274, 543.0 ], [ 403643.682276679668576, 1855475.007049530977383, 544.0 ], [ 403613.460592596675269, 1855475.007049530977383, 544.0 ], [ 403583.238908513681963, 1855444.785365448100492, 546.0 ], [ 403553.017224430688657, 1855444.785365448100492, 545.0 ], [ 403522.795540347695351, 1855444.785365448100492, 547.0 ], [ 403492.573856264702044, 1855444.785365448100492, 547.0 ], [ 403462.352172181708738, 1855475.007049530977383, 546.0 ], [ 403432.130488098715432, 1855505.228733613854274, 546.0 ], [ 403401.908804015722126, 1855535.450417696731165, 546.0 ], [ 403401.908804015722126, 1855565.672101779608056, 546.0 ], [ 403432.130488098715432, 1855595.893785862484947, 545.0 ], [ 403401.908804015722126, 1855626.115469945361838, 543.0 ], [ 403401.908804015722126, 1855656.337154028238729, 543.0 ], [ 403401.908804015722126, 1855686.55883811111562, 545.0 ], [ 403371.68711993272882, 1855716.78052219399251, 547.0 ], [ 403371.68711993272882, 1855747.002206276869401, 547.0 ], [ 403341.465435849735513, 1855777.223890359746292, 547.0 ], [ 403311.243751766742207, 1855777.223890359746292, 547.0 ], [ 403281.022067683748901, 1855777.223890359746292, 546.0 ], [ 403250.800383600755595, 1855807.445574442623183, 545.0 ], [ 403220.578699517762288, 1855807.445574442623183, 545.0 ], [ 403190.357015434768982, 1855807.445574442623183, 545.0 ], [ 403160.135331351775676, 1855807.445574442623183, 546.0 ], [ 403129.91364726878237, 1855807.445574442623183, 545.0 ], [ 403099.691963185789064, 1855807.445574442623183, 544.0 ], [ 403069.470279102795757, 1855807.445574442623183, 544.0 ], [ 403039.248595019802451, 1855807.445574442623183, 545.0 ], [ 403009.026910936809145, 1855807.445574442623183, 546.0 ], [ 402978.805226853815839, 1855777.223890359746292, 544.0 ], [ 402948.583542770822532, 1855777.223890359746292, 545.0 ], [ 402918.361858687829226, 1855747.002206276869401, 545.0 ], [ 402888.14017460483592, 1855747.002206276869401, 546.0 ], [ 402857.918490521842614, 1855747.002206276869401, 547.0 ], [ 402827.696806438849308, 1855747.002206276869401, 547.0 ], [ 402797.475122355856001, 1855747.002206276869401, 546.0 ], [ 402767.253438272862695, 1855716.78052219399251, 546.0 ], [ 402737.031754189869389, 1855686.55883811111562, 547.0 ], [ 402706.810070106876083, 1855656.337154028238729, 546.0 ], [ 402676.588386023882776, 1855626.115469945361838, 545.0 ], [ 402646.36670194088947, 1855595.893785862484947, 542.0 ], [ 402616.145017857896164, 1855595.893785862484947, 542.0 ], [ 402585.923333774902858, 1855565.672101779608056, 543.0 ], [ 402585.923333774902858, 1855535.450417696731165, 544.0 ], [ 402555.701649691909552, 1855505.228733613854274, 545.0 ], [ 402525.479965608916245, 1855475.007049530977383, 546.0 ], [ 402495.258281525922939, 1855475.007049530977383, 545.0 ], [ 402465.036597442929633, 1855444.785365448100492, 544.0 ], [ 402434.814913359936327, 1855414.563681365223601, 542.0 ], [ 402404.593229276943021, 1855384.341997282346711, 543.0 ], [ 402404.593229276943021, 1855354.12031319946982, 546.0 ], [ 402374.371545193949714, 1855323.898629116592929, 547.0 ], [ 402344.149861110956408, 1855293.676945033716038, 544.0 ], [ 402313.928177027963102, 1855263.455260950839147, 543.0 ], [ 402313.928177027963102, 1855233.233576867962256, 546.0 ], [ 402344.149861110956408, 1855203.011892785085365, 546.0 ], [ 402344.149861110956408, 1855172.790208702208474, 546.0 ], [ 402374.371545193949714, 1855142.568524619331583, 544.0 ], [ 402374.371545193949714, 1855112.346840536454692, 544.0 ], [ 402374.371545193949714, 1855082.125156453577802, 545.0 ], [ 402374.371545193949714, 1855051.903472370700911, 547.0 ], [ 402374.371545193949714, 1855021.68178828782402, 547.0 ], [ 402344.149861110956408, 1854991.460104204947129, 547.0 ], [ 402344.149861110956408, 1854961.238420122070238, 546.0 ], [ 402344.149861110956408, 1854931.016736039193347, 546.0 ], [ 402344.149861110956408, 1854900.795051956316456, 545.0 ], [ 402344.149861110956408, 1854870.573367873439565, 545.0 ], [ 402344.149861110956408, 1854840.351683790562674, 547.0 ], [ 402374.371545193949714, 1854810.129999707685784, 547.0 ], [ 402404.593229276943021, 1854779.908315624808893, 547.0 ], [ 402404.593229276943021, 1854749.686631541932002, 547.0 ], [ 402404.593229276943021, 1854719.464947459055111, 547.0 ], [ 402404.593229276943021, 1854689.24326337617822, 547.0 ], [ 402404.593229276943021, 1854659.021579293301329, 546.0 ], [ 402434.814913359936327, 1854628.799895210424438, 545.0 ], [ 402465.036597442929633, 1854598.578211127547547, 544.0 ], [ 402465.036597442929633, 1854568.356527044670656, 545.0 ], [ 402465.036597442929633, 1854538.134842961793765, 546.0 ], [ 402465.036597442929633, 1854507.913158878916875, 545.0 ], [ 402465.036597442929633, 1854477.691474796039984, 543.0 ], [ 402465.036597442929633, 1854447.469790713163093, 541.0 ], [ 402465.036597442929633, 1854417.248106630286202, 541.0 ], [ 402495.258281525922939, 1854387.026422547409311, 544.0 ], [ 402495.258281525922939, 1854356.80473846453242, 544.0 ], [ 402495.258281525922939, 1854326.583054381655529, 543.0 ], [ 402495.258281525922939, 1854296.361370298778638, 544.0 ], [ 402465.036597442929633, 1854266.139686215901747, 544.0 ], [ 402465.036597442929633, 1854235.918002133024856, 543.0 ], [ 402465.036597442929633, 1854205.696318050147966, 543.0 ], [ 402465.036597442929633, 1854175.474633967271075, 543.0 ], [ 402434.814913359936327, 1854145.252949884394184, 544.0 ], [ 402434.814913359936327, 1854115.031265801517293, 544.0 ], [ 402404.593229276943021, 1854084.809581718640402, 546.0 ], [ 402374.371545193949714, 1854054.587897635763511, 547.0 ], [ 402344.149861110956408, 1854024.36621355288662, 547.0 ], [ 402313.928177027963102, 1854024.36621355288662, 548.0 ], [ 402283.706492944969796, 1854024.36621355288662, 549.0 ], [ 402253.484808861976489, 1854024.36621355288662, 549.0 ], [ 402223.263124778983183, 1853994.144529470009729, 549.0 ], [ 402193.041440695989877, 1853963.922845387132838, 548.0 ], [ 402162.819756612996571, 1853963.922845387132838, 548.0 ], [ 402132.598072530003265, 1853994.144529470009729, 548.0 ], [ 402102.376388447009958, 1854024.36621355288662, 548.0 ], [ 402072.154704364016652, 1854024.36621355288662, 547.0 ], [ 402041.933020281023346, 1854054.587897635763511, 547.0 ], [ 402011.71133619803004, 1854054.587897635763511, 548.0 ], [ 401981.489652115036733, 1854084.809581718640402, 547.0 ], [ 401951.267968032043427, 1854115.031265801517293, 545.0 ], [ 401921.046283949050121, 1854115.031265801517293, 545.0 ], [ 401890.824599866056815, 1854115.031265801517293, 545.0 ], [ 401860.602915783063509, 1854115.031265801517293, 544.0 ], [ 401830.381231700070202, 1854115.031265801517293, 546.0 ], [ 401800.159547617076896, 1854084.809581718640402, 549.0 ], [ 401769.93786353408359, 1854084.809581718640402, 547.0 ], [ 401739.716179451090284, 1854084.809581718640402, 547.0 ], [ 401709.494495368096977, 1854054.587897635763511, 548.0 ], [ 401679.272811285103671, 1854024.36621355288662, 549.0 ], [ 401649.051127202110365, 1853994.144529470009729, 549.0 ], [ 401618.829443119117059, 1853994.144529470009729, 547.0 ], [ 401588.607759036123753, 1853963.922845387132838, 549.0 ], [ 401558.386074953130446, 1853933.701161304255947, 549.0 ], [ 401528.16439087013714, 1853903.479477221379057, 548.0 ], [ 401528.16439087013714, 1853873.257793138502166, 548.0 ], [ 401528.16439087013714, 1853843.036109055625275, 549.0 ], [ 401528.16439087013714, 1853812.814424972748384, 549.0 ], [ 401497.942706787143834, 1853782.592740889871493, 549.0 ], [ 401467.721022704150528, 1853752.371056806994602, 549.0 ], [ 401437.499338621157221, 1853722.149372724117711, 549.0 ], [ 401407.277654538163915, 1853691.92768864124082, 548.0 ], [ 401377.055970455170609, 1853661.706004558363929, 547.0 ], [ 401346.834286372177303, 1853631.484320475487038, 547.0 ], [ 401316.612602289183997, 1853601.262636392610148, 548.0 ], [ 401316.612602289183997, 1853571.040952309733257, 548.0 ], [ 401316.612602289183997, 1853540.819268226856366, 548.0 ], [ 401286.39091820619069, 1853540.819268226856366, 549.0 ], [ 401256.169234123197384, 1853510.597584143979475, 549.0 ], [ 401225.947550040204078, 1853480.375900061102584, 549.0 ], [ 401195.725865957210772, 1853450.154215978225693, 549.0 ], [ 401165.504181874217466, 1853450.154215978225693, 548.0 ], [ 401135.282497791224159, 1853450.154215978225693, 547.0 ], [ 401105.060813708230853, 1853450.154215978225693, 547.0 ], [ 401074.839129625237547, 1853450.154215978225693, 546.0 ], [ 401044.617445542244241, 1853419.932531895348802, 547.0 ], [ 401014.395761459250934, 1853389.710847812471911, 549.0 ], [ 400984.174077376257628, 1853359.48916372959502, 549.0 ], [ 400953.952393293264322, 1853329.26747964671813, 547.0 ], [ 400953.952393293264322, 1853299.045795563841239, 548.0 ], [ 400984.174077376257628, 1853268.824111480964348, 549.0 ], [ 401014.395761459250934, 1853238.602427398087457, 549.0 ], [ 401044.617445542244241, 1853208.380743315210566, 547.0 ], [ 401074.839129625237547, 1853178.159059232333675, 547.0 ], [ 401105.060813708230853, 1853147.937375149456784, 548.0 ], [ 401135.282497791224159, 1853117.715691066579893, 549.0 ], [ 401165.504181874217466, 1853087.494006983703002, 549.0 ], [ 401195.725865957210772, 1853057.272322900826111, 549.0 ], [ 401225.947550040204078, 1853027.050638817949221, 548.0 ], [ 401225.947550040204078, 1852996.82895473507233, 547.0 ], [ 401256.169234123197384, 1852966.607270652195439, 549.0 ], [ 401286.39091820619069, 1852936.385586569318548, 549.0 ], [ 401316.612602289183997, 1852906.163902486441657, 549.0 ], [ 401346.834286372177303, 1852875.942218403564766, 548.0 ], [ 401377.055970455170609, 1852845.720534320687875, 549.0 ], [ 401377.055970455170609, 1852815.498850237810984, 548.0 ], [ 401407.277654538163915, 1852785.277166154934093, 545.0 ], [ 401437.499338621157221, 1852755.055482072057202, 545.0 ], [ 401437.499338621157221, 1852724.833797989180312, 546.0 ], [ 401467.721022704150528, 1852694.612113906303421, 548.0 ], [ 401467.721022704150528, 1852664.39042982342653, 549.0 ], [ 401467.721022704150528, 1852634.168745740549639, 550.0 ], [ 401497.942706787143834, 1852603.947061657672748, 550.0 ], [ 401528.16439087013714, 1852573.725377574795857, 548.0 ], [ 401528.16439087013714, 1852543.503693491918966, 548.0 ], [ 401528.16439087013714, 1852513.282009409042075, 548.0 ], [ 401497.942706787143834, 1852513.282009409042075, 549.0 ], [ 401467.721022704150528, 1852483.060325326165184, 548.0 ], [ 401437.499338621157221, 1852452.838641243288293, 548.0 ], [ 401407.277654538163915, 1852452.838641243288293, 549.0 ], [ 401377.055970455170609, 1852422.616957160411403, 549.0 ], [ 401346.834286372177303, 1852422.616957160411403, 550.0 ], [ 401316.612602289183997, 1852392.395273077534512, 549.0 ], [ 401286.39091820619069, 1852362.173588994657621, 549.0 ], [ 401286.39091820619069, 1852331.95190491178073, 549.0 ], [ 401256.169234123197384, 1852301.730220828903839, 549.0 ], [ 401256.169234123197384, 1852271.508536746026948, 548.0 ], [ 401225.947550040204078, 1852241.286852663150057, 548.0 ], [ 401195.725865957210772, 1852211.065168580273166, 549.0 ], [ 401195.725865957210772, 1852180.843484497396275, 549.0 ], [ 401165.504181874217466, 1852150.621800414519385, 549.0 ], [ 401135.282497791224159, 1852150.621800414519385, 547.0 ], [ 401105.060813708230853, 1852150.621800414519385, 547.0 ], [ 401074.839129625237547, 1852120.400116331642494, 547.0 ], [ 401044.617445542244241, 1852090.178432248765603, 548.0 ], [ 401014.395761459250934, 1852059.956748165888712, 549.0 ], [ 400984.174077376257628, 1852059.956748165888712, 548.0 ], [ 400953.952393293264322, 1852029.735064083011821, 546.0 ], [ 400923.730709210271016, 1852029.735064083011821, 546.0 ], [ 400893.50902512727771, 1852029.735064083011821, 546.0 ], [ 400863.287341044284403, 1852029.735064083011821, 548.0 ], [ 400833.065656961291097, 1851999.51338000013493, 549.0 ], [ 400802.843972878297791, 1851999.51338000013493, 548.0 ], [ 400772.622288795304485, 1851999.51338000013493, 548.0 ], [ 400742.400604712311178, 1851999.51338000013493, 548.0 ], [ 400712.178920629317872, 1851999.51338000013493, 549.0 ], [ 400681.957236546324566, 1851969.291695917258039, 548.0 ], [ 400651.73555246333126, 1851969.291695917258039, 548.0 ], [ 400621.513868380337954, 1851999.51338000013493, 548.0 ], [ 400591.292184297344647, 1852029.735064083011821, 547.0 ], [ 400561.070500214351341, 1852059.956748165888712, 548.0 ], [ 400530.848816131358035, 1852059.956748165888712, 547.0 ], [ 400500.627132048364729, 1852059.956748165888712, 545.0 ], [ 400470.405447965371422, 1852059.956748165888712, 545.0 ], [ 400440.183763882378116, 1852029.735064083011821, 547.0 ], [ 400409.96207979938481, 1852029.735064083011821, 548.0 ], [ 400379.740395716391504, 1852029.735064083011821, 549.0 ], [ 400349.518711633398198, 1851999.51338000013493, 550.0 ], [ 400319.297027550404891, 1851969.291695917258039, 550.0 ], [ 400289.075343467411585, 1851969.291695917258039, 550.0 ], [ 400258.853659384418279, 1851969.291695917258039, 550.0 ], [ 400228.631975301424973, 1851969.291695917258039, 550.0 ], [ 400198.410291218431666, 1851969.291695917258039, 550.0 ], [ 400168.18860713543836, 1851969.291695917258039, 550.0 ], [ 400137.966923052445054, 1851999.51338000013493, 550.0 ], [ 400107.745238969451748, 1851999.51338000013493, 550.0 ], [ 400077.523554886458442, 1851999.51338000013493, 550.0 ], [ 400047.301870803465135, 1851969.291695917258039, 550.0 ], [ 400017.080186720471829, 1851969.291695917258039, 549.0 ], [ 399986.858502637478523, 1851969.291695917258039, 550.0 ], [ 399956.636818554485217, 1851969.291695917258039, 550.0 ], [ 399926.415134471491911, 1851939.070011834381148, 550.0 ], [ 399896.193450388498604, 1851908.848327751504257, 549.0 ], [ 399865.971766305505298, 1851908.848327751504257, 550.0 ], [ 399835.750082222511992, 1851939.070011834381148, 550.0 ], [ 399805.528398139518686, 1851939.070011834381148, 548.0 ], [ 399775.306714056525379, 1851939.070011834381148, 548.0 ], [ 399745.085029973532073, 1851939.070011834381148, 548.0 ], [ 399714.863345890538767, 1851939.070011834381148, 548.0 ], [ 399684.641661807545461, 1851969.291695917258039, 548.0 ], [ 399654.419977724552155, 1851999.51338000013493, 546.0 ], [ 399624.198293641558848, 1851999.51338000013493, 544.0 ], [ 399593.976609558565542, 1851999.51338000013493, 545.0 ], [ 399563.754925475572236, 1852029.735064083011821, 547.0 ], [ 399533.53324139257893, 1852059.956748165888712, 547.0 ], [ 399503.311557309585623, 1852090.178432248765603, 546.0 ], [ 399473.089873226592317, 1852120.400116331642494, 545.0 ], [ 399442.868189143599011, 1852150.621800414519385, 546.0 ], [ 399412.646505060605705, 1852180.843484497396275, 548.0 ], [ 399382.424820977612399, 1852211.065168580273166, 547.0 ], [ 399352.203136894619092, 1852241.286852663150057, 546.0 ], [ 399321.981452811625786, 1852271.508536746026948, 547.0 ], [ 399291.75976872863248, 1852301.730220828903839, 547.0 ], [ 399261.538084645639174, 1852331.95190491178073, 546.0 ], [ 399231.316400562645867, 1852331.95190491178073, 546.0 ], [ 399201.094716479652561, 1852331.95190491178073, 545.0 ], [ 399170.873032396659255, 1852331.95190491178073, 544.0 ], [ 399140.651348313665949, 1852331.95190491178073, 545.0 ], [ 399110.429664230672643, 1852331.95190491178073, 546.0 ], [ 399080.207980147679336, 1852331.95190491178073, 546.0 ], [ 399049.98629606468603, 1852362.173588994657621, 547.0 ], [ 399019.764611981692724, 1852362.173588994657621, 547.0 ], [ 398989.542927898699418, 1852392.395273077534512, 548.0 ], [ 398959.321243815706111, 1852392.395273077534512, 549.0 ], [ 398929.099559732712805, 1852392.395273077534512, 549.0 ], [ 398898.877875649719499, 1852392.395273077534512, 549.0 ], [ 398868.656191566726193, 1852392.395273077534512, 548.0 ], [ 398838.434507483732887, 1852392.395273077534512, 548.0 ], [ 398808.21282340073958, 1852422.616957160411403, 546.0 ], [ 398777.991139317746274, 1852422.616957160411403, 547.0 ], [ 398747.769455234752968, 1852392.395273077534512, 549.0 ], [ 398717.547771151759662, 1852362.173588994657621, 548.0 ], [ 398687.326087068766356, 1852331.95190491178073, 549.0 ], [ 398657.104402985773049, 1852331.95190491178073, 550.0 ], [ 398626.882718902779743, 1852331.95190491178073, 550.0 ], [ 398596.661034819786437, 1852362.173588994657621, 548.0 ], [ 398566.439350736793131, 1852392.395273077534512, 546.0 ], [ 398536.217666653799824, 1852422.616957160411403, 547.0 ], [ 398505.995982570806518, 1852422.616957160411403, 547.0 ], [ 398475.774298487813212, 1852422.616957160411403, 547.0 ], [ 398445.552614404819906, 1852422.616957160411403, 547.0 ], [ 398415.3309303218266, 1852422.616957160411403, 547.0 ], [ 398385.109246238833293, 1852452.838641243288293, 546.0 ], [ 398354.887562155839987, 1852483.060325326165184, 547.0 ], [ 398324.665878072846681, 1852513.282009409042075, 545.0 ], [ 398294.444193989853375, 1852543.503693491918966, 547.0 ], [ 398264.222509906860068, 1852573.725377574795857, 550.0 ], [ 398234.000825823866762, 1852603.947061657672748, 548.0 ], [ 398203.779141740873456, 1852634.168745740549639, 548.0 ], [ 398173.55745765788015, 1852664.39042982342653, 546.0 ], [ 398143.335773574886844, 1852664.39042982342653, 545.0 ], [ 398113.114089491893537, 1852694.612113906303421, 547.0 ], [ 398082.892405408900231, 1852694.612113906303421, 548.0 ], [ 398052.670721325906925, 1852724.833797989180312, 548.0 ], [ 398022.449037242913619, 1852724.833797989180312, 548.0 ], [ 397992.227353159920312, 1852724.833797989180312, 547.0 ], [ 397962.005669076927006, 1852724.833797989180312, 546.0 ], [ 397931.7839849939337, 1852724.833797989180312, 546.0 ], [ 397901.562300910940394, 1852724.833797989180312, 547.0 ], [ 397871.340616827947088, 1852724.833797989180312, 547.0 ], [ 397841.118932744953781, 1852724.833797989180312, 548.0 ], [ 397810.897248661960475, 1852694.612113906303421, 547.0 ], [ 397780.675564578967169, 1852664.39042982342653, 547.0 ], [ 397750.453880495973863, 1852664.39042982342653, 546.0 ], [ 397720.232196412980556, 1852664.39042982342653, 546.0 ], [ 397690.01051232998725, 1852664.39042982342653, 547.0 ], [ 397659.788828246993944, 1852664.39042982342653, 546.0 ], [ 397629.567144164000638, 1852664.39042982342653, 546.0 ], [ 397599.345460081007332, 1852664.39042982342653, 546.0 ], [ 397569.123775998014025, 1852694.612113906303421, 548.0 ], [ 397538.902091915020719, 1852694.612113906303421, 546.0 ], [ 397508.680407832027413, 1852724.833797989180312, 546.0 ], [ 397478.458723749034107, 1852724.833797989180312, 548.0 ], [ 397448.237039666040801, 1852755.055482072057202, 550.0 ], [ 397418.015355583047494, 1852785.277166154934093, 550.0 ], [ 397387.793671500054188, 1852785.277166154934093, 548.0 ], [ 397357.571987417060882, 1852785.277166154934093, 549.0 ], [ 397327.350303334067576, 1852785.277166154934093, 550.0 ], [ 397297.128619251074269, 1852815.498850237810984, 551.0 ], [ 397266.906935168080963, 1852845.720534320687875, 551.0 ], [ 397236.685251085087657, 1852875.942218403564766, 548.0 ], [ 397206.463567002094351, 1852906.163902486441657, 547.0 ], [ 397176.241882919101045, 1852936.385586569318548, 547.0 ], [ 397146.020198836107738, 1852966.607270652195439, 545.0 ], [ 397115.798514753114432, 1852996.82895473507233, 546.0 ], [ 397085.576830670121126, 1852996.82895473507233, 546.0 ], [ 397055.35514658712782, 1853027.050638817949221, 548.0 ], [ 397025.133462504134513, 1853057.272322900826111, 551.0 ], [ 396994.911778421141207, 1853087.494006983703002, 551.0 ], [ 396964.690094338147901, 1853117.715691066579893, 551.0 ], [ 396964.690094338147901, 1853147.937375149456784, 550.0 ], [ 396934.468410255154595, 1853178.159059232333675, 550.0 ], [ 396904.246726172161289, 1853208.380743315210566, 551.0 ], [ 396874.025042089167982, 1853208.380743315210566, 551.0 ], [ 396843.803358006174676, 1853208.380743315210566, 551.0 ], [ 396813.58167392318137, 1853208.380743315210566, 551.0 ], [ 396783.359989840188064, 1853238.602427398087457, 551.0 ], [ 396753.138305757194757, 1853268.824111480964348, 551.0 ], [ 396753.138305757194757, 1853299.045795563841239, 551.0 ], [ 396753.138305757194757, 1853329.26747964671813, 551.0 ], [ 396722.916621674201451, 1853359.48916372959502, 551.0 ], [ 396692.694937591208145, 1853389.710847812471911, 549.0 ], [ 396662.473253508214839, 1853419.932531895348802, 549.0 ], [ 396632.251569425221533, 1853450.154215978225693, 551.0 ], [ 396602.029885342228226, 1853480.375900061102584, 551.0 ], [ 396571.80820125923492, 1853480.375900061102584, 549.0 ], [ 396541.586517176241614, 1853510.597584143979475, 550.0 ], [ 396511.364833093248308, 1853510.597584143979475, 551.0 ], [ 396481.143149010255001, 1853540.819268226856366, 551.0 ], [ 396450.921464927261695, 1853571.040952309733257, 551.0 ], [ 396420.699780844268389, 1853571.040952309733257, 548.0 ], [ 396390.478096761275083, 1853601.262636392610148, 548.0 ], [ 396360.256412678281777, 1853631.484320475487038, 548.0 ], [ 396360.256412678281777, 1853661.706004558363929, 549.0 ], [ 396330.03472859528847, 1853691.92768864124082, 548.0 ], [ 396299.813044512295164, 1853722.149372724117711, 548.0 ], [ 396269.591360429301858, 1853722.149372724117711, 548.0 ], [ 396269.591360429301858, 1853752.371056806994602, 549.0 ], [ 396269.591360429301858, 1853782.592740889871493, 549.0 ], [ 396239.369676346308552, 1853812.814424972748384, 551.0 ], [ 396209.147992263315246, 1853843.036109055625275, 551.0 ], [ 396209.147992263315246, 1853873.257793138502166, 549.0 ], [ 396178.926308180321939, 1853873.257793138502166, 549.0 ], [ 396148.704624097328633, 1853903.479477221379057, 551.0 ], [ 396118.482940014335327, 1853903.479477221379057, 550.0 ], [ 396088.261255931342021, 1853903.479477221379057, 549.0 ], [ 396058.039571848348714, 1853933.701161304255947, 549.0 ], [ 396027.817887765355408, 1853933.701161304255947, 550.0 ], [ 395997.596203682362102, 1853933.701161304255947, 550.0 ], [ 395967.374519599368796, 1853963.922845387132838, 551.0 ], [ 395937.15283551637549, 1853963.922845387132838, 550.0 ], [ 395906.931151433382183, 1853994.144529470009729, 549.0 ], [ 395876.709467350388877, 1854024.36621355288662, 547.0 ], [ 395846.487783267395571, 1854054.587897635763511, 546.0 ], [ 395816.266099184402265, 1854054.587897635763511, 546.0 ], [ 395786.044415101408958, 1854054.587897635763511, 547.0 ], [ 395755.822731018415652, 1854054.587897635763511, 548.0 ], [ 395725.601046935422346, 1854024.36621355288662, 548.0 ], [ 395695.37936285242904, 1854024.36621355288662, 548.0 ], [ 395665.157678769435734, 1854024.36621355288662, 547.0 ], [ 395634.935994686442427, 1854024.36621355288662, 548.0 ], [ 395604.714310603449121, 1854024.36621355288662, 548.0 ], [ 395574.492626520455815, 1854024.36621355288662, 547.0 ], [ 395544.270942437462509, 1854024.36621355288662, 547.0 ], [ 395514.049258354469202, 1854054.587897635763511, 546.0 ], [ 395483.827574271475896, 1854084.809581718640402, 546.0 ], [ 395453.60589018848259, 1854084.809581718640402, 545.0 ], [ 395423.384206105489284, 1854084.809581718640402, 545.0 ], [ 395393.162522022495978, 1854115.031265801517293, 548.0 ], [ 395362.940837939502671, 1854145.252949884394184, 551.0 ], [ 395332.719153856509365, 1854175.474633967271075, 551.0 ], [ 395302.497469773516059, 1854205.696318050147966, 550.0 ], [ 395272.275785690522753, 1854235.918002133024856, 549.0 ], [ 395242.054101607529446, 1854266.139686215901747, 549.0 ], [ 395211.83241752453614, 1854296.361370298778638, 550.0 ], [ 395181.610733441542834, 1854326.583054381655529, 550.0 ], [ 395151.389049358549528, 1854356.80473846453242, 548.0 ], [ 395151.389049358549528, 1854387.026422547409311, 547.0 ], [ 395151.389049358549528, 1854417.248106630286202, 548.0 ], [ 395151.389049358549528, 1854447.469790713163093, 548.0 ], [ 395151.389049358549528, 1854477.691474796039984, 546.0 ], [ 395151.389049358549528, 1854507.913158878916875, 545.0 ], [ 395151.389049358549528, 1854538.134842961793765, 545.0 ], [ 395151.389049358549528, 1854568.356527044670656, 546.0 ], [ 395151.389049358549528, 1854598.578211127547547, 547.0 ], [ 395121.167365275556222, 1854628.799895210424438, 547.0 ], [ 395121.167365275556222, 1854659.021579293301329, 547.0 ], [ 395121.167365275556222, 1854689.24326337617822, 547.0 ], [ 395090.945681192562915, 1854719.464947459055111, 548.0 ], [ 395060.723997109569609, 1854719.464947459055111, 549.0 ], [ 395060.723997109569609, 1854749.686631541932002, 549.0 ], [ 395030.502313026576303, 1854779.908315624808893, 551.0 ], [ 395000.280628943582997, 1854810.129999707685784, 551.0 ], [ 395000.280628943582997, 1854840.351683790562674, 551.0 ], [ 394970.058944860589691, 1854870.573367873439565, 551.0 ], [ 394970.058944860589691, 1854900.795051956316456, 550.0 ], [ 394970.058944860589691, 1854931.016736039193347, 551.0 ], [ 394970.058944860589691, 1854961.238420122070238, 551.0 ], [ 394970.058944860589691, 1854991.460104204947129, 549.0 ], [ 395000.280628943582997, 1855021.68178828782402, 549.0 ], [ 395030.502313026576303, 1855051.903472370700911, 550.0 ], [ 395030.502313026576303, 1855082.125156453577802, 548.0 ], [ 395000.280628943582997, 1855112.346840536454692, 550.0 ], [ 394970.058944860589691, 1855142.568524619331583, 550.0 ], [ 394939.837260777596384, 1855172.790208702208474, 550.0 ], [ 394909.615576694603078, 1855203.011892785085365, 548.0 ], [ 394879.393892611609772, 1855203.011892785085365, 547.0 ], [ 394849.172208528616466, 1855172.790208702208474, 546.0 ], [ 394818.950524445623159, 1855172.790208702208474, 546.0 ], [ 394788.728840362629853, 1855142.568524619331583, 548.0 ], [ 394758.507156279636547, 1855142.568524619331583, 550.0 ], [ 394728.285472196643241, 1855112.346840536454692, 551.0 ], [ 394698.063788113649935, 1855112.346840536454692, 550.0 ], [ 394667.842104030656628, 1855112.346840536454692, 550.0 ], [ 394637.620419947663322, 1855112.346840536454692, 549.0 ], [ 394607.398735864670016, 1855082.125156453577802, 549.0 ], [ 394577.17705178167671, 1855051.903472370700911, 550.0 ], [ 394546.955367698683403, 1855051.903472370700911, 550.0 ], [ 394516.733683615690097, 1855021.68178828782402, 551.0 ], [ 394486.511999532696791, 1854991.460104204947129, 551.0 ], [ 394456.290315449703485, 1854961.238420122070238, 551.0 ], [ 394426.068631366710179, 1854961.238420122070238, 551.0 ], [ 394395.846947283716872, 1854961.238420122070238, 551.0 ], [ 394365.625263200723566, 1854961.238420122070238, 550.0 ], [ 394335.40357911773026, 1854961.238420122070238, 549.0 ], [ 394305.181895034736954, 1854961.238420122070238, 550.0 ], [ 394274.960210951743647, 1854931.016736039193347, 551.0 ], [ 394244.738526868750341, 1854900.795051956316456, 551.0 ], [ 394214.516842785757035, 1854870.573367873439565, 548.0 ], [ 394184.295158702763729, 1854840.351683790562674, 547.0 ], [ 394154.073474619770423, 1854810.129999707685784, 547.0 ], [ 394154.073474619770423, 1854779.908315624808893, 548.0 ], [ 394123.851790536777116, 1854749.686631541932002, 549.0 ], [ 394123.851790536777116, 1854719.464947459055111, 549.0 ], [ 394093.63010645378381, 1854689.24326337617822, 550.0 ], [ 394063.408422370790504, 1854659.021579293301329, 549.0 ], [ 394063.408422370790504, 1854628.799895210424438, 549.0 ], [ 394063.408422370790504, 1854598.578211127547547, 548.0 ], [ 394063.408422370790504, 1854568.356527044670656, 547.0 ], [ 394033.186738287797198, 1854538.134842961793765, 549.0 ], [ 394002.965054204803891, 1854507.913158878916875, 551.0 ], [ 394002.965054204803891, 1854477.691474796039984, 551.0 ], [ 394033.186738287797198, 1854447.469790713163093, 549.0 ], [ 394033.186738287797198, 1854417.248106630286202, 548.0 ], [ 394033.186738287797198, 1854387.026422547409311, 547.0 ], [ 394033.186738287797198, 1854356.80473846453242, 548.0 ], [ 394002.965054204803891, 1854326.583054381655529, 547.0 ], [ 394002.965054204803891, 1854296.361370298778638, 547.0 ], [ 394002.965054204803891, 1854266.139686215901747, 548.0 ], [ 394002.965054204803891, 1854235.918002133024856, 548.0 ], [ 394002.965054204803891, 1854205.696318050147966, 547.0 ], [ 394002.965054204803891, 1854175.474633967271075, 547.0 ], [ 393972.743370121810585, 1854145.252949884394184, 548.0 ], [ 393942.521686038817279, 1854115.031265801517293, 549.0 ], [ 393942.521686038817279, 1854084.809581718640402, 549.0 ], [ 393942.521686038817279, 1854054.587897635763511, 549.0 ], [ 393942.521686038817279, 1854024.36621355288662, 547.0 ], [ 393972.743370121810585, 1853994.144529470009729, 546.0 ], [ 393972.743370121810585, 1853963.922845387132838, 546.0 ], [ 393972.743370121810585, 1853933.701161304255947, 547.0 ], [ 393972.743370121810585, 1853903.479477221379057, 548.0 ], [ 393972.743370121810585, 1853873.257793138502166, 550.0 ], [ 393942.521686038817279, 1853843.036109055625275, 551.0 ], [ 393942.521686038817279, 1853812.814424972748384, 550.0 ], [ 393912.300001955823973, 1853782.592740889871493, 549.0 ], [ 393912.300001955823973, 1853752.371056806994602, 549.0 ], [ 393912.300001955823973, 1853722.149372724117711, 549.0 ], [ 393882.078317872830667, 1853691.92768864124082, 549.0 ], [ 393851.85663378983736, 1853661.706004558363929, 547.0 ], [ 393821.634949706844054, 1853631.484320475487038, 549.0 ], [ 393791.413265623850748, 1853631.484320475487038, 550.0 ], [ 393761.191581540857442, 1853601.262636392610148, 549.0 ], [ 393730.969897457864136, 1853601.262636392610148, 549.0 ], [ 393700.748213374870829, 1853571.040952309733257, 550.0 ], [ 393670.526529291877523, 1853540.819268226856366, 551.0 ], [ 393640.304845208884217, 1853510.597584143979475, 551.0 ], [ 393610.083161125890911, 1853480.375900061102584, 550.0 ], [ 393579.861477042897604, 1853450.154215978225693, 549.0 ], [ 393549.639792959904298, 1853419.932531895348802, 550.0 ], [ 393519.418108876910992, 1853389.710847812471911, 551.0 ], [ 393489.196424793917686, 1853389.710847812471911, 550.0 ], [ 393458.97474071092438, 1853389.710847812471911, 551.0 ], [ 393428.753056627931073, 1853389.710847812471911, 552.0 ], [ 393398.531372544937767, 1853389.710847812471911, 552.0 ], [ 393368.309688461944461, 1853419.932531895348802, 552.0 ], [ 393338.088004378951155, 1853419.932531895348802, 550.0 ], [ 393307.866320295957848, 1853419.932531895348802, 550.0 ], [ 393277.644636212964542, 1853419.932531895348802, 551.0 ], [ 393247.422952129971236, 1853389.710847812471911, 549.0 ], [ 393217.20126804697793, 1853359.48916372959502, 550.0 ], [ 393186.979583963984624, 1853359.48916372959502, 549.0 ], [ 393156.757899880991317, 1853329.26747964671813, 550.0 ], [ 393126.536215797998011, 1853329.26747964671813, 550.0 ], [ 393096.314531715004705, 1853299.045795563841239, 550.0 ], [ 393066.092847632011399, 1853268.824111480964348, 550.0 ], [ 393035.871163549018092, 1853238.602427398087457, 551.0 ], [ 393005.649479466024786, 1853208.380743315210566, 550.0 ], [ 392975.42779538303148, 1853208.380743315210566, 550.0 ], [ 392945.206111300038174, 1853208.380743315210566, 549.0 ], [ 392914.984427217044868, 1853208.380743315210566, 549.0 ], [ 392884.762743134051561, 1853208.380743315210566, 549.0 ], [ 392854.541059051058255, 1853208.380743315210566, 550.0 ], [ 392824.319374968064949, 1853238.602427398087457, 552.0 ], [ 392794.097690885071643, 1853268.824111480964348, 552.0 ], [ 392763.876006802078336, 1853299.045795563841239, 552.0 ], [ 392733.65432271908503, 1853299.045795563841239, 551.0 ], [ 392703.432638636091724, 1853329.26747964671813, 551.0 ], [ 392673.210954553098418, 1853329.26747964671813, 549.0 ], [ 392642.989270470105112, 1853359.48916372959502, 550.0 ], [ 392612.767586387111805, 1853389.710847812471911, 552.0 ], [ 392582.545902304118499, 1853419.932531895348802, 553.0 ], [ 392552.324218221125193, 1853450.154215978225693, 553.0 ], [ 392522.102534138131887, 1853480.375900061102584, 551.0 ], [ 392491.880850055138581, 1853510.597584143979475, 549.0 ], [ 392461.659165972145274, 1853540.819268226856366, 548.0 ], [ 392431.437481889151968, 1853540.819268226856366, 550.0 ], [ 392401.215797806158662, 1853571.040952309733257, 551.0 ], [ 392370.994113723165356, 1853601.262636392610148, 551.0 ], [ 392370.994113723165356, 1853631.484320475487038, 552.0 ], [ 392340.772429640172049, 1853661.706004558363929, 551.0 ], [ 392310.550745557178743, 1853691.92768864124082, 550.0 ], [ 392280.329061474185437, 1853722.149372724117711, 551.0 ], [ 392280.329061474185437, 1853752.371056806994602, 551.0 ], [ 392280.329061474185437, 1853782.592740889871493, 551.0 ], [ 392280.329061474185437, 1853812.814424972748384, 552.0 ], [ 392250.107377391192131, 1853843.036109055625275, 551.0 ], [ 392219.885693308198825, 1853843.036109055625275, 549.0 ], [ 392189.664009225205518, 1853873.257793138502166, 549.0 ], [ 392159.442325142212212, 1853903.479477221379057, 549.0 ], [ 392129.220641059218906, 1853903.479477221379057, 549.0 ], [ 392098.9989569762256, 1853933.701161304255947, 547.0 ], [ 392068.777272893232293, 1853963.922845387132838, 548.0 ], [ 392038.555588810238987, 1853994.144529470009729, 549.0 ], [ 392008.333904727245681, 1854024.36621355288662, 550.0 ], [ 391978.112220644252375, 1854024.36621355288662, 550.0 ], [ 391947.890536561259069, 1854054.587897635763511, 553.0 ], [ 391947.890536561259069, 1854084.809581718640402, 553.0 ], [ 391917.668852478265762, 1854115.031265801517293, 549.0 ], [ 391917.668852478265762, 1854145.252949884394184, 549.0 ], [ 391947.890536561259069, 1854145.252949884394184, 550.0 ], [ 391978.112220644252375, 1854175.474633967271075, 551.0 ], [ 392008.333904727245681, 1854205.696318050147966, 551.0 ], [ 392038.555588810238987, 1854235.918002133024856, 552.0 ], [ 392068.777272893232293, 1854266.139686215901747, 553.0 ], [ 392098.9989569762256, 1854296.361370298778638, 553.0 ], [ 392098.9989569762256, 1854326.583054381655529, 553.0 ], [ 392098.9989569762256, 1854356.80473846453242, 553.0 ], [ 392098.9989569762256, 1854387.026422547409311, 552.0 ], [ 392098.9989569762256, 1854417.248106630286202, 550.0 ], [ 392098.9989569762256, 1854447.469790713163093, 549.0 ], [ 392098.9989569762256, 1854477.691474796039984, 549.0 ], [ 392098.9989569762256, 1854507.913158878916875, 550.0 ], [ 392098.9989569762256, 1854538.134842961793765, 551.0 ], [ 392098.9989569762256, 1854568.356527044670656, 551.0 ], [ 392098.9989569762256, 1854598.578211127547547, 552.0 ], [ 392098.9989569762256, 1854628.799895210424438, 552.0 ], [ 392129.220641059218906, 1854659.021579293301329, 553.0 ], [ 392159.442325142212212, 1854689.24326337617822, 553.0 ], [ 392189.664009225205518, 1854719.464947459055111, 553.0 ], [ 392189.664009225205518, 1854749.686631541932002, 553.0 ], [ 392189.664009225205518, 1854779.908315624808893, 553.0 ], [ 392219.885693308198825, 1854810.129999707685784, 553.0 ], [ 392189.664009225205518, 1854840.351683790562674, 553.0 ], [ 392159.442325142212212, 1854870.573367873439565, 553.0 ], [ 392129.220641059218906, 1854900.795051956316456, 552.0 ], [ 392098.9989569762256, 1854900.795051956316456, 551.0 ], [ 392068.777272893232293, 1854931.016736039193347, 550.0 ], [ 392068.777272893232293, 1854961.238420122070238, 550.0 ], [ 392098.9989569762256, 1854991.460104204947129, 551.0 ], [ 392129.220641059218906, 1855021.68178828782402, 553.0 ], [ 392129.220641059218906, 1855051.903472370700911, 552.0 ], [ 392129.220641059218906, 1855082.125156453577802, 552.0 ], [ 392129.220641059218906, 1855112.346840536454692, 551.0 ], [ 392098.9989569762256, 1855142.568524619331583, 552.0 ], [ 392068.777272893232293, 1855172.790208702208474, 551.0 ], [ 392068.777272893232293, 1855203.011892785085365, 551.0 ], [ 392068.777272893232293, 1855233.233576867962256, 552.0 ], [ 392068.777272893232293, 1855263.455260950839147, 553.0 ], [ 392068.777272893232293, 1855293.676945033716038, 553.0 ], [ 392038.555588810238987, 1855293.676945033716038, 554.0 ], [ 392008.333904727245681, 1855323.898629116592929, 555.0 ], [ 391978.112220644252375, 1855354.12031319946982, 554.0 ], [ 391947.890536561259069, 1855384.341997282346711, 555.0 ], [ 391917.668852478265762, 1855414.563681365223601, 553.0 ], [ 391887.447168395272456, 1855444.785365448100492, 552.0 ], [ 391857.22548431227915, 1855475.007049530977383, 552.0 ], [ 391827.003800229285844, 1855505.228733613854274, 551.0 ], [ 391796.782116146292537, 1855535.450417696731165, 551.0 ], [ 391766.560432063299231, 1855535.450417696731165, 552.0 ], [ 391736.338747980305925, 1855565.672101779608056, 553.0 ], [ 391706.117063897312619, 1855595.893785862484947, 553.0 ], [ 391675.895379814319313, 1855595.893785862484947, 554.0 ], [ 391645.673695731326006, 1855595.893785862484947, 554.0 ], [ 391615.4520116483327, 1855626.115469945361838, 554.0 ], [ 391585.230327565339394, 1855656.337154028238729, 554.0 ], [ 391555.008643482346088, 1855656.337154028238729, 554.0 ], [ 391524.786959399352781, 1855656.337154028238729, 554.0 ], [ 391494.565275316359475, 1855656.337154028238729, 553.0 ], [ 391464.343591233366169, 1855656.337154028238729, 554.0 ], [ 391434.121907150372863, 1855686.55883811111562, 555.0 ], [ 391403.900223067379557, 1855716.78052219399251, 555.0 ], [ 391373.67853898438625, 1855747.002206276869401, 554.0 ], [ 391343.456854901392944, 1855747.002206276869401, 554.0 ], [ 391313.235170818399638, 1855747.002206276869401, 554.0 ], [ 391283.013486735406332, 1855777.223890359746292, 555.0 ], [ 391252.791802652413025, 1855777.223890359746292, 556.0 ], [ 391222.570118569419719, 1855777.223890359746292, 556.0 ], [ 391192.348434486426413, 1855807.445574442623183, 556.0 ], [ 391162.126750403433107, 1855837.667258525500074, 556.0 ], [ 391131.905066320439801, 1855867.888942608376965, 556.0 ], [ 391101.683382237446494, 1855867.888942608376965, 554.0 ], [ 391071.461698154453188, 1855867.888942608376965, 553.0 ], [ 391041.240014071459882, 1855867.888942608376965, 554.0 ], [ 391011.018329988466576, 1855898.110626691253856, 556.0 ], [ 390980.79664590547327, 1855928.332310774130747, 556.0 ], [ 390950.574961822479963, 1855958.553994857007638, 554.0 ], [ 390920.353277739486657, 1855988.775678939884529, 553.0 ], [ 390890.131593656493351, 1856018.997363022761419, 556.0 ], [ 390859.909909573500045, 1856049.21904710563831, 556.0 ], [ 390829.688225490506738, 1856079.440731188515201, 554.0 ], [ 390799.466541407513432, 1856109.662415271392092, 554.0 ], [ 390769.244857324520126, 1856109.662415271392092, 554.0 ], [ 390739.02317324152682, 1856109.662415271392092, 554.0 ], [ 390708.801489158533514, 1856139.884099354268983, 555.0 ], [ 390678.579805075540207, 1856139.884099354268983, 555.0 ], [ 390648.358120992546901, 1856139.884099354268983, 555.0 ], [ 390618.136436909553595, 1856170.105783437145874, 556.0 ], [ 390587.914752826560289, 1856200.327467520022765, 555.0 ], [ 390557.693068743566982, 1856230.549151602899656, 556.0 ], [ 390557.693068743566982, 1856260.770835685776547, 556.0 ], [ 390527.471384660573676, 1856290.992519768653437, 557.0 ], [ 390497.24970057758037, 1856290.992519768653437, 557.0 ], [ 390467.028016494587064, 1856321.214203851530328, 557.0 ], [ 390436.806332411593758, 1856351.435887934407219, 557.0 ], [ 390406.584648328600451, 1856381.65757201728411, 556.0 ], [ 390376.362964245607145, 1856411.879256100161001, 557.0 ], [ 390376.362964245607145, 1856442.100940183037892, 557.0 ], [ 390376.362964245607145, 1856472.322624265914783, 558.0 ], [ 390346.141280162613839, 1856502.544308348791674, 558.0 ], [ 390315.919596079620533, 1856532.765992431668565, 558.0 ], [ 390285.697911996627226, 1856532.765992431668565, 558.0 ], [ 390255.47622791363392, 1856562.987676514545456, 558.0 ], [ 390225.254543830640614, 1856593.209360597422346, 557.0 ], [ 390195.032859747647308, 1856623.431044680299237, 557.0 ], [ 390164.811175664654002, 1856623.431044680299237, 557.0 ], [ 390134.589491581660695, 1856593.209360597422346, 558.0 ], [ 390104.367807498667389, 1856593.209360597422346, 558.0 ], [ 390074.146123415674083, 1856593.209360597422346, 557.0 ], [ 390043.924439332680777, 1856593.209360597422346, 558.0 ], [ 390013.70275524968747, 1856593.209360597422346, 558.0 ], [ 389983.481071166694164, 1856562.987676514545456, 559.0 ], [ 389953.259387083700858, 1856562.987676514545456, 559.0 ], [ 389923.037703000707552, 1856562.987676514545456, 558.0 ], [ 389892.816018917714246, 1856593.209360597422346, 559.0 ], [ 389862.594334834720939, 1856623.431044680299237, 558.0 ], [ 389832.372650751727633, 1856653.652728763176128, 559.0 ], [ 389832.372650751727633, 1856683.874412846053019, 559.0 ], [ 389802.150966668734327, 1856714.09609692892991, 560.0 ], [ 389771.929282585741021, 1856714.09609692892991, 560.0 ], [ 389741.707598502747715, 1856714.09609692892991, 560.0 ], [ 389711.485914419754408, 1856683.874412846053019, 561.0 ], [ 389681.264230336761102, 1856683.874412846053019, 561.0 ], [ 389651.042546253767796, 1856683.874412846053019, 562.0 ], [ 389620.82086217077449, 1856714.09609692892991, 563.0 ], [ 389590.599178087781183, 1856744.317781011806801, 561.0 ], [ 389560.377494004787877, 1856774.539465094683692, 562.0 ], [ 389530.155809921794571, 1856804.761149177560583, 563.0 ], [ 389499.934125838801265, 1856834.982833260437474, 562.0 ], [ 389469.712441755807959, 1856865.204517343314365, 562.0 ], [ 389469.712441755807959, 1856895.426201426191255, 561.0 ], [ 389469.712441755807959, 1856925.647885509068146, 561.0 ], [ 389469.712441755807959, 1856955.869569591945037, 561.0 ], [ 389469.712441755807959, 1856986.091253674821928, 562.0 ], [ 389439.490757672814652, 1856986.091253674821928, 564.0 ], [ 389409.269073589821346, 1857016.312937757698819, 565.0 ], [ 389379.04738950682804, 1857016.312937757698819, 564.0 ], [ 389348.825705423834734, 1857046.53462184057571, 565.0 ], [ 389318.604021340841427, 1857076.756305923452601, 565.0 ], [ 389288.382337257848121, 1857106.977990006329492, 564.0 ], [ 389258.160653174854815, 1857106.977990006329492, 563.0 ], [ 389227.938969091861509, 1857137.199674089206383, 566.0 ], [ 389227.938969091861509, 1857167.421358172083274, 567.0 ], [ 389197.717285008868203, 1857197.643042254960164, 566.0 ], [ 389167.495600925874896, 1857227.864726337837055, 567.0 ], [ 389167.495600925874896, 1857258.086410420713946, 565.0 ], [ 389167.495600925874896, 1857288.308094503590837, 565.0 ], [ 389167.495600925874896, 1857318.529778586467728, 566.0 ], [ 389197.717285008868203, 1857348.751462669344619, 567.0 ], [ 389227.938969091861509, 1857378.97314675222151, 567.0 ], [ 389227.938969091861509, 1857409.194830835098401, 566.0 ], [ 389227.938969091861509, 1857439.416514917975292, 568.0 ], [ 389197.717285008868203, 1857469.638199000852183, 569.0 ], [ 389167.495600925874896, 1857499.859883083729073, 568.0 ], [ 389167.495600925874896, 1857530.081567166605964, 567.0 ], [ 389137.27391684288159, 1857560.303251249482855, 568.0 ], [ 389107.052232759888284, 1857590.524935332359746, 569.0 ], [ 389076.830548676894978, 1857620.746619415236637, 569.0 ], [ 389046.608864593901671, 1857650.968303498113528, 568.0 ], [ 389016.387180510908365, 1857681.189987580990419, 566.0 ], [ 388986.165496427915059, 1857681.189987580990419, 566.0 ], [ 388955.943812344921753, 1857681.189987580990419, 566.0 ], [ 388925.722128261928447, 1857711.41167166386731, 568.0 ], [ 388895.50044417893514, 1857741.633355746744201, 570.0 ], [ 388865.278760095941834, 1857771.855039829621091, 568.0 ], [ 388835.057076012948528, 1857802.076723912497982, 567.0 ], [ 388804.835391929955222, 1857771.855039829621091, 569.0 ], [ 388774.613707846961915, 1857771.855039829621091, 570.0 ], [ 388744.392023763968609, 1857802.076723912497982, 572.0 ], [ 388714.170339680975303, 1857832.298407995374873, 573.0 ], [ 388683.948655597981997, 1857862.520092078251764, 572.0 ], [ 388653.726971514988691, 1857892.741776161128655, 573.0 ], [ 388623.505287431995384, 1857892.741776161128655, 573.0 ], [ 388593.283603349002078, 1857922.963460244005546, 572.0 ], [ 388563.061919266008772, 1857953.185144326882437, 572.0 ], [ 388532.840235183015466, 1857983.406828409759328, 573.0 ], [ 388502.61855110002216, 1857983.406828409759328, 573.0 ], [ 388472.396867017028853, 1857983.406828409759328, 573.0 ], [ 388442.175182934035547, 1857983.406828409759328, 574.0 ], [ 388411.953498851042241, 1857983.406828409759328, 575.0 ], [ 388381.731814768048935, 1858013.628512492636219, 576.0 ], [ 388351.510130685055628, 1858013.628512492636219, 575.0 ], [ 388321.288446602062322, 1858013.628512492636219, 576.0 ], [ 388291.066762519069016, 1858013.628512492636219, 576.0 ], [ 388260.84507843607571, 1858013.628512492636219, 573.0 ], [ 388230.623394353082404, 1858013.628512492636219, 575.0 ], [ 388200.401710270089097, 1858043.85019657551311, 575.0 ], [ 388170.180026187095791, 1858043.85019657551311, 576.0 ], [ 388139.958342104102485, 1858043.85019657551311, 576.0 ], [ 388109.736658021109179, 1858074.07188065839, 576.0 ], [ 388079.514973938115872, 1858074.07188065839, 575.0 ], [ 388049.293289855122566, 1858074.07188065839, 575.0 ], [ 388019.07160577212926, 1858074.07188065839, 578.0 ], [ 387988.849921689135954, 1858074.07188065839, 579.0 ], [ 387958.628237606142648, 1858074.07188065839, 579.0 ], [ 387928.406553523149341, 1858074.07188065839, 579.0 ], [ 387898.184869440156035, 1858104.293564741266891, 580.0 ], [ 387867.963185357162729, 1858104.293564741266891, 581.0 ], [ 387837.741501274169423, 1858104.293564741266891, 581.0 ], [ 387807.519817191176116, 1858104.293564741266891, 581.0 ], [ 387777.29813310818281, 1858104.293564741266891, 582.0 ], [ 387747.076449025189504, 1858104.293564741266891, 583.0 ], [ 387716.854764942196198, 1858134.515248824143782, 583.0 ], [ 387686.633080859202892, 1858164.736932907020673, 583.0 ], [ 387656.411396776209585, 1858164.736932907020673, 583.0 ], [ 387626.189712693216279, 1858164.736932907020673, 583.0 ], [ 387595.968028610222973, 1858134.515248824143782, 583.0 ], [ 387565.746344527229667, 1858134.515248824143782, 582.0 ], [ 387535.52466044423636, 1858134.515248824143782, 583.0 ], [ 387505.302976361243054, 1858134.515248824143782, 584.0 ], [ 387475.081292278249748, 1858164.736932907020673, 586.0 ], [ 387444.859608195256442, 1858164.736932907020673, 588.0 ], [ 387414.637924112263136, 1858164.736932907020673, 589.0 ], [ 387384.416240029269829, 1858164.736932907020673, 588.0 ], [ 387354.194555946276523, 1858164.736932907020673, 587.0 ], [ 387323.972871863283217, 1858164.736932907020673, 586.0 ], [ 387293.751187780289911, 1858194.958616989897564, 586.0 ], [ 387263.529503697296605, 1858194.958616989897564, 588.0 ], [ 387233.307819614303298, 1858194.958616989897564, 590.0 ], [ 387203.086135531309992, 1858225.180301072774455, 591.0 ], [ 387172.864451448316686, 1858255.401985155651346, 590.0 ], [ 387142.64276736532338, 1858285.623669238528237, 590.0 ], [ 387112.421083282330073, 1858315.845353321405128, 593.0 ], [ 387082.199399199336767, 1858346.067037404282019, 594.0 ], [ 387051.977715116343461, 1858376.288721487158909, 593.0 ], [ 387021.756031033350155, 1858406.5104055700358, 594.0 ], [ 386991.534346950356849, 1858406.5104055700358, 593.0 ], [ 386961.312662867363542, 1858436.732089652912691, 595.0 ], [ 386931.090978784370236, 1858436.732089652912691, 596.0 ], [ 386900.86929470137693, 1858466.953773735789582, 597.0 ], [ 386870.647610618383624, 1858497.175457818666473, 598.0 ], [ 386840.425926535390317, 1858497.175457818666473, 600.0 ], [ 386810.204242452397011, 1858527.397141901543364, 601.0 ], [ 386779.982558369403705, 1858527.397141901543364, 600.0 ], [ 386749.760874286410399, 1858557.618825984420255, 601.0 ], [ 386719.539190203417093, 1858587.840510067297146, 600.0 ], [ 386689.317506120423786, 1858618.062194150174037, 601.0 ], [ 386659.09582203743048, 1858648.283878233050928, 604.0 ], [ 386628.874137954437174, 1858678.505562315927818, 606.0 ], [ 386598.652453871443868, 1858708.727246398804709, 606.0 ], [ 386568.430769788450561, 1858738.9489304816816, 607.0 ], [ 386538.209085705457255, 1858769.170614564558491, 607.0 ], [ 386507.987401622463949, 1858799.392298647435382, 607.0 ], [ 386477.765717539470643, 1858799.392298647435382, 607.0 ], [ 386447.544033456477337, 1858799.392298647435382, 608.0 ], [ 386417.32234937348403, 1858829.613982730312273, 610.0 ], [ 386387.100665290490724, 1858859.835666813189164, 611.0 ], [ 386356.878981207497418, 1858890.057350896066055, 611.0 ], [ 386356.878981207497418, 1858920.279034978942946, 611.0 ], [ 386326.657297124504112, 1858950.500719061819836, 612.0 ], [ 386326.657297124504112, 1858980.722403144696727, 612.0 ], [ 386326.657297124504112, 1859010.944087227573618, 612.0 ], [ 386296.435613041510805, 1859010.944087227573618, 613.0 ], [ 386266.213928958517499, 1859010.944087227573618, 613.0 ], [ 386235.992244875524193, 1859041.165771310450509, 614.0 ], [ 386205.770560792530887, 1859071.3874553933274, 616.0 ], [ 386175.548876709537581, 1859101.609139476204291, 618.0 ], [ 386175.548876709537581, 1859131.830823559081182, 619.0 ], [ 386145.327192626544274, 1859162.052507641958073, 621.0 ], [ 386115.105508543550968, 1859192.274191724834964, 625.0 ], [ 386115.105508543550968, 1859222.495875807711855, 628.0 ], [ 386084.883824460557662, 1859252.717559890588745, 628.0 ], [ 386084.883824460557662, 1859282.939243973465636, 629.0 ], [ 386084.883824460557662, 1859313.160928056342527, 630.0 ], [ 386054.662140377564356, 1859343.382612139219418, 629.0 ], [ 386054.662140377564356, 1859373.604296222096309, 633.0 ], [ 386024.44045629457105, 1859403.8259803049732, 643.0 ], [ 386024.44045629457105, 1859434.047664387850091, 649.0 ], [ 386024.44045629457105, 1859464.269348470726982, 658.0 ], [ 385994.218772211577743, 1859494.491032553603873, 674.0 ], [ 385963.997088128584437, 1859524.712716636480764, 683.0 ], [ 385933.775404045591131, 1859554.934400719357654, 691.0 ], [ 385903.553719962597825, 1859585.156084802234545, 691.0 ], [ 385873.332035879604518, 1859585.156084802234545, 685.0 ], [ 385843.110351796611212, 1859615.377768885111436, 685.0 ], [ 385812.888667713617906, 1859615.377768885111436, 684.0 ], [ 385782.6669836306246, 1859615.377768885111436, 688.0 ], [ 385782.6669836306246, 1859645.599452967988327, 694.0 ], [ 385752.445299547631294, 1859675.821137050865218, 709.0 ], [ 385722.223615464637987, 1859706.042821133742109, 707.0 ], [ 385692.001931381644681, 1859706.042821133742109, 710.0 ], [ 385692.001931381644681, 1859736.264505216619, 714.0 ], [ 385661.780247298651375, 1859766.486189299495891, 721.0 ], [ 385631.558563215658069, 1859796.707873382372782, 728.0 ], [ 385631.558563215658069, 1859826.929557465249673, 733.0 ], [ 385601.336879132664762, 1859857.151241548126563, 736.0 ], [ 385571.115195049671456, 1859887.372925631003454, 746.0 ], [ 385540.89351096667815, 1859917.594609713880345, 762.0 ], [ 385540.89351096667815, 1859947.816293796757236, 773.0 ], [ 385540.89351096667815, 1859978.037977879634127, 784.0 ], [ 385540.89351096667815, 1860008.259661962511018, 790.0 ], [ 385540.89351096667815, 1860038.481346045387909, 797.0 ], [ 385540.89351096667815, 1860068.7030301282648, 802.0 ], [ 385540.89351096667815, 1860098.924714211141691, 804.0 ], [ 385540.89351096667815, 1860129.146398294018582, 804.0 ], [ 385540.89351096667815, 1860159.368082376895472, 804.0 ], [ 385510.671826883684844, 1860189.589766459772363, 806.0 ], [ 385480.450142800691538, 1860189.589766459772363, 809.0 ], [ 385450.228458717698231, 1860189.589766459772363, 813.0 ], [ 385420.006774634704925, 1860189.589766459772363, 818.0 ], [ 385389.785090551711619, 1860189.589766459772363, 823.0 ], [ 385359.563406468718313, 1860219.811450542649254, 825.0 ], [ 385329.341722385725006, 1860250.033134625526145, 826.0 ], [ 385299.1200383027317, 1860250.033134625526145, 828.0 ], [ 385268.898354219738394, 1860280.254818708403036, 833.0 ], [ 385238.676670136745088, 1860310.476502791279927, 841.0 ], [ 385208.454986053751782, 1860340.698186874156818, 851.0 ], [ 385178.233301970758475, 1860370.919870957033709, 860.0 ], [ 385148.011617887765169, 1860401.1415550399106, 868.0 ], [ 385117.789933804771863, 1860431.36323912278749, 878.0 ], [ 385087.568249721778557, 1860461.584923205664381, 888.0 ], [ 385057.34656563878525, 1860491.806607288541272, 892.0 ], [ 385057.34656563878525, 1860522.028291371418163, 895.0 ], [ 385027.124881555791944, 1860552.249975454295054, 901.0 ], [ 384996.903197472798638, 1860582.471659537171945, 904.0 ], [ 384996.903197472798638, 1860612.693343620048836, 905.0 ], [ 384966.681513389805332, 1860642.915027702925727, 907.0 ], [ 384966.681513389805332, 1860673.136711785802618, 910.0 ], [ 384936.459829306812026, 1860703.358395868679509, 912.0 ], [ 384936.459829306812026, 1860733.580079951556399, 913.0 ], [ 384936.459829306812026, 1860763.80176403443329, 914.0 ], [ 384906.238145223818719, 1860794.023448117310181, 914.0 ], [ 384876.016461140825413, 1860824.245132200187072, 915.0 ], [ 384876.016461140825413, 1860854.466816283063963, 915.0 ], [ 384845.794777057832107, 1860884.688500365940854, 915.0 ], [ 384815.573092974838801, 1860884.688500365940854, 916.0 ], [ 384785.351408891845495, 1860884.688500365940854, 917.0 ], [ 384755.129724808852188, 1860914.910184448817745, 917.0 ], [ 384724.908040725858882, 1860914.910184448817745, 917.0 ], [ 384694.686356642865576, 1860914.910184448817745, 918.0 ], [ 384664.46467255987227, 1860914.910184448817745, 918.0 ], [ 384634.242988476878963, 1860914.910184448817745, 918.0 ], [ 384604.021304393885657, 1860914.910184448817745, 918.0 ], [ 384573.799620310892351, 1860914.910184448817745, 919.0 ], [ 384543.577936227899045, 1860914.910184448817745, 920.0 ], [ 384513.356252144905739, 1860914.910184448817745, 920.0 ], [ 384483.134568061912432, 1860914.910184448817745, 919.0 ], [ 384452.912883978919126, 1860914.910184448817745, 920.0 ], [ 384452.912883978919126, 1860945.131868531694636, 921.0 ], [ 384422.69119989592582, 1860975.353552614571527, 922.0 ], [ 384392.469515812932514, 1861005.575236697448418, 924.0 ], [ 384362.247831729939207, 1861035.796920780325308, 926.0 ], [ 384332.026147646945901, 1861066.018604863202199, 925.0 ], [ 384301.804463563952595, 1861096.24028894607909, 924.0 ], [ 384301.804463563952595, 1861126.461973028955981, 925.0 ], [ 384301.804463563952595, 1861156.683657111832872, 927.0 ], [ 384271.582779480959289, 1861186.905341194709763, 931.0 ], [ 384241.361095397965983, 1861217.127025277586654, 932.0 ], [ 384241.361095397965983, 1861247.348709360463545, 932.0 ], [ 384241.361095397965983, 1861277.570393443340436, 931.0 ], [ 384241.361095397965983, 1861307.792077526217327, 931.0 ], [ 384241.361095397965983, 1861338.013761609094217, 931.0 ], [ 384241.361095397965983, 1861368.235445691971108, 931.0 ], [ 384241.361095397965983, 1861398.457129774847999, 933.0 ], [ 384241.361095397965983, 1861428.67881385772489, 934.0 ], [ 384211.139411314972676, 1861458.900497940601781, 935.0 ], [ 384180.91772723197937, 1861458.900497940601781, 938.0 ], [ 384150.696043148986064, 1861489.122182023478672, 940.0 ], [ 384120.474359065992758, 1861519.343866106355563, 942.0 ], [ 384090.252674982999451, 1861549.565550189232454, 943.0 ], [ 384060.030990900006145, 1861579.787234272109345, 943.0 ], [ 384060.030990900006145, 1861610.008918354986235, 944.0 ], [ 384060.030990900006145, 1861640.230602437863126, 945.0 ], [ 384029.809306817012839, 1861670.452286520740017, 946.0 ], [ 383999.587622734019533, 1861700.673970603616908, 947.0 ], [ 383999.587622734019533, 1861730.895654686493799, 950.0 ], [ 383999.587622734019533, 1861761.11733876937069, 956.0 ], [ 383969.365938651026227, 1861791.339022852247581, 961.0 ], [ 383939.14425456803292, 1861821.560706935124472, 966.0 ], [ 383908.922570485039614, 1861851.782391018001363, 968.0 ], [ 383878.700886402046308, 1861851.782391018001363, 969.0 ], [ 383848.479202319053002, 1861851.782391018001363, 971.0 ], [ 383818.257518236059695, 1861882.004075100878254, 972.0 ], [ 383788.035834153066389, 1861882.004075100878254, 973.0 ], [ 383757.814150070073083, 1861851.782391018001363, 979.0 ], [ 383727.592465987079777, 1861821.560706935124472, 989.0 ], [ 383697.370781904086471, 1861821.560706935124472, 994.0 ], [ 383667.149097821093164, 1861821.560706935124472, 996.0 ], [ 383636.927413738099858, 1861821.560706935124472, 996.0 ], [ 383606.705729655106552, 1861821.560706935124472, 996.0 ], [ 383576.484045572113246, 1861821.560706935124472, 996.0 ], [ 383546.26236148911994, 1861791.339022852247581, 997.0 ], [ 383516.040677406126633, 1861761.11733876937069, 997.0 ], [ 383485.818993323133327, 1861761.11733876937069, 997.0 ], [ 383455.597309240140021, 1861761.11733876937069, 998.0 ], [ 383425.375625157146715, 1861791.339022852247581, 999.0 ], [ 383395.153941074153408, 1861821.560706935124472, 998.0 ], [ 383364.932256991160102, 1861851.782391018001363, 999.0 ], [ 383334.710572908166796, 1861851.782391018001363, 999.0 ], [ 383334.710572908166796, 1861882.004075100878254, 1001.0 ], [ 383334.710572908166796, 1861912.225759183755144, 1002.0 ], [ 383304.48888882517349, 1861942.447443266632035, 1003.0 ], [ 383274.267204742180184, 1861942.447443266632035, 1005.0 ] ] ] } },
{ "type": "Feature", "properties": { "subbasin": "S5", "name": null, "reach_len": null, "reach_rel": null, "reach_sin": null, "reach_slo": null, "len_units": null, "layer": "longest_flowpath_network", "path": "E:\\Manasi_intern\\HMS_Shp\\longest_flowpath_network.shp" }, "geometry": { "type": "MultiLineString", "coordinates": [ [ [ 390542.58222670777468, 1851999.513379963114858, 552.5 ], [ 390527.471384666278027, 1851999.513379963114858, 553.0 ], [ 390497.249700583284721, 1851999.513379963114858, 553.0 ], [ 390467.028016500291415, 1851969.291695880237967, 553.0 ], [ 390436.806332417298108, 1851939.070011797361076, 553.0 ], [ 390406.584648334304802, 1851908.848327714484185, 553.0 ], [ 390376.362964251311496, 1851878.626643631607294, 553.0 ], [ 390376.362964251311496, 1851848.404959548730403, 553.0 ], [ 390346.14128016831819, 1851818.183275465853512, 553.0 ], [ 390315.919596085324883, 1851787.961591382976621, 551.0 ], [ 390285.697912002331577, 1851757.73990730009973, 550.0 ], [ 390255.476227919338271, 1851757.73990730009973, 550.0 ], [ 390225.254543836344965, 1851727.51822321722284, 551.0 ], [ 390195.032859753351659, 1851697.296539134345949, 553.0 ], [ 390164.811175670358352, 1851667.074855051469058, 553.0 ], [ 390164.811175670358352, 1851636.853170968592167, 553.0 ], [ 390134.589491587365046, 1851606.631486885715276, 553.0 ], [ 390104.36780750437174, 1851576.409802802838385, 552.0 ], [ 390104.36780750437174, 1851546.188118719961494, 552.0 ], [ 390104.36780750437174, 1851515.966434637084603, 552.0 ], [ 390104.36780750437174, 1851485.744750554207712, 552.0 ], [ 390104.36780750437174, 1851455.523066471330822, 552.0 ], [ 390104.36780750437174, 1851425.301382388453931, 552.0 ], [ 390074.146123421378434, 1851395.07969830557704, 553.0 ], [ 390043.924439338385127, 1851364.858014222700149, 553.0 ], [ 390013.702755255391821, 1851334.636330139823258, 552.0 ], [ 390013.702755255391821, 1851304.414646056946367, 552.0 ], [ 389983.481071172398515, 1851274.192961974069476, 553.0 ], [ 389953.259387089405209, 1851243.971277891192585, 553.0 ], [ 389923.037703006411903, 1851274.192961974069476, 553.0 ], [ 389892.816018923418596, 1851304.414646056946367, 552.0 ], [ 389862.59433484042529, 1851334.636330139823258, 552.0 ], [ 389832.372650757431984, 1851334.636330139823258, 551.0 ], [ 389832.372650757431984, 1851364.858014222700149, 552.0 ], [ 389802.150966674438678, 1851395.07969830557704, 552.0 ], [ 389771.929282591445372, 1851425.301382388453931, 550.0 ], [ 389741.707598508452065, 1851455.523066471330822, 549.0 ], [ 389711.485914425458759, 1851485.744750554207712, 552.0 ], [ 389681.264230342465453, 1851485.744750554207712, 552.0 ], [ 389651.042546259472147, 1851485.744750554207712, 553.0 ], [ 389620.82086217647884, 1851455.523066471330822, 552.0 ], [ 389590.599178093485534, 1851455.523066471330822, 552.0 ], [ 389560.377494010492228, 1851455.523066471330822, 552.0 ], [ 389530.155809927498922, 1851455.523066471330822, 552.0 ], [ 389499.934125844505616, 1851455.523066471330822, 552.0 ], [ 389469.712441761512309, 1851425.301382388453931, 553.0 ], [ 389439.490757678519003, 1851395.07969830557704, 553.0 ], [ 389409.269073595525697, 1851395.07969830557704, 554.0 ], [ 389379.047389512532391, 1851395.07969830557704, 553.0 ], [ 389348.825705429539084, 1851364.858014222700149, 554.0 ], [ 389318.604021346545778, 1851334.636330139823258, 554.0 ], [ 389288.382337263552472, 1851304.414646056946367, 553.0 ], [ 389258.160653180559166, 1851274.192961974069476, 554.0 ], [ 389227.93896909756586, 1851243.971277891192585, 553.0 ], [ 389197.717285014572553, 1851213.749593808315694, 551.0 ], [ 389167.495600931579247, 1851183.527909725438803, 550.0 ], [ 389137.273916848585941, 1851153.306225642561913, 551.0 ], [ 389137.273916848585941, 1851123.084541559685022, 551.0 ], [ 389137.273916848585941, 1851092.862857476808131, 551.0 ], [ 389137.273916848585941, 1851062.64117339393124, 552.0 ], [ 389137.273916848585941, 1851032.419489311054349, 554.0 ], [ 389137.273916848585941, 1851002.197805228177458, 553.0 ], [ 389167.495600931579247, 1850971.976121145300567, 553.0 ], [ 389167.495600931579247, 1850941.754437062423676, 553.0 ], [ 389167.495600931579247, 1850911.532752979546785, 552.0 ], [ 389167.495600931579247, 1850881.311068896669894, 552.0 ], [ 389197.717285014572553, 1850851.089384813793004, 553.0 ], [ 389227.93896909756586, 1850820.867700730916113, 554.0 ], [ 389227.93896909756586, 1850790.646016648039222, 554.0 ], [ 389227.93896909756586, 1850760.424332565162331, 554.0 ], [ 389227.93896909756586, 1850730.20264848228544, 554.0 ], [ 389227.93896909756586, 1850699.980964399408549, 553.0 ], [ 389197.717285014572553, 1850669.759280316531658, 553.0 ], [ 389197.717285014572553, 1850639.537596233654767, 552.0 ], [ 389197.717285014572553, 1850609.315912150777876, 552.0 ], [ 389197.717285014572553, 1850579.094228067900985, 551.0 ], [ 389197.717285014572553, 1850548.872543985024095, 551.0 ], [ 389197.717285014572553, 1850518.650859902147204, 553.0 ], [ 389167.495600931579247, 1850488.429175819270313, 554.0 ], [ 389167.495600931579247, 1850458.207491736393422, 554.0 ], [ 389137.273916848585941, 1850427.985807653516531, 554.0 ], [ 389107.052232765592635, 1850397.76412357063964, 554.0 ], [ 389076.830548682599328, 1850367.542439487762749, 554.0 ], [ 389046.608864599606022, 1850337.320755404885858, 553.0 ], [ 389016.387180516612716, 1850307.099071322008967, 553.0 ], [ 389016.387180516612716, 1850276.877387239132077, 553.0 ], [ 389016.387180516612716, 1850246.655703156255186, 554.0 ], [ 389016.387180516612716, 1850216.434019073378295, 554.0 ], [ 389016.387180516612716, 1850186.212334990501404, 554.0 ], [ 388986.16549643361941, 1850155.990650907624513, 554.0 ], [ 388955.943812350626104, 1850125.768966824747622, 555.0 ], [ 388925.722128267632797, 1850095.547282741870731, 554.0 ], [ 388895.500444184639491, 1850095.547282741870731, 553.0 ], [ 388895.500444184639491, 1850065.32559865899384, 554.0 ], [ 388865.278760101646185, 1850035.103914576116949, 555.0 ], [ 388835.057076018652879, 1850004.882230493240058, 555.0 ], [ 388804.835391935659572, 1849974.660546410363168, 556.0 ], [ 388774.613707852666266, 1849944.438862327486277, 554.0 ], [ 388744.39202376967296, 1849944.438862327486277, 553.0 ], [ 388714.170339686679654, 1849944.438862327486277, 554.0 ], [ 388683.948655603686348, 1849914.217178244609386, 556.0 ], [ 388653.726971520693041, 1849883.995494161732495, 556.0 ], [ 388623.505287437699735, 1849853.773810078855604, 555.0 ], [ 388593.283603354706429, 1849823.552125995978713, 555.0 ], [ 388563.061919271713123, 1849823.552125995978713, 554.0 ], [ 388563.061919271713123, 1849793.330441913101822, 554.0 ], [ 388532.840235188719817, 1849763.108757830224931, 554.0 ], [ 388502.61855110572651, 1849732.88707374734804, 554.0 ], [ 388472.396867022733204, 1849702.665389664471149, 555.0 ], [ 388442.175182939739898, 1849672.443705581594259, 556.0 ], [ 388442.175182939739898, 1849642.222021498717368, 555.0 ], [ 388442.175182939739898, 1849612.000337415840477, 554.0 ], [ 388472.396867022733204, 1849581.778653332963586, 555.0 ], [ 388472.396867022733204, 1849551.556969250086695, 556.0 ], [ 388442.175182939739898, 1849521.335285167209804, 555.0 ], [ 388442.175182939739898, 1849491.113601084332913, 555.0 ], [ 388442.175182939739898, 1849460.891917001456022, 555.0 ], [ 388411.953498856746592, 1849430.670232918579131, 555.0 ], [ 388381.731814773753285, 1849400.44854883570224, 555.0 ], [ 388351.510130690759979, 1849370.22686475282535, 555.0 ], [ 388321.288446607766673, 1849340.005180669948459, 556.0 ], [ 388321.288446607766673, 1849309.783496587071568, 556.0 ], [ 388291.066762524773367, 1849279.561812504194677, 556.0 ], [ 388291.066762524773367, 1849249.340128421317786, 556.0 ], [ 388291.066762524773367, 1849219.118444338440895, 556.0 ], [ 388260.845078441780061, 1849188.896760255564004, 555.0 ], [ 388260.845078441780061, 1849158.675076172687113, 554.0 ], [ 388260.845078441780061, 1849128.453392089810222, 553.0 ], [ 388260.845078441780061, 1849098.231708006933331, 554.0 ], [ 388260.845078441780061, 1849068.010023924056441, 555.0 ], [ 388230.623394358786754, 1849037.78833984117955, 556.0 ], [ 388230.623394358786754, 1849007.566655758302659, 555.0 ], [ 388200.401710275793448, 1848977.344971675425768, 554.0 ], [ 388170.180026192800142, 1848947.123287592548877, 554.0 ], [ 388170.180026192800142, 1848916.901603509671986, 554.0 ], [ 388139.958342109806836, 1848886.679919426795095, 554.0 ], [ 388139.958342109806836, 1848856.458235343918204, 554.0 ], [ 388109.736658026813529, 1848826.236551261041313, 554.0 ], [ 388079.514973943820223, 1848796.014867178164423, 555.0 ], [ 388049.293289860826917, 1848765.793183095287532, 556.0 ], [ 388019.071605777833611, 1848735.571499012410641, 556.0 ], [ 387988.849921694840305, 1848705.34981492953375, 556.0 ], [ 387988.849921694840305, 1848675.128130846656859, 556.0 ], [ 387958.628237611846998, 1848675.128130846656859, 557.0 ], [ 387928.406553528853692, 1848675.128130846656859, 557.0 ], [ 387898.184869445860386, 1848675.128130846656859, 557.0 ], [ 387867.96318536286708, 1848675.128130846656859, 557.0 ], [ 387837.741501279873773, 1848675.128130846656859, 557.0 ], [ 387807.519817196880467, 1848644.906446763779968, 557.0 ], [ 387777.298133113887161, 1848644.906446763779968, 556.0 ], [ 387747.076449030893855, 1848614.684762680903077, 556.0 ], [ 387716.854764947900549, 1848584.463078598026186, 555.0 ], [ 387686.633080864907242, 1848554.241394515149295, 555.0 ], [ 387656.411396781913936, 1848554.241394515149295, 555.0 ], [ 387626.18971269892063, 1848554.241394515149295, 556.0 ], [ 387595.968028615927324, 1848554.241394515149295, 556.0 ], [ 387565.746344532934017, 1848554.241394515149295, 556.0 ], [ 387535.524660449940711, 1848524.019710432272404, 556.0 ], [ 387505.302976366947405, 1848493.798026349395514, 556.0 ], [ 387475.081292283954099, 1848463.576342266518623, 556.0 ], [ 387444.859608200960793, 1848463.576342266518623, 556.0 ], [ 387414.637924117967486, 1848463.576342266518623, 555.0 ], [ 387384.41624003497418, 1848493.798026349395514, 554.0 ], [ 387354.194555951980874, 1848524.019710432272404, 556.0 ], [ 387323.972871868987568, 1848554.241394515149295, 557.0 ], [ 387293.751187785994262, 1848584.463078598026186, 557.0 ], [ 387263.529503703000955, 1848614.684762680903077, 557.0 ], [ 387233.307819620007649, 1848644.906446763779968, 557.0 ], [ 387203.086135537014343, 1848675.128130846656859, 556.0 ], [ 387172.864451454021037, 1848705.34981492953375, 556.0 ], [ 387142.64276737102773, 1848705.34981492953375, 557.0 ], [ 387112.421083288034424, 1848735.571499012410641, 558.0 ], [ 387082.199399205041118, 1848765.793183095287532, 557.0 ], [ 387051.977715122047812, 1848796.014867178164423, 556.0 ], [ 387021.756031039054506, 1848796.014867178164423, 556.0 ], [ 386991.534346956061199, 1848765.793183095287532, 556.0 ], [ 386961.312662873067893, 1848735.571499012410641, 554.0 ], [ 386931.090978790074587, 1848705.34981492953375, 556.0 ], [ 386900.869294707081281, 1848675.128130846656859, 556.0 ], [ 386870.647610624087974, 1848644.906446763779968, 557.0 ], [ 386840.425926541094668, 1848614.684762680903077, 558.0 ], [ 386810.204242458101362, 1848614.684762680903077, 558.0 ], [ 386779.982558375108056, 1848614.684762680903077, 558.0 ], [ 386749.76087429211475, 1848614.684762680903077, 558.0 ], [ 386719.539190209121443, 1848614.684762680903077, 558.0 ], [ 386689.317506126128137, 1848644.906446763779968, 559.0 ], [ 386659.095822043134831, 1848675.128130846656859, 559.0 ], [ 386628.874137960141525, 1848675.128130846656859, 559.0 ], [ 386598.652453877148218, 1848675.128130846656859, 559.0 ], [ 386568.430769794154912, 1848705.34981492953375, 558.0 ], [ 386538.209085711161606, 1848735.571499012410641, 556.0 ], [ 386507.9874016281683, 1848765.793183095287532, 556.0 ], [ 386477.765717545174994, 1848765.793183095287532, 557.0 ], [ 386447.544033462181687, 1848796.014867178164423, 557.0 ], [ 386417.322349379188381, 1848826.236551261041313, 557.0 ], [ 386387.100665296195075, 1848856.458235343918204, 559.0 ], [ 386356.878981213201769, 1848886.679919426795095, 560.0 ], [ 386326.657297130208462, 1848916.901603509671986, 560.0 ], [ 386296.435613047215156, 1848947.123287592548877, 558.0 ], [ 386266.21392896422185, 1848977.344971675425768, 559.0 ], [ 386235.992244881228544, 1848977.344971675425768, 558.0 ], [ 386205.770560798235238, 1849007.566655758302659, 556.0 ], [ 386175.548876715241931, 1849007.566655758302659, 557.0 ], [ 386145.327192632248625, 1849007.566655758302659, 558.0 ], [ 386115.105508549255319, 1849007.566655758302659, 558.0 ], [ 386084.883824466262013, 1849037.78833984117955, 559.0 ], [ 386054.662140383268707, 1849037.78833984117955, 557.0 ], [ 386024.4404563002754, 1849037.78833984117955, 555.0 ], [ 385994.218772217282094, 1849037.78833984117955, 555.0 ], [ 385963.997088134288788, 1849037.78833984117955, 558.0 ], [ 385933.775404051295482, 1849007.566655758302659, 557.0 ], [ 385903.553719968302175, 1848977.344971675425768, 557.0 ], [ 385873.332035885308869, 1848977.344971675425768, 557.0 ], [ 385843.110351802315563, 1848977.344971675425768, 556.0 ], [ 385812.888667719322257, 1848977.344971675425768, 556.0 ], [ 385782.666983636328951, 1848977.344971675425768, 556.0 ], [ 385752.445299553335644, 1848977.344971675425768, 557.0 ], [ 385722.223615470342338, 1849007.566655758302659, 558.0 ], [ 385692.001931387349032, 1849037.78833984117955, 560.0 ], [ 385661.780247304355726, 1849068.010023924056441, 560.0 ], [ 385631.558563221362419, 1849098.231708006933331, 560.0 ], [ 385601.336879138369113, 1849128.453392089810222, 559.0 ], [ 385571.115195055375807, 1849158.675076172687113, 558.0 ], [ 385601.336879138369113, 1849188.896760255564004, 558.0 ], [ 385601.336879138369113, 1849219.118444338440895, 558.0 ], [ 385601.336879138369113, 1849249.340128421317786, 558.0 ], [ 385631.558563221362419, 1849279.561812504194677, 558.0 ], [ 385661.780247304355726, 1849309.783496587071568, 558.0 ], [ 385661.780247304355726, 1849340.005180669948459, 558.0 ], [ 385692.001931387349032, 1849370.22686475282535, 560.0 ], [ 385692.001931387349032, 1849400.44854883570224, 560.0 ], [ 385722.223615470342338, 1849430.670232918579131, 560.0 ], [ 385722.223615470342338, 1849460.891917001456022, 559.0 ], [ 385722.223615470342338, 1849491.113601084332913, 558.0 ], [ 385692.001931387349032, 1849521.335285167209804, 557.0 ], [ 385661.780247304355726, 1849521.335285167209804, 557.0 ], [ 385631.558563221362419, 1849551.556969250086695, 559.0 ], [ 385601.336879138369113, 1849581.778653332963586, 558.0 ], [ 385601.336879138369113, 1849612.000337415840477, 559.0 ], [ 385601.336879138369113, 1849642.222021498717368, 559.0 ], [ 385571.115195055375807, 1849672.443705581594259, 559.0 ], [ 385540.893510972382501, 1849672.443705581594259, 560.0 ], [ 385510.671826889389195, 1849702.665389664471149, 560.0 ], [ 385480.450142806395888, 1849702.665389664471149, 559.0 ], [ 385450.228458723402582, 1849732.88707374734804, 558.0 ], [ 385420.006774640409276, 1849732.88707374734804, 557.0 ], [ 385389.78509055741597, 1849732.88707374734804, 558.0 ], [ 385359.563406474422663, 1849732.88707374734804, 558.0 ], [ 385329.341722391429357, 1849702.665389664471149, 557.0 ], [ 385299.120038308436051, 1849702.665389664471149, 557.0 ], [ 385268.898354225442745, 1849702.665389664471149, 558.0 ], [ 385238.676670142449439, 1849702.665389664471149, 560.0 ], [ 385208.454986059456132, 1849672.443705581594259, 561.0 ], [ 385178.233301976462826, 1849642.222021498717368, 561.0 ], [ 385148.01161789346952, 1849612.000337415840477, 560.0 ], [ 385117.789933810476214, 1849581.778653332963586, 559.0 ], [ 385087.568249727482907, 1849581.778653332963586, 560.0 ], [ 385057.346565644489601, 1849612.000337415840477, 560.0 ], [ 385027.124881561496295, 1849642.222021498717368, 559.0 ], [ 384996.903197478502989, 1849672.443705581594259, 559.0 ], [ 384966.681513395509683, 1849702.665389664471149, 559.0 ], [ 384936.459829312516376, 1849732.88707374734804, 560.0 ], [ 384906.23814522952307, 1849732.88707374734804, 561.0 ], [ 384876.016461146529764, 1849732.88707374734804, 561.0 ], [ 384845.794777063536458, 1849732.88707374734804, 561.0 ], [ 384815.573092980543151, 1849763.108757830224931, 561.0 ], [ 384785.351408897549845, 1849793.330441913101822, 561.0 ], [ 384755.129724814556539, 1849793.330441913101822, 561.0 ], [ 384724.908040731563233, 1849823.552125995978713, 561.0 ], [ 384694.686356648569927, 1849823.552125995978713, 563.0 ], [ 384664.46467256557662, 1849853.773810078855604, 563.0 ], [ 384634.242988482583314, 1849883.995494161732495, 562.0 ], [ 384604.021304399590008, 1849914.217178244609386, 561.0 ], [ 384604.021304399590008, 1849944.438862327486277, 560.0 ], [ 384604.021304399590008, 1849974.660546410363168, 558.0 ], [ 384604.021304399590008, 1850004.882230493240058, 559.0 ], [ 384573.799620316596702, 1850035.103914576116949, 562.0 ], [ 384543.577936233603396, 1850035.103914576116949, 563.0 ], [ 384513.356252150610089, 1850065.32559865899384, 563.0 ], [ 384483.134568067616783, 1850095.547282741870731, 562.0 ], [ 384452.912883984623477, 1850125.768966824747622, 562.0 ], [ 384422.691199901630171, 1850155.990650907624513, 560.0 ], [ 384392.469515818636864, 1850155.990650907624513, 559.0 ], [ 384362.247831735643558, 1850155.990650907624513, 561.0 ], [ 384332.026147652650252, 1850155.990650907624513, 562.0 ], [ 384301.804463569656946, 1850155.990650907624513, 562.0 ], [ 384271.58277948666364, 1850125.768966824747622, 562.0 ], [ 384241.361095403670333, 1850125.768966824747622, 563.0 ], [ 384211.139411320677027, 1850095.547282741870731, 562.0 ], [ 384180.917727237683721, 1850095.547282741870731, 561.0 ], [ 384150.696043154690415, 1850065.32559865899384, 560.0 ], [ 384120.474359071697108, 1850035.103914576116949, 561.0 ], [ 384090.252674988703802, 1850004.882230493240058, 562.0 ], [ 384060.030990905710496, 1849974.660546410363168, 561.0 ], [ 384029.80930682271719, 1849974.660546410363168, 561.0 ], [ 383999.587622739723884, 1849944.438862327486277, 560.0 ], [ 383969.365938656730577, 1849944.438862327486277, 560.0 ], [ 383939.144254573737271, 1849914.217178244609386, 561.0 ], [ 383908.922570490743965, 1849883.995494161732495, 563.0 ], [ 383878.700886407750659, 1849883.995494161732495, 562.0 ], [ 383848.479202324757352, 1849883.995494161732495, 561.0 ], [ 383818.257518241764046, 1849883.995494161732495, 561.0 ], [ 383788.03583415877074, 1849883.995494161732495, 561.0 ], [ 383757.814150075777434, 1849883.995494161732495, 561.0 ], [ 383727.592465992784128, 1849883.995494161732495, 562.0 ], [ 383697.370781909790821, 1849883.995494161732495, 562.0 ], [ 383667.149097826797515, 1849914.217178244609386, 562.0 ], [ 383636.927413743804209, 1849914.217178244609386, 563.0 ], [ 383606.705729660810903, 1849914.217178244609386, 562.0 ], [ 383576.484045577817596, 1849914.217178244609386, 561.0 ], [ 383546.26236149482429, 1849883.995494161732495, 562.0 ], [ 383516.040677411830984, 1849853.773810078855604, 562.0 ], [ 383485.818993328837678, 1849853.773810078855604, 563.0 ], [ 383455.597309245844372, 1849853.773810078855604, 563.0 ], [ 383425.375625162851065, 1849853.773810078855604, 562.0 ], [ 383395.153941079857759, 1849853.773810078855604, 562.0 ], [ 383364.932256996864453, 1849853.773810078855604, 562.0 ], [ 383334.710572913871147, 1849853.773810078855604, 562.0 ], [ 383304.488888830877841, 1849853.773810078855604, 563.0 ], [ 383274.267204747884534, 1849853.773810078855604, 563.0 ], [ 383244.045520664891228, 1849823.552125995978713, 563.0 ], [ 383213.823836581897922, 1849823.552125995978713, 560.0 ], [ 383183.602152498904616, 1849823.552125995978713, 558.0 ], [ 383153.380468415911309, 1849793.330441913101822, 559.0 ], [ 383123.158784332918003, 1849763.108757830224931, 561.0 ], [ 383092.937100249924697, 1849732.88707374734804, 560.0 ], [ 383062.715416166931391, 1849702.665389664471149, 559.0 ], [ 383062.715416166931391, 1849672.443705581594259, 560.0 ], [ 383092.937100249924697, 1849642.222021498717368, 560.0 ], [ 383092.937100249924697, 1849612.000337415840477, 560.0 ], [ 383092.937100249924697, 1849581.778653332963586, 561.0 ], [ 383123.158784332918003, 1849551.556969250086695, 563.0 ], [ 383153.380468415911309, 1849521.335285167209804, 562.0 ], [ 383183.602152498904616, 1849491.113601084332913, 563.0 ], [ 383213.823836581897922, 1849460.891917001456022, 562.0 ], [ 383213.823836581897922, 1849430.670232918579131, 563.0 ], [ 383183.602152498904616, 1849400.44854883570224, 563.0 ], [ 383183.602152498904616, 1849370.22686475282535, 563.0 ], [ 383153.380468415911309, 1849370.22686475282535, 562.0 ], [ 383123.158784332918003, 1849340.005180669948459, 563.0 ], [ 383123.158784332918003, 1849309.783496587071568, 563.0 ], [ 383092.937100249924697, 1849309.783496587071568, 564.0 ], [ 383062.715416166931391, 1849309.783496587071568, 564.0 ], [ 383032.493732083938085, 1849309.783496587071568, 565.0 ], [ 383002.272048000944778, 1849309.783496587071568, 565.0 ], [ 382972.050363917951472, 1849309.783496587071568, 565.0 ], [ 382941.828679834958166, 1849309.783496587071568, 563.0 ], [ 382911.60699575196486, 1849309.783496587071568, 561.0 ], [ 382881.385311668971553, 1849309.783496587071568, 562.0 ], [ 382851.163627585978247, 1849309.783496587071568, 564.0 ], [ 382820.941943502984941, 1849279.561812504194677, 565.0 ], [ 382790.720259419991635, 1849249.340128421317786, 565.0 ], [ 382760.498575336998329, 1849249.340128421317786, 564.0 ], [ 382730.276891254005022, 1849219.118444338440895, 564.0 ], [ 382700.055207171011716, 1849188.896760255564004, 565.0 ], [ 382669.83352308801841, 1849158.675076172687113, 563.0 ], [ 382639.611839005025104, 1849128.453392089810222, 564.0 ], [ 382609.390154922031797, 1849098.231708006933331, 564.0 ], [ 382579.168470839038491, 1849068.010023924056441, 565.0 ], [ 382548.946786756045185, 1849037.78833984117955, 564.0 ], [ 382518.725102673051879, 1849007.566655758302659, 563.0 ], [ 382488.503418590058573, 1848977.344971675425768, 563.0 ], [ 382458.281734507065266, 1848947.123287592548877, 563.0 ], [ 382428.06005042407196, 1848916.901603509671986, 563.0 ], [ 382397.838366341078654, 1848886.679919426795095, 564.0 ], [ 382367.616682258085348, 1848856.458235343918204, 564.0 ], [ 382337.394998175092041, 1848826.236551261041313, 564.0 ], [ 382307.173314092098735, 1848796.014867178164423, 563.0 ], [ 382307.173314092098735, 1848765.793183095287532, 564.0 ], [ 382276.951630009105429, 1848735.571499012410641, 564.0 ], [ 382246.729945926112123, 1848705.34981492953375, 564.0 ], [ 382216.508261843118817, 1848705.34981492953375, 564.0 ], [ 382186.28657776012551, 1848675.128130846656859, 565.0 ], [ 382156.064893677132204, 1848675.128130846656859, 565.0 ], [ 382125.843209594138898, 1848644.906446763779968, 565.0 ], [ 382095.621525511145592, 1848644.906446763779968, 564.0 ], [ 382065.399841428152286, 1848614.684762680903077, 565.0 ], [ 382065.399841428152286, 1848584.463078598026186, 566.0 ], [ 382065.399841428152286, 1848554.241394515149295, 566.0 ], [ 382065.399841428152286, 1848524.019710432272404, 567.0 ], [ 382065.399841428152286, 1848493.798026349395514, 566.0 ], [ 382065.399841428152286, 1848463.576342266518623, 566.0 ], [ 382065.399841428152286, 1848433.354658183641732, 567.0 ], [ 382065.399841428152286, 1848403.132974100764841, 567.0 ], [ 382065.399841428152286, 1848372.91129001788795, 567.0 ], [ 382095.621525511145592, 1848342.689605935011059, 568.0 ], [ 382095.621525511145592, 1848312.467921852134168, 568.0 ], [ 382095.621525511145592, 1848282.246237769257277, 568.0 ], [ 382095.621525511145592, 1848252.024553686380386, 568.0 ], [ 382095.621525511145592, 1848221.802869603503495, 569.0 ], [ 382065.399841428152286, 1848191.581185520626605, 569.0 ], [ 382035.178157345158979, 1848161.359501437749714, 569.0 ], [ 382035.178157345158979, 1848131.137817354872823, 568.0 ], [ 382004.956473262165673, 1848100.916133271995932, 569.0 ], [ 381974.734789179172367, 1848070.694449189119041, 569.0 ], [ 381944.513105096179061, 1848040.47276510624215, 569.0 ], [ 381914.291421013185754, 1848010.251081023365259, 568.0 ], [ 381914.291421013185754, 1847980.029396940488368, 568.0 ], [ 381884.069736930192448, 1847949.807712857611477, 569.0 ], [ 381853.848052847199142, 1847919.586028774734586, 570.0 ], [ 381853.848052847199142, 1847889.364344691857696, 570.0 ], [ 381853.848052847199142, 1847859.142660608980805, 569.0 ], [ 381853.848052847199142, 1847828.920976526103914, 569.0 ], [ 381853.848052847199142, 1847798.699292443227023, 568.0 ], [ 381853.848052847199142, 1847768.477608360350132, 568.0 ], [ 381853.848052847199142, 1847738.255924277473241, 568.0 ], [ 381853.848052847199142, 1847708.03424019459635, 568.0 ], [ 381853.848052847199142, 1847677.812556111719459, 567.0 ], [ 381853.848052847199142, 1847647.590872028842568, 567.0 ], [ 381853.848052847199142, 1847617.369187945965677, 567.0 ], [ 381853.848052847199142, 1847587.147503863088787, 569.0 ], [ 381823.626368764205836, 1847556.925819780211896, 570.0 ], [ 381793.40468468121253, 1847526.704135697335005, 569.0 ], [ 381763.183000598219223, 1847496.482451614458114, 570.0 ], [ 381732.961316515225917, 1847526.704135697335005, 570.0 ], [ 381702.739632432232611, 1847526.704135697335005, 569.0 ], [ 381672.517948349239305, 1847526.704135697335005, 569.0 ], [ 381642.296264266245998, 1847496.482451614458114, 569.0 ], [ 381612.074580183252692, 1847496.482451614458114, 568.0 ], [ 381581.852896100259386, 1847496.482451614458114, 568.0 ], [ 381551.63121201726608, 1847496.482451614458114, 568.0 ], [ 381521.409527934272774, 1847466.260767531581223, 570.0 ], [ 381491.187843851279467, 1847466.260767531581223, 570.0 ], [ 381460.966159768286161, 1847436.039083448704332, 570.0 ], [ 381430.744475685292855, 1847405.817399365827441, 570.0 ], [ 381400.522791602299549, 1847375.59571528295055, 570.0 ], [ 381370.301107519306242, 1847345.374031200073659, 569.0 ], [ 381340.079423436312936, 1847315.152347117196769, 569.0 ], [ 381309.85773935331963, 1847284.930663034319878, 570.0 ], [ 381279.636055270326324, 1847254.708978951442987, 569.0 ], [ 381249.414371187333018, 1847224.487294868566096, 569.0 ], [ 381219.192687104339711, 1847194.265610785689205, 568.0 ], [ 381219.192687104339711, 1847164.043926702812314, 567.0 ], [ 381188.971003021346405, 1847133.822242619935423, 570.0 ], [ 381158.749318938353099, 1847103.600558537058532, 570.0 ], [ 381128.527634855359793, 1847133.822242619935423, 570.0 ], [ 381098.305950772366486, 1847133.822242619935423, 569.0 ], [ 381068.08426668937318, 1847133.822242619935423, 568.0 ], [ 381037.862582606379874, 1847133.822242619935423, 569.0 ], [ 381007.640898523386568, 1847133.822242619935423, 571.0 ], [ 380977.419214440393262, 1847133.822242619935423, 570.0 ], [ 380947.197530357399955, 1847103.600558537058532, 571.0 ], [ 380916.975846274406649, 1847073.378874454181641, 571.0 ], [ 380886.754162191413343, 1847043.15719037130475, 571.0 ], [ 380886.754162191413343, 1847012.93550628842786, 572.0 ], [ 380886.754162191413343, 1846982.713822205550969, 571.0 ], [ 380856.532478108420037, 1846952.492138122674078, 572.0 ], [ 380826.310794025426731, 1846922.270454039797187, 572.0 ], [ 380796.089109942433424, 1846892.048769956920296, 571.0 ], [ 380796.089109942433424, 1846861.827085874043405, 571.0 ], [ 380765.867425859440118, 1846831.605401791166514, 571.0 ], [ 380735.645741776446812, 1846831.605401791166514, 571.0 ], [ 380705.424057693453506, 1846801.383717708289623, 571.0 ], [ 380675.202373610460199, 1846771.162033625412732, 571.0 ], [ 380644.980689527466893, 1846771.162033625412732, 572.0 ], [ 380614.759005444473587, 1846771.162033625412732, 572.0 ], [ 380584.537321361480281, 1846771.162033625412732, 572.0 ], [ 380554.315637278486975, 1846801.383717708289623, 572.0 ], [ 380524.093953195493668, 1846801.383717708289623, 572.0 ], [ 380493.872269112500362, 1846801.383717708289623, 572.0 ], [ 380463.650585029507056, 1846801.383717708289623, 572.0 ], [ 380433.42890094651375, 1846801.383717708289623, 573.0 ], [ 380403.207216863520443, 1846801.383717708289623, 572.0 ], [ 380372.985532780527137, 1846801.383717708289623, 571.0 ], [ 380342.763848697533831, 1846771.162033625412732, 573.0 ], [ 380312.542164614540525, 1846771.162033625412732, 572.0 ], [ 380282.320480531547219, 1846740.940349542535841, 572.0 ], [ 380252.098796448553912, 1846740.940349542535841, 571.0 ], [ 380221.877112365560606, 1846740.940349542535841, 573.0 ], [ 380191.6554282825673, 1846710.718665459658951, 573.0 ], [ 380161.433744199573994, 1846680.49698137678206, 572.0 ], [ 380131.212060116580687, 1846680.49698137678206, 571.0 ], [ 380100.990376033587381, 1846680.49698137678206, 572.0 ], [ 380070.768691950594075, 1846680.49698137678206, 574.0 ], [ 380040.547007867600769, 1846680.49698137678206, 576.0 ], [ 380010.325323784607463, 1846680.49698137678206, 576.0 ], [ 379980.103639701614156, 1846680.49698137678206, 576.0 ], [ 379949.88195561862085, 1846650.275297293905169, 575.0 ], [ 379919.660271535627544, 1846620.053613211028278, 575.0 ], [ 379889.438587452634238, 1846620.053613211028278, 576.0 ], [ 379859.216903369640931, 1846620.053613211028278, 577.0 ], [ 379828.995219286647625, 1846620.053613211028278, 577.0 ], [ 379798.773535203654319, 1846650.275297293905169, 577.0 ], [ 379768.551851120661013, 1846680.49698137678206, 575.0 ], [ 379738.330167037667707, 1846710.718665459658951, 574.0 ], [ 379708.1084829546744, 1846710.718665459658951, 574.0 ], [ 379677.886798871681094, 1846710.718665459658951, 576.0 ], [ 379647.665114788687788, 1846710.718665459658951, 577.0 ], [ 379617.443430705694482, 1846710.718665459658951, 577.0 ], [ 379587.221746622701176, 1846680.49698137678206, 578.0 ], [ 379557.000062539707869, 1846680.49698137678206, 578.0 ], [ 379526.778378456714563, 1846650.275297293905169, 579.0 ], [ 379496.556694373721257, 1846650.275297293905169, 579.0 ], [ 379466.335010290727951, 1846620.053613211028278, 579.0 ], [ 379436.113326207734644, 1846620.053613211028278, 580.0 ], [ 379405.891642124741338, 1846620.053613211028278, 582.0 ], [ 379375.669958041748032, 1846589.831929128151387, 582.0 ], [ 379345.448273958754726, 1846589.831929128151387, 582.0 ], [ 379315.22658987576142, 1846589.831929128151387, 583.0 ], [ 379285.004905792768113, 1846589.831929128151387, 583.0 ], [ 379254.783221709774807, 1846559.610245045274496, 580.0 ], [ 379224.561537626781501, 1846529.388560962397605, 582.0 ], [ 379194.339853543788195, 1846529.388560962397605, 581.0 ], [ 379164.118169460794888, 1846499.166876879520714, 583.0 ], [ 379133.896485377801582, 1846499.166876879520714, 580.0 ], [ 379103.674801294808276, 1846499.166876879520714, 580.0 ], [ 379073.45311721181497, 1846499.166876879520714, 580.0 ], [ 379043.231433128821664, 1846499.166876879520714, 582.0 ], [ 379013.009749045828357, 1846499.166876879520714, 582.0 ], [ 378982.788064962835051, 1846499.166876879520714, 583.0 ], [ 378952.566380879841745, 1846499.166876879520714, 584.0 ], [ 378922.344696796848439, 1846499.166876879520714, 584.0 ], [ 378892.123012713855132, 1846529.388560962397605, 585.0 ], [ 378861.901328630861826, 1846529.388560962397605, 585.0 ], [ 378831.67964454786852, 1846499.166876879520714, 585.0 ], [ 378801.457960464875214, 1846468.945192796643823, 583.0 ], [ 378771.236276381881908, 1846438.723508713766932, 583.0 ], [ 378741.014592298888601, 1846438.723508713766932, 584.0 ], [ 378710.792908215895295, 1846468.945192796643823, 584.0 ], [ 378680.571224132901989, 1846468.945192796643823, 584.0 ], [ 378650.349540049908683, 1846468.945192796643823, 584.0 ], [ 378620.127855966915376, 1846468.945192796643823, 584.0 ], [ 378589.90617188392207, 1846468.945192796643823, 585.0 ], [ 378559.684487800928764, 1846468.945192796643823, 585.0 ], [ 378529.462803717935458, 1846468.945192796643823, 585.0 ], [ 378499.241119634942152, 1846468.945192796643823, 586.0 ], [ 378469.019435551948845, 1846468.945192796643823, 586.0 ], [ 378438.797751468955539, 1846468.945192796643823, 587.0 ], [ 378408.576067385962233, 1846468.945192796643823, 587.0 ], [ 378378.354383302968927, 1846468.945192796643823, 587.0 ], [ 378348.132699219975621, 1846499.166876879520714, 588.0 ], [ 378317.911015136982314, 1846529.388560962397605, 588.0 ], [ 378287.689331053989008, 1846529.388560962397605, 586.0 ], [ 378257.467646970995702, 1846529.388560962397605, 585.0 ], [ 378227.245962888002396, 1846499.166876879520714, 587.0 ], [ 378197.024278805009089, 1846499.166876879520714, 589.0 ], [ 378166.802594722015783, 1846468.945192796643823, 591.0 ], [ 378136.580910639022477, 1846438.723508713766932, 587.0 ], [ 378106.359226556029171, 1846438.723508713766932, 586.0 ], [ 378076.137542473035865, 1846438.723508713766932, 587.0 ], [ 378045.915858390042558, 1846438.723508713766932, 589.0 ], [ 378015.694174307049252, 1846438.723508713766932, 588.0 ], [ 377985.472490224055946, 1846408.501824630890042, 588.0 ], [ 377955.25080614106264, 1846408.501824630890042, 588.0 ], [ 377925.029122058069333, 1846408.501824630890042, 589.0 ], [ 377894.807437975076027, 1846408.501824630890042, 590.0 ], [ 377864.585753892082721, 1846438.723508713766932, 591.0 ], [ 377834.364069809089415, 1846438.723508713766932, 591.0 ], [ 377804.142385726096109, 1846468.945192796643823, 593.0 ], [ 377773.920701643102802, 1846499.166876879520714, 593.0 ], [ 377743.699017560109496, 1846499.166876879520714, 593.0 ], [ 377713.47733347711619, 1846468.945192796643823, 592.0 ], [ 377683.255649394122884, 1846438.723508713766932, 592.0 ], [ 377653.033965311129577, 1846438.723508713766932, 592.0 ], [ 377622.812281228136271, 1846438.723508713766932, 592.0 ], [ 377592.590597145142965, 1846408.501824630890042, 594.0 ], [ 377562.368913062149659, 1846378.280140548013151, 594.0 ], [ 377532.147228979156353, 1846378.280140548013151, 593.0 ], [ 377501.925544896163046, 1846378.280140548013151, 593.0 ], [ 377471.70386081316974, 1846408.501824630890042, 593.0 ], [ 377441.482176730176434, 1846408.501824630890042, 593.0 ], [ 377411.260492647183128, 1846438.723508713766932, 594.0 ], [ 377381.038808564189821, 1846438.723508713766932, 595.0 ], [ 377350.817124481196515, 1846468.945192796643823, 596.0 ], [ 377320.595440398203209, 1846499.166876879520714, 594.0 ], [ 377290.373756315209903, 1846529.388560962397605, 594.0 ], [ 377260.152072232216597, 1846529.388560962397605, 595.0 ], [ 377229.93038814922329, 1846529.388560962397605, 595.0 ], [ 377199.708704066229984, 1846499.166876879520714, 596.0 ], [ 377169.487019983236678, 1846499.166876879520714, 596.0 ], [ 377139.265335900243372, 1846499.166876879520714, 596.0 ], [ 377109.043651817250066, 1846499.166876879520714, 596.0 ], [ 377078.821967734256759, 1846499.166876879520714, 596.0 ], [ 377048.600283651263453, 1846499.166876879520714, 597.0 ], [ 377018.378599568270147, 1846499.166876879520714, 597.0 ], [ 376988.156915485276841, 1846529.388560962397605, 598.0 ], [ 376988.156915485276841, 1846559.610245045274496, 599.0 ], [ 376988.156915485276841, 1846589.831929128151387, 599.0 ], [ 376988.156915485276841, 1846620.053613211028278, 599.0 ], [ 376957.935231402283534, 1846650.275297293905169, 600.0 ], [ 376927.713547319290228, 1846680.49698137678206, 601.0 ], [ 376897.491863236296922, 1846680.49698137678206, 602.0 ], [ 376867.270179153303616, 1846680.49698137678206, 602.0 ], [ 376837.04849507031031, 1846680.49698137678206, 602.0 ], [ 376806.826810987317003, 1846680.49698137678206, 602.0 ], [ 376806.826810987317003, 1846710.718665459658951, 604.0 ], [ 376776.605126904323697, 1846740.940349542535841, 606.0 ], [ 376746.383442821330391, 1846771.162033625412732, 609.0 ], [ 376716.161758738337085, 1846771.162033625412732, 613.0 ], [ 376685.940074655343778, 1846771.162033625412732, 616.0 ], [ 376655.718390572350472, 1846801.383717708289623, 618.0 ], [ 376625.496706489357166, 1846831.605401791166514, 617.0 ], [ 376595.27502240636386, 1846861.827085874043405, 617.0 ], [ 376565.053338323370554, 1846892.048769956920296, 617.0 ], [ 376534.831654240377247, 1846922.270454039797187, 617.0 ], [ 376504.609970157383941, 1846952.492138122674078, 617.0 ], [ 376474.388286074390635, 1846982.713822205550969, 617.0 ], [ 376444.166601991397329, 1847012.93550628842786, 617.0 ], [ 376413.944917908404022, 1847043.15719037130475, 617.0 ], [ 376383.723233825410716, 1847043.15719037130475, 617.0 ], [ 376353.50154974241741, 1847073.378874454181641, 617.0 ], [ 376323.279865659424104, 1847103.600558537058532, 617.0 ], [ 376293.058181576430798, 1847133.822242619935423, 617.0 ], [ 376262.836497493437491, 1847164.043926702812314, 617.0 ], [ 376232.614813410444185, 1847194.265610785689205, 617.0 ], [ 376202.393129327450879, 1847224.487294868566096, 617.0 ], [ 376172.171445244457573, 1847254.708978951442987, 617.0 ], [ 376141.949761161464266, 1847284.930663034319878, 617.0 ], [ 376111.72807707847096, 1847315.152347117196769, 617.0 ], [ 376081.506392995477654, 1847345.374031200073659, 618.0 ], [ 376051.284708912484348, 1847375.59571528295055, 620.0 ], [ 376021.063024829491042, 1847405.817399365827441, 621.0 ], [ 375990.841340746497735, 1847436.039083448704332, 620.0 ], [ 375990.841340746497735, 1847466.260767531581223, 620.0 ], [ 375990.841340746497735, 1847496.482451614458114, 620.0 ], [ 375990.841340746497735, 1847526.704135697335005, 622.0 ], [ 375990.841340746497735, 1847556.925819780211896, 623.0 ], [ 375990.841340746497735, 1847587.147503863088787, 625.0 ], [ 375990.841340746497735, 1847617.369187945965677, 624.0 ], [ 375990.841340746497735, 1847647.590872028842568, 623.0 ], [ 375960.619656663504429, 1847677.812556111719459, 625.0 ], [ 375960.619656663504429, 1847708.03424019459635, 627.0 ], [ 375930.397972580511123, 1847738.255924277473241, 630.0 ], [ 375900.176288497517817, 1847768.477608360350132, 631.0 ], [ 375900.176288497517817, 1847798.699292443227023, 631.0 ], [ 375900.176288497517817, 1847828.920976526103914, 631.0 ], [ 375869.954604414524511, 1847828.920976526103914, 632.0 ], [ 375839.732920331531204, 1847859.142660608980805, 634.0 ], [ 375809.511236248537898, 1847889.364344691857696, 635.0 ], [ 375809.511236248537898, 1847919.586028774734586, 635.0 ], [ 375779.289552165544592, 1847949.807712857611477, 636.0 ], [ 375749.067868082551286, 1847980.029396940488368, 639.0 ], [ 375749.067868082551286, 1848010.251081023365259, 642.0 ], [ 375718.846183999557979, 1848040.47276510624215, 643.0 ], [ 375718.846183999557979, 1848070.694449189119041, 643.0 ], [ 375718.846183999557979, 1848100.916133271995932, 643.0 ], [ 375718.846183999557979, 1848131.137817354872823, 646.0 ], [ 375718.846183999557979, 1848161.359501437749714, 649.0 ], [ 375718.846183999557979, 1848191.581185520626605, 650.0 ], [ 375718.846183999557979, 1848221.802869603503495, 649.0 ], [ 375718.846183999557979, 1848252.024553686380386, 650.0 ], [ 375688.624499916564673, 1848282.246237769257277, 652.0 ], [ 375658.402815833571367, 1848312.467921852134168, 652.0 ], [ 375628.181131750578061, 1848342.689605935011059, 651.0 ], [ 375597.959447667584755, 1848372.91129001788795, 654.0 ], [ 375597.959447667584755, 1848403.132974100764841, 655.0 ], [ 375597.959447667584755, 1848433.354658183641732, 657.0 ], [ 375567.737763584591448, 1848463.576342266518623, 659.0 ], [ 375567.737763584591448, 1848493.798026349395514, 661.0 ], [ 375567.737763584591448, 1848524.019710432272404, 666.0 ], [ 375597.959447667584755, 1848554.241394515149295, 669.0 ], [ 375597.959447667584755, 1848584.463078598026186, 669.0 ], [ 375597.959447667584755, 1848614.684762680903077, 668.0 ], [ 375597.959447667584755, 1848644.906446763779968, 668.0 ], [ 375597.959447667584755, 1848675.128130846656859, 668.0 ], [ 375597.959447667584755, 1848705.34981492953375, 670.0 ], [ 375567.737763584591448, 1848735.571499012410641, 673.0 ], [ 375567.737763584591448, 1848765.793183095287532, 673.0 ], [ 375537.516079501598142, 1848796.014867178164423, 677.0 ], [ 375537.516079501598142, 1848826.236551261041313, 682.0 ], [ 375537.516079501598142, 1848856.458235343918204, 687.0 ], [ 375537.516079501598142, 1848886.679919426795095, 690.0 ], [ 375567.737763584591448, 1848916.901603509671986, 693.0 ], [ 375567.737763584591448, 1848947.123287592548877, 696.0 ], [ 375567.737763584591448, 1848977.344971675425768, 700.0 ], [ 375567.737763584591448, 1849007.566655758302659, 702.0 ], [ 375597.959447667584755, 1849037.78833984117955, 704.0 ], [ 375597.959447667584755, 1849068.010023924056441, 707.0 ], [ 375628.181131750578061, 1849098.231708006933331, 719.0 ], [ 375628.181131750578061, 1849128.453392089810222, 731.0 ], [ 375628.181131750578061, 1849158.675076172687113, 738.0 ], [ 375658.402815833571367, 1849188.896760255564004, 752.0 ], [ 375688.624499916564673, 1849219.118444338440895, 769.0 ], [ 375718.846183999557979, 1849249.340128421317786, 780.0 ], [ 375749.067868082551286, 1849249.340128421317786, 792.0 ], [ 375779.289552165544592, 1849249.340128421317786, 806.0 ], [ 375809.511236248537898, 1849249.340128421317786, 817.0 ], [ 375839.732920331531204, 1849279.561812504194677, 826.0 ], [ 375869.954604414524511, 1849279.561812504194677, 832.0 ], [ 375900.176288497517817, 1849309.783496587071568, 839.0 ], [ 375930.397972580511123, 1849340.005180669948459, 843.0 ], [ 375960.619656663504429, 1849370.22686475282535, 846.0 ], [ 375960.619656663504429, 1849400.44854883570224, 852.0 ], [ 375990.841340746497735, 1849430.670232918579131, 863.0 ], [ 376021.063024829491042, 1849460.891917001456022, 871.0 ], [ 376051.284708912484348, 1849491.113601084332913, 875.0 ], [ 376081.506392995477654, 1849521.335285167209804, 878.0 ], [ 376111.72807707847096, 1849551.556969250086695, 883.0 ], [ 376111.72807707847096, 1849581.778653332963586, 892.0 ], [ 376111.72807707847096, 1849612.000337415840477, 903.0 ], [ 376111.72807707847096, 1849642.222021498717368, 913.0 ], [ 376111.72807707847096, 1849672.443705581594259, 925.0 ], [ 376111.72807707847096, 1849702.665389664471149, 936.0 ], [ 376111.72807707847096, 1849732.88707374734804, 944.0 ], [ 376111.72807707847096, 1849763.108757830224931, 952.0 ], [ 376141.949761161464266, 1849793.330441913101822, 963.0 ], [ 376172.171445244457573, 1849823.552125995978713, 970.0 ] ] ] } },
{ "type": "Feature", "properties": { "subbasin": "S4", "name": null, "reach_len": null, "reach_rel": null, "reach_sin": null, "reach_slo": null, "len_units": null, "layer": "longest_flowpath_network", "path": "E:\\Manasi_intern\\HMS_Shp\\longest_flowpath_network.shp" }, "geometry": { "type": "MultiLineString", "coordinates": [ [ [ 390542.582226710568648, 1852014.624222069745883, 552.0 ], [ 390527.471384669071995, 1852029.735064111184329, 552.0 ], [ 390497.249700586078689, 1852029.735064111184329, 551.0 ], [ 390467.028016503085382, 1852029.735064111184329, 552.0 ], [ 390436.806332420092076, 1852029.735064111184329, 552.0 ], [ 390406.58464833709877, 1852059.95674819406122, 553.0 ], [ 390406.58464833709877, 1852090.178432276938111, 553.0 ], [ 390376.362964254105464, 1852120.400116359815001, 553.0 ], [ 390346.141280171112157, 1852120.400116359815001, 554.0 ], [ 390315.919596088118851, 1852150.621800442691892, 554.0 ], [ 390285.697912005125545, 1852180.843484525568783, 554.0 ], [ 390255.476227922132239, 1852211.065168608445674, 554.0 ], [ 390225.254543839138933, 1852241.286852691322565, 554.0 ], [ 390195.032859756145626, 1852271.508536774199456, 556.0 ], [ 390164.81117567315232, 1852301.730220857076347, 557.0 ], [ 390134.589491590159014, 1852331.951904939953238, 554.0 ], [ 390104.367807507165708, 1852331.951904939953238, 552.0 ], [ 390074.146123424172401, 1852362.173589022830129, 554.0 ], [ 390043.924439341179095, 1852392.39527310570702, 556.0 ], [ 390043.924439341179095, 1852422.61695718858391, 557.0 ], [ 390013.702755258185789, 1852452.838641271460801, 557.0 ], [ 389983.481071175192483, 1852452.838641271460801, 556.0 ], [ 389953.259387092199177, 1852483.060325354337692, 557.0 ], [ 389923.03770300920587, 1852483.060325354337692, 556.0 ], [ 389892.816018926212564, 1852513.282009437214583, 557.0 ], [ 389862.594334843219258, 1852513.282009437214583, 555.0 ], [ 389832.372650760225952, 1852543.503693520091474, 554.0 ], [ 389832.372650760225952, 1852573.725377602968365, 555.0 ], [ 389802.150966677232645, 1852603.947061685845256, 556.0 ], [ 389771.929282594239339, 1852603.947061685845256, 554.0 ], [ 389741.707598511246033, 1852603.947061685845256, 552.0 ], [ 389711.485914428252727, 1852603.947061685845256, 552.0 ], [ 389681.264230345259421, 1852634.168745768722147, 553.0 ], [ 389651.042546262266114, 1852664.390429851599038, 552.0 ], [ 389620.820862179272808, 1852694.612113934475929, 552.0 ], [ 389620.820862179272808, 1852724.833798017352819, 552.0 ], [ 389620.820862179272808, 1852755.05548210022971, 552.0 ], [ 389620.820862179272808, 1852785.277166183106601, 551.0 ], [ 389590.599178096279502, 1852815.498850265983492, 552.0 ], [ 389590.599178096279502, 1852845.720534348860383, 552.0 ], [ 389590.599178096279502, 1852875.942218431737274, 552.0 ], [ 389560.377494013286196, 1852906.163902514614165, 553.0 ], [ 389560.377494013286196, 1852936.385586597491056, 552.0 ], [ 389530.155809930292889, 1852966.607270680367947, 552.0 ], [ 389499.934125847299583, 1852996.828954763244838, 553.0 ], [ 389469.712441764306277, 1853027.050638846121728, 554.0 ], [ 389439.490757681312971, 1853057.272322928998619, 554.0 ], [ 389409.269073598319665, 1853087.49400701187551, 553.0 ], [ 389379.047389515326358, 1853117.715691094752401, 552.0 ], [ 389348.825705432333052, 1853087.49400701187551, 552.0 ], [ 389318.604021349339746, 1853117.715691094752401, 553.0 ], [ 389288.38233726634644, 1853147.937375177629292, 554.0 ], [ 389258.160653183353133, 1853178.159059260506183, 552.0 ], [ 389227.938969100359827, 1853208.380743343383074, 553.0 ], [ 389197.717285017366521, 1853238.602427426259965, 554.0 ], [ 389197.717285017366521, 1853268.824111509136856, 553.0 ], [ 389197.717285017366521, 1853299.045795592013747, 551.0 ], [ 389167.495600934373215, 1853329.267479674890637, 550.0 ], [ 389137.273916851379909, 1853329.267479674890637, 550.0 ], [ 389107.052232768386602, 1853359.489163757767528, 549.0 ], [ 389076.830548685393296, 1853389.710847840644419, 550.0 ], [ 389046.60886460239999, 1853419.93253192352131, 550.0 ], [ 389016.387180519406684, 1853450.154216006398201, 550.0 ], [ 388986.165496436413378, 1853480.375900089275092, 551.0 ], [ 388955.943812353420071, 1853510.597584172151983, 554.0 ], [ 388925.722128270426765, 1853540.819268255028874, 555.0 ], [ 388895.500444187433459, 1853540.819268255028874, 553.0 ], [ 388865.278760104440153, 1853571.040952337905765, 550.0 ], [ 388835.057076021446846, 1853540.819268255028874, 550.0 ], [ 388804.83539193845354, 1853510.597584172151983, 551.0 ], [ 388774.613707855460234, 1853510.597584172151983, 552.0 ], [ 388744.392023772466928, 1853510.597584172151983, 552.0 ], [ 388714.170339689473622, 1853510.597584172151983, 552.0 ], [ 388683.948655606480315, 1853510.597584172151983, 553.0 ], [ 388653.726971523487009, 1853510.597584172151983, 553.0 ], [ 388623.505287440493703, 1853540.819268255028874, 554.0 ], [ 388593.283603357500397, 1853540.819268255028874, 553.0 ], [ 388563.06191927450709, 1853540.819268255028874, 554.0 ], [ 388532.840235191513784, 1853571.040952337905765, 554.0 ], [ 388502.618551108520478, 1853601.262636420782655, 553.0 ], [ 388472.396867025527172, 1853631.484320503659546, 554.0 ], [ 388442.175182942533866, 1853661.706004586536437, 555.0 ], [ 388411.953498859540559, 1853631.484320503659546, 554.0 ], [ 388381.731814776547253, 1853631.484320503659546, 553.0 ], [ 388351.510130693553947, 1853631.484320503659546, 552.0 ], [ 388321.288446610560641, 1853631.484320503659546, 551.0 ], [ 388291.066762527567334, 1853631.484320503659546, 551.0 ], [ 388260.845078444574028, 1853631.484320503659546, 552.0 ], [ 388230.623394361580722, 1853631.484320503659546, 552.0 ], [ 388200.401710278587416, 1853631.484320503659546, 551.0 ], [ 388170.18002619559411, 1853631.484320503659546, 551.0 ], [ 388139.958342112600803, 1853601.262636420782655, 552.0 ], [ 388109.736658029607497, 1853601.262636420782655, 552.0 ], [ 388079.514973946614191, 1853601.262636420782655, 552.0 ], [ 388049.293289863620885, 1853601.262636420782655, 552.0 ], [ 388019.071605780627578, 1853601.262636420782655, 552.0 ], [ 387988.849921697634272, 1853601.262636420782655, 551.0 ], [ 387958.628237614640966, 1853601.262636420782655, 552.0 ], [ 387928.40655353164766, 1853601.262636420782655, 552.0 ], [ 387898.184869448654354, 1853601.262636420782655, 554.0 ], [ 387867.963185365661047, 1853631.484320503659546, 554.0 ], [ 387837.741501282667741, 1853661.706004586536437, 554.0 ], [ 387807.519817199674435, 1853691.927688669413328, 555.0 ], [ 387777.298133116681129, 1853722.149372752290219, 557.0 ], [ 387747.076449033687823, 1853752.37105683516711, 556.0 ], [ 387716.854764950694516, 1853752.37105683516711, 556.0 ], [ 387686.63308086770121, 1853752.37105683516711, 556.0 ], [ 387656.411396784707904, 1853752.37105683516711, 556.0 ], [ 387626.189712701714598, 1853752.37105683516711, 556.0 ], [ 387595.968028618721291, 1853752.37105683516711, 556.0 ], [ 387565.746344535727985, 1853782.592740918044001, 556.0 ], [ 387535.524660452734679, 1853812.814425000920892, 555.0 ], [ 387505.302976369741373, 1853843.036109083797783, 555.0 ], [ 387475.081292286748067, 1853873.257793166674674, 554.0 ], [ 387444.85960820375476, 1853903.479477249551564, 552.0 ], [ 387414.637924120761454, 1853933.701161332428455, 551.0 ], [ 387384.416240037768148, 1853933.701161332428455, 551.0 ], [ 387354.194555954774842, 1853963.922845415305346, 550.0 ], [ 387323.972871871781535, 1853963.922845415305346, 549.0 ], [ 387293.751187788788229, 1853994.144529498182237, 551.0 ], [ 387263.529503705794923, 1854024.366213581059128, 551.0 ], [ 387233.307819622801617, 1854054.587897663936019, 554.0 ], [ 387203.086135539808311, 1854054.587897663936019, 555.0 ], [ 387172.864451456815004, 1854054.587897663936019, 555.0 ], [ 387142.642767373821698, 1854084.80958174681291, 555.0 ], [ 387112.421083290828392, 1854084.80958174681291, 554.0 ], [ 387082.199399207835086, 1854054.587897663936019, 554.0 ], [ 387051.977715124841779, 1854024.366213581059128, 553.0 ], [ 387021.756031041848473, 1854024.366213581059128, 552.0 ], [ 386991.534346958855167, 1854024.366213581059128, 553.0 ], [ 386961.312662875861861, 1853994.144529498182237, 554.0 ], [ 386931.090978792868555, 1853963.922845415305346, 553.0 ], [ 386900.869294709875248, 1853933.701161332428455, 552.0 ], [ 386870.647610626881942, 1853933.701161332428455, 553.0 ], [ 386840.425926543888636, 1853933.701161332428455, 551.0 ], [ 386810.20424246089533, 1853933.701161332428455, 551.0 ], [ 386779.982558377902023, 1853933.701161332428455, 552.0 ], [ 386749.760874294908717, 1853933.701161332428455, 553.0 ], [ 386719.539190211915411, 1853933.701161332428455, 553.0 ], [ 386689.317506128922105, 1853933.701161332428455, 553.0 ], [ 386659.095822045928799, 1853933.701161332428455, 554.0 ], [ 386628.874137962935492, 1853933.701161332428455, 556.0 ], [ 386598.652453879942186, 1853933.701161332428455, 557.0 ], [ 386568.43076979694888, 1853933.701161332428455, 556.0 ], [ 386538.209085713955574, 1853933.701161332428455, 553.0 ], [ 386507.987401630962268, 1853933.701161332428455, 552.0 ], [ 386477.765717547968961, 1853933.701161332428455, 553.0 ], [ 386447.544033464975655, 1853903.479477249551564, 554.0 ], [ 386417.322349381982349, 1853873.257793166674674, 555.0 ], [ 386387.100665298989043, 1853873.257793166674674, 555.0 ], [ 386356.878981215995736, 1853873.257793166674674, 554.0 ], [ 386326.65729713300243, 1853843.036109083797783, 554.0 ], [ 386296.435613050009124, 1853843.036109083797783, 553.0 ], [ 386266.213928967015818, 1853843.036109083797783, 554.0 ], [ 386235.992244884022512, 1853843.036109083797783, 555.0 ], [ 386205.770560801029205, 1853843.036109083797783, 554.0 ], [ 386175.548876718035899, 1853843.036109083797783, 553.0 ], [ 386145.327192635042593, 1853812.814425000920892, 551.0 ], [ 386115.105508552049287, 1853812.814425000920892, 552.0 ], [ 386084.88382446905598, 1853812.814425000920892, 554.0 ], [ 386054.662140386062674, 1853812.814425000920892, 555.0 ], [ 386024.440456303069368, 1853812.814425000920892, 554.0 ], [ 385994.218772220076062, 1853812.814425000920892, 551.0 ], [ 385963.997088137082756, 1853812.814425000920892, 551.0 ], [ 385933.775404054089449, 1853843.036109083797783, 554.0 ], [ 385903.553719971096143, 1853843.036109083797783, 553.0 ], [ 385873.332035888102837, 1853843.036109083797783, 553.0 ], [ 385843.110351805109531, 1853812.814425000920892, 554.0 ], [ 385812.888667722116224, 1853812.814425000920892, 554.0 ], [ 385782.666983639122918, 1853782.592740918044001, 553.0 ], [ 385752.445299556129612, 1853782.592740918044001, 552.0 ], [ 385722.223615473136306, 1853782.592740918044001, 553.0 ], [ 385692.001931390143, 1853812.814425000920892, 553.0 ], [ 385661.780247307149693, 1853812.814425000920892, 554.0 ], [ 385631.558563224156387, 1853843.036109083797783, 554.0 ], [ 385601.336879141163081, 1853843.036109083797783, 551.0 ], [ 385571.115195058169775, 1853873.257793166674674, 552.0 ], [ 385540.893510975176468, 1853903.479477249551564, 554.0 ], [ 385510.671826892183162, 1853903.479477249551564, 552.0 ], [ 385480.450142809189856, 1853903.479477249551564, 553.0 ], [ 385450.22845872619655, 1853903.479477249551564, 552.0 ], [ 385420.006774643203244, 1853903.479477249551564, 552.0 ], [ 385389.785090560209937, 1853903.479477249551564, 553.0 ], [ 385359.563406477216631, 1853903.479477249551564, 553.0 ], [ 385329.341722394223325, 1853933.701161332428455, 552.0 ], [ 385299.120038311230019, 1853963.922845415305346, 551.0 ], [ 385268.898354228236713, 1853994.144529498182237, 552.0 ], [ 385238.676670145243406, 1854024.366213581059128, 553.0 ], [ 385208.4549860622501, 1854054.587897663936019, 556.0 ], [ 385178.233301979256794, 1854054.587897663936019, 555.0 ], [ 385148.011617896263488, 1854054.587897663936019, 554.0 ], [ 385117.789933813270181, 1854054.587897663936019, 554.0 ], [ 385087.568249730276875, 1854054.587897663936019, 553.0 ], [ 385057.346565647283569, 1854054.587897663936019, 552.0 ], [ 385027.124881564290263, 1854054.587897663936019, 553.0 ], [ 384996.903197481296957, 1854024.366213581059128, 553.0 ], [ 384966.68151339830365, 1853994.144529498182237, 554.0 ], [ 384936.459829315310344, 1853994.144529498182237, 554.0 ], [ 384906.238145232317038, 1853963.922845415305346, 554.0 ], [ 384876.016461149323732, 1853963.922845415305346, 555.0 ], [ 384845.794777066330425, 1853963.922845415305346, 555.0 ], [ 384815.573092983337119, 1853963.922845415305346, 555.0 ], [ 384785.351408900343813, 1853963.922845415305346, 555.0 ], [ 384755.129724817350507, 1853933.701161332428455, 554.0 ], [ 384724.908040734357201, 1853933.701161332428455, 555.0 ], [ 384694.686356651363894, 1853933.701161332428455, 555.0 ], [ 384664.464672568370588, 1853933.701161332428455, 555.0 ], [ 384634.242988485377282, 1853933.701161332428455, 555.0 ], [ 384604.021304402383976, 1853903.479477249551564, 554.0 ], [ 384573.799620319390669, 1853903.479477249551564, 556.0 ], [ 384543.577936236397363, 1853903.479477249551564, 555.0 ], [ 384513.356252153404057, 1853903.479477249551564, 554.0 ], [ 384483.134568070410751, 1853903.479477249551564, 552.0 ], [ 384452.912883987417445, 1853903.479477249551564, 551.0 ], [ 384422.691199904424138, 1853903.479477249551564, 551.0 ], [ 384392.469515821430832, 1853933.701161332428455, 550.0 ], [ 384362.247831738437526, 1853963.922845415305346, 552.0 ], [ 384332.02614765544422, 1853994.144529498182237, 554.0 ], [ 384301.804463572450913, 1853994.144529498182237, 555.0 ], [ 384271.582779489457607, 1853994.144529498182237, 555.0 ], [ 384241.361095406464301, 1853994.144529498182237, 555.0 ], [ 384211.139411323470995, 1853994.144529498182237, 556.0 ], [ 384180.917727240477689, 1853994.144529498182237, 556.0 ], [ 384150.696043157484382, 1853994.144529498182237, 555.0 ], [ 384120.474359074491076, 1853994.144529498182237, 555.0 ], [ 384090.25267499149777, 1853994.144529498182237, 555.0 ], [ 384060.030990908504464, 1853994.144529498182237, 556.0 ], [ 384029.809306825511158, 1854024.366213581059128, 557.0 ], [ 383999.587622742517851, 1854054.587897663936019, 557.0 ], [ 383969.365938659524545, 1854054.587897663936019, 557.0 ], [ 383939.144254576531239, 1854054.587897663936019, 557.0 ], [ 383908.922570493537933, 1854084.80958174681291, 557.0 ], [ 383878.700886410544626, 1854115.031265829689801, 555.0 ], [ 383848.47920232755132, 1854115.031265829689801, 552.0 ], [ 383818.257518244558014, 1854145.252949912566692, 552.0 ], [ 383818.257518244558014, 1854175.474633995443583, 552.0 ], [ 383788.035834161564708, 1854205.696318078320473, 552.0 ], [ 383788.035834161564708, 1854235.918002161197364, 552.0 ], [ 383788.035834161564708, 1854266.139686244074255, 553.0 ], [ 383788.035834161564708, 1854296.361370326951146, 553.0 ], [ 383788.035834161564708, 1854326.583054409828037, 553.0 ], [ 383788.035834161564708, 1854356.804738492704928, 553.0 ], [ 383788.035834161564708, 1854387.026422575581819, 553.0 ], [ 383788.035834161564708, 1854417.24810665845871, 552.0 ], [ 383788.035834161564708, 1854447.469790741335601, 552.0 ], [ 383788.035834161564708, 1854477.691474824212492, 552.0 ], [ 383788.035834161564708, 1854507.913158907089382, 552.0 ], [ 383788.035834161564708, 1854538.134842989966273, 552.0 ], [ 383757.814150078571402, 1854568.356527072843164, 554.0 ], [ 383757.814150078571402, 1854598.578211155720055, 554.0 ], [ 383727.592465995578095, 1854628.799895238596946, 556.0 ], [ 383697.370781912584789, 1854659.021579321473837, 556.0 ], [ 383667.149097829591483, 1854689.243263404350728, 556.0 ], [ 383636.927413746598177, 1854719.464947487227619, 555.0 ], [ 383606.70572966360487, 1854719.464947487227619, 556.0 ], [ 383576.484045580611564, 1854719.464947487227619, 555.0 ], [ 383546.262361497618258, 1854719.464947487227619, 554.0 ], [ 383516.040677414624952, 1854689.243263404350728, 555.0 ], [ 383485.818993331631646, 1854659.021579321473837, 556.0 ], [ 383455.597309248638339, 1854659.021579321473837, 553.0 ], [ 383425.375625165645033, 1854628.799895238596946, 553.0 ], [ 383395.153941082651727, 1854598.578211155720055, 556.0 ], [ 383364.932256999658421, 1854568.356527072843164, 557.0 ], [ 383334.710572916665114, 1854568.356527072843164, 556.0 ], [ 383304.488888833671808, 1854538.134842989966273, 557.0 ], [ 383274.267204750678502, 1854507.913158907089382, 556.0 ], [ 383244.045520667685196, 1854477.691474824212492, 553.0 ], [ 383213.82383658469189, 1854477.691474824212492, 553.0 ], [ 383183.602152501698583, 1854477.691474824212492, 553.0 ], [ 383153.380468418705277, 1854477.691474824212492, 554.0 ], [ 383123.158784335711971, 1854477.691474824212492, 555.0 ], [ 383092.937100252718665, 1854477.691474824212492, 556.0 ], [ 383062.715416169725358, 1854447.469790741335601, 556.0 ], [ 383032.493732086732052, 1854417.24810665845871, 556.0 ], [ 383002.272048003738746, 1854387.026422575581819, 557.0 ], [ 382972.05036392074544, 1854387.026422575581819, 553.0 ], [ 382941.828679837752134, 1854387.026422575581819, 553.0 ], [ 382911.606995754758827, 1854387.026422575581819, 552.0 ], [ 382881.385311671765521, 1854387.026422575581819, 550.0 ], [ 382851.163627588772215, 1854387.026422575581819, 552.0 ], [ 382820.941943505778909, 1854387.026422575581819, 554.0 ], [ 382790.720259422785603, 1854417.24810665845871, 556.0 ], [ 382760.498575339792296, 1854447.469790741335601, 557.0 ], [ 382730.27689125679899, 1854477.691474824212492, 557.0 ], [ 382700.055207173805684, 1854507.913158907089382, 555.0 ], [ 382669.833523090812378, 1854538.134842989966273, 553.0 ], [ 382639.611839007819071, 1854568.356527072843164, 553.0 ], [ 382669.833523090812378, 1854598.578211155720055, 553.0 ], [ 382669.833523090812378, 1854628.799895238596946, 554.0 ], [ 382700.055207173805684, 1854659.021579321473837, 554.0 ], [ 382730.27689125679899, 1854689.243263404350728, 556.0 ], [ 382760.498575339792296, 1854719.464947487227619, 555.0 ], [ 382790.720259422785603, 1854749.68663157010451, 555.0 ], [ 382790.720259422785603, 1854779.9083156529814, 555.0 ], [ 382790.720259422785603, 1854810.129999735858291, 556.0 ], [ 382820.941943505778909, 1854840.351683818735182, 557.0 ], [ 382820.941943505778909, 1854870.573367901612073, 556.0 ], [ 382820.941943505778909, 1854900.795051984488964, 555.0 ], [ 382820.941943505778909, 1854931.016736067365855, 555.0 ], [ 382851.163627588772215, 1854961.238420150242746, 556.0 ], [ 382851.163627588772215, 1854991.460104233119637, 556.0 ], [ 382851.163627588772215, 1855021.681788315996528, 556.0 ], [ 382851.163627588772215, 1855051.903472398873419, 557.0 ], [ 382851.163627588772215, 1855082.125156481750309, 555.0 ], [ 382820.941943505778909, 1855112.3468405646272, 554.0 ], [ 382790.720259422785603, 1855142.568524647504091, 553.0 ], [ 382760.498575339792296, 1855142.568524647504091, 554.0 ], [ 382730.27689125679899, 1855172.790208730380982, 555.0 ], [ 382700.055207173805684, 1855172.790208730380982, 556.0 ], [ 382669.833523090812378, 1855172.790208730380982, 557.0 ], [ 382639.611839007819071, 1855142.568524647504091, 557.0 ], [ 382609.390154924825765, 1855142.568524647504091, 557.0 ], [ 382579.168470841832459, 1855142.568524647504091, 556.0 ], [ 382548.946786758839153, 1855142.568524647504091, 554.0 ], [ 382518.725102675845847, 1855142.568524647504091, 553.0 ], [ 382488.50341859285254, 1855172.790208730380982, 555.0 ], [ 382458.281734509859234, 1855203.011892813257873, 557.0 ], [ 382428.060050426865928, 1855203.011892813257873, 557.0 ], [ 382397.838366343872622, 1855203.011892813257873, 557.0 ], [ 382367.616682260879315, 1855203.011892813257873, 556.0 ], [ 382337.394998177886009, 1855203.011892813257873, 555.0 ], [ 382307.173314094892703, 1855203.011892813257873, 554.0 ], [ 382276.951630011899397, 1855203.011892813257873, 554.0 ], [ 382246.729945928906091, 1855203.011892813257873, 554.0 ], [ 382216.508261845912784, 1855203.011892813257873, 555.0 ], [ 382186.286577762919478, 1855203.011892813257873, 555.0 ], [ 382156.064893679926172, 1855203.011892813257873, 553.0 ], [ 382125.843209596932866, 1855203.011892813257873, 553.0 ], [ 382095.621525513939559, 1855203.011892813257873, 553.0 ], [ 382065.399841430946253, 1855203.011892813257873, 552.0 ], [ 382035.178157347952947, 1855203.011892813257873, 553.0 ], [ 382004.956473264959641, 1855203.011892813257873, 553.0 ], [ 381974.734789181966335, 1855172.790208730380982, 556.0 ], [ 381944.513105098973028, 1855172.790208730380982, 557.0 ], [ 381914.291421015979722, 1855172.790208730380982, 557.0 ], [ 381884.069736932986416, 1855142.568524647504091, 556.0 ], [ 381853.84805284999311, 1855142.568524647504091, 555.0 ], [ 381823.626368766999803, 1855142.568524647504091, 554.0 ], [ 381793.404684684006497, 1855112.3468405646272, 554.0 ], [ 381763.183000601013191, 1855112.3468405646272, 556.0 ], [ 381732.961316518019885, 1855112.3468405646272, 556.0 ], [ 381702.739632435026579, 1855112.3468405646272, 556.0 ], [ 381672.517948352033272, 1855142.568524647504091, 555.0 ], [ 381642.296264269039966, 1855172.790208730380982, 556.0 ], [ 381612.07458018604666, 1855172.790208730380982, 556.0 ], [ 381581.852896103053354, 1855172.790208730380982, 556.0 ], [ 381551.631212020060048, 1855172.790208730380982, 557.0 ], [ 381521.409527937066741, 1855203.011892813257873, 557.0 ], [ 381491.187843854073435, 1855203.011892813257873, 557.0 ], [ 381460.966159771080129, 1855233.233576896134764, 558.0 ], [ 381430.744475688086823, 1855263.455260979011655, 557.0 ], [ 381400.522791605093516, 1855293.676945061888546, 557.0 ], [ 381370.30110752210021, 1855323.898629144765437, 557.0 ], [ 381340.079423439106904, 1855354.120313227642328, 558.0 ], [ 381309.857739356113598, 1855384.341997310519218, 557.0 ], [ 381309.857739356113598, 1855414.563681393396109, 555.0 ], [ 381279.636055273120292, 1855414.563681393396109, 556.0 ], [ 381249.414371190126985, 1855444.785365476273, 557.0 ], [ 381219.192687107133679, 1855444.785365476273, 556.0 ], [ 381188.971003024140373, 1855444.785365476273, 556.0 ], [ 381158.749318941147067, 1855444.785365476273, 557.0 ], [ 381128.52763485815376, 1855475.007049559149891, 558.0 ], [ 381098.305950775160454, 1855475.007049559149891, 558.0 ], [ 381068.084266692167148, 1855505.228733642026782, 559.0 ], [ 381037.862582609173842, 1855505.228733642026782, 558.0 ], [ 381007.640898526180536, 1855505.228733642026782, 558.0 ], [ 380977.419214443187229, 1855535.450417724903673, 558.0 ], [ 380947.197530360193923, 1855535.450417724903673, 557.0 ], [ 380916.975846277200617, 1855535.450417724903673, 555.0 ], [ 380886.754162194207311, 1855535.450417724903673, 554.0 ], [ 380856.532478111214004, 1855565.672101807780564, 554.0 ], [ 380826.310794028220698, 1855595.893785890657455, 557.0 ], [ 380796.089109945227392, 1855626.115469973534346, 559.0 ], [ 380765.867425862234086, 1855656.337154056411237, 559.0 ], [ 380735.64574177924078, 1855686.558838139288127, 559.0 ], [ 380705.424057696247473, 1855716.780522222165018, 558.0 ], [ 380705.424057696247473, 1855747.002206305041909, 559.0 ], [ 380705.424057696247473, 1855777.2238903879188, 559.0 ], [ 380675.202373613254167, 1855807.445574470795691, 559.0 ], [ 380675.202373613254167, 1855837.667258553672582, 558.0 ], [ 380675.202373613254167, 1855867.888942636549473, 557.0 ], [ 380644.980689530260861, 1855898.110626719426364, 558.0 ], [ 380614.759005447267555, 1855928.332310802303255, 557.0 ], [ 380584.537321364274248, 1855928.332310802303255, 557.0 ], [ 380584.537321364274248, 1855958.553994885180146, 557.0 ], [ 380584.537321364274248, 1855988.775678968057036, 558.0 ], [ 380584.537321364274248, 1856018.997363050933927, 557.0 ], [ 380584.537321364274248, 1856049.219047133810818, 557.0 ], [ 380584.537321364274248, 1856079.440731216687709, 558.0 ], [ 380584.537321364274248, 1856109.6624152995646, 558.0 ], [ 380584.537321364274248, 1856139.884099382441491, 557.0 ], [ 380584.537321364274248, 1856170.105783465318382, 558.0 ], [ 380614.759005447267555, 1856200.327467548195273, 556.0 ], [ 380614.759005447267555, 1856230.549151631072164, 555.0 ], [ 380614.759005447267555, 1856260.770835713949054, 555.0 ], [ 380584.537321364274248, 1856290.992519796825945, 558.0 ], [ 380554.315637281280942, 1856321.214203879702836, 559.0 ], [ 380554.315637281280942, 1856351.435887962579727, 558.0 ], [ 380524.093953198287636, 1856381.657572045456618, 559.0 ], [ 380493.87226911529433, 1856411.879256128333509, 559.0 ], [ 380463.650585032301024, 1856442.1009402112104, 559.0 ], [ 380463.650585032301024, 1856472.322624294087291, 559.0 ], [ 380433.428900949307717, 1856502.544308376964182, 560.0 ], [ 380433.428900949307717, 1856532.765992459841073, 559.0 ], [ 380403.207216866314411, 1856562.987676542717963, 558.0 ], [ 380403.207216866314411, 1856593.209360625594854, 559.0 ], [ 380372.985532783321105, 1856623.431044708471745, 560.0 ], [ 380342.763848700327799, 1856653.652728791348636, 559.0 ], [ 380312.542164617334493, 1856653.652728791348636, 559.0 ], [ 380282.320480534341186, 1856653.652728791348636, 559.0 ], [ 380252.09879645134788, 1856653.652728791348636, 557.0 ], [ 380221.877112368354574, 1856653.652728791348636, 558.0 ], [ 380191.655428285361268, 1856683.874412874225527, 559.0 ], [ 380161.433744202367961, 1856714.096096957102418, 560.0 ], [ 380131.212060119374655, 1856714.096096957102418, 559.0 ], [ 380100.990376036381349, 1856744.317781039979309, 560.0 ], [ 380070.768691953388043, 1856744.317781039979309, 560.0 ], [ 380040.547007870394737, 1856714.096096957102418, 560.0 ], [ 380010.32532378740143, 1856683.874412874225527, 560.0 ], [ 379980.103639704408124, 1856653.652728791348636, 560.0 ], [ 379949.881955621414818, 1856653.652728791348636, 560.0 ], [ 379919.660271538421512, 1856653.652728791348636, 559.0 ], [ 379889.438587455428205, 1856653.652728791348636, 560.0 ], [ 379889.438587455428205, 1856683.874412874225527, 561.0 ], [ 379889.438587455428205, 1856714.096096957102418, 561.0 ], [ 379859.216903372434899, 1856744.317781039979309, 561.0 ], [ 379859.216903372434899, 1856774.5394651228562, 560.0 ], [ 379828.995219289441593, 1856804.761149205733091, 558.0 ], [ 379798.773535206448287, 1856804.761149205733091, 558.0 ], [ 379768.551851123454981, 1856804.761149205733091, 558.0 ], [ 379738.330167040461674, 1856804.761149205733091, 557.0 ], [ 379708.108482957468368, 1856804.761149205733091, 557.0 ], [ 379677.886798874475062, 1856804.761149205733091, 558.0 ], [ 379647.665114791481756, 1856804.761149205733091, 560.0 ], [ 379617.443430708488449, 1856804.761149205733091, 559.0 ], [ 379587.221746625495143, 1856774.5394651228562, 557.0 ], [ 379557.000062542501837, 1856744.317781039979309, 556.0 ], [ 379526.778378459508531, 1856714.096096957102418, 557.0 ], [ 379496.556694376515225, 1856714.096096957102418, 558.0 ], [ 379466.335010293521918, 1856714.096096957102418, 558.0 ], [ 379436.113326210528612, 1856714.096096957102418, 556.0 ], [ 379405.891642127535306, 1856714.096096957102418, 557.0 ], [ 379375.669958044542, 1856714.096096957102418, 559.0 ], [ 379345.448273961548693, 1856714.096096957102418, 561.0 ], [ 379315.226589878555387, 1856714.096096957102418, 561.0 ], [ 379285.004905795562081, 1856744.317781039979309, 560.0 ], [ 379254.783221712568775, 1856744.317781039979309, 560.0 ], [ 379224.561537629575469, 1856744.317781039979309, 561.0 ], [ 379194.339853546582162, 1856774.5394651228562, 561.0 ], [ 379164.118169463588856, 1856774.5394651228562, 559.0 ], [ 379133.89648538059555, 1856774.5394651228562, 559.0 ], [ 379103.674801297602244, 1856804.761149205733091, 560.0 ], [ 379073.453117214608938, 1856834.982833288609982, 560.0 ], [ 379043.231433131615631, 1856834.982833288609982, 560.0 ], [ 379013.009749048622325, 1856865.204517371486872, 561.0 ], [ 378982.788064965629019, 1856865.204517371486872, 561.0 ], [ 378952.566380882635713, 1856865.204517371486872, 561.0 ], [ 378922.344696799642406, 1856865.204517371486872, 561.0 ], [ 378892.1230127166491, 1856865.204517371486872, 561.0 ], [ 378861.901328633655794, 1856865.204517371486872, 561.0 ], [ 378831.679644550662488, 1856865.204517371486872, 560.0 ], [ 378801.457960467669182, 1856865.204517371486872, 560.0 ], [ 378771.236276384675875, 1856865.204517371486872, 559.0 ], [ 378741.014592301682569, 1856865.204517371486872, 559.0 ], [ 378710.792908218689263, 1856865.204517371486872, 560.0 ], [ 378680.571224135695957, 1856895.426201454363763, 561.0 ], [ 378650.34954005270265, 1856865.204517371486872, 561.0 ], [ 378620.127855969709344, 1856865.204517371486872, 562.0 ], [ 378589.906171886716038, 1856834.982833288609982, 563.0 ], [ 378559.684487803722732, 1856834.982833288609982, 563.0 ], [ 378529.462803720729426, 1856865.204517371486872, 563.0 ], [ 378499.241119637736119, 1856865.204517371486872, 562.0 ], [ 378469.019435554742813, 1856865.204517371486872, 562.0 ], [ 378438.797751471749507, 1856865.204517371486872, 562.0 ], [ 378408.576067388756201, 1856834.982833288609982, 562.0 ], [ 378378.354383305762894, 1856834.982833288609982, 562.0 ], [ 378348.132699222769588, 1856834.982833288609982, 561.0 ], [ 378317.911015139776282, 1856865.204517371486872, 560.0 ], [ 378287.689331056782976, 1856865.204517371486872, 559.0 ], [ 378257.46764697378967, 1856865.204517371486872, 560.0 ], [ 378227.245962890796363, 1856895.426201454363763, 562.0 ], [ 378197.024278807803057, 1856895.426201454363763, 561.0 ], [ 378166.802594724809751, 1856925.647885537240654, 561.0 ], [ 378136.580910641816445, 1856925.647885537240654, 560.0 ], [ 378106.359226558823138, 1856925.647885537240654, 560.0 ], [ 378076.137542475829832, 1856895.426201454363763, 562.0 ], [ 378045.915858392836526, 1856895.426201454363763, 562.0 ], [ 378015.69417430984322, 1856895.426201454363763, 562.0 ], [ 377985.472490226849914, 1856895.426201454363763, 562.0 ], [ 377955.250806143856607, 1856895.426201454363763, 563.0 ], [ 377925.029122060863301, 1856895.426201454363763, 562.0 ], [ 377894.807437977869995, 1856895.426201454363763, 561.0 ], [ 377864.585753894876689, 1856895.426201454363763, 560.0 ], [ 377834.364069811883382, 1856895.426201454363763, 560.0 ], [ 377804.142385728890076, 1856895.426201454363763, 560.0 ], [ 377773.92070164589677, 1856895.426201454363763, 561.0 ], [ 377743.699017562903464, 1856895.426201454363763, 559.0 ], [ 377713.477333479910158, 1856895.426201454363763, 557.0 ], [ 377683.255649396916851, 1856895.426201454363763, 557.0 ], [ 377653.033965313923545, 1856895.426201454363763, 561.0 ], [ 377622.812281230930239, 1856895.426201454363763, 562.0 ], [ 377592.590597147936933, 1856865.204517371486872, 563.0 ], [ 377562.368913064943627, 1856865.204517371486872, 561.0 ], [ 377532.14722898195032, 1856834.982833288609982, 560.0 ], [ 377501.925544898957014, 1856834.982833288609982, 561.0 ], [ 377471.703860815963708, 1856834.982833288609982, 563.0 ], [ 377441.482176732970402, 1856834.982833288609982, 562.0 ], [ 377411.260492649977095, 1856834.982833288609982, 561.0 ], [ 377381.038808566983789, 1856834.982833288609982, 562.0 ], [ 377350.817124483990483, 1856834.982833288609982, 563.0 ], [ 377320.595440400997177, 1856804.761149205733091, 563.0 ], [ 377290.373756318003871, 1856774.5394651228562, 561.0 ], [ 377260.152072235010564, 1856774.5394651228562, 560.0 ], [ 377229.930388152017258, 1856774.5394651228562, 559.0 ], [ 377199.708704069023952, 1856774.5394651228562, 560.0 ], [ 377169.487019986030646, 1856744.317781039979309, 562.0 ], [ 377139.265335903037339, 1856744.317781039979309, 564.0 ], [ 377109.043651820044033, 1856744.317781039979309, 565.0 ], [ 377078.821967737050727, 1856744.317781039979309, 565.0 ], [ 377048.600283654057421, 1856744.317781039979309, 564.0 ], [ 377018.378599571064115, 1856744.317781039979309, 563.0 ], [ 376988.156915488070808, 1856744.317781039979309, 563.0 ], [ 376957.935231405077502, 1856744.317781039979309, 564.0 ], [ 376927.713547322084196, 1856744.317781039979309, 565.0 ], [ 376897.49186323909089, 1856744.317781039979309, 565.0 ], [ 376867.270179156097583, 1856714.096096957102418, 565.0 ], [ 376837.048495073104277, 1856714.096096957102418, 565.0 ], [ 376806.826810990110971, 1856744.317781039979309, 566.0 ], [ 376776.605126907117665, 1856744.317781039979309, 566.0 ], [ 376746.383442824124359, 1856744.317781039979309, 565.0 ], [ 376716.161758741131052, 1856744.317781039979309, 564.0 ], [ 376685.940074658137746, 1856744.317781039979309, 564.0 ], [ 376655.71839057514444, 1856744.317781039979309, 564.0 ], [ 376625.496706492151134, 1856744.317781039979309, 564.0 ], [ 376595.275022409157827, 1856714.096096957102418, 563.0 ], [ 376565.053338326164521, 1856683.874412874225527, 563.0 ], [ 376534.831654243171215, 1856683.874412874225527, 563.0 ], [ 376504.609970160177909, 1856683.874412874225527, 563.0 ], [ 376474.388286077184603, 1856683.874412874225527, 564.0 ], [ 376444.166601994191296, 1856653.652728791348636, 563.0 ], [ 376413.94491791119799, 1856653.652728791348636, 563.0 ], [ 376383.723233828204684, 1856653.652728791348636, 563.0 ], [ 376353.501549745211378, 1856653.652728791348636, 562.0 ], [ 376323.279865662218072, 1856653.652728791348636, 561.0 ], [ 376293.058181579224765, 1856653.652728791348636, 562.0 ], [ 376262.836497496231459, 1856653.652728791348636, 564.0 ], [ 376232.614813413238153, 1856683.874412874225527, 566.0 ], [ 376202.393129330244847, 1856714.096096957102418, 565.0 ], [ 376172.17144524725154, 1856744.317781039979309, 565.0 ], [ 376141.949761164258234, 1856774.5394651228562, 564.0 ], [ 376141.949761164258234, 1856804.761149205733091, 563.0 ], [ 376111.728077081264928, 1856834.982833288609982, 562.0 ], [ 376111.728077081264928, 1856865.204517371486872, 561.0 ], [ 376111.728077081264928, 1856895.426201454363763, 560.0 ], [ 376111.728077081264928, 1856925.647885537240654, 560.0 ], [ 376111.728077081264928, 1856955.869569620117545, 560.0 ], [ 376141.949761164258234, 1856986.091253702994436, 564.0 ], [ 376141.949761164258234, 1857016.312937785871327, 563.0 ], [ 376141.949761164258234, 1857046.534621868748218, 562.0 ], [ 376111.728077081264928, 1857076.756305951625109, 562.0 ], [ 376081.506392998271622, 1857106.977990034502, 564.0 ], [ 376051.284708915278316, 1857137.199674117378891, 566.0 ], [ 376021.063024832285009, 1857167.421358200255781, 565.0 ], [ 375990.841340749291703, 1857197.643042283132672, 564.0 ], [ 375960.619656666298397, 1857197.643042283132672, 564.0 ], [ 375930.397972583305091, 1857197.643042283132672, 565.0 ], [ 375900.176288500311784, 1857197.643042283132672, 565.0 ], [ 375869.954604417318478, 1857167.421358200255781, 565.0 ], [ 375839.732920334325172, 1857137.199674117378891, 564.0 ], [ 375809.511236251331866, 1857106.977990034502, 562.0 ], [ 375779.28955216833856, 1857106.977990034502, 562.0 ], [ 375749.067868085345253, 1857076.756305951625109, 564.0 ], [ 375718.846184002351947, 1857046.534621868748218, 563.0 ], [ 375688.624499919358641, 1857046.534621868748218, 563.0 ], [ 375658.402815836365335, 1857016.312937785871327, 564.0 ], [ 375658.402815836365335, 1856986.091253702994436, 565.0 ], [ 375628.181131753372028, 1856955.869569620117545, 565.0 ], [ 375597.959447670378722, 1856925.647885537240654, 564.0 ], [ 375567.737763587385416, 1856895.426201454363763, 564.0 ], [ 375537.51607950439211, 1856895.426201454363763, 563.0 ], [ 375507.294395421398804, 1856895.426201454363763, 563.0 ], [ 375477.072711338405497, 1856895.426201454363763, 562.0 ], [ 375446.851027255412191, 1856895.426201454363763, 563.0 ], [ 375416.629343172418885, 1856895.426201454363763, 564.0 ], [ 375386.407659089425579, 1856895.426201454363763, 564.0 ], [ 375356.185975006432272, 1856895.426201454363763, 564.0 ], [ 375325.964290923438966, 1856925.647885537240654, 566.0 ], [ 375295.74260684044566, 1856925.647885537240654, 563.0 ], [ 375265.520922757452354, 1856955.869569620117545, 564.0 ], [ 375235.299238674459048, 1856955.869569620117545, 562.0 ], [ 375205.077554591465741, 1856955.869569620117545, 562.0 ], [ 375174.855870508472435, 1856986.091253702994436, 562.0 ], [ 375144.634186425479129, 1857016.312937785871327, 563.0 ], [ 375114.412502342485823, 1857046.534621868748218, 564.0 ], [ 375084.190818259492517, 1857046.534621868748218, 563.0 ], [ 375053.96913417649921, 1857076.756305951625109, 564.0 ], [ 375023.747450093505904, 1857076.756305951625109, 561.0 ], [ 374993.525766010512598, 1857076.756305951625109, 561.0 ], [ 374963.304081927519292, 1857106.977990034502, 563.0 ], [ 374933.082397844525985, 1857106.977990034502, 565.0 ], [ 374902.860713761532679, 1857137.199674117378891, 564.0 ], [ 374872.639029678539373, 1857137.199674117378891, 565.0 ], [ 374842.417345595546067, 1857106.977990034502, 566.0 ], [ 374812.195661512552761, 1857106.977990034502, 566.0 ], [ 374781.973977429559454, 1857106.977990034502, 567.0 ], [ 374751.752293346566148, 1857106.977990034502, 566.0 ], [ 374721.530609263572842, 1857106.977990034502, 564.0 ], [ 374691.308925180579536, 1857106.977990034502, 563.0 ], [ 374661.087241097586229, 1857137.199674117378891, 565.0 ], [ 374630.865557014592923, 1857137.199674117378891, 567.0 ], [ 374600.643872931599617, 1857137.199674117378891, 567.0 ], [ 374570.422188848606311, 1857137.199674117378891, 567.0 ], [ 374540.200504765613005, 1857137.199674117378891, 567.0 ], [ 374509.978820682619698, 1857137.199674117378891, 566.0 ], [ 374479.757136599626392, 1857137.199674117378891, 565.0 ], [ 374449.535452516633086, 1857167.421358200255781, 563.0 ], [ 374419.31376843363978, 1857197.643042283132672, 563.0 ], [ 374389.092084350646473, 1857227.864726366009563, 564.0 ], [ 374358.870400267653167, 1857227.864726366009563, 564.0 ], [ 374328.648716184659861, 1857258.086410448886454, 565.0 ], [ 374298.427032101666555, 1857288.308094531763345, 566.0 ], [ 374268.205348018673249, 1857288.308094531763345, 566.0 ], [ 374237.983663935679942, 1857288.308094531763345, 566.0 ], [ 374207.761979852686636, 1857288.308094531763345, 566.0 ], [ 374177.54029576969333, 1857288.308094531763345, 565.0 ], [ 374147.318611686700024, 1857288.308094531763345, 565.0 ], [ 374117.096927603706717, 1857288.308094531763345, 565.0 ], [ 374086.875243520713411, 1857258.086410448886454, 566.0 ], [ 374056.653559437720105, 1857258.086410448886454, 565.0 ], [ 374026.431875354726799, 1857258.086410448886454, 566.0 ], [ 373996.210191271733493, 1857227.864726366009563, 567.0 ], [ 373965.988507188740186, 1857227.864726366009563, 567.0 ], [ 373935.76682310574688, 1857227.864726366009563, 567.0 ], [ 373905.545139022753574, 1857197.643042283132672, 568.0 ], [ 373875.323454939760268, 1857197.643042283132672, 567.0 ], [ 373845.101770856766962, 1857197.643042283132672, 567.0 ], [ 373814.880086773773655, 1857197.643042283132672, 566.0 ], [ 373784.658402690780349, 1857167.421358200255781, 564.0 ], [ 373754.436718607787043, 1857167.421358200255781, 565.0 ], [ 373724.215034524793737, 1857167.421358200255781, 567.0 ], [ 373693.99335044180043, 1857167.421358200255781, 568.0 ], [ 373663.771666358807124, 1857197.643042283132672, 568.0 ], [ 373633.549982275813818, 1857197.643042283132672, 567.0 ], [ 373603.328298192820512, 1857197.643042283132672, 566.0 ], [ 373573.106614109827206, 1857227.864726366009563, 566.0 ], [ 373542.884930026833899, 1857227.864726366009563, 567.0 ], [ 373512.663245943840593, 1857227.864726366009563, 568.0 ], [ 373482.441561860847287, 1857258.086410448886454, 568.0 ], [ 373452.219877777853981, 1857288.308094531763345, 568.0 ], [ 373421.998193694860674, 1857318.529778614640236, 568.0 ], [ 373391.776509611867368, 1857318.529778614640236, 568.0 ], [ 373361.554825528874062, 1857318.529778614640236, 568.0 ], [ 373331.333141445880756, 1857318.529778614640236, 568.0 ], [ 373301.11145736288745, 1857318.529778614640236, 568.0 ], [ 373270.889773279894143, 1857318.529778614640236, 567.0 ], [ 373240.668089196900837, 1857318.529778614640236, 566.0 ], [ 373210.446405113907531, 1857348.751462697517127, 568.0 ], [ 373180.224721030914225, 1857378.973146780394018, 569.0 ], [ 373150.003036947920918, 1857409.194830863270909, 567.0 ], [ 373119.781352864927612, 1857439.416514946147799, 567.0 ], [ 373089.559668781934306, 1857469.63819902902469, 568.0 ], [ 373059.337984698941, 1857499.859883111901581, 567.0 ], [ 373059.337984698941, 1857530.081567194778472, 567.0 ], [ 373029.116300615947694, 1857560.303251277655363, 568.0 ], [ 373029.116300615947694, 1857590.524935360532254, 567.0 ], [ 373029.116300615947694, 1857620.746619443409145, 566.0 ], [ 373029.116300615947694, 1857650.968303526286036, 567.0 ], [ 373029.116300615947694, 1857681.189987609162927, 567.0 ], [ 373029.116300615947694, 1857711.411671692039818, 567.0 ], [ 373029.116300615947694, 1857741.633355774916708, 567.0 ], [ 372998.894616532954387, 1857771.855039857793599, 565.0 ], [ 372968.672932449961081, 1857802.07672394067049, 566.0 ], [ 372938.451248366967775, 1857802.07672394067049, 568.0 ], [ 372908.229564283974469, 1857832.298408023547381, 568.0 ], [ 372878.007880200981162, 1857832.298408023547381, 568.0 ], [ 372847.786196117987856, 1857862.520092106424272, 569.0 ], [ 372817.56451203499455, 1857892.741776189301163, 566.0 ], [ 372787.342827952001244, 1857922.963460272178054, 566.0 ], [ 372757.121143869007938, 1857922.963460272178054, 566.0 ], [ 372726.899459786014631, 1857953.185144355054945, 568.0 ], [ 372726.899459786014631, 1857983.406828437931836, 567.0 ], [ 372726.899459786014631, 1858013.628512520808727, 567.0 ], [ 372726.899459786014631, 1858043.850196603685617, 569.0 ], [ 372696.677775703021325, 1858043.850196603685617, 570.0 ], [ 372666.456091620028019, 1858074.071880686562508, 571.0 ], [ 372636.234407537034713, 1858104.293564769439399, 569.0 ], [ 372606.012723454041407, 1858134.51524885231629, 568.0 ], [ 372606.012723454041407, 1858164.736932935193181, 567.0 ], [ 372575.7910393710481, 1858194.958617018070072, 566.0 ], [ 372545.569355288054794, 1858194.958617018070072, 568.0 ], [ 372545.569355288054794, 1858225.180301100946963, 567.0 ], [ 372515.347671205061488, 1858255.401985183823854, 567.0 ], [ 372485.125987122068182, 1858285.623669266700745, 569.0 ], [ 372454.904303039074875, 1858285.623669266700745, 570.0 ], [ 372424.682618956081569, 1858315.845353349577636, 571.0 ], [ 372424.682618956081569, 1858346.067037432454526, 570.0 ], [ 372394.460934873088263, 1858376.288721515331417, 569.0 ], [ 372364.239250790094957, 1858406.510405598208308, 569.0 ], [ 372334.017566707101651, 1858406.510405598208308, 570.0 ], [ 372303.795882624108344, 1858436.732089681085199, 570.0 ], [ 372273.574198541115038, 1858466.95377376396209, 570.0 ], [ 372243.352514458121732, 1858466.95377376396209, 570.0 ], [ 372213.130830375128426, 1858497.175457846838981, 570.0 ], [ 372213.130830375128426, 1858527.397141929715872, 568.0 ], [ 372182.909146292135119, 1858557.618826012592763, 567.0 ], [ 372152.687462209141813, 1858587.840510095469654, 569.0 ], [ 372152.687462209141813, 1858618.062194178346545, 570.0 ], [ 372152.687462209141813, 1858648.283878261223435, 570.0 ], [ 372152.687462209141813, 1858678.505562344100326, 570.0 ], [ 372152.687462209141813, 1858708.727246426977217, 570.0 ], [ 372152.687462209141813, 1858738.948930509854108, 570.0 ], [ 372122.465778126148507, 1858769.170614592730999, 569.0 ], [ 372122.465778126148507, 1858799.39229867560789, 570.0 ], [ 372122.465778126148507, 1858829.613982758484781, 571.0 ], [ 372152.687462209141813, 1858859.835666841361672, 572.0 ], [ 372182.909146292135119, 1858890.057350924238563, 572.0 ], [ 372213.130830375128426, 1858920.279035007115453, 572.0 ], [ 372213.130830375128426, 1858950.500719089992344, 571.0 ], [ 372243.352514458121732, 1858980.722403172869235, 570.0 ], [ 372243.352514458121732, 1859010.944087255746126, 571.0 ], [ 372213.130830375128426, 1859041.165771338623017, 572.0 ], [ 372213.130830375128426, 1859071.387455421499908, 572.0 ], [ 372213.130830375128426, 1859101.609139504376799, 572.0 ], [ 372213.130830375128426, 1859131.83082358725369, 572.0 ], [ 372182.909146292135119, 1859162.052507670130581, 572.0 ], [ 372152.687462209141813, 1859192.274191753007472, 571.0 ], [ 372122.465778126148507, 1859222.495875835884362, 570.0 ], [ 372122.465778126148507, 1859252.717559918761253, 570.0 ], [ 372092.244094043155201, 1859282.939244001638144, 571.0 ], [ 372062.022409960161895, 1859313.160928084515035, 573.0 ], [ 372062.022409960161895, 1859343.382612167391926, 573.0 ], [ 372031.800725877168588, 1859373.604296250268817, 573.0 ], [ 372031.800725877168588, 1859403.825980333145708, 572.0 ], [ 372031.800725877168588, 1859434.047664416022599, 572.0 ], [ 372031.800725877168588, 1859464.26934849889949, 573.0 ], [ 372031.800725877168588, 1859494.491032581776381, 573.0 ], [ 372031.800725877168588, 1859524.712716664653271, 573.0 ], [ 372062.022409960161895, 1859554.934400747530162, 572.0 ], [ 372062.022409960161895, 1859585.156084830407053, 571.0 ], [ 372062.022409960161895, 1859615.377768913283944, 571.0 ], [ 372062.022409960161895, 1859645.599452996160835, 572.0 ], [ 372062.022409960161895, 1859675.821137079037726, 572.0 ], [ 372062.022409960161895, 1859706.042821161914617, 572.0 ], [ 372062.022409960161895, 1859736.264505244791508, 572.0 ], [ 372092.244094043155201, 1859766.486189327668399, 572.0 ], [ 372122.465778126148507, 1859766.486189327668399, 571.0 ], [ 372152.687462209141813, 1859796.70787341054529, 570.0 ], [ 372152.687462209141813, 1859826.92955749342218, 569.0 ], [ 372152.687462209141813, 1859857.151241576299071, 569.0 ], [ 372182.909146292135119, 1859887.372925659175962, 570.0 ], [ 372182.909146292135119, 1859917.594609742052853, 570.0 ], [ 372213.130830375128426, 1859947.816293824929744, 570.0 ], [ 372243.352514458121732, 1859947.816293824929744, 571.0 ], [ 372273.574198541115038, 1859978.037977907806635, 571.0 ], [ 372303.795882624108344, 1859978.037977907806635, 571.0 ], [ 372334.017566707101651, 1860008.259661990683526, 572.0 ], [ 372364.239250790094957, 1860038.481346073560417, 572.0 ], [ 372394.460934873088263, 1860068.703030156437308, 573.0 ], [ 372424.682618956081569, 1860068.703030156437308, 573.0 ], [ 372454.904303039074875, 1860068.703030156437308, 573.0 ], [ 372485.125987122068182, 1860098.924714239314198, 573.0 ], [ 372515.347671205061488, 1860129.146398322191089, 573.0 ], [ 372515.347671205061488, 1860159.36808240506798, 572.0 ], [ 372515.347671205061488, 1860189.589766487944871, 572.0 ], [ 372515.347671205061488, 1860219.811450570821762, 573.0 ], [ 372515.347671205061488, 1860250.033134653698653, 573.0 ], [ 372515.347671205061488, 1860280.254818736575544, 572.0 ], [ 372515.347671205061488, 1860310.476502819452435, 573.0 ], [ 372515.347671205061488, 1860340.698186902329326, 574.0 ], [ 372485.125987122068182, 1860370.919870985206217, 575.0 ], [ 372485.125987122068182, 1860401.141555068083107, 575.0 ], [ 372485.125987122068182, 1860431.363239150959998, 574.0 ], [ 372485.125987122068182, 1860461.584923233836889, 574.0 ], [ 372454.904303039074875, 1860461.584923233836889, 574.0 ], [ 372424.682618956081569, 1860491.80660731671378, 574.0 ], [ 372424.682618956081569, 1860522.028291399590671, 573.0 ], [ 372424.682618956081569, 1860552.249975482467562, 572.0 ], [ 372424.682618956081569, 1860582.471659565344453, 572.0 ], [ 372424.682618956081569, 1860612.693343648221344, 573.0 ], [ 372424.682618956081569, 1860642.915027731098235, 573.0 ], [ 372394.460934873088263, 1860673.136711813975126, 573.0 ], [ 372364.239250790094957, 1860703.358395896852016, 574.0 ], [ 372334.017566707101651, 1860703.358395896852016, 574.0 ], [ 372334.017566707101651, 1860733.580079979728907, 573.0 ], [ 372303.795882624108344, 1860763.801764062605798, 573.0 ], [ 372303.795882624108344, 1860794.023448145482689, 573.0 ], [ 372303.795882624108344, 1860824.24513222835958, 573.0 ], [ 372273.574198541115038, 1860854.466816311236471, 572.0 ], [ 372243.352514458121732, 1860884.688500394113362, 574.0 ], [ 372213.130830375128426, 1860914.910184476990253, 575.0 ], [ 372182.909146292135119, 1860945.131868559867144, 575.0 ], [ 372182.909146292135119, 1860975.353552642744035, 575.0 ], [ 372152.687462209141813, 1861005.575236725620925, 575.0 ], [ 372152.687462209141813, 1861035.796920808497816, 575.0 ], [ 372182.909146292135119, 1861035.796920808497816, 575.0 ], [ 372213.130830375128426, 1861066.018604891374707, 575.0 ], [ 372213.130830375128426, 1861096.240288974251598, 575.0 ], [ 372213.130830375128426, 1861126.461973057128489, 575.0 ], [ 372213.130830375128426, 1861156.68365714000538, 574.0 ], [ 372213.130830375128426, 1861186.905341222882271, 573.0 ], [ 372213.130830375128426, 1861217.127025305759162, 574.0 ], [ 372213.130830375128426, 1861247.348709388636053, 575.0 ], [ 372213.130830375128426, 1861277.570393471512944, 575.0 ], [ 372243.352514458121732, 1861307.792077554389834, 575.0 ], [ 372273.574198541115038, 1861338.013761637266725, 576.0 ], [ 372273.574198541115038, 1861368.235445720143616, 576.0 ], [ 372273.574198541115038, 1861398.457129803020507, 577.0 ], [ 372303.795882624108344, 1861428.678813885897398, 578.0 ], [ 372334.017566707101651, 1861458.900497968774289, 579.0 ], [ 372334.017566707101651, 1861489.12218205165118, 578.0 ], [ 372364.239250790094957, 1861519.343866134528071, 577.0 ], [ 372394.460934873088263, 1861549.565550217404962, 576.0 ], [ 372424.682618956081569, 1861549.565550217404962, 577.0 ], [ 372454.904303039074875, 1861579.787234300281852, 577.0 ], [ 372485.125987122068182, 1861610.008918383158743, 578.0 ], [ 372515.347671205061488, 1861640.230602466035634, 578.0 ], [ 372545.569355288054794, 1861670.452286548912525, 577.0 ], [ 372575.7910393710481, 1861670.452286548912525, 577.0 ], [ 372606.012723454041407, 1861700.673970631789416, 576.0 ], [ 372606.012723454041407, 1861730.895654714666307, 576.0 ], [ 372636.234407537034713, 1861730.895654714666307, 576.0 ], [ 372666.456091620028019, 1861761.117338797543198, 577.0 ], [ 372696.677775703021325, 1861791.339022880420089, 576.0 ], [ 372726.899459786014631, 1861821.56070696329698, 577.0 ], [ 372726.899459786014631, 1861851.782391046173871, 578.0 ], [ 372757.121143869007938, 1861882.004075129050761, 578.0 ], [ 372757.121143869007938, 1861912.225759211927652, 577.0 ], [ 372757.121143869007938, 1861942.447443294804543, 577.0 ], [ 372757.121143869007938, 1861972.669127377681434, 578.0 ], [ 372787.342827952001244, 1862002.890811460558325, 577.0 ], [ 372817.56451203499455, 1862033.112495543435216, 577.0 ], [ 372817.56451203499455, 1862063.334179626312107, 578.0 ], [ 372817.56451203499455, 1862093.555863709188998, 578.0 ], [ 372817.56451203499455, 1862123.777547792065889, 578.0 ], [ 372817.56451203499455, 1862153.99923187494278, 578.0 ], [ 372817.56451203499455, 1862184.22091595781967, 578.0 ], [ 372847.786196117987856, 1862214.442600040696561, 578.0 ], [ 372847.786196117987856, 1862244.664284123573452, 578.0 ], [ 372847.786196117987856, 1862274.885968206450343, 579.0 ], [ 372817.56451203499455, 1862274.885968206450343, 580.0 ], [ 372787.342827952001244, 1862305.107652289327234, 580.0 ], [ 372787.342827952001244, 1862335.329336372204125, 580.0 ], [ 372757.121143869007938, 1862365.551020455081016, 580.0 ], [ 372726.899459786014631, 1862395.772704537957907, 577.0 ], [ 372696.677775703021325, 1862425.994388620834798, 579.0 ], [ 372666.456091620028019, 1862456.216072703711689, 580.0 ], [ 372636.234407537034713, 1862486.437756786588579, 579.0 ], [ 372636.234407537034713, 1862516.65944086946547, 580.0 ], [ 372606.012723454041407, 1862546.881124952342361, 579.0 ], [ 372606.012723454041407, 1862577.102809035219252, 581.0 ], [ 372575.7910393710481, 1862607.324493118096143, 581.0 ], [ 372575.7910393710481, 1862637.546177200973034, 581.0 ], [ 372545.569355288054794, 1862667.767861283849925, 581.0 ], [ 372515.347671205061488, 1862697.989545366726816, 580.0 ], [ 372485.125987122068182, 1862728.211229449603707, 578.0 ], [ 372454.904303039074875, 1862728.211229449603707, 581.0 ], [ 372424.682618956081569, 1862728.211229449603707, 582.0 ], [ 372394.460934873088263, 1862728.211229449603707, 582.0 ], [ 372364.239250790094957, 1862728.211229449603707, 583.0 ], [ 372334.017566707101651, 1862728.211229449603707, 582.0 ], [ 372303.795882624108344, 1862758.432913532480597, 583.0 ], [ 372273.574198541115038, 1862758.432913532480597, 583.0 ], [ 372243.352514458121732, 1862758.432913532480597, 583.0 ], [ 372213.130830375128426, 1862788.654597615357488, 583.0 ], [ 372182.909146292135119, 1862818.876281698234379, 583.0 ], [ 372213.130830375128426, 1862849.09796578111127, 583.0 ], [ 372213.130830375128426, 1862879.319649863988161, 582.0 ], [ 372213.130830375128426, 1862909.541333946865052, 582.0 ], [ 372243.352514458121732, 1862909.541333946865052, 582.0 ], [ 372273.574198541115038, 1862939.763018029741943, 583.0 ], [ 372303.795882624108344, 1862969.984702112618834, 582.0 ], [ 372303.795882624108344, 1863000.206386195495725, 582.0 ], [ 372334.017566707101651, 1863030.428070278372616, 584.0 ], [ 372334.017566707101651, 1863060.649754361249506, 583.0 ], [ 372334.017566707101651, 1863090.871438444126397, 583.0 ], [ 372334.017566707101651, 1863121.093122527003288, 584.0 ], [ 372364.239250790094957, 1863151.314806609880179, 585.0 ], [ 372364.239250790094957, 1863181.53649069275707, 585.0 ], [ 372364.239250790094957, 1863211.758174775633961, 585.0 ], [ 372364.239250790094957, 1863241.979858858510852, 585.0 ], [ 372364.239250790094957, 1863272.201542941387743, 585.0 ], [ 372364.239250790094957, 1863302.423227024264634, 584.0 ], [ 372334.017566707101651, 1863302.423227024264634, 585.0 ], [ 372303.795882624108344, 1863332.644911107141525, 585.0 ], [ 372273.574198541115038, 1863362.866595190018415, 584.0 ], [ 372243.352514458121732, 1863393.088279272895306, 583.0 ], [ 372213.130830375128426, 1863423.309963355772197, 583.0 ], [ 372182.909146292135119, 1863423.309963355772197, 584.0 ], [ 372152.687462209141813, 1863453.531647438649088, 585.0 ], [ 372152.687462209141813, 1863483.753331521525979, 586.0 ], [ 372152.687462209141813, 1863513.97501560440287, 585.0 ], [ 372122.465778126148507, 1863544.196699687279761, 583.0 ], [ 372092.244094043155201, 1863574.418383770156652, 585.0 ], [ 372062.022409960161895, 1863604.640067853033543, 586.0 ], [ 372031.800725877168588, 1863634.861751935910434, 585.0 ], [ 372001.579041794175282, 1863665.083436018787324, 585.0 ], [ 371971.357357711181976, 1863695.305120101664215, 584.0 ], [ 371941.13567362818867, 1863725.526804184541106, 585.0 ], [ 371941.13567362818867, 1863755.748488267417997, 586.0 ], [ 371910.913989545195363, 1863785.970172350294888, 586.0 ], [ 371880.692305462202057, 1863816.191856433171779, 586.0 ], [ 371850.470621379208751, 1863846.41354051604867, 585.0 ], [ 371820.248937296215445, 1863876.635224598925561, 586.0 ], [ 371790.027253213222139, 1863906.856908681802452, 586.0 ], [ 371820.248937296215445, 1863937.078592764679343, 587.0 ], [ 371820.248937296215445, 1863967.300276847556233, 588.0 ], [ 371790.027253213222139, 1863997.521960930433124, 588.0 ], [ 371759.805569130228832, 1864027.743645013310015, 586.0 ], [ 371759.805569130228832, 1864057.965329096186906, 585.0 ], [ 371729.583885047235526, 1864057.965329096186906, 586.0 ], [ 371699.36220096424222, 1864057.965329096186906, 588.0 ], [ 371669.140516881248914, 1864057.965329096186906, 593.0 ], [ 371638.918832798255607, 1864057.965329096186906, 600.0 ], [ 371608.697148715262301, 1864057.965329096186906, 608.0 ], [ 371578.475464632268995, 1864088.187013179063797, 617.0 ], [ 371548.253780549275689, 1864118.408697261940688, 620.0 ], [ 371518.032096466282383, 1864148.630381344817579, 619.0 ], [ 371487.810412383289076, 1864178.85206542769447, 619.0 ], [ 371457.58872830029577, 1864178.85206542769447, 619.0 ], [ 371427.367044217302464, 1864178.85206542769447, 619.0 ], [ 371397.145360134309158, 1864209.073749510571361, 619.0 ], [ 371366.923676051315852, 1864239.295433593448251, 619.0 ], [ 371336.701991968322545, 1864269.517117676325142, 619.0 ], [ 371306.480307885329239, 1864299.738801759202033, 619.0 ], [ 371336.701991968322545, 1864329.960485842078924, 619.0 ], [ 371306.480307885329239, 1864360.182169924955815, 619.0 ], [ 371276.258623802335933, 1864390.403854007832706, 619.0 ], [ 371246.036939719342627, 1864420.625538090709597, 619.0 ], [ 371246.036939719342627, 1864450.847222173586488, 619.0 ], [ 371246.036939719342627, 1864481.068906256463379, 619.0 ], [ 371246.036939719342627, 1864511.29059033934027, 619.0 ], [ 371215.81525563634932, 1864541.51227442221716, 619.0 ], [ 371185.593571553356014, 1864571.733958505094051, 619.0 ], [ 371155.371887470362708, 1864601.955642587970942, 619.0 ], [ 371125.150203387369402, 1864632.177326670847833, 619.0 ], [ 371094.928519304376096, 1864662.399010753724724, 619.0 ], [ 371064.706835221382789, 1864692.620694836601615, 619.0 ], [ 371064.706835221382789, 1864722.842378919478506, 619.0 ], [ 371064.706835221382789, 1864753.064063002355397, 619.0 ], [ 371034.485151138389483, 1864783.285747085232288, 619.0 ], [ 371034.485151138389483, 1864813.507431168109179, 619.0 ], [ 371034.485151138389483, 1864843.729115250986069, 619.0 ], [ 371034.485151138389483, 1864873.95079933386296, 619.0 ], [ 371034.485151138389483, 1864904.172483416739851, 619.0 ], [ 371034.485151138389483, 1864934.394167499616742, 619.0 ], [ 371034.485151138389483, 1864964.615851582493633, 619.0 ], [ 371064.706835221382789, 1864994.837535665370524, 619.0 ], [ 371064.706835221382789, 1865025.059219748247415, 619.0 ], [ 371064.706835221382789, 1865055.280903831124306, 619.0 ], [ 371064.706835221382789, 1865085.502587914001197, 619.0 ], [ 371064.706835221382789, 1865115.724271996878088, 619.0 ], [ 371064.706835221382789, 1865145.945956079754978, 619.0 ], [ 371064.706835221382789, 1865176.167640162631869, 619.0 ], [ 371064.706835221382789, 1865206.38932424550876, 619.0 ], [ 371034.485151138389483, 1865236.611008328385651, 619.0 ], [ 371034.485151138389483, 1865266.832692411262542, 619.0 ], [ 371004.263467055396177, 1865297.054376494139433, 619.0 ], [ 371004.263467055396177, 1865327.276060577016324, 619.0 ], [ 371004.263467055396177, 1865357.497744659893215, 619.0 ], [ 371004.263467055396177, 1865387.719428742770106, 619.0 ], [ 370974.041782972402871, 1865417.941112825646996, 619.0 ], [ 370943.820098889409564, 1865448.162796908523887, 619.0 ], [ 370913.598414806416258, 1865478.384480991400778, 619.0 ], [ 370883.376730723422952, 1865508.606165074277669, 619.0 ], [ 370853.155046640429646, 1865538.82784915715456, 619.0 ], [ 370822.93336255743634, 1865569.049533240031451, 619.0 ], [ 370792.711678474443033, 1865599.271217322908342, 619.0 ], [ 370762.489994391449727, 1865629.492901405785233, 619.0 ], [ 370732.268310308456421, 1865629.492901405785233, 619.0 ], [ 370702.046626225463115, 1865659.714585488662124, 619.0 ], [ 370671.824942142469808, 1865689.936269571539015, 619.0 ], [ 370641.603258059476502, 1865720.157953654415905, 619.0 ], [ 370611.381573976483196, 1865750.379637737292796, 619.0 ], [ 370581.15988989348989, 1865750.379637737292796, 619.0 ], [ 370550.938205810496584, 1865750.379637737292796, 619.0 ], [ 370520.716521727503277, 1865780.601321820169687, 619.0 ], [ 370490.494837644509971, 1865780.601321820169687, 619.0 ], [ 370460.273153561516665, 1865810.823005903046578, 619.0 ], [ 370430.051469478523359, 1865841.044689985923469, 619.0 ], [ 370399.829785395530052, 1865871.26637406880036, 619.0 ], [ 370369.608101312536746, 1865901.488058151677251, 619.0 ], [ 370339.38641722954344, 1865931.709742234554142, 619.0 ], [ 370339.38641722954344, 1865961.931426317431033, 619.0 ], [ 370339.38641722954344, 1865992.153110400307924, 619.0 ], [ 370309.164733146550134, 1866022.374794483184814, 619.0 ], [ 370309.164733146550134, 1866052.596478566061705, 619.0 ], [ 370278.943049063556828, 1866082.818162648938596, 619.0 ], [ 370278.943049063556828, 1866113.039846731815487, 619.0 ], [ 370248.721364980563521, 1866143.261530814692378, 619.0 ], [ 370218.499680897570215, 1866173.483214897569269, 619.0 ], [ 370218.499680897570215, 1866203.70489898044616, 619.0 ], [ 370218.499680897570215, 1866233.926583063323051, 619.0 ], [ 370218.499680897570215, 1866264.148267146199942, 619.0 ], [ 370188.277996814576909, 1866294.369951229076833, 619.0 ], [ 370158.056312731583603, 1866324.591635311953723, 619.0 ], [ 370127.834628648590297, 1866354.813319394830614, 619.0 ], [ 370097.61294456559699, 1866385.035003477707505, 619.0 ], [ 370067.391260482603684, 1866415.256687560584396, 619.0 ], [ 370037.169576399610378, 1866445.478371643461287, 619.0 ], [ 370006.947892316617072, 1866445.478371643461287, 619.0 ], [ 369976.726208233623765, 1866475.700055726338178, 619.0 ], [ 369946.504524150630459, 1866475.700055726338178, 619.0 ], [ 369916.282840067637153, 1866505.921739809215069, 619.0 ], [ 369886.061155984643847, 1866536.14342389209196, 619.0 ], [ 369855.839471901650541, 1866566.365107974968851, 619.0 ], [ 369825.617787818657234, 1866566.365107974968851, 619.0 ], [ 369795.396103735663928, 1866596.586792057845742, 619.0 ], [ 369765.174419652670622, 1866596.586792057845742, 619.0 ], [ 369734.952735569677316, 1866626.808476140722632, 619.0 ], [ 369704.731051486684009, 1866626.808476140722632, 619.0 ], [ 369674.509367403690703, 1866657.030160223599523, 619.0 ], [ 369674.509367403690703, 1866687.251844306476414, 619.0 ], [ 369644.287683320697397, 1866717.473528389353305, 619.0 ], [ 369614.065999237704091, 1866747.695212472230196, 619.0 ], [ 369583.844315154710785, 1866777.916896555107087, 619.0 ], [ 369553.622631071717478, 1866808.138580637983978, 619.0 ], [ 369523.400946988724172, 1866838.360264720860869, 619.0 ], [ 369493.179262905730866, 1866868.58194880373776, 619.0 ], [ 369462.95757882273756, 1866898.80363288661465, 619.0 ], [ 369462.95757882273756, 1866929.025316969491541, 619.0 ], [ 369462.95757882273756, 1866959.247001052368432, 619.0 ], [ 369493.179262905730866, 1866959.247001052368432, 619.0 ], [ 369523.400946988724172, 1866989.468685135245323, 619.0 ], [ 369553.622631071717478, 1867019.690369218122214, 619.0 ], [ 369583.844315154710785, 1867049.912053300999105, 619.0 ], [ 369614.065999237704091, 1867080.133737383875996, 619.0 ], [ 369644.287683320697397, 1867110.355421466752887, 619.0 ], [ 369674.509367403690703, 1867140.577105549629778, 619.0 ], [ 369704.731051486684009, 1867170.798789632506669, 619.0 ], [ 369734.952735569677316, 1867201.020473715383559, 619.0 ], [ 369765.174419652670622, 1867231.24215779826045, 619.0 ], [ 369795.396103735663928, 1867261.463841881137341, 619.0 ], [ 369825.617787818657234, 1867291.685525964014232, 619.0 ], [ 369855.839471901650541, 1867321.907210046891123, 619.0 ], [ 369886.061155984643847, 1867352.128894129768014, 619.0 ], [ 369916.282840067637153, 1867352.128894129768014, 619.0 ], [ 369946.504524150630459, 1867382.350578212644905, 619.0 ], [ 369976.726208233623765, 1867412.572262295521796, 619.0 ], [ 370006.947892316617072, 1867412.572262295521796, 619.0 ], [ 370037.169576399610378, 1867442.793946378398687, 619.0 ], [ 370067.391260482603684, 1867442.793946378398687, 619.0 ], [ 370097.61294456559699, 1867473.015630461275578, 619.0 ], [ 370127.834628648590297, 1867473.015630461275578, 619.0 ], [ 370158.056312731583603, 1867473.015630461275578, 619.0 ], [ 370188.277996814576909, 1867473.015630461275578, 619.0 ], [ 370218.499680897570215, 1867473.015630461275578, 619.0 ], [ 370248.721364980563521, 1867473.015630461275578, 619.0 ], [ 370278.943049063556828, 1867473.015630461275578, 619.0 ], [ 370309.164733146550134, 1867503.237314544152468, 619.0 ], [ 370339.38641722954344, 1867533.458998627029359, 619.0 ], [ 370369.608101312536746, 1867563.68068270990625, 619.0 ], [ 370399.829785395530052, 1867593.902366792783141, 619.0 ], [ 370430.051469478523359, 1867593.902366792783141, 619.0 ], [ 370460.273153561516665, 1867624.124050875660032, 619.0 ], [ 370490.494837644509971, 1867654.345734958536923, 619.0 ], [ 370520.716521727503277, 1867684.567419041413814, 619.0 ], [ 370550.938205810496584, 1867714.789103124290705, 619.0 ], [ 370581.15988989348989, 1867745.010787207167596, 619.0 ], [ 370611.381573976483196, 1867775.232471290044487, 620.0 ], [ 370641.603258059476502, 1867805.454155372921377, 620.0 ], [ 370671.824942142469808, 1867805.454155372921377, 619.0 ], [ 370702.046626225463115, 1867835.675839455798268, 620.0 ], [ 370732.268310308456421, 1867865.897523538675159, 619.0 ], [ 370762.489994391449727, 1867896.11920762155205, 620.0 ], [ 370792.711678474443033, 1867926.340891704428941, 622.0 ], [ 370822.93336255743634, 1867956.562575787305832, 623.0 ], [ 370853.155046640429646, 1867986.784259870182723, 621.0 ], [ 370853.155046640429646, 1868017.005943953059614, 620.0 ], [ 370883.376730723422952, 1868047.227628035936505, 621.0 ], [ 370913.598414806416258, 1868047.227628035936505, 622.0 ], [ 370943.820098889409564, 1868077.449312118813396, 621.0 ], [ 370974.041782972402871, 1868077.449312118813396, 621.0 ], [ 371004.263467055396177, 1868077.449312118813396, 621.0 ], [ 371034.485151138389483, 1868107.670996201690286, 621.0 ], [ 371064.706835221382789, 1868107.670996201690286, 622.0 ], [ 371094.928519304376096, 1868137.892680284567177, 622.0 ], [ 371125.150203387369402, 1868137.892680284567177, 623.0 ], [ 371155.371887470362708, 1868107.670996201690286, 623.0 ], [ 371185.593571553356014, 1868107.670996201690286, 623.0 ], [ 371215.81525563634932, 1868107.670996201690286, 624.0 ], [ 371246.036939719342627, 1868137.892680284567177, 625.0 ], [ 371276.258623802335933, 1868168.114364367444068, 626.0 ], [ 371306.480307885329239, 1868168.114364367444068, 625.0 ], [ 371336.701991968322545, 1868168.114364367444068, 625.0 ], [ 371366.923676051315852, 1868168.114364367444068, 627.0 ], [ 371397.145360134309158, 1868137.892680284567177, 627.0 ], [ 371427.367044217302464, 1868137.892680284567177, 628.0 ], [ 371457.58872830029577, 1868107.670996201690286, 631.0 ], [ 371487.810412383289076, 1868137.892680284567177, 632.0 ], [ 371518.032096466282383, 1868168.114364367444068, 631.0 ], [ 371548.253780549275689, 1868198.336048450320959, 631.0 ], [ 371578.475464632268995, 1868198.336048450320959, 632.0 ], [ 371608.697148715262301, 1868198.336048450320959, 633.0 ], [ 371638.918832798255607, 1868198.336048450320959, 633.0 ], [ 371669.140516881248914, 1868198.336048450320959, 634.0 ], [ 371699.36220096424222, 1868198.336048450320959, 634.0 ], [ 371729.583885047235526, 1868198.336048450320959, 634.0 ], [ 371759.805569130228832, 1868228.55773253319785, 635.0 ], [ 371790.027253213222139, 1868258.779416616074741, 636.0 ], [ 371820.248937296215445, 1868289.001100698951632, 637.0 ], [ 371850.470621379208751, 1868319.222784781828523, 637.0 ], [ 371880.692305462202057, 1868319.222784781828523, 637.0 ], [ 371910.913989545195363, 1868319.222784781828523, 639.0 ], [ 371941.13567362818867, 1868349.444468864705414, 643.0 ], [ 371971.357357711181976, 1868379.666152947582304, 645.0 ], [ 372001.579041794175282, 1868409.887837030459195, 646.0 ], [ 372031.800725877168588, 1868440.109521113336086, 647.0 ], [ 372062.022409960161895, 1868470.331205196212977, 647.0 ], [ 372092.244094043155201, 1868470.331205196212977, 647.0 ], [ 372122.465778126148507, 1868500.552889279089868, 649.0 ], [ 372152.687462209141813, 1868500.552889279089868, 650.0 ], [ 372182.909146292135119, 1868530.774573361966759, 654.0 ], [ 372213.130830375128426, 1868530.774573361966759, 654.0 ], [ 372243.352514458121732, 1868560.99625744484365, 655.0 ], [ 372273.574198541115038, 1868591.217941527720541, 655.0 ], [ 372303.795882624108344, 1868591.217941527720541, 654.0 ], [ 372334.017566707101651, 1868621.439625610597432, 653.0 ], [ 372364.239250790094957, 1868621.439625610597432, 651.0 ], [ 372364.239250790094957, 1868651.661309693474323, 656.0 ], [ 372394.460934873088263, 1868681.882993776351213, 667.0 ], [ 372424.682618956081569, 1868712.104677859228104, 671.0 ], [ 372424.682618956081569, 1868742.326361942104995, 670.0 ], [ 372454.904303039074875, 1868742.326361942104995, 672.0 ], [ 372454.904303039074875, 1868772.548046024981886, 675.0 ], [ 372485.125987122068182, 1868802.769730107858777, 678.0 ], [ 372515.347671205061488, 1868832.991414190735668, 682.0 ], [ 372515.347671205061488, 1868863.213098273612559, 686.0 ], [ 372515.347671205061488, 1868893.43478235648945, 692.0 ], [ 372515.347671205061488, 1868923.656466439366341, 699.0 ], [ 372485.125987122068182, 1868953.878150522243232, 706.0 ], [ 372485.125987122068182, 1868984.099834605120122, 711.0 ], [ 372485.125987122068182, 1869014.321518687997013, 717.0 ], [ 372485.125987122068182, 1869044.543202770873904, 726.0 ], [ 372485.125987122068182, 1869074.764886853750795, 735.0 ], [ 372485.125987122068182, 1869104.986570936627686, 745.0 ], [ 372485.125987122068182, 1869135.208255019504577, 752.0 ], [ 372485.125987122068182, 1869165.429939102381468, 758.0 ], [ 372485.125987122068182, 1869195.651623185258359, 761.0 ], [ 372485.125987122068182, 1869225.87330726813525, 766.0 ], [ 372515.347671205061488, 1869256.094991351012141, 772.0 ], [ 372515.347671205061488, 1869286.316675433889031, 774.0 ], [ 372515.347671205061488, 1869316.538359516765922, 775.0 ], [ 372515.347671205061488, 1869346.760043599642813, 778.0 ], [ 372515.347671205061488, 1869376.981727682519704, 784.0 ], [ 372545.569355288054794, 1869407.203411765396595, 785.0 ], [ 372545.569355288054794, 1869437.425095848273486, 788.0 ], [ 372545.569355288054794, 1869467.646779931150377, 792.0 ], [ 372575.7910393710481, 1869497.868464014027268, 799.0 ], [ 372606.012723454041407, 1869528.090148096904159, 808.0 ], [ 372606.012723454041407, 1869558.311832179781049, 814.0 ], [ 372606.012723454041407, 1869588.53351626265794, 819.0 ], [ 372606.012723454041407, 1869618.755200345534831, 826.0 ], [ 372575.7910393710481, 1869648.976884428411722, 832.0 ], [ 372575.7910393710481, 1869679.198568511288613, 834.0 ], [ 372606.012723454041407, 1869709.420252594165504, 836.0 ], [ 372606.012723454041407, 1869739.641936677042395, 838.0 ], [ 372606.012723454041407, 1869769.863620759919286, 841.0 ], [ 372606.012723454041407, 1869800.085304842796177, 844.0 ], [ 372606.012723454041407, 1869830.306988925673068, 846.0 ], [ 372606.012723454041407, 1869860.528673008549958, 847.0 ], [ 372606.012723454041407, 1869890.750357091426849, 849.0 ], [ 372606.012723454041407, 1869920.97204117430374, 850.0 ], [ 372606.012723454041407, 1869951.193725257180631, 850.0 ], [ 372606.012723454041407, 1869981.415409340057522, 851.0 ], [ 372606.012723454041407, 1870011.637093422934413, 854.0 ], [ 372575.7910393710481, 1870041.858777505811304, 858.0 ], [ 372545.569355288054794, 1870072.080461588688195, 860.0 ], [ 372545.569355288054794, 1870102.302145671565086, 860.0 ], [ 372545.569355288054794, 1870132.523829754441977, 860.0 ], [ 372515.347671205061488, 1870162.745513837318867, 862.0 ], [ 372515.347671205061488, 1870192.967197920195758, 864.0 ], [ 372515.347671205061488, 1870223.188882003072649, 867.0 ], [ 372515.347671205061488, 1870253.41056608594954, 873.0 ], [ 372515.347671205061488, 1870283.632250168826431, 880.0 ], [ 372515.347671205061488, 1870313.853934251703322, 886.0 ], [ 372545.569355288054794, 1870344.075618334580213, 890.0 ], [ 372545.569355288054794, 1870374.297302417457104, 891.0 ], [ 372545.569355288054794, 1870404.518986500333995, 892.0 ], [ 372545.569355288054794, 1870434.740670583210886, 895.0 ], [ 372545.569355288054794, 1870464.962354666087776, 899.0 ], [ 372545.569355288054794, 1870495.184038748964667, 903.0 ], [ 372575.7910393710481, 1870525.405722831841558, 905.0 ], [ 372545.569355288054794, 1870555.627406914718449, 908.0 ], [ 372545.569355288054794, 1870585.84909099759534, 910.0 ], [ 372545.569355288054794, 1870616.070775080472231, 912.0 ], [ 372575.7910393710481, 1870646.292459163349122, 913.0 ], [ 372575.7910393710481, 1870676.514143246226013, 916.0 ], [ 372575.7910393710481, 1870706.735827329102904, 922.0 ], [ 372575.7910393710481, 1870736.957511411979795, 928.0 ], [ 372575.7910393710481, 1870767.179195494856685, 933.0 ], [ 372575.7910393710481, 1870797.400879577733576, 939.0 ], [ 372606.012723454041407, 1870827.622563660610467, 949.0 ], [ 372606.012723454041407, 1870857.844247743487358, 960.0 ], [ 372606.012723454041407, 1870888.065931826364249, 975.0 ], [ 372606.012723454041407, 1870918.28761590924114, 986.0 ], [ 372636.234407537034713, 1870948.509299992118031, 997.0 ], [ 372636.234407537034713, 1870978.730984074994922, 1005.0 ], [ 372636.234407537034713, 1871008.952668157871813, 1011.0 ], [ 372666.456091620028019, 1871039.174352240748703, 1018.0 ], [ 372696.677775703021325, 1871069.396036323625594, 1017.0 ], [ 372696.677775703021325, 1871099.617720406502485, 1016.0 ], [ 372696.677775703021325, 1871129.839404489379376, 1018.0 ], [ 372666.456091620028019, 1871129.839404489379376, 1021.0 ], [ 372636.234407537034713, 1871160.061088572256267, 1025.0 ], [ 372606.012723454041407, 1871190.282772655133158, 1028.0 ] ] ] } },
{ "type": "Feature", "properties": { "subbasin": "S7", "name": null, "reach_len": null, "reach_rel": null, "reach_sin": null, "reach_slo": null, "len_units": null, "layer": "longest_flowpath_network", "path": "E:\\Manasi_intern\\HMS_Shp\\longest_flowpath_network.shp" }, "geometry": { "type": "MultiLineString", "coordinates": [ [ [ 397130.909356797172222, 1845758.735616747057065, 548.5 ], [ 397115.798514755675569, 1845743.62477470561862, 549.0 ], [ 397085.576830672682263, 1845713.403090622741729, 549.0 ], [ 397055.355146589688957, 1845683.181406539864838, 548.0 ], [ 397025.133462506695651, 1845652.959722456987947, 547.0 ], [ 396994.911778423702344, 1845622.738038374111056, 549.0 ], [ 396994.911778423702344, 1845592.516354291234165, 549.0 ], [ 397025.133462506695651, 1845562.294670208357275, 549.0 ], [ 397025.133462506695651, 1845532.072986125480384, 549.0 ], [ 397025.133462506695651, 1845501.851302042603493, 549.0 ], [ 397055.355146589688957, 1845471.629617959726602, 550.0 ], [ 397085.576830672682263, 1845441.407933876849711, 550.0 ], [ 397115.798514755675569, 1845411.18624979397282, 550.0 ], [ 397146.020198838668875, 1845380.964565711095929, 550.0 ], [ 397176.241882921662182, 1845350.742881628219038, 550.0 ], [ 397206.463567004655488, 1845320.521197545342147, 549.0 ], [ 397236.685251087648794, 1845290.299513462465256, 546.0 ], [ 397266.9069351706421, 1845260.077829379588366, 545.0 ], [ 397266.9069351706421, 1845229.856145296711475, 546.0 ], [ 397266.9069351706421, 1845199.634461213834584, 547.0 ], [ 397266.9069351706421, 1845169.412777130957693, 547.0 ], [ 397266.9069351706421, 1845139.191093048080802, 547.0 ], [ 397297.128619253635406, 1845108.969408965203911, 549.0 ], [ 397327.350303336628713, 1845078.74772488232702, 549.0 ], [ 397357.571987419622019, 1845048.526040799450129, 548.0 ], [ 397357.571987419622019, 1845018.304356716573238, 549.0 ], [ 397327.350303336628713, 1844988.082672633696347, 550.0 ], [ 397327.350303336628713, 1844957.860988550819457, 550.0 ], [ 397297.128619253635406, 1844927.639304467942566, 550.0 ], [ 397297.128619253635406, 1844897.417620385065675, 548.0 ], [ 397327.350303336628713, 1844867.195936302188784, 549.0 ], [ 397327.350303336628713, 1844836.974252219311893, 549.0 ], [ 397297.128619253635406, 1844836.974252219311893, 550.0 ], [ 397266.9069351706421, 1844806.752568136435002, 549.0 ], [ 397236.685251087648794, 1844776.530884053558111, 550.0 ], [ 397206.463567004655488, 1844746.30919997068122, 550.0 ], [ 397176.241882921662182, 1844716.087515887804329, 547.0 ], [ 397146.020198838668875, 1844685.865831804927438, 549.0 ], [ 397115.798514755675569, 1844655.644147722050548, 550.0 ], [ 397085.576830672682263, 1844625.422463639173657, 550.0 ], [ 397055.355146589688957, 1844595.200779556296766, 549.0 ], [ 397025.133462506695651, 1844564.979095473419875, 547.0 ], [ 396994.911778423702344, 1844564.979095473419875, 548.0 ], [ 396964.690094340709038, 1844534.757411390542984, 550.0 ], [ 396964.690094340709038, 1844504.535727307666093, 550.0 ], [ 396934.468410257715732, 1844474.314043224789202, 550.0 ], [ 396904.246726174722426, 1844444.092359141912311, 550.0 ], [ 396874.025042091729119, 1844413.87067505903542, 550.0 ], [ 396843.803358008735813, 1844383.64899097615853, 550.0 ], [ 396843.803358008735813, 1844353.427306893281639, 550.0 ], [ 396813.581673925742507, 1844323.205622810404748, 549.0 ], [ 396783.359989842749201, 1844323.205622810404748, 550.0 ], [ 396753.138305759755895, 1844292.983938727527857, 548.0 ], [ 396722.916621676762588, 1844262.762254644650966, 547.0 ], [ 396722.916621676762588, 1844232.540570561774075, 547.0 ], [ 396722.916621676762588, 1844202.318886478897184, 548.0 ], [ 396722.916621676762588, 1844172.097202396020293, 548.0 ], [ 396722.916621676762588, 1844141.875518313143402, 549.0 ], [ 396722.916621676762588, 1844111.653834230266511, 549.0 ], [ 396722.916621676762588, 1844081.432150147389621, 548.0 ], [ 396722.916621676762588, 1844051.21046606451273, 548.0 ], [ 396722.916621676762588, 1844020.988781981635839, 548.0 ], [ 396722.916621676762588, 1843990.767097898758948, 548.0 ], [ 396753.138305759755895, 1843960.545413815882057, 548.0 ], [ 396783.359989842749201, 1843930.323729733005166, 548.0 ], [ 396813.581673925742507, 1843900.102045650128275, 548.0 ], [ 396843.803358008735813, 1843869.880361567251384, 546.0 ], [ 396843.803358008735813, 1843839.658677484374493, 548.0 ], [ 396843.803358008735813, 1843809.436993401497602, 550.0 ], [ 396843.803358008735813, 1843779.215309318620712, 550.0 ], [ 396813.581673925742507, 1843748.993625235743821, 550.0 ], [ 396783.359989842749201, 1843718.77194115286693, 549.0 ], [ 396753.138305759755895, 1843688.550257069990039, 548.0 ], [ 396722.916621676762588, 1843688.550257069990039, 548.0 ], [ 396692.694937593769282, 1843718.77194115286693, 548.0 ], [ 396662.473253510775976, 1843718.77194115286693, 549.0 ], [ 396632.25156942778267, 1843718.77194115286693, 549.0 ], [ 396602.029885344789363, 1843748.993625235743821, 549.0 ], [ 396571.808201261796057, 1843779.215309318620712, 548.0 ], [ 396541.586517178802751, 1843779.215309318620712, 548.0 ], [ 396511.364833095809445, 1843779.215309318620712, 548.0 ], [ 396481.143149012816139, 1843748.993625235743821, 549.0 ], [ 396450.921464929822832, 1843718.77194115286693, 550.0 ], [ 396420.699780846829526, 1843718.77194115286693, 550.0 ], [ 396390.47809676383622, 1843688.550257069990039, 549.0 ], [ 396360.256412680842914, 1843658.328572987113148, 548.0 ], [ 396360.256412680842914, 1843628.106888904236257, 548.0 ], [ 396360.256412680842914, 1843597.885204821359366, 548.0 ], [ 396360.256412680842914, 1843567.663520738482475, 547.0 ], [ 396330.034728597849607, 1843537.441836655605584, 547.0 ], [ 396299.813044514856301, 1843507.220152572728693, 549.0 ], [ 396299.813044514856301, 1843476.998468489851803, 549.0 ], [ 396269.591360431862995, 1843446.776784406974912, 550.0 ], [ 396269.591360431862995, 1843416.555100324098021, 550.0 ], [ 396239.369676348869689, 1843416.555100324098021, 550.0 ], [ 396209.147992265876383, 1843386.33341624122113, 550.0 ], [ 396178.926308182883076, 1843356.111732158344239, 550.0 ], [ 396148.70462409988977, 1843325.890048075467348, 550.0 ], [ 396118.482940016896464, 1843295.668363992590457, 548.0 ], [ 396088.261255933903158, 1843295.668363992590457, 549.0 ], [ 396088.261255933903158, 1843265.446679909713566, 548.0 ], [ 396058.039571850909851, 1843235.224995826836675, 549.0 ], [ 396027.817887767916545, 1843205.003311743959785, 550.0 ], [ 395997.596203684923239, 1843174.781627661082894, 550.0 ], [ 395967.374519601929933, 1843144.559943578206003, 550.0 ], [ 395967.374519601929933, 1843114.338259495329112, 550.0 ], [ 395967.374519601929933, 1843084.116575412452221, 550.0 ], [ 395967.374519601929933, 1843053.89489132957533, 549.0 ], [ 395937.152835518936627, 1843023.673207246698439, 549.0 ], [ 395906.93115143594332, 1842993.451523163821548, 550.0 ], [ 395876.709467352950014, 1842963.229839080944657, 548.0 ], [ 395846.487783269956708, 1842933.008154998067766, 550.0 ], [ 395816.266099186963402, 1842902.786470915190876, 550.0 ], [ 395786.044415103970096, 1842872.564786832313985, 550.0 ], [ 395755.822731020976789, 1842842.343102749437094, 551.0 ], [ 395725.601046937983483, 1842812.121418666560203, 550.0 ], [ 395695.379362854990177, 1842781.899734583683312, 549.0 ], [ 395665.157678771996871, 1842751.678050500806421, 549.0 ], [ 395634.935994689003564, 1842721.45636641792953, 551.0 ], [ 395604.714310606010258, 1842691.234682335052639, 551.0 ], [ 395574.492626523016952, 1842661.012998252175748, 551.0 ], [ 395544.270942440023646, 1842630.791314169298857, 551.0 ], [ 395514.04925835703034, 1842600.569630086421967, 549.0 ], [ 395483.827574274037033, 1842600.569630086421967, 549.0 ], [ 395453.605890191043727, 1842600.569630086421967, 550.0 ], [ 395423.384206108050421, 1842600.569630086421967, 550.0 ], [ 395393.162522025057115, 1842600.569630086421967, 550.0 ], [ 395362.940837942063808, 1842600.569630086421967, 550.0 ], [ 395332.719153859070502, 1842570.347946003545076, 551.0 ], [ 395302.497469776077196, 1842570.347946003545076, 551.0 ], [ 395272.27578569308389, 1842540.126261920668185, 551.0 ], [ 395242.054101610090584, 1842540.126261920668185, 548.0 ], [ 395211.832417527097277, 1842540.126261920668185, 547.0 ], [ 395181.610733444103971, 1842570.347946003545076, 548.0 ], [ 395151.389049361110665, 1842540.126261920668185, 549.0 ], [ 395121.167365278117359, 1842509.904577837791294, 551.0 ], [ 395090.945681195124052, 1842479.682893754914403, 550.0 ], [ 395090.945681195124052, 1842449.461209672037512, 550.0 ], [ 395090.945681195124052, 1842419.239525589160621, 551.0 ], [ 395090.945681195124052, 1842389.01784150628373, 551.0 ], [ 395121.167365278117359, 1842358.796157423406839, 551.0 ], [ 395151.389049361110665, 1842328.574473340529948, 551.0 ], [ 395181.610733444103971, 1842298.352789257653058, 550.0 ], [ 395211.832417527097277, 1842268.131105174776167, 550.0 ], [ 395211.832417527097277, 1842237.909421091899276, 551.0 ], [ 395181.610733444103971, 1842207.687737009022385, 551.0 ], [ 395151.389049361110665, 1842177.466052926145494, 551.0 ], [ 395121.167365278117359, 1842147.244368843268603, 550.0 ], [ 395090.945681195124052, 1842117.022684760391712, 551.0 ], [ 395060.723997112130746, 1842086.801000677514821, 551.0 ], [ 395030.50231302913744, 1842056.57931659463793, 551.0 ], [ 395000.280628946144134, 1842056.57931659463793, 552.0 ], [ 394970.058944863150828, 1842056.57931659463793, 553.0 ], [ 394939.837260780157521, 1842026.357632511761039, 553.0 ], [ 394909.615576697164215, 1842026.357632511761039, 552.0 ], [ 394879.393892614170909, 1841996.135948428884149, 553.0 ], [ 394849.172208531177603, 1841996.135948428884149, 553.0 ], [ 394818.950524448184296, 1841965.914264346007258, 552.0 ], [ 394788.72884036519099, 1841935.692580263130367, 552.0 ], [ 394788.72884036519099, 1841905.470896180253476, 552.0 ], [ 394758.507156282197684, 1841875.249212097376585, 551.0 ], [ 394758.507156282197684, 1841845.027528014499694, 549.0 ], [ 394758.507156282197684, 1841814.805843931622803, 551.0 ], [ 394728.285472199204378, 1841784.584159848745912, 551.0 ], [ 394698.063788116211072, 1841754.362475765869021, 550.0 ], [ 394698.063788116211072, 1841724.140791682992131, 550.0 ], [ 394698.063788116211072, 1841693.91910760011524, 551.0 ], [ 394698.063788116211072, 1841663.697423517238349, 551.0 ], [ 394698.063788116211072, 1841633.475739434361458, 550.0 ], [ 394698.063788116211072, 1841603.254055351484567, 549.0 ], [ 394728.285472199204378, 1841573.032371268607676, 548.0 ], [ 394728.285472199204378, 1841542.810687185730785, 550.0 ], [ 394728.285472199204378, 1841512.589003102853894, 552.0 ], [ 394728.285472199204378, 1841482.367319019977003, 552.0 ], [ 394728.285472199204378, 1841452.145634937100112, 551.0 ], [ 394758.507156282197684, 1841421.923950854223222, 551.0 ], [ 394758.507156282197684, 1841391.702266771346331, 551.0 ], [ 394758.507156282197684, 1841361.48058268846944, 551.0 ], [ 394758.507156282197684, 1841331.258898605592549, 551.0 ], [ 394758.507156282197684, 1841301.037214522715658, 552.0 ], [ 394728.285472199204378, 1841270.815530439838767, 551.0 ], [ 394698.063788116211072, 1841270.815530439838767, 551.0 ], [ 394667.842104033217765, 1841240.593846356961876, 551.0 ], [ 394637.620419950224459, 1841210.372162274084985, 551.0 ], [ 394607.398735867231153, 1841180.150478191208094, 550.0 ], [ 394577.177051784237847, 1841180.150478191208094, 551.0 ], [ 394546.955367701244541, 1841149.928794108331203, 551.0 ], [ 394546.955367701244541, 1841119.707110025454313, 550.0 ], [ 394516.733683618251234, 1841119.707110025454313, 551.0 ], [ 394486.511999535257928, 1841089.485425942577422, 552.0 ], [ 394456.290315452264622, 1841059.263741859700531, 553.0 ], [ 394426.068631369271316, 1841029.04205777682364, 553.0 ], [ 394395.846947286278009, 1840998.820373693946749, 553.0 ], [ 394365.625263203284703, 1840998.820373693946749, 553.0 ], [ 394335.403579120291397, 1840998.820373693946749, 553.0 ], [ 394305.181895037298091, 1840968.598689611069858, 553.0 ], [ 394274.960210954304785, 1840938.377005528192967, 553.0 ], [ 394244.738526871311478, 1840908.155321445316076, 552.0 ], [ 394214.516842788318172, 1840908.155321445316076, 550.0 ], [ 394214.516842788318172, 1840877.933637362439185, 551.0 ], [ 394214.516842788318172, 1840847.711953279562294, 552.0 ], [ 394244.738526871311478, 1840817.490269196685404, 553.0 ], [ 394244.738526871311478, 1840787.268585113808513, 553.0 ], [ 394214.516842788318172, 1840757.046901030931622, 554.0 ], [ 394184.295158705324866, 1840726.825216948054731, 552.0 ], [ 394154.07347462233156, 1840696.60353286517784, 554.0 ], [ 394123.851790539338253, 1840666.381848782300949, 552.0 ], [ 394123.851790539338253, 1840636.160164699424058, 552.0 ], [ 394123.851790539338253, 1840605.938480616547167, 552.0 ], [ 394123.851790539338253, 1840575.716796533670276, 553.0 ], [ 394123.851790539338253, 1840545.495112450793386, 552.0 ], [ 394123.851790539338253, 1840515.273428367916495, 551.0 ], [ 394123.851790539338253, 1840485.051744285039604, 551.0 ], [ 394093.630106456344947, 1840454.830060202162713, 551.0 ], [ 394063.408422373351641, 1840454.830060202162713, 550.0 ], [ 394033.186738290358335, 1840424.608376119285822, 552.0 ], [ 394002.965054207365029, 1840394.386692036408931, 552.0 ], [ 393972.743370124371722, 1840364.16500795353204, 552.0 ], [ 393942.521686041378416, 1840333.943323870655149, 551.0 ], [ 393912.30000195838511, 1840303.721639787778258, 551.0 ], [ 393882.078317875391804, 1840273.499955704901367, 552.0 ], [ 393882.078317875391804, 1840243.278271622024477, 552.0 ], [ 393882.078317875391804, 1840213.056587539147586, 551.0 ], [ 393882.078317875391804, 1840182.834903456270695, 550.0 ], [ 393882.078317875391804, 1840152.613219373393804, 550.0 ], [ 393851.856633792398497, 1840122.391535290516913, 552.0 ], [ 393821.634949709405191, 1840092.169851207640022, 553.0 ], [ 393791.413265626411885, 1840061.948167124763131, 553.0 ], [ 393761.191581543418579, 1840031.72648304188624, 551.0 ], [ 393730.969897460425273, 1840001.504798959009349, 550.0 ], [ 393730.969897460425273, 1839971.283114876132458, 551.0 ], [ 393730.969897460425273, 1839941.061430793255568, 552.0 ], [ 393730.969897460425273, 1839910.839746710378677, 552.0 ], [ 393761.191581543418579, 1839880.618062627501786, 553.0 ], [ 393791.413265626411885, 1839850.396378544624895, 552.0 ], [ 393791.413265626411885, 1839820.174694461748004, 552.0 ], [ 393791.413265626411885, 1839789.953010378871113, 553.0 ], [ 393761.191581543418579, 1839759.731326295994222, 551.0 ], [ 393761.191581543418579, 1839729.509642213117331, 552.0 ], [ 393730.969897460425273, 1839699.28795813024044, 552.0 ], [ 393730.969897460425273, 1839669.066274047363549, 552.0 ], [ 393730.969897460425273, 1839638.844589964486659, 552.0 ], [ 393730.969897460425273, 1839608.622905881609768, 553.0 ], [ 393700.748213377431966, 1839578.401221798732877, 554.0 ], [ 393670.52652929443866, 1839548.179537715855986, 554.0 ], [ 393670.52652929443866, 1839517.957853632979095, 553.0 ], [ 393670.52652929443866, 1839487.736169550102204, 553.0 ], [ 393640.304845211445354, 1839457.514485467225313, 553.0 ], [ 393610.083161128452048, 1839427.292801384348422, 554.0 ], [ 393579.861477045458741, 1839397.071117301471531, 554.0 ], [ 393549.639792962465435, 1839366.84943321859464, 554.0 ], [ 393549.639792962465435, 1839336.62774913571775, 552.0 ], [ 393579.861477045458741, 1839306.406065052840859, 553.0 ], [ 393579.861477045458741, 1839276.184380969963968, 554.0 ], [ 393610.083161128452048, 1839245.962696887087077, 555.0 ], [ 393640.304845211445354, 1839215.741012804210186, 554.0 ], [ 393610.083161128452048, 1839185.519328721333295, 553.0 ], [ 393579.861477045458741, 1839155.297644638456404, 554.0 ], [ 393549.639792962465435, 1839125.075960555579513, 554.0 ], [ 393549.639792962465435, 1839094.854276472702622, 554.0 ], [ 393519.418108879472129, 1839064.632592389825732, 554.0 ], [ 393489.196424796478823, 1839034.410908306948841, 554.0 ], [ 393458.974740713485517, 1839004.18922422407195, 555.0 ], [ 393428.75305663049221, 1838973.967540141195059, 555.0 ], [ 393428.75305663049221, 1838943.745856058318168, 555.0 ], [ 393458.974740713485517, 1838913.524171975441277, 555.0 ], [ 393458.974740713485517, 1838883.302487892564386, 554.0 ], [ 393458.974740713485517, 1838853.080803809687495, 554.0 ], [ 393428.75305663049221, 1838822.859119726810604, 555.0 ], [ 393398.531372547498904, 1838792.637435643933713, 555.0 ], [ 393368.309688464505598, 1838762.415751561056823, 554.0 ], [ 393338.088004381512292, 1838732.194067478179932, 553.0 ], [ 393307.866320298518986, 1838701.972383395303041, 554.0 ], [ 393277.644636215525679, 1838671.75069931242615, 555.0 ], [ 393247.422952132532373, 1838671.75069931242615, 555.0 ], [ 393217.201268049539067, 1838671.75069931242615, 555.0 ], [ 393186.979583966545761, 1838641.529015229549259, 556.0 ], [ 393156.757899883552454, 1838611.307331146672368, 556.0 ], [ 393156.757899883552454, 1838581.085647063795477, 555.0 ], [ 393126.536215800559148, 1838550.863962980918586, 556.0 ], [ 393096.314531717565842, 1838520.642278898041695, 556.0 ], [ 393066.092847634572536, 1838490.420594815164804, 555.0 ], [ 393096.314531717565842, 1838460.198910732287914, 556.0 ], [ 393126.536215800559148, 1838429.977226649411023, 556.0 ], [ 393126.536215800559148, 1838399.755542566534132, 555.0 ], [ 393156.757899883552454, 1838369.533858483657241, 554.0 ], [ 393186.979583966545761, 1838339.31217440078035, 554.0 ], [ 393217.201268049539067, 1838309.090490317903459, 553.0 ], [ 393186.979583966545761, 1838278.868806235026568, 554.0 ], [ 393156.757899883552454, 1838248.647122152149677, 555.0 ], [ 393126.536215800559148, 1838218.425438069272786, 555.0 ], [ 393096.314531717565842, 1838218.425438069272786, 556.0 ], [ 393066.092847634572536, 1838188.203753986395895, 556.0 ], [ 393035.87116355157923, 1838157.982069903519005, 556.0 ], [ 393005.649479468585923, 1838127.760385820642114, 555.0 ], [ 392975.427795385592617, 1838097.538701737765223, 556.0 ], [ 392945.206111302599311, 1838067.317017654888332, 554.0 ], [ 392945.206111302599311, 1838037.095333572011441, 553.0 ], [ 392945.206111302599311, 1838006.87364948913455, 554.0 ], [ 392945.206111302599311, 1837976.651965406257659, 554.0 ], [ 392945.206111302599311, 1837946.430281323380768, 554.0 ], [ 392914.984427219606005, 1837916.208597240503877, 554.0 ], [ 392884.762743136612698, 1837885.986913157626987, 554.0 ], [ 392884.762743136612698, 1837855.765229074750096, 554.0 ], [ 392884.762743136612698, 1837825.543544991873205, 554.0 ], [ 392884.762743136612698, 1837795.321860908996314, 554.0 ], [ 392884.762743136612698, 1837765.100176826119423, 554.0 ], [ 392884.762743136612698, 1837734.878492743242532, 553.0 ], [ 392884.762743136612698, 1837704.656808660365641, 553.0 ], [ 392884.762743136612698, 1837674.43512457748875, 554.0 ], [ 392884.762743136612698, 1837644.213440494611859, 554.0 ], [ 392884.762743136612698, 1837613.991756411734968, 554.0 ], [ 392884.762743136612698, 1837583.770072328858078, 554.0 ], [ 392854.541059053619392, 1837553.548388245981187, 555.0 ], [ 392824.319374970626086, 1837523.326704163104296, 556.0 ], [ 392824.319374970626086, 1837493.105020080227405, 556.0 ], [ 392824.319374970626086, 1837462.883335997350514, 556.0 ], [ 392824.319374970626086, 1837432.661651914473623, 555.0 ], [ 392794.09769088763278, 1837402.439967831596732, 554.0 ], [ 392763.876006804639474, 1837372.218283748719841, 554.0 ], [ 392763.876006804639474, 1837341.99659966584295, 554.0 ], [ 392763.876006804639474, 1837311.774915582966059, 555.0 ], [ 392763.876006804639474, 1837281.553231500089169, 555.0 ], [ 392733.654322721646167, 1837251.331547417212278, 555.0 ], [ 392703.432638638652861, 1837221.109863334335387, 556.0 ], [ 392703.432638638652861, 1837190.888179251458496, 556.0 ], [ 392673.210954555659555, 1837160.666495168581605, 556.0 ], [ 392642.989270472666249, 1837130.444811085704714, 556.0 ], [ 392612.767586389672942, 1837100.223127002827823, 555.0 ], [ 392582.545902306679636, 1837100.223127002827823, 555.0 ], [ 392552.32421822368633, 1837100.223127002827823, 554.0 ], [ 392522.102534140693024, 1837070.001442919950932, 553.0 ], [ 392491.880850057699718, 1837039.779758837074041, 553.0 ], [ 392461.659165974706411, 1837039.779758837074041, 554.0 ], [ 392431.437481891713105, 1837039.779758837074041, 554.0 ], [ 392401.215797808719799, 1837039.779758837074041, 554.0 ], [ 392370.994113725726493, 1837070.001442919950932, 556.0 ], [ 392340.772429642733186, 1837070.001442919950932, 557.0 ], [ 392310.55074555973988, 1837100.223127002827823, 558.0 ], [ 392280.329061476746574, 1837100.223127002827823, 557.0 ], [ 392250.107377393753268, 1837100.223127002827823, 557.0 ], [ 392219.885693310759962, 1837070.001442919950932, 556.0 ], [ 392189.664009227766655, 1837070.001442919950932, 556.0 ], [ 392159.442325144773349, 1837039.779758837074041, 556.0 ], [ 392129.220641061780043, 1837039.779758837074041, 556.0 ], [ 392098.998956978786737, 1837009.55807475419715, 557.0 ], [ 392068.777272895793431, 1836979.33639067132026, 558.0 ], [ 392038.555588812800124, 1836949.114706588443369, 557.0 ], [ 392008.333904729806818, 1836918.893022505566478, 556.0 ], [ 392008.333904729806818, 1836888.671338422689587, 556.0 ], [ 392008.333904729806818, 1836858.449654339812696, 555.0 ], [ 392008.333904729806818, 1836828.227970256935805, 554.0 ], [ 392008.333904729806818, 1836798.006286174058914, 553.0 ], [ 392008.333904729806818, 1836767.784602091182023, 554.0 ], [ 392008.333904729806818, 1836737.562918008305132, 555.0 ], [ 392038.555588812800124, 1836707.341233925428241, 556.0 ], [ 392038.555588812800124, 1836677.119549842551351, 556.0 ], [ 392068.777272895793431, 1836646.89786575967446, 555.0 ], [ 392068.777272895793431, 1836616.676181676797569, 554.0 ], [ 392038.555588812800124, 1836586.454497593920678, 555.0 ], [ 392008.333904729806818, 1836556.232813511043787, 555.0 ], [ 392008.333904729806818, 1836526.011129428166896, 554.0 ], [ 391978.112220646813512, 1836495.789445345290005, 556.0 ], [ 391978.112220646813512, 1836465.567761262413114, 556.0 ], [ 392008.333904729806818, 1836435.346077179536223, 556.0 ], [ 392008.333904729806818, 1836405.124393096659333, 554.0 ], [ 392008.333904729806818, 1836374.902709013782442, 554.0 ], [ 392008.333904729806818, 1836344.681024930905551, 554.0 ], [ 392008.333904729806818, 1836314.45934084802866, 553.0 ], [ 392008.333904729806818, 1836284.237656765151769, 554.0 ], [ 392008.333904729806818, 1836254.015972682274878, 557.0 ], [ 392008.333904729806818, 1836223.794288599397987, 558.0 ], [ 392008.333904729806818, 1836193.572604516521096, 556.0 ], [ 392008.333904729806818, 1836163.350920433644205, 555.0 ], [ 392008.333904729806818, 1836133.129236350767314, 555.0 ], [ 392008.333904729806818, 1836102.907552267890424, 554.0 ], [ 392008.333904729806818, 1836072.685868185013533, 554.0 ], [ 392008.333904729806818, 1836042.464184102136642, 555.0 ], [ 392038.555588812800124, 1836012.242500019259751, 555.0 ], [ 392038.555588812800124, 1835982.02081593638286, 555.0 ], [ 392008.333904729806818, 1835951.799131853505969, 557.0 ], [ 392008.333904729806818, 1835921.577447770629078, 558.0 ], [ 392008.333904729806818, 1835891.355763687752187, 558.0 ], [ 392008.333904729806818, 1835861.134079604875296, 557.0 ], [ 392008.333904729806818, 1835830.912395521998405, 557.0 ], [ 392008.333904729806818, 1835800.690711439121515, 558.0 ], [ 392008.333904729806818, 1835770.469027356244624, 556.0 ], [ 391978.112220646813512, 1835740.247343273367733, 555.0 ], [ 391947.890536563820206, 1835740.247343273367733, 556.0 ], [ 391917.668852480826899, 1835710.025659190490842, 557.0 ], [ 391887.447168397833593, 1835679.803975107613951, 557.0 ], [ 391857.225484314840287, 1835649.58229102473706, 556.0 ], [ 391827.003800231846981, 1835619.360606941860169, 555.0 ], [ 391796.782116148853675, 1835589.138922858983278, 555.0 ], [ 391766.560432065860368, 1835589.138922858983278, 555.0 ], [ 391736.338747982867062, 1835558.917238776106387, 555.0 ], [ 391706.117063899873756, 1835528.695554693229496, 556.0 ], [ 391675.89537981688045, 1835528.695554693229496, 555.0 ], [ 391645.673695733887143, 1835528.695554693229496, 555.0 ], [ 391615.452011650893837, 1835528.695554693229496, 556.0 ], [ 391585.230327567900531, 1835528.695554693229496, 556.0 ], [ 391555.008643484907225, 1835528.695554693229496, 556.0 ], [ 391524.786959401913919, 1835528.695554693229496, 556.0 ], [ 391494.565275318920612, 1835558.917238776106387, 556.0 ], [ 391464.343591235927306, 1835589.138922858983278, 555.0 ], [ 391434.121907152934, 1835589.138922858983278, 556.0 ], [ 391403.900223069940694, 1835558.917238776106387, 558.0 ], [ 391373.678538986947387, 1835528.695554693229496, 558.0 ], [ 391343.456854903954081, 1835498.473870610352606, 558.0 ], [ 391313.235170820960775, 1835498.473870610352606, 558.0 ], [ 391283.013486737967469, 1835498.473870610352606, 557.0 ], [ 391252.791802654974163, 1835498.473870610352606, 556.0 ], [ 391222.570118571980856, 1835498.473870610352606, 555.0 ], [ 391192.34843448898755, 1835468.252186527475715, 558.0 ], [ 391162.126750405994244, 1835468.252186527475715, 558.0 ], [ 391131.905066323000938, 1835438.030502444598824, 558.0 ], [ 391101.683382240007631, 1835438.030502444598824, 558.0 ], [ 391071.461698157014325, 1835438.030502444598824, 555.0 ], [ 391041.240014074021019, 1835407.808818361721933, 555.0 ], [ 391011.018329991027713, 1835377.587134278845042, 558.0 ], [ 390980.796645908034407, 1835347.365450195968151, 559.0 ], [ 390950.5749618250411, 1835317.14376611309126, 558.0 ], [ 390950.5749618250411, 1835286.922082030214369, 559.0 ], [ 390950.5749618250411, 1835256.700397947337478, 559.0 ], [ 390980.796645908034407, 1835226.478713864460588, 559.0 ], [ 390950.5749618250411, 1835196.257029781583697, 559.0 ], [ 390920.353277742047794, 1835166.035345698706806, 558.0 ], [ 390890.131593659054488, 1835135.813661615829915, 556.0 ], [ 390890.131593659054488, 1835105.591977532953024, 556.0 ], [ 390859.909909576061182, 1835075.370293450076133, 556.0 ], [ 390859.909909576061182, 1835045.148609367199242, 556.0 ], [ 390859.909909576061182, 1835014.926925284322351, 555.0 ], [ 390859.909909576061182, 1834984.70524120144546, 554.0 ], [ 390859.909909576061182, 1834954.483557118568569, 554.0 ], [ 390859.909909576061182, 1834924.261873035691679, 554.0 ], [ 390859.909909576061182, 1834894.040188952814788, 555.0 ], [ 390859.909909576061182, 1834863.818504869937897, 555.0 ], [ 390859.909909576061182, 1834833.596820787061006, 555.0 ], [ 390859.909909576061182, 1834803.375136704184115, 556.0 ], [ 390859.909909576061182, 1834773.153452621307224, 556.0 ], [ 390859.909909576061182, 1834742.931768538430333, 555.0 ], [ 390859.909909576061182, 1834712.710084455553442, 556.0 ], [ 390890.131593659054488, 1834682.488400372676551, 556.0 ], [ 390890.131593659054488, 1834652.26671628979966, 557.0 ], [ 390890.131593659054488, 1834622.04503220692277, 557.0 ], [ 390890.131593659054488, 1834591.823348124045879, 557.0 ], [ 390890.131593659054488, 1834561.601664041168988, 558.0 ], [ 390890.131593659054488, 1834531.379979958292097, 558.0 ], [ 390920.353277742047794, 1834501.158295875415206, 558.0 ], [ 390920.353277742047794, 1834470.936611792538315, 558.0 ], [ 390920.353277742047794, 1834440.714927709661424, 558.0 ], [ 390920.353277742047794, 1834410.493243626784533, 557.0 ], [ 390920.353277742047794, 1834380.271559543907642, 555.0 ], [ 390890.131593659054488, 1834350.049875461030751, 555.0 ], [ 390859.909909576061182, 1834319.828191378153861, 558.0 ], [ 390829.688225493067876, 1834319.828191378153861, 559.0 ], [ 390799.466541410074569, 1834289.60650729527697, 556.0 ], [ 390769.244857327081263, 1834259.384823212400079, 555.0 ], [ 390739.023173244087957, 1834229.163139129523188, 557.0 ], [ 390708.801489161094651, 1834229.163139129523188, 558.0 ], [ 390678.579805078101344, 1834198.941455046646297, 558.0 ], [ 390648.358120995108038, 1834198.941455046646297, 558.0 ], [ 390648.358120995108038, 1834168.719770963769406, 559.0 ], [ 390618.136436912114732, 1834138.498086880892515, 558.0 ], [ 390587.914752829121426, 1834138.498086880892515, 556.0 ], [ 390557.69306874612812, 1834138.498086880892515, 555.0 ], [ 390527.471384663134813, 1834138.498086880892515, 554.0 ], [ 390497.249700580141507, 1834168.719770963769406, 556.0 ], [ 390467.028016497148201, 1834168.719770963769406, 556.0 ], [ 390436.806332414154895, 1834198.941455046646297, 558.0 ], [ 390406.584648331161588, 1834229.163139129523188, 558.0 ], [ 390376.362964248168282, 1834229.163139129523188, 557.0 ], [ 390346.141280165174976, 1834229.163139129523188, 556.0 ], [ 390315.91959608218167, 1834259.384823212400079, 555.0 ], [ 390285.697911999188364, 1834259.384823212400079, 557.0 ], [ 390255.476227916195057, 1834259.384823212400079, 559.0 ], [ 390225.254543833201751, 1834289.60650729527697, 558.0 ], [ 390195.032859750208445, 1834319.828191378153861, 556.0 ], [ 390164.811175667215139, 1834319.828191378153861, 557.0 ], [ 390134.589491584221832, 1834319.828191378153861, 559.0 ], [ 390104.367807501228526, 1834289.60650729527697, 559.0 ], [ 390074.14612341823522, 1834259.384823212400079, 558.0 ], [ 390043.924439335241914, 1834259.384823212400079, 557.0 ], [ 390013.702755252248608, 1834229.163139129523188, 559.0 ], [ 389983.481071169255301, 1834198.941455046646297, 559.0 ], [ 389953.259387086261995, 1834168.719770963769406, 559.0 ], [ 389923.037703003268689, 1834138.498086880892515, 559.0 ], [ 389892.816018920275383, 1834108.276402798015624, 558.0 ], [ 389862.594334837282076, 1834108.276402798015624, 557.0 ], [ 389832.37265075428877, 1834078.054718715138733, 557.0 ], [ 389802.150966671295464, 1834047.833034632261842, 558.0 ], [ 389771.929282588302158, 1834017.611350549384952, 559.0 ], [ 389741.707598505308852, 1833987.389666466508061, 559.0 ], [ 389741.707598505308852, 1833957.16798238363117, 560.0 ], [ 389741.707598505308852, 1833926.946298300754279, 560.0 ], [ 389711.485914422315545, 1833896.724614217877388, 561.0 ], [ 389711.485914422315545, 1833866.502930135000497, 562.0 ], [ 389711.485914422315545, 1833836.281246052123606, 562.0 ], [ 389681.264230339322239, 1833806.059561969246715, 562.0 ], [ 389681.264230339322239, 1833775.837877886369824, 562.0 ], [ 389681.264230339322239, 1833745.616193803492934, 562.0 ], [ 389681.264230339322239, 1833715.394509720616043, 561.0 ], [ 389681.264230339322239, 1833685.172825637739152, 561.0 ], [ 389681.264230339322239, 1833654.951141554862261, 561.0 ], [ 389651.042546256328933, 1833624.72945747198537, 561.0 ], [ 389620.820862173335627, 1833624.72945747198537, 559.0 ], [ 389590.599178090342321, 1833594.507773389108479, 560.0 ], [ 389560.377494007349014, 1833594.507773389108479, 562.0 ], [ 389530.155809924355708, 1833564.286089306231588, 562.0 ], [ 389499.934125841362402, 1833534.064405223354697, 562.0 ], [ 389469.712441758369096, 1833503.842721140477806, 561.0 ], [ 389439.490757675375789, 1833473.621037057600915, 559.0 ], [ 389409.269073592382483, 1833443.399352974724025, 558.0 ], [ 389379.047389509389177, 1833413.177668891847134, 558.0 ], [ 389348.825705426395871, 1833413.177668891847134, 558.0 ], [ 389318.604021343402565, 1833382.955984808970243, 557.0 ], [ 389318.604021343402565, 1833352.734300726093352, 558.0 ], [ 389288.382337260409258, 1833322.512616643216461, 562.0 ], [ 389258.160653177415952, 1833292.29093256033957, 561.0 ], [ 389227.938969094422646, 1833292.29093256033957, 560.0 ], [ 389197.71728501142934, 1833292.29093256033957, 559.0 ], [ 389167.495600928436033, 1833292.29093256033957, 560.0 ], [ 389137.273916845442727, 1833262.069248477462679, 561.0 ], [ 389107.052232762449421, 1833262.069248477462679, 561.0 ], [ 389076.830548679456115, 1833231.847564394585788, 560.0 ], [ 389046.608864596462809, 1833201.625880311708897, 562.0 ], [ 389016.387180513469502, 1833171.404196228832006, 562.0 ], [ 388986.165496430476196, 1833171.404196228832006, 562.0 ], [ 388955.94381234748289, 1833141.182512145955116, 562.0 ], [ 388925.722128264489584, 1833110.960828063078225, 559.0 ], [ 388895.500444181496277, 1833080.739143980201334, 560.0 ], [ 388865.278760098502971, 1833050.517459897324443, 561.0 ], [ 388835.057076015509665, 1833050.517459897324443, 559.0 ], [ 388804.835391932516359, 1833050.517459897324443, 561.0 ], [ 388774.613707849523053, 1833050.517459897324443, 562.0 ], [ 388744.392023766529746, 1833050.517459897324443, 562.0 ], [ 388714.17033968353644, 1833020.295775814447552, 562.0 ], [ 388683.948655600543134, 1832990.074091731570661, 561.0 ], [ 388653.726971517549828, 1832959.85240764869377, 559.0 ], [ 388653.726971517549828, 1832929.630723565816879, 559.0 ], [ 388653.726971517549828, 1832899.409039482939988, 559.0 ], [ 388683.948655600543134, 1832869.187355400063097, 560.0 ], [ 388683.948655600543134, 1832838.965671317186207, 561.0 ], [ 388683.948655600543134, 1832808.743987234309316, 561.0 ], [ 388683.948655600543134, 1832778.522303151432425, 561.0 ], [ 388683.948655600543134, 1832748.300619068555534, 560.0 ], [ 388653.726971517549828, 1832718.078934985678643, 562.0 ], [ 388653.726971517549828, 1832687.857250902801752, 563.0 ], [ 388653.726971517549828, 1832657.635566819924861, 562.0 ], [ 388653.726971517549828, 1832627.41388273704797, 561.0 ], [ 388653.726971517549828, 1832597.192198654171079, 561.0 ], [ 388653.726971517549828, 1832566.970514571294188, 562.0 ], [ 388653.726971517549828, 1832536.748830488417298, 562.0 ], [ 388653.726971517549828, 1832506.527146405540407, 562.0 ], [ 388653.726971517549828, 1832476.305462322663516, 562.0 ], [ 388653.726971517549828, 1832446.083778239786625, 562.0 ], [ 388653.726971517549828, 1832415.862094156909734, 562.0 ], [ 388653.726971517549828, 1832385.640410074032843, 562.0 ], [ 388653.726971517549828, 1832355.418725991155952, 560.0 ], [ 388653.726971517549828, 1832325.197041908279061, 559.0 ], [ 388653.726971517549828, 1832294.97535782540217, 559.0 ], [ 388653.726971517549828, 1832264.75367374252528, 559.0 ], [ 388623.505287434556521, 1832234.531989659648389, 561.0 ], [ 388623.505287434556521, 1832204.310305576771498, 560.0 ], [ 388623.505287434556521, 1832174.088621493894607, 559.0 ], [ 388593.283603351563215, 1832143.866937411017716, 561.0 ], [ 388593.283603351563215, 1832113.645253328140825, 562.0 ], [ 388593.283603351563215, 1832083.423569245263934, 562.0 ], [ 388563.061919268569909, 1832053.201885162387043, 562.0 ], [ 388532.840235185576603, 1832022.980201079510152, 562.0 ], [ 388502.618551102583297, 1831992.758516996633261, 563.0 ], [ 388472.39686701958999, 1831962.536832913756371, 562.0 ], [ 388442.175182936596684, 1831932.31514883087948, 562.0 ], [ 388442.175182936596684, 1831902.093464748002589, 560.0 ], [ 388411.953498853603378, 1831871.871780665125698, 560.0 ], [ 388381.731814770610072, 1831841.650096582248807, 562.0 ], [ 388351.510130687616765, 1831841.650096582248807, 563.0 ], [ 388321.288446604623459, 1831811.428412499371916, 563.0 ], [ 388291.066762521630153, 1831781.206728416495025, 561.0 ], [ 388260.845078438636847, 1831781.206728416495025, 561.0 ], [ 388230.623394355643541, 1831781.206728416495025, 561.0 ], [ 388200.401710272650234, 1831781.206728416495025, 560.0 ], [ 388170.180026189656928, 1831781.206728416495025, 560.0 ], [ 388139.958342106663622, 1831781.206728416495025, 562.0 ], [ 388109.736658023670316, 1831750.985044333618134, 561.0 ], [ 388079.51497394067701, 1831720.763360250741243, 561.0 ], [ 388049.293289857683703, 1831690.541676167864352, 562.0 ], [ 388019.071605774690397, 1831660.319992084987462, 562.0 ], [ 387988.849921691697091, 1831660.319992084987462, 561.0 ], [ 387988.849921691697091, 1831630.098308002110571, 561.0 ], [ 387958.628237608703785, 1831599.87662391923368, 563.0 ], [ 387928.406553525710478, 1831599.87662391923368, 562.0 ], [ 387898.184869442717172, 1831569.654939836356789, 562.0 ], [ 387867.963185359723866, 1831569.654939836356789, 561.0 ], [ 387837.74150127673056, 1831569.654939836356789, 560.0 ], [ 387807.519817193737254, 1831539.433255753479898, 561.0 ], [ 387777.298133110743947, 1831539.433255753479898, 562.0 ], [ 387747.076449027750641, 1831509.211571670603007, 563.0 ], [ 387716.854764944757335, 1831478.989887587726116, 564.0 ], [ 387686.633080861764029, 1831448.768203504849225, 564.0 ], [ 387656.411396778770722, 1831418.546519421972334, 562.0 ], [ 387686.633080861764029, 1831388.324835339095443, 564.0 ], [ 387716.854764944757335, 1831358.103151256218553, 564.0 ], [ 387716.854764944757335, 1831327.881467173341662, 562.0 ], [ 387716.854764944757335, 1831297.659783090464771, 562.0 ], [ 387747.076449027750641, 1831267.43809900758788, 564.0 ], [ 387777.298133110743947, 1831237.216414924710989, 564.0 ], [ 387777.298133110743947, 1831206.994730841834098, 564.0 ], [ 387777.298133110743947, 1831176.773046758957207, 564.0 ], [ 387777.298133110743947, 1831146.551362676080316, 564.0 ], [ 387777.298133110743947, 1831116.329678593203425, 565.0 ], [ 387747.076449027750641, 1831086.107994510326535, 566.0 ], [ 387716.854764944757335, 1831055.886310427449644, 565.0 ], [ 387686.633080861764029, 1831055.886310427449644, 564.0 ], [ 387656.411396778770722, 1831025.664626344572753, 565.0 ], [ 387656.411396778770722, 1830995.442942261695862, 564.0 ], [ 387626.189712695777416, 1830965.221258178818971, 563.0 ], [ 387595.96802861278411, 1830934.99957409594208, 564.0 ], [ 387595.96802861278411, 1830904.777890013065189, 565.0 ], [ 387565.746344529790804, 1830874.556205930188298, 564.0 ], [ 387565.746344529790804, 1830844.334521847311407, 564.0 ], [ 387535.524660446797498, 1830814.112837764434516, 564.0 ], [ 387505.302976363804191, 1830814.112837764434516, 565.0 ], [ 387475.081292280810885, 1830783.891153681557626, 563.0 ], [ 387444.859608197817579, 1830753.669469598680735, 563.0 ], [ 387414.637924114824273, 1830723.447785515803844, 564.0 ], [ 387384.416240031830966, 1830723.447785515803844, 564.0 ], [ 387354.19455594883766, 1830693.226101432926953, 564.0 ], [ 387354.19455594883766, 1830663.004417350050062, 562.0 ], [ 387323.972871865844354, 1830632.782733267173171, 561.0 ], [ 387293.751187782851048, 1830632.782733267173171, 563.0 ], [ 387263.529503699857742, 1830602.56104918429628, 564.0 ], [ 387233.307819616864435, 1830572.339365101419389, 565.0 ], [ 387203.086135533871129, 1830572.339365101419389, 564.0 ], [ 387172.864451450877823, 1830542.117681018542498, 565.0 ], [ 387142.642767367884517, 1830542.117681018542498, 564.0 ], [ 387112.42108328489121, 1830511.895996935665607, 565.0 ], [ 387082.199399201897904, 1830481.674312852788717, 565.0 ], [ 387051.977715118904598, 1830451.452628769911826, 566.0 ], [ 387021.756031035911292, 1830421.230944687034935, 566.0 ], [ 386991.534346952917986, 1830391.009260604158044, 565.0 ], [ 386961.312662869924679, 1830360.787576521281153, 566.0 ], [ 386931.090978786931373, 1830360.787576521281153, 565.0 ], [ 386900.869294703938067, 1830330.565892438404262, 565.0 ], [ 386870.647610620944761, 1830300.344208355527371, 564.0 ], [ 386840.425926537951455, 1830270.12252427265048, 564.0 ], [ 386840.425926537951455, 1830239.900840189773589, 565.0 ], [ 386840.425926537951455, 1830209.679156106896698, 564.0 ], [ 386840.425926537951455, 1830179.457472024019808, 563.0 ], [ 386840.425926537951455, 1830149.235787941142917, 564.0 ], [ 386870.647610620944761, 1830119.014103858266026, 566.0 ], [ 386870.647610620944761, 1830088.792419775389135, 566.0 ], [ 386870.647610620944761, 1830058.570735692512244, 565.0 ], [ 386870.647610620944761, 1830028.349051609635353, 565.0 ], [ 386870.647610620944761, 1829998.127367526758462, 565.0 ], [ 386870.647610620944761, 1829967.905683443881571, 565.0 ], [ 386870.647610620944761, 1829937.68399936100468, 565.0 ], [ 386900.869294703938067, 1829907.462315278127789, 564.0 ], [ 386900.869294703938067, 1829877.240631195250899, 563.0 ], [ 386870.647610620944761, 1829847.018947112374008, 565.0 ], [ 386870.647610620944761, 1829816.797263029497117, 566.0 ], [ 386840.425926537951455, 1829786.575578946620226, 567.0 ], [ 386810.204242454958148, 1829756.353894863743335, 566.0 ], [ 386779.982558371964842, 1829726.132210780866444, 566.0 ], [ 386749.760874288971536, 1829695.910526697989553, 567.0 ], [ 386749.760874288971536, 1829665.688842615112662, 567.0 ], [ 386749.760874288971536, 1829635.467158532235771, 567.0 ], [ 386719.53919020597823, 1829605.245474449358881, 567.0 ], [ 386689.317506122984923, 1829575.02379036648199, 564.0 ], [ 386659.095822039991617, 1829544.802106283605099, 564.0 ], [ 386628.874137956998311, 1829514.580422200728208, 565.0 ], [ 386628.874137956998311, 1829484.358738117851317, 566.0 ], [ 386598.652453874005005, 1829454.137054034974426, 567.0 ], [ 386568.430769791011699, 1829423.915369952097535, 567.0 ], [ 386538.209085708018392, 1829393.693685869220644, 564.0 ], [ 386507.987401625025086, 1829363.472001786343753, 565.0 ], [ 386477.76571754203178, 1829333.250317703466862, 566.0 ], [ 386477.76571754203178, 1829303.028633620589972, 563.0 ], [ 386447.544033459038474, 1829272.806949537713081, 562.0 ], [ 386417.322349376045167, 1829272.806949537713081, 563.0 ], [ 386417.322349376045167, 1829242.58526545483619, 564.0 ], [ 386417.322349376045167, 1829212.363581371959299, 564.0 ], [ 386417.322349376045167, 1829182.141897289082408, 565.0 ], [ 386417.322349376045167, 1829151.920213206205517, 566.0 ], [ 386417.322349376045167, 1829121.698529123328626, 565.0 ], [ 386417.322349376045167, 1829091.476845040451735, 565.0 ], [ 386417.322349376045167, 1829061.255160957574844, 565.0 ], [ 386387.100665293051861, 1829031.033476874697953, 566.0 ], [ 386387.100665293051861, 1829000.811792791821063, 567.0 ], [ 386387.100665293051861, 1828970.590108708944172, 567.0 ], [ 386356.878981210058555, 1828940.368424626067281, 568.0 ], [ 386326.657297127065249, 1828910.14674054319039, 568.0 ], [ 386296.435613044071943, 1828879.925056460313499, 569.0 ], [ 386266.213928961078636, 1828849.703372377436608, 568.0 ], [ 386235.99224487808533, 1828819.481688294559717, 568.0 ], [ 386205.770560795092024, 1828789.260004211682826, 568.0 ], [ 386205.770560795092024, 1828759.038320128805935, 567.0 ], [ 386175.548876712098718, 1828728.816636045929044, 565.0 ], [ 386145.327192629105411, 1828728.816636045929044, 566.0 ], [ 386115.105508546112105, 1828698.594951963052154, 566.0 ], [ 386084.883824463118799, 1828668.373267880175263, 567.0 ], [ 386054.662140380125493, 1828638.151583797298372, 567.0 ], [ 386024.440456297132187, 1828607.929899714421481, 566.0 ], [ 385994.21877221413888, 1828577.70821563154459, 565.0 ], [ 385963.997088131145574, 1828547.486531548667699, 567.0 ], [ 385933.775404048152268, 1828517.264847465790808, 568.0 ], [ 385933.775404048152268, 1828487.043163382913917, 568.0 ], [ 385933.775404048152268, 1828456.821479300037026, 568.0 ], [ 385933.775404048152268, 1828426.599795217160136, 568.0 ], [ 385933.775404048152268, 1828396.378111134283245, 568.0 ], [ 385933.775404048152268, 1828366.156427051406354, 568.0 ], [ 385903.553719965158962, 1828335.934742968529463, 569.0 ], [ 385933.775404048152268, 1828305.713058885652572, 569.0 ], [ 385963.997088131145574, 1828275.491374802775681, 569.0 ], [ 385963.997088131145574, 1828245.26969071989879, 568.0 ], [ 385963.997088131145574, 1828215.048006637021899, 568.0 ], [ 385933.775404048152268, 1828184.826322554145008, 568.0 ], [ 385903.553719965158962, 1828184.826322554145008, 568.0 ], [ 385873.332035882165655, 1828184.826322554145008, 568.0 ], [ 385843.110351799172349, 1828154.604638471268117, 568.0 ], [ 385843.110351799172349, 1828124.382954388391227, 569.0 ], [ 385812.888667716179043, 1828094.161270305514336, 570.0 ], [ 385782.666983633185737, 1828063.939586222637445, 569.0 ], [ 385782.666983633185737, 1828033.717902139760554, 569.0 ], [ 385782.666983633185737, 1828003.496218056883663, 569.0 ], [ 385812.888667716179043, 1827973.274533974006772, 569.0 ], [ 385812.888667716179043, 1827943.052849891129881, 569.0 ], [ 385812.888667716179043, 1827912.83116580825299, 568.0 ], [ 385843.110351799172349, 1827882.609481725376099, 568.0 ], [ 385843.110351799172349, 1827852.387797642499208, 568.0 ], [ 385843.110351799172349, 1827822.166113559622318, 568.0 ], [ 385843.110351799172349, 1827791.944429476745427, 568.0 ], [ 385843.110351799172349, 1827761.722745393868536, 568.0 ], [ 385812.888667716179043, 1827731.501061310991645, 568.0 ], [ 385812.888667716179043, 1827701.279377228114754, 569.0 ], [ 385812.888667716179043, 1827671.057693145237863, 570.0 ], [ 385812.888667716179043, 1827640.836009062360972, 571.0 ], [ 385812.888667716179043, 1827610.614324979484081, 569.0 ], [ 385812.888667716179043, 1827580.39264089660719, 568.0 ], [ 385812.888667716179043, 1827550.170956813730299, 569.0 ], [ 385782.666983633185737, 1827519.949272730853409, 571.0 ], [ 385752.445299550192431, 1827489.727588647976518, 571.0 ], [ 385752.445299550192431, 1827459.505904565099627, 570.0 ], [ 385752.445299550192431, 1827429.284220482222736, 570.0 ], [ 385752.445299550192431, 1827399.062536399345845, 570.0 ], [ 385782.666983633185737, 1827368.840852316468954, 570.0 ], [ 385812.888667716179043, 1827338.619168233592063, 569.0 ], [ 385812.888667716179043, 1827308.397484150715172, 569.0 ], [ 385812.888667716179043, 1827278.175800067838281, 568.0 ], [ 385782.666983633185737, 1827247.95411598496139, 568.0 ], [ 385782.666983633185737, 1827217.7324319020845, 568.0 ], [ 385782.666983633185737, 1827187.510747819207609, 568.0 ], [ 385782.666983633185737, 1827157.289063736330718, 569.0 ], [ 385782.666983633185737, 1827127.067379653453827, 567.0 ], [ 385752.445299550192431, 1827096.845695570576936, 569.0 ], [ 385722.223615467199124, 1827066.624011487700045, 571.0 ], [ 385692.001931384205818, 1827036.402327404823154, 570.0 ], [ 385661.780247301212512, 1827006.180643321946263, 571.0 ], [ 385661.780247301212512, 1826975.958959239069372, 570.0 ], [ 385631.558563218219206, 1826945.737275156192482, 570.0 ], [ 385601.3368791352259, 1826915.515591073315591, 571.0 ], [ 385571.115195052232593, 1826885.2939069904387, 572.0 ], [ 385540.893510969239287, 1826885.2939069904387, 572.0 ], [ 385510.671826886245981, 1826885.2939069904387, 572.0 ], [ 385480.450142803252675, 1826855.072222907561809, 573.0 ], [ 385450.228458720259368, 1826824.850538824684918, 572.0 ], [ 385420.006774637266062, 1826794.628854741808027, 571.0 ], [ 385389.785090554272756, 1826764.407170658931136, 573.0 ], [ 385359.56340647127945, 1826764.407170658931136, 572.0 ], [ 385329.341722388286144, 1826734.185486576054245, 573.0 ], [ 385299.120038305292837, 1826703.963802493177354, 571.0 ], [ 385268.898354222299531, 1826673.742118410300463, 571.0 ], [ 385238.676670139306225, 1826643.520434327423573, 570.0 ], [ 385208.454986056312919, 1826613.298750244546682, 571.0 ], [ 385178.233301973319612, 1826583.077066161669791, 571.0 ], [ 385148.011617890326306, 1826552.8553820787929, 571.0 ], [ 385117.789933807333, 1826522.633697995916009, 572.0 ], [ 385087.568249724339694, 1826492.412013913039118, 573.0 ], [ 385087.568249724339694, 1826462.190329830162227, 573.0 ], [ 385117.789933807333, 1826431.968645747285336, 573.0 ], [ 385117.789933807333, 1826401.746961664408445, 573.0 ], [ 385117.789933807333, 1826371.525277581531554, 572.0 ], [ 385117.789933807333, 1826341.303593498654664, 573.0 ], [ 385117.789933807333, 1826311.081909415777773, 573.0 ], [ 385117.789933807333, 1826280.860225332900882, 573.0 ], [ 385117.789933807333, 1826250.638541250023991, 572.0 ], [ 385148.011617890326306, 1826220.4168571671471, 573.0 ], [ 385148.011617890326306, 1826190.195173084270209, 573.0 ], [ 385148.011617890326306, 1826159.973489001393318, 574.0 ], [ 385178.233301973319612, 1826129.751804918516427, 575.0 ], [ 385208.454986056312919, 1826099.530120835639536, 575.0 ], [ 385208.454986056312919, 1826069.308436752762645, 575.0 ], [ 385208.454986056312919, 1826039.086752669885755, 575.0 ], [ 385208.454986056312919, 1826008.865068587008864, 574.0 ], [ 385178.233301973319612, 1825978.643384504131973, 575.0 ], [ 385178.233301973319612, 1825948.421700421255082, 574.0 ], [ 385178.233301973319612, 1825918.200016338378191, 573.0 ], [ 385178.233301973319612, 1825887.9783322555013, 573.0 ], [ 385178.233301973319612, 1825857.756648172624409, 574.0 ], [ 385148.011617890326306, 1825827.534964089747518, 575.0 ], [ 385148.011617890326306, 1825797.313280006870627, 575.0 ], [ 385148.011617890326306, 1825767.091595923993737, 574.0 ], [ 385148.011617890326306, 1825736.869911841116846, 573.0 ], [ 385148.011617890326306, 1825706.648227758239955, 573.0 ], [ 385148.011617890326306, 1825676.426543675363064, 573.0 ], [ 385148.011617890326306, 1825646.204859592486173, 574.0 ], [ 385178.233301973319612, 1825615.983175509609282, 574.0 ], [ 385178.233301973319612, 1825585.761491426732391, 574.0 ], [ 385178.233301973319612, 1825555.5398073438555, 575.0 ], [ 385178.233301973319612, 1825525.318123260978609, 575.0 ], [ 385208.454986056312919, 1825495.096439178101718, 574.0 ], [ 385238.676670139306225, 1825464.874755095224828, 574.0 ], [ 385238.676670139306225, 1825434.653071012347937, 575.0 ], [ 385268.898354222299531, 1825404.431386929471046, 576.0 ], [ 385299.120038305292837, 1825374.209702846594155, 576.0 ], [ 385329.341722388286144, 1825343.988018763717264, 576.0 ], [ 385359.56340647127945, 1825313.766334680840373, 576.0 ], [ 385389.785090554272756, 1825283.544650597963482, 575.0 ], [ 385389.785090554272756, 1825253.322966515086591, 576.0 ], [ 385420.006774637266062, 1825223.1012824322097, 577.0 ], [ 385450.228458720259368, 1825192.879598349332809, 576.0 ], [ 385480.450142803252675, 1825162.657914266455919, 575.0 ], [ 385510.671826886245981, 1825132.436230183579028, 576.0 ], [ 385540.893510969239287, 1825102.214546100702137, 576.0 ], [ 385571.115195052232593, 1825071.992862017825246, 577.0 ], [ 385571.115195052232593, 1825041.771177934948355, 577.0 ], [ 385571.115195052232593, 1825011.549493852071464, 579.0 ], [ 385571.115195052232593, 1824981.327809769194573, 579.0 ], [ 385571.115195052232593, 1824951.106125686317682, 578.0 ], [ 385571.115195052232593, 1824920.884441603440791, 579.0 ], [ 385571.115195052232593, 1824890.6627575205639, 578.0 ], [ 385540.893510969239287, 1824860.44107343768701, 577.0 ], [ 385510.671826886245981, 1824830.219389354810119, 577.0 ], [ 385480.450142803252675, 1824799.997705271933228, 577.0 ], [ 385450.228458720259368, 1824769.776021189056337, 578.0 ], [ 385420.006774637266062, 1824769.776021189056337, 578.0 ], [ 385389.785090554272756, 1824739.554337106179446, 578.0 ], [ 385389.785090554272756, 1824709.332653023302555, 579.0 ], [ 385359.56340647127945, 1824679.110968940425664, 579.0 ], [ 385329.341722388286144, 1824648.889284857548773, 579.0 ], [ 385299.120038305292837, 1824618.667600774671882, 578.0 ], [ 385268.898354222299531, 1824588.445916691794991, 579.0 ], [ 385238.676670139306225, 1824558.224232608918101, 579.0 ], [ 385208.454986056312919, 1824558.224232608918101, 579.0 ], [ 385178.233301973319612, 1824528.00254852604121, 580.0 ], [ 385148.011617890326306, 1824497.780864443164319, 580.0 ], [ 385148.011617890326306, 1824467.559180360287428, 580.0 ], [ 385148.011617890326306, 1824437.337496277410537, 580.0 ], [ 385178.233301973319612, 1824407.115812194533646, 580.0 ], [ 385208.454986056312919, 1824376.894128111656755, 579.0 ], [ 385238.676670139306225, 1824346.672444028779864, 579.0 ], [ 385268.898354222299531, 1824316.450759945902973, 580.0 ], [ 385299.120038305292837, 1824286.229075863026083, 580.0 ], [ 385299.120038305292837, 1824256.007391780149192, 578.0 ], [ 385299.120038305292837, 1824225.785707697272301, 579.0 ], [ 385299.120038305292837, 1824195.56402361439541, 579.0 ], [ 385299.120038305292837, 1824165.342339531518519, 579.0 ], [ 385299.120038305292837, 1824135.120655448641628, 580.0 ], [ 385329.341722388286144, 1824104.898971365764737, 581.0 ], [ 385329.341722388286144, 1824074.677287282887846, 581.0 ], [ 385329.341722388286144, 1824044.455603200010955, 581.0 ], [ 385359.56340647127945, 1824014.233919117134064, 583.0 ], [ 385359.56340647127945, 1823984.012235034257174, 583.0 ], [ 385359.56340647127945, 1823953.790550951380283, 582.0 ], [ 385389.785090554272756, 1823923.568866868503392, 582.0 ], [ 385420.006774637266062, 1823893.347182785626501, 582.0 ], [ 385450.228458720259368, 1823863.12549870274961, 583.0 ], [ 385450.228458720259368, 1823832.903814619872719, 583.0 ], [ 385480.450142803252675, 1823802.682130536995828, 583.0 ], [ 385510.671826886245981, 1823772.460446454118937, 583.0 ], [ 385540.893510969239287, 1823742.238762371242046, 582.0 ], [ 385571.115195052232593, 1823712.017078288365155, 582.0 ], [ 385601.3368791352259, 1823712.017078288365155, 583.0 ], [ 385631.558563218219206, 1823712.017078288365155, 585.0 ], [ 385661.780247301212512, 1823681.795394205488265, 586.0 ], [ 385692.001931384205818, 1823651.573710122611374, 586.0 ], [ 385722.223615467199124, 1823621.352026039734483, 586.0 ], [ 385752.445299550192431, 1823621.352026039734483, 585.0 ], [ 385782.666983633185737, 1823591.130341956857592, 587.0 ], [ 385782.666983633185737, 1823560.908657873980701, 589.0 ], [ 385782.666983633185737, 1823530.68697379110381, 590.0 ], [ 385782.666983633185737, 1823500.465289708226919, 589.0 ], [ 385782.666983633185737, 1823470.243605625350028, 585.0 ], [ 385782.666983633185737, 1823440.021921542473137, 586.0 ], [ 385782.666983633185737, 1823409.800237459596246, 589.0 ], [ 385782.666983633185737, 1823379.578553376719356, 591.0 ], [ 385752.445299550192431, 1823349.356869293842465, 591.0 ], [ 385752.445299550192431, 1823319.135185210965574, 590.0 ], [ 385722.223615467199124, 1823288.913501128088683, 591.0 ], [ 385722.223615467199124, 1823258.691817045211792, 590.0 ], [ 385722.223615467199124, 1823228.470132962334901, 590.0 ], [ 385722.223615467199124, 1823198.24844887945801, 592.0 ], [ 385722.223615467199124, 1823168.026764796581119, 593.0 ], [ 385722.223615467199124, 1823137.805080713704228, 591.0 ], [ 385752.445299550192431, 1823107.583396630827338, 592.0 ], [ 385752.445299550192431, 1823077.361712547950447, 591.0 ], [ 385782.666983633185737, 1823047.140028465073556, 593.0 ], [ 385782.666983633185737, 1823016.918344382196665, 591.0 ], [ 385812.888667716179043, 1822986.696660299319774, 592.0 ], [ 385843.110351799172349, 1822956.474976216442883, 593.0 ], [ 385873.332035882165655, 1822926.253292133565992, 593.0 ], [ 385903.553719965158962, 1822926.253292133565992, 593.0 ], [ 385933.775404048152268, 1822896.031608050689101, 595.0 ], [ 385963.997088131145574, 1822865.80992396781221, 595.0 ], [ 385994.21877221413888, 1822835.588239884935319, 593.0 ], [ 385994.21877221413888, 1822805.366555802058429, 592.0 ], [ 385994.21877221413888, 1822775.144871719181538, 592.0 ], [ 385994.21877221413888, 1822744.923187636304647, 592.0 ], [ 385994.21877221413888, 1822714.701503553427756, 592.0 ], [ 385994.21877221413888, 1822684.479819470550865, 593.0 ], [ 385994.21877221413888, 1822654.258135387673974, 595.0 ], [ 386024.440456297132187, 1822624.036451304797083, 597.0 ], [ 386024.440456297132187, 1822593.814767221920192, 596.0 ], [ 386054.662140380125493, 1822563.593083139043301, 597.0 ], [ 386054.662140380125493, 1822533.37139905616641, 597.0 ], [ 386054.662140380125493, 1822503.14971497328952, 597.0 ], [ 386084.883824463118799, 1822472.928030890412629, 598.0 ], [ 386084.883824463118799, 1822442.706346807535738, 597.0 ], [ 386115.105508546112105, 1822412.484662724658847, 598.0 ], [ 386145.327192629105411, 1822382.262978641781956, 597.0 ], [ 386175.548876712098718, 1822382.262978641781956, 597.0 ], [ 386205.770560795092024, 1822352.041294558905065, 597.0 ], [ 386205.770560795092024, 1822321.819610476028174, 598.0 ], [ 386235.99224487808533, 1822291.597926393151283, 598.0 ], [ 386235.99224487808533, 1822261.376242310274392, 598.0 ], [ 386235.99224487808533, 1822231.154558227397501, 599.0 ], [ 386235.99224487808533, 1822200.932874144520611, 599.0 ], [ 386235.99224487808533, 1822170.71119006164372, 599.0 ], [ 386235.99224487808533, 1822140.489505978766829, 598.0 ], [ 386235.99224487808533, 1822110.267821895889938, 598.0 ], [ 386235.99224487808533, 1822080.046137813013047, 599.0 ], [ 386235.99224487808533, 1822049.824453730136156, 599.0 ], [ 386205.770560795092024, 1822019.602769647259265, 599.0 ], [ 386235.99224487808533, 1821989.381085564382374, 600.0 ], [ 386266.213928961078636, 1821959.159401481505483, 600.0 ], [ 386266.213928961078636, 1821928.937717398628592, 600.0 ], [ 386235.99224487808533, 1821898.716033315751702, 600.0 ], [ 386205.770560795092024, 1821868.494349232874811, 599.0 ], [ 386205.770560795092024, 1821838.27266514999792, 600.0 ], [ 386205.770560795092024, 1821808.050981067121029, 601.0 ], [ 386205.770560795092024, 1821777.829296984244138, 600.0 ], [ 386205.770560795092024, 1821747.607612901367247, 601.0 ], [ 386175.548876712098718, 1821717.385928818490356, 602.0 ], [ 386145.327192629105411, 1821687.164244735613465, 602.0 ], [ 386115.105508546112105, 1821656.942560652736574, 602.0 ], [ 386084.883824463118799, 1821626.720876569859684, 602.0 ], [ 386054.662140380125493, 1821596.499192486982793, 605.0 ], [ 386024.440456297132187, 1821566.277508404105902, 606.0 ], [ 385994.21877221413888, 1821536.055824321229011, 603.0 ], [ 385963.997088131145574, 1821505.83414023835212, 603.0 ], [ 385933.775404048152268, 1821475.612456155475229, 605.0 ], [ 385903.553719965158962, 1821445.390772072598338, 606.0 ], [ 385873.332035882165655, 1821415.169087989721447, 607.0 ], [ 385843.110351799172349, 1821384.947403906844556, 604.0 ], [ 385812.888667716179043, 1821354.725719823967665, 606.0 ], [ 385812.888667716179043, 1821324.504035741090775, 605.0 ], [ 385782.666983633185737, 1821294.282351658213884, 605.0 ], [ 385752.445299550192431, 1821264.060667575336993, 607.0 ], [ 385752.445299550192431, 1821233.838983492460102, 606.0 ], [ 385722.223615467199124, 1821203.617299409583211, 610.0 ], [ 385722.223615467199124, 1821173.39561532670632, 611.0 ], [ 385692.001931384205818, 1821143.173931243829429, 609.0 ], [ 385661.780247301212512, 1821112.952247160952538, 609.0 ], [ 385631.558563218219206, 1821082.730563078075647, 611.0 ], [ 385601.3368791352259, 1821082.730563078075647, 609.0 ], [ 385571.115195052232593, 1821052.508878995198756, 609.0 ], [ 385540.893510969239287, 1821052.508878995198756, 608.0 ], [ 385510.671826886245981, 1821022.287194912321866, 611.0 ], [ 385480.450142803252675, 1821022.287194912321866, 610.0 ], [ 385450.228458720259368, 1820992.065510829444975, 610.0 ], [ 385420.006774637266062, 1820961.843826746568084, 611.0 ], [ 385389.785090554272756, 1820931.622142663691193, 610.0 ], [ 385359.56340647127945, 1820901.400458580814302, 608.0 ], [ 385359.56340647127945, 1820871.178774497937411, 611.0 ], [ 385329.341722388286144, 1820871.178774497937411, 612.0 ], [ 385299.120038305292837, 1820840.95709041506052, 613.0 ], [ 385268.898354222299531, 1820810.735406332183629, 613.0 ], [ 385268.898354222299531, 1820780.513722249306738, 613.0 ], [ 385268.898354222299531, 1820750.292038166429847, 614.0 ], [ 385268.898354222299531, 1820720.070354083552957, 614.0 ], [ 385268.898354222299531, 1820689.848670000676066, 616.0 ], [ 385268.898354222299531, 1820659.626985917799175, 618.0 ], [ 385238.676670139306225, 1820629.405301834922284, 619.0 ], [ 385238.676670139306225, 1820599.183617752045393, 619.0 ], [ 385208.454986056312919, 1820568.961933669168502, 618.0 ], [ 385178.233301973319612, 1820538.740249586291611, 619.0 ], [ 385148.011617890326306, 1820508.51856550341472, 621.0 ], [ 385117.789933807333, 1820478.296881420537829, 621.0 ], [ 385087.568249724339694, 1820448.075197337660939, 620.0 ], [ 385057.346565641346388, 1820417.853513254784048, 620.0 ], [ 385027.124881558353081, 1820387.631829171907157, 621.0 ], [ 384996.903197475359775, 1820357.410145089030266, 622.0 ], [ 384996.903197475359775, 1820327.188461006153375, 619.0 ], [ 384996.903197475359775, 1820296.966776923276484, 620.0 ], [ 384996.903197475359775, 1820266.745092840399593, 622.0 ], [ 384996.903197475359775, 1820236.523408757522702, 622.0 ], [ 384996.903197475359775, 1820206.301724674645811, 621.0 ], [ 384996.903197475359775, 1820176.08004059176892, 619.0 ], [ 384996.903197475359775, 1820145.85835650889203, 620.0 ], [ 384996.903197475359775, 1820115.636672426015139, 622.0 ], [ 384966.681513392366469, 1820085.414988343138248, 625.0 ], [ 384936.459829309373163, 1820055.193304260261357, 628.0 ], [ 384906.238145226379856, 1820024.971620177384466, 629.0 ], [ 384876.01646114338655, 1819994.749936094507575, 627.0 ], [ 384845.794777060393244, 1819964.528252011630684, 627.0 ], [ 384815.573092977399938, 1819934.306567928753793, 627.0 ], [ 384785.351408894406632, 1819904.084883845876902, 626.0 ], [ 384785.351408894406632, 1819873.863199763000011, 624.0 ], [ 384755.129724811413325, 1819843.641515680123121, 621.0 ], [ 384755.129724811413325, 1819813.41983159724623, 622.0 ], [ 384724.908040728420019, 1819783.198147514369339, 625.0 ], [ 384724.908040728420019, 1819752.976463431492448, 626.0 ], [ 384694.686356645426713, 1819722.754779348615557, 626.0 ], [ 384664.464672562433407, 1819692.533095265738666, 627.0 ], [ 384634.2429884794401, 1819662.311411182861775, 629.0 ], [ 384604.021304396446794, 1819632.089727099984884, 632.0 ], [ 384573.799620313453488, 1819601.868043017107993, 632.0 ], [ 384573.799620313453488, 1819571.646358934231102, 631.0 ], [ 384543.577936230460182, 1819541.424674851354212, 633.0 ], [ 384513.356252147466876, 1819511.202990768477321, 635.0 ], [ 384513.356252147466876, 1819480.98130668560043, 634.0 ], [ 384483.134568064473569, 1819450.759622602723539, 635.0 ], [ 384483.134568064473569, 1819420.537938519846648, 635.0 ], [ 384483.134568064473569, 1819390.316254436969757, 636.0 ], [ 384452.912883981480263, 1819360.094570354092866, 635.0 ], [ 384422.691199898486957, 1819329.872886271215975, 636.0 ], [ 384422.691199898486957, 1819299.651202188339084, 636.0 ], [ 384392.469515815493651, 1819269.429518105462193, 637.0 ], [ 384392.469515815493651, 1819239.207834022585303, 639.0 ], [ 384362.247831732500345, 1819208.986149939708412, 641.0 ], [ 384362.247831732500345, 1819178.764465856831521, 643.0 ], [ 384362.247831732500345, 1819148.54278177395463, 645.0 ], [ 384362.247831732500345, 1819118.321097691077739, 646.0 ], [ 384332.026147649507038, 1819088.099413608200848, 642.0 ], [ 384332.026147649507038, 1819057.877729525323957, 642.0 ], [ 384332.026147649507038, 1819027.656045442447066, 645.0 ], [ 384332.026147649507038, 1818997.434361359570175, 643.0 ], [ 384332.026147649507038, 1818967.212677276693285, 642.0 ], [ 384301.804463566513732, 1818936.990993193816394, 644.0 ], [ 384271.582779483520426, 1818906.769309110939503, 644.0 ], [ 384241.36109540052712, 1818876.547625028062612, 642.0 ], [ 384211.139411317533813, 1818846.325940945185721, 643.0 ], [ 384180.917727234540507, 1818816.10425686230883, 646.0 ], [ 384180.917727234540507, 1818785.882572779431939, 649.0 ], [ 384150.696043151547201, 1818755.660888696555048, 650.0 ], [ 384150.696043151547201, 1818725.439204613678157, 651.0 ], [ 384150.696043151547201, 1818695.217520530801266, 652.0 ], [ 384150.696043151547201, 1818664.995836447924376, 653.0 ], [ 384150.696043151547201, 1818634.774152365047485, 652.0 ], [ 384150.696043151547201, 1818604.552468282170594, 651.0 ], [ 384120.474359068553895, 1818574.330784199293703, 653.0 ], [ 384120.474359068553895, 1818544.109100116416812, 653.0 ], [ 384090.252674985560589, 1818513.887416033539921, 655.0 ], [ 384090.252674985560589, 1818483.66573195066303, 655.0 ], [ 384060.030990902567282, 1818453.444047867786139, 655.0 ], [ 384029.809306819573976, 1818453.444047867786139, 655.0 ], [ 383999.58762273658067, 1818453.444047867786139, 659.0 ], [ 383969.365938653587364, 1818423.222363784909248, 660.0 ], [ 383939.144254570594057, 1818423.222363784909248, 661.0 ], [ 383908.922570487600751, 1818393.000679702032357, 662.0 ], [ 383908.922570487600751, 1818362.778995619155467, 662.0 ], [ 383878.700886404607445, 1818332.557311536278576, 664.0 ], [ 383848.479202321614139, 1818302.335627453401685, 664.0 ], [ 383818.257518238620833, 1818272.113943370524794, 664.0 ], [ 383788.035834155627526, 1818241.892259287647903, 664.0 ], [ 383788.035834155627526, 1818211.670575204771012, 664.0 ], [ 383788.035834155627526, 1818181.448891121894121, 667.0 ], [ 383788.035834155627526, 1818151.22720703901723, 669.0 ], [ 383757.81415007263422, 1818121.005522956140339, 672.0 ], [ 383757.81415007263422, 1818090.783838873263448, 675.0 ], [ 383757.81415007263422, 1818060.562154790386558, 678.0 ], [ 383757.81415007263422, 1818030.340470707509667, 679.0 ], [ 383727.592465989640914, 1818000.118786624632776, 678.0 ], [ 383697.370781906647608, 1817969.897102541755885, 677.0 ], [ 383667.149097823654301, 1817939.675418458878994, 676.0 ], [ 383636.927413740660995, 1817909.453734376002103, 677.0 ], [ 383606.705729657667689, 1817879.232050293125212, 679.0 ], [ 383576.484045574674383, 1817849.010366210248321, 681.0 ], [ 383576.484045574674383, 1817818.78868212737143, 682.0 ], [ 383546.262361491681077, 1817788.566998044494539, 683.0 ], [ 383516.04067740868777, 1817758.345313961617649, 683.0 ], [ 383516.04067740868777, 1817728.123629878740758, 683.0 ], [ 383485.818993325694464, 1817697.901945795863867, 689.0 ], [ 383455.597309242701158, 1817667.680261712986976, 697.0 ], [ 383425.375625159707852, 1817637.458577630110085, 698.0 ], [ 383395.153941076714545, 1817637.458577630110085, 701.0 ], [ 383364.932256993721239, 1817607.236893547233194, 702.0 ], [ 383334.710572910727933, 1817577.015209464356303, 702.0 ], [ 383304.488888827734627, 1817577.015209464356303, 698.0 ], [ 383274.267204744741321, 1817546.793525381479412, 703.0 ], [ 383244.045520661748014, 1817546.793525381479412, 711.0 ], [ 383213.823836578754708, 1817516.571841298602521, 718.0 ], [ 383183.602152495761402, 1817486.350157215725631, 725.0 ], [ 383153.380468412768096, 1817486.350157215725631, 725.0 ], [ 383123.15878432977479, 1817456.12847313284874, 727.0 ], [ 383092.937100246781483, 1817456.12847313284874, 735.0 ], [ 383062.715416163788177, 1817425.906789049971849, 752.0 ], [ 383032.493732080794871, 1817425.906789049971849, 763.0 ], [ 383002.272047997801565, 1817395.685104967094958, 767.0 ], [ 382972.050363914808258, 1817395.685104967094958, 769.0 ], [ 382941.828679831814952, 1817365.463420884218067, 768.0 ], [ 382911.606995748821646, 1817335.241736801341176, 768.0 ], [ 382911.606995748821646, 1817305.020052718464285, 768.0 ], [ 382881.38531166582834, 1817305.020052718464285, 771.0 ], [ 382851.163627582835034, 1817305.020052718464285, 773.0 ], [ 382820.941943499841727, 1817305.020052718464285, 772.0 ], [ 382790.720259416848421, 1817335.241736801341176, 775.0 ], [ 382760.498575333855115, 1817365.463420884218067, 779.0 ], [ 382730.276891250861809, 1817395.685104967094958, 783.0 ], [ 382700.055207167868502, 1817425.906789049971849, 785.0 ], [ 382669.833523084875196, 1817456.12847313284874, 787.0 ], [ 382639.61183900188189, 1817486.350157215725631, 791.0 ], [ 382609.390154918888584, 1817516.571841298602521, 793.0 ], [ 382579.168470835895278, 1817546.793525381479412, 796.0 ], [ 382548.946786752901971, 1817546.793525381479412, 799.0 ], [ 382518.725102669908665, 1817546.793525381479412, 801.0 ], [ 382488.503418586915359, 1817577.015209464356303, 803.0 ], [ 382458.281734503922053, 1817607.236893547233194, 806.0 ], [ 382428.060050420928746, 1817637.458577630110085, 808.0 ], [ 382428.060050420928746, 1817667.680261712986976, 808.0 ], [ 382397.83836633793544, 1817697.901945795863867, 812.0 ], [ 382367.616682254942134, 1817697.901945795863867, 818.0 ], [ 382337.394998171948828, 1817728.123629878740758, 824.0 ], [ 382307.173314088955522, 1817758.345313961617649, 826.0 ], [ 382276.951630005962215, 1817788.566998044494539, 830.0 ], [ 382246.729945922968909, 1817788.566998044494539, 830.0 ], [ 382216.508261839975603, 1817818.78868212737143, 828.0 ], [ 382186.286577756982297, 1817818.78868212737143, 830.0 ], [ 382156.06489367398899, 1817818.78868212737143, 834.0 ], [ 382125.843209590995684, 1817818.78868212737143, 836.0 ], [ 382095.621525508002378, 1817818.78868212737143, 838.0 ], [ 382065.399841425009072, 1817818.78868212737143, 841.0 ], [ 382035.178157342015766, 1817818.78868212737143, 844.0 ], [ 382004.956473259022459, 1817818.78868212737143, 847.0 ], [ 381974.734789176029153, 1817818.78868212737143, 847.0 ], [ 381944.513105093035847, 1817818.78868212737143, 848.0 ], [ 381914.291421010042541, 1817818.78868212737143, 848.0 ], [ 381884.069736927049235, 1817818.78868212737143, 846.0 ], [ 381853.848052844055928, 1817818.78868212737143, 844.0 ], [ 381823.626368761062622, 1817788.566998044494539, 846.0 ], [ 381793.404684678069316, 1817788.566998044494539, 847.0 ], [ 381763.18300059507601, 1817788.566998044494539, 848.0 ], [ 381732.961316512082703, 1817788.566998044494539, 850.0 ], [ 381702.739632429089397, 1817788.566998044494539, 850.0 ], [ 381672.517948346096091, 1817788.566998044494539, 848.0 ], [ 381642.296264263102785, 1817788.566998044494539, 849.0 ], [ 381612.074580180109479, 1817818.78868212737143, 851.0 ], [ 381581.852896097116172, 1817818.78868212737143, 853.0 ], [ 381551.631212014122866, 1817818.78868212737143, 855.0 ], [ 381521.40952793112956, 1817849.010366210248321, 854.0 ], [ 381491.187843848136254, 1817849.010366210248321, 852.0 ], [ 381460.966159765142947, 1817879.232050293125212, 855.0 ], [ 381430.744475682149641, 1817909.453734376002103, 855.0 ], [ 381400.522791599156335, 1817939.675418458878994, 855.0 ], [ 381370.301107516163029, 1817939.675418458878994, 853.0 ], [ 381340.079423433169723, 1817969.897102541755885, 853.0 ], [ 381309.857739350176416, 1818000.118786624632776, 854.0 ], [ 381279.63605526718311, 1818000.118786624632776, 852.0 ], [ 381249.414371184189804, 1818000.118786624632776, 854.0 ], [ 381219.192687101196498, 1818000.118786624632776, 855.0 ], [ 381188.971003018203191, 1817969.897102541755885, 857.0 ], [ 381158.749318935209885, 1817969.897102541755885, 857.0 ], [ 381128.527634852216579, 1817969.897102541755885, 858.0 ], [ 381098.305950769223273, 1817969.897102541755885, 860.0 ], [ 381068.084266686229967, 1817969.897102541755885, 863.0 ], [ 381037.86258260323666, 1817939.675418458878994, 866.0 ], [ 381007.640898520243354, 1817909.453734376002103, 868.0 ], [ 380977.419214437250048, 1817909.453734376002103, 869.0 ], [ 380947.197530354256742, 1817879.232050293125212, 869.0 ], [ 380916.975846271263435, 1817849.010366210248321, 866.0 ], [ 380886.754162188270129, 1817849.010366210248321, 867.0 ], [ 380856.532478105276823, 1817818.78868212737143, 872.0 ], [ 380826.310794022283517, 1817788.566998044494539, 875.0 ], [ 380796.089109939290211, 1817788.566998044494539, 877.0 ], [ 380765.867425856296904, 1817788.566998044494539, 877.0 ], [ 380735.645741773303598, 1817788.566998044494539, 877.0 ], [ 380705.424057690310292, 1817788.566998044494539, 878.0 ], [ 380675.202373607316986, 1817788.566998044494539, 880.0 ], [ 380644.98068952432368, 1817788.566998044494539, 880.0 ], [ 380614.759005441330373, 1817788.566998044494539, 881.0 ], [ 380584.537321358337067, 1817818.78868212737143, 882.0 ], [ 380554.315637275343761, 1817818.78868212737143, 881.0 ], [ 380524.093953192350455, 1817818.78868212737143, 881.0 ], [ 380493.872269109357148, 1817818.78868212737143, 883.0 ], [ 380463.650585026363842, 1817818.78868212737143, 885.0 ], [ 380433.428900943370536, 1817818.78868212737143, 885.0 ], [ 380403.20721686037723, 1817818.78868212737143, 884.0 ], [ 380372.985532777383924, 1817818.78868212737143, 883.0 ], [ 380342.763848694390617, 1817818.78868212737143, 884.0 ], [ 380312.542164611397311, 1817818.78868212737143, 884.0 ], [ 380282.320480528404005, 1817818.78868212737143, 885.0 ], [ 380252.098796445410699, 1817788.566998044494539, 886.0 ], [ 380221.877112362417392, 1817758.345313961617649, 886.0 ], [ 380191.655428279424086, 1817728.123629878740758, 882.0 ], [ 380191.655428279424086, 1817697.901945795863867, 883.0 ], [ 380191.655428279424086, 1817667.680261712986976, 886.0 ], [ 380191.655428279424086, 1817637.458577630110085, 888.0 ], [ 380191.655428279424086, 1817607.236893547233194, 893.0 ], [ 380191.655428279424086, 1817577.015209464356303, 897.0 ], [ 380191.655428279424086, 1817546.793525381479412, 899.0 ], [ 380191.655428279424086, 1817516.571841298602521, 901.0 ], [ 380191.655428279424086, 1817486.350157215725631, 904.0 ], [ 380221.877112362417392, 1817456.12847313284874, 906.0 ], [ 380221.877112362417392, 1817425.906789049971849, 907.0 ], [ 380221.877112362417392, 1817395.685104967094958, 911.0 ], [ 380221.877112362417392, 1817365.463420884218067, 917.0 ], [ 380191.655428279424086, 1817335.241736801341176, 922.0 ], [ 380191.655428279424086, 1817305.020052718464285, 926.0 ], [ 380191.655428279424086, 1817274.798368635587394, 931.0 ], [ 380191.655428279424086, 1817244.576684552710503, 935.0 ], [ 380191.655428279424086, 1817214.355000469833612, 938.0 ], [ 380191.655428279424086, 1817184.133316386956722, 940.0 ], [ 380161.43374419643078, 1817153.911632304079831, 941.0 ], [ 380161.43374419643078, 1817123.68994822120294, 942.0 ], [ 380131.212060113437474, 1817093.468264138326049, 946.0 ], [ 380131.212060113437474, 1817063.246580055449158, 949.0 ], [ 380100.990376030444168, 1817033.024895972572267, 954.0 ], [ 380100.990376030444168, 1817002.803211889695376, 957.0 ], [ 380070.768691947450861, 1816972.581527806818485, 961.0 ], [ 380070.768691947450861, 1816942.359843723941594, 964.0 ], [ 380070.768691947450861, 1816912.138159641064703, 967.0 ], [ 380070.768691947450861, 1816881.916475558187813, 970.0 ], [ 380070.768691947450861, 1816851.694791475310922, 971.0 ], [ 380070.768691947450861, 1816821.473107392434031, 972.0 ], [ 380070.768691947450861, 1816791.25142330955714, 975.0 ], [ 380070.768691947450861, 1816761.029739226680249, 977.0 ], [ 380100.990376030444168, 1816730.808055143803358, 980.0 ], [ 380100.990376030444168, 1816700.586371060926467, 983.0 ], [ 380100.990376030444168, 1816670.364686978049576, 987.0 ], [ 380100.990376030444168, 1816640.143002895172685, 989.0 ], [ 380070.768691947450861, 1816609.921318812295794, 991.0 ], [ 380070.768691947450861, 1816579.699634729418904, 994.0 ], [ 380070.768691947450861, 1816549.477950646542013, 997.0 ], [ 380040.547007864457555, 1816519.256266563665122, 999.0 ], [ 380040.547007864457555, 1816489.034582480788231, 1001.0 ], [ 380040.547007864457555, 1816458.81289839791134, 1002.0 ], [ 380040.547007864457555, 1816428.591214315034449, 1003.0 ], [ 380040.547007864457555, 1816398.369530232157558, 1004.0 ], [ 380040.547007864457555, 1816368.147846149280667, 1004.0 ], [ 380070.768691947450861, 1816337.926162066403776, 1006.0 ] ] ] } },
{ "type": "Feature", "properties": { "subbasin": "S6", "name": null, "reach_len": null, "reach_rel": null, "reach_sin": null, "reach_slo": null, "len_units": null, "layer": "longest_flowpath_network", "path": "E:\\Manasi_intern\\HMS_Shp\\longest_flowpath_network.shp" }, "geometry": { "type": "MultiLineString", "coordinates": [ [ [ 397130.909356795833446, 1845773.846458815503865, 548.5 ], [ 397115.798514754336793, 1845773.846458815503865, 549.0 ], [ 397085.576830671343487, 1845773.846458815503865, 549.0 ], [ 397055.355146588350181, 1845773.846458815503865, 549.0 ], [ 397025.133462505356874, 1845773.846458815503865, 548.0 ], [ 396994.911778422363568, 1845804.068142898380756, 548.0 ], [ 396964.690094339370262, 1845804.068142898380756, 548.0 ], [ 396934.468410256376956, 1845804.068142898380756, 547.0 ], [ 396904.246726173383649, 1845804.068142898380756, 547.0 ], [ 396874.025042090390343, 1845834.289826981257647, 547.0 ], [ 396843.803358007397037, 1845864.511511064134538, 548.0 ], [ 396813.581673924403731, 1845894.733195147011429, 547.0 ], [ 396783.359989841410425, 1845924.95487922988832, 548.0 ], [ 396753.138305758417118, 1845924.95487922988832, 549.0 ], [ 396722.916621675423812, 1845924.95487922988832, 548.0 ], [ 396692.694937592430506, 1845924.95487922988832, 547.0 ], [ 396662.4732535094372, 1845924.95487922988832, 547.0 ], [ 396632.251569426443893, 1845924.95487922988832, 548.0 ], [ 396602.029885343450587, 1845924.95487922988832, 549.0 ], [ 396571.808201260457281, 1845955.176563312765211, 550.0 ], [ 396541.586517177463975, 1845985.398247395642102, 550.0 ], [ 396511.364833094470669, 1845985.398247395642102, 548.0 ], [ 396481.143149011477362, 1845985.398247395642102, 546.0 ], [ 396450.921464928484056, 1845955.176563312765211, 547.0 ], [ 396420.69978084549075, 1845955.176563312765211, 547.0 ], [ 396390.478096762497444, 1845985.398247395642102, 550.0 ], [ 396360.256412679504137, 1846015.619931478518993, 550.0 ], [ 396330.034728596510831, 1846045.841615561395884, 548.0 ], [ 396299.813044513517525, 1846045.841615561395884, 546.0 ], [ 396269.591360430524219, 1846076.063299644272774, 547.0 ], [ 396239.369676347530913, 1846106.284983727149665, 547.0 ], [ 396239.369676347530913, 1846136.506667810026556, 547.0 ], [ 396209.147992264537606, 1846166.728351892903447, 548.0 ], [ 396209.147992264537606, 1846196.950035975780338, 548.0 ], [ 396178.9263081815443, 1846227.171720058657229, 548.0 ], [ 396148.704624098550994, 1846257.39340414153412, 548.0 ], [ 396118.482940015557688, 1846287.615088224411011, 547.0 ], [ 396088.261255932564382, 1846317.836772307287902, 548.0 ], [ 396058.039571849571075, 1846317.836772307287902, 547.0 ], [ 396027.817887766577769, 1846287.615088224411011, 548.0 ], [ 395997.596203683584463, 1846257.39340414153412, 548.0 ], [ 395967.374519600591157, 1846227.171720058657229, 549.0 ], [ 395937.15283551759785, 1846196.950035975780338, 550.0 ], [ 395906.931151434604544, 1846166.728351892903447, 550.0 ], [ 395876.709467351611238, 1846136.506667810026556, 550.0 ], [ 395846.487783268617932, 1846136.506667810026556, 549.0 ], [ 395816.266099185624626, 1846106.284983727149665, 550.0 ], [ 395786.044415102631319, 1846076.063299644272774, 549.0 ], [ 395755.822731019638013, 1846045.841615561395884, 548.0 ], [ 395725.601046936644707, 1846015.619931478518993, 550.0 ], [ 395695.379362853651401, 1845985.398247395642102, 550.0 ], [ 395665.157678770658094, 1845955.176563312765211, 550.0 ], [ 395634.935994687664788, 1845955.176563312765211, 549.0 ], [ 395604.714310604671482, 1845924.95487922988832, 549.0 ], [ 395574.492626521678176, 1845894.733195147011429, 549.0 ], [ 395574.492626521678176, 1845864.511511064134538, 549.0 ], [ 395574.492626521678176, 1845834.289826981257647, 548.0 ], [ 395544.27094243868487, 1845804.068142898380756, 548.0 ], [ 395514.049258355691563, 1845773.846458815503865, 550.0 ], [ 395514.049258355691563, 1845743.624774732626975, 550.0 ], [ 395544.27094243868487, 1845713.403090649750084, 550.0 ], [ 395544.27094243868487, 1845683.181406566873193, 550.0 ], [ 395574.492626521678176, 1845652.959722483996302, 551.0 ], [ 395604.714310604671482, 1845622.738038401119411, 550.0 ], [ 395634.935994687664788, 1845592.51635431824252, 550.0 ], [ 395665.157678770658094, 1845562.294670235365629, 550.0 ], [ 395695.379362853651401, 1845532.072986152488738, 550.0 ], [ 395695.379362853651401, 1845501.851302069611847, 549.0 ], [ 395665.157678770658094, 1845471.629617986734957, 550.0 ], [ 395665.157678770658094, 1845441.407933903858066, 549.0 ], [ 395665.157678770658094, 1845411.186249820981175, 549.0 ], [ 395634.935994687664788, 1845380.964565738104284, 549.0 ], [ 395604.714310604671482, 1845350.742881655227393, 550.0 ], [ 395604.714310604671482, 1845320.521197572350502, 549.0 ], [ 395604.714310604671482, 1845290.299513489473611, 549.0 ], [ 395574.492626521678176, 1845260.07782940659672, 549.0 ], [ 395574.492626521678176, 1845229.856145323719829, 549.0 ], [ 395574.492626521678176, 1845199.634461240842938, 549.0 ], [ 395544.27094243868487, 1845169.412777157966048, 550.0 ], [ 395514.049258355691563, 1845139.191093075089157, 551.0 ], [ 395483.827574272698257, 1845108.969408992212266, 550.0 ], [ 395453.605890189704951, 1845139.191093075089157, 550.0 ], [ 395423.384206106711645, 1845139.191093075089157, 548.0 ], [ 395423.384206106711645, 1845169.412777157966048, 550.0 ], [ 395393.162522023718338, 1845199.634461240842938, 551.0 ], [ 395362.940837940725032, 1845229.856145323719829, 550.0 ], [ 395332.719153857731726, 1845260.07782940659672, 551.0 ], [ 395302.49746977473842, 1845260.07782940659672, 551.0 ], [ 395272.275785691745114, 1845260.07782940659672, 551.0 ], [ 395242.054101608751807, 1845260.07782940659672, 551.0 ], [ 395211.832417525758501, 1845260.07782940659672, 551.0 ], [ 395181.610733442765195, 1845260.07782940659672, 551.0 ], [ 395151.389049359771889, 1845260.07782940659672, 551.0 ], [ 395121.167365276778582, 1845260.07782940659672, 551.0 ], [ 395090.945681193785276, 1845290.299513489473611, 551.0 ], [ 395060.72399711079197, 1845290.299513489473611, 550.0 ], [ 395030.502313027798664, 1845260.07782940659672, 550.0 ], [ 395000.280628944805358, 1845260.07782940659672, 551.0 ], [ 394970.058944861812051, 1845260.07782940659672, 549.0 ], [ 394939.837260778818745, 1845290.299513489473611, 550.0 ], [ 394909.615576695825439, 1845290.299513489473611, 550.0 ], [ 394879.393892612832133, 1845290.299513489473611, 551.0 ], [ 394849.172208529838827, 1845260.07782940659672, 551.0 ], [ 394818.95052444684552, 1845260.07782940659672, 550.0 ], [ 394788.728840363852214, 1845260.07782940659672, 549.0 ], [ 394758.507156280858908, 1845229.856145323719829, 548.0 ], [ 394728.285472197865602, 1845229.856145323719829, 548.0 ], [ 394698.063788114872295, 1845199.634461240842938, 549.0 ], [ 394667.842104031878989, 1845169.412777157966048, 549.0 ], [ 394637.620419948885683, 1845169.412777157966048, 548.0 ], [ 394607.398735865892377, 1845169.412777157966048, 548.0 ], [ 394577.177051782899071, 1845169.412777157966048, 548.0 ], [ 394546.955367699905764, 1845169.412777157966048, 548.0 ], [ 394516.733683616912458, 1845169.412777157966048, 548.0 ], [ 394486.511999533919152, 1845169.412777157966048, 548.0 ], [ 394456.290315450925846, 1845169.412777157966048, 548.0 ], [ 394426.068631367932539, 1845169.412777157966048, 549.0 ], [ 394395.846947284939233, 1845169.412777157966048, 550.0 ], [ 394365.625263201945927, 1845169.412777157966048, 550.0 ], [ 394335.403579118952621, 1845199.634461240842938, 551.0 ], [ 394305.181895035959315, 1845199.634461240842938, 550.0 ], [ 394274.960210952966008, 1845199.634461240842938, 548.0 ], [ 394244.738526869972702, 1845199.634461240842938, 547.0 ], [ 394214.516842786979396, 1845199.634461240842938, 547.0 ], [ 394184.29515870398609, 1845229.856145323719829, 547.0 ], [ 394154.073474620992783, 1845229.856145323719829, 546.0 ], [ 394123.851790537999477, 1845229.856145323719829, 547.0 ], [ 394093.630106455006171, 1845229.856145323719829, 548.0 ], [ 394063.408422372012865, 1845229.856145323719829, 549.0 ], [ 394033.186738289019559, 1845199.634461240842938, 549.0 ], [ 394002.965054206026252, 1845169.412777157966048, 548.0 ], [ 393972.743370123032946, 1845139.191093075089157, 547.0 ], [ 393942.52168604003964, 1845108.969408992212266, 548.0 ], [ 393912.300001957046334, 1845108.969408992212266, 548.0 ], [ 393882.078317874053027, 1845078.747724909335375, 547.0 ], [ 393851.856633791059721, 1845048.526040826458484, 547.0 ], [ 393821.634949708066415, 1845018.304356743581593, 548.0 ], [ 393791.413265625073109, 1845018.304356743581593, 549.0 ], [ 393761.191581542079803, 1844988.082672660704702, 550.0 ], [ 393730.969897459086496, 1844957.860988577827811, 549.0 ], [ 393700.74821337609319, 1844927.63930449495092, 547.0 ], [ 393670.526529293099884, 1844927.63930449495092, 546.0 ], [ 393640.304845210106578, 1844927.63930449495092, 545.0 ], [ 393610.083161127113272, 1844927.63930449495092, 545.0 ], [ 393579.861477044119965, 1844927.63930449495092, 547.0 ], [ 393549.639792961126659, 1844927.63930449495092, 547.0 ], [ 393519.418108878133353, 1844927.63930449495092, 548.0 ], [ 393489.196424795140047, 1844927.63930449495092, 549.0 ], [ 393458.97474071214674, 1844927.63930449495092, 550.0 ], [ 393428.753056629153434, 1844957.860988577827811, 549.0 ], [ 393398.531372546160128, 1844957.860988577827811, 547.0 ], [ 393368.309688463166822, 1844957.860988577827811, 548.0 ], [ 393338.088004380173516, 1844988.082672660704702, 548.0 ], [ 393307.866320297180209, 1845018.304356743581593, 545.0 ], [ 393277.644636214186903, 1845018.304356743581593, 546.0 ], [ 393247.422952131193597, 1845018.304356743581593, 549.0 ], [ 393217.201268048200291, 1845018.304356743581593, 550.0 ], [ 393186.979583965206984, 1845018.304356743581593, 549.0 ], [ 393156.757899882213678, 1844988.082672660704702, 547.0 ], [ 393126.536215799220372, 1844957.860988577827811, 548.0 ], [ 393096.314531716227066, 1844927.63930449495092, 549.0 ], [ 393066.09284763323376, 1844897.417620412074029, 548.0 ], [ 393035.871163550240453, 1844897.417620412074029, 548.0 ], [ 393005.649479467247147, 1844867.195936329197139, 547.0 ], [ 392975.427795384253841, 1844836.974252246320248, 548.0 ], [ 392945.206111301260535, 1844836.974252246320248, 549.0 ], [ 392914.984427218267228, 1844836.974252246320248, 549.0 ], [ 392884.762743135273922, 1844806.752568163443357, 549.0 ], [ 392854.541059052280616, 1844806.752568163443357, 550.0 ], [ 392824.31937496928731, 1844806.752568163443357, 550.0 ], [ 392794.097690886294004, 1844776.530884080566466, 549.0 ], [ 392763.876006803300697, 1844776.530884080566466, 549.0 ], [ 392733.654322720307391, 1844776.530884080566466, 550.0 ], [ 392703.432638637314085, 1844776.530884080566466, 551.0 ], [ 392673.210954554320779, 1844776.530884080566466, 551.0 ], [ 392642.989270471327472, 1844776.530884080566466, 551.0 ], [ 392612.767586388334166, 1844776.530884080566466, 549.0 ], [ 392582.54590230534086, 1844776.530884080566466, 547.0 ], [ 392552.324218222347554, 1844776.530884080566466, 548.0 ], [ 392522.102534139354248, 1844746.309199997689575, 548.0 ], [ 392491.880850056360941, 1844716.087515914812684, 548.0 ], [ 392461.659165973367635, 1844685.865831831935793, 548.0 ], [ 392431.437481890374329, 1844655.644147749058902, 547.0 ], [ 392401.215797807381023, 1844625.422463666182011, 547.0 ], [ 392370.994113724387717, 1844625.422463666182011, 547.0 ], [ 392340.77242964139441, 1844595.20077958330512, 549.0 ], [ 392310.550745558401104, 1844564.97909550042823, 550.0 ], [ 392280.329061475407798, 1844534.757411417551339, 548.0 ], [ 392250.107377392414492, 1844534.757411417551339, 546.0 ], [ 392219.885693309421185, 1844504.535727334674448, 548.0 ], [ 392189.664009226427879, 1844474.314043251797557, 550.0 ], [ 392159.442325143434573, 1844444.092359168920666, 551.0 ], [ 392129.220641060441267, 1844413.870675086043775, 551.0 ], [ 392129.220641060441267, 1844383.648991003166884, 551.0 ], [ 392159.442325143434573, 1844353.427306920289993, 551.0 ], [ 392159.442325143434573, 1844323.205622837413102, 550.0 ], [ 392159.442325143434573, 1844292.983938754536211, 549.0 ], [ 392129.220641060441267, 1844262.762254671659321, 551.0 ], [ 392129.220641060441267, 1844232.54057058878243, 550.0 ], [ 392129.220641060441267, 1844202.318886505905539, 549.0 ], [ 392098.998956977447961, 1844172.097202423028648, 551.0 ], [ 392068.777272894454654, 1844141.875518340151757, 551.0 ], [ 392038.555588811461348, 1844111.653834257274866, 550.0 ], [ 392008.333904728468042, 1844081.432150174397975, 548.0 ], [ 391978.112220645474736, 1844051.210466091521084, 548.0 ], [ 391947.890536562481429, 1844020.988782008644193, 548.0 ], [ 391917.668852479488123, 1843990.767097925767303, 549.0 ], [ 391887.447168396494817, 1843960.545413842890412, 549.0 ], [ 391857.225484313501511, 1843930.323729760013521, 549.0 ], [ 391827.003800230508205, 1843900.10204567713663, 550.0 ], [ 391796.782116147514898, 1843869.880361594259739, 548.0 ], [ 391766.560432064521592, 1843839.658677511382848, 550.0 ], [ 391736.338747981528286, 1843809.436993428505957, 550.0 ], [ 391706.11706389853498, 1843779.215309345629066, 549.0 ], [ 391706.11706389853498, 1843748.993625262752175, 548.0 ], [ 391675.895379815541673, 1843748.993625262752175, 548.0 ], [ 391645.673695732548367, 1843748.993625262752175, 549.0 ], [ 391615.452011649555061, 1843718.771941179875284, 551.0 ], [ 391585.230327566561755, 1843688.550257096998394, 550.0 ], [ 391555.008643483568449, 1843658.328573014121503, 548.0 ], [ 391524.786959400575142, 1843658.328573014121503, 547.0 ], [ 391494.565275317581836, 1843628.106888931244612, 547.0 ], [ 391464.34359123458853, 1843628.106888931244612, 548.0 ], [ 391434.121907151595224, 1843628.106888931244612, 549.0 ], [ 391403.900223068601917, 1843628.106888931244612, 549.0 ], [ 391373.678538985608611, 1843658.328573014121503, 549.0 ], [ 391343.456854902615305, 1843658.328573014121503, 548.0 ], [ 391313.235170819621999, 1843658.328573014121503, 547.0 ], [ 391283.013486736628693, 1843628.106888931244612, 548.0 ], [ 391252.791802653635386, 1843628.106888931244612, 549.0 ], [ 391222.57011857064208, 1843597.885204848367721, 550.0 ], [ 391192.348434487648774, 1843597.885204848367721, 551.0 ], [ 391162.126750404655468, 1843597.885204848367721, 552.0 ], [ 391131.905066321662161, 1843597.885204848367721, 552.0 ], [ 391101.683382238668855, 1843567.66352076549083, 553.0 ], [ 391071.461698155675549, 1843537.441836682613939, 553.0 ], [ 391041.240014072682243, 1843507.220152599737048, 551.0 ], [ 391011.018329989688937, 1843476.998468516860157, 551.0 ], [ 390980.79664590669563, 1843446.776784433983266, 550.0 ], [ 390950.574961823702324, 1843416.555100351106375, 549.0 ], [ 390920.353277740709018, 1843386.333416268229485, 547.0 ], [ 390890.131593657715712, 1843356.111732185352594, 549.0 ], [ 390859.909909574722406, 1843325.890048102475703, 551.0 ], [ 390829.688225491729099, 1843295.668364019598812, 550.0 ], [ 390799.466541408735793, 1843265.446679936721921, 550.0 ], [ 390769.244857325742487, 1843235.22499585384503, 550.0 ], [ 390739.023173242749181, 1843205.003311770968139, 550.0 ], [ 390739.023173242749181, 1843174.781627688091248, 550.0 ], [ 390739.023173242749181, 1843144.559943605214357, 550.0 ], [ 390739.023173242749181, 1843114.338259522337466, 548.0 ], [ 390739.023173242749181, 1843084.116575439460576, 551.0 ], [ 390708.801489159755874, 1843053.894891356583685, 552.0 ], [ 390708.801489159755874, 1843023.673207273706794, 551.0 ], [ 390678.579805076762568, 1842993.451523190829903, 551.0 ], [ 390678.579805076762568, 1842963.229839107953012, 551.0 ], [ 390708.801489159755874, 1842933.008155025076121, 551.0 ], [ 390708.801489159755874, 1842902.78647094219923, 551.0 ], [ 390708.801489159755874, 1842872.564786859322339, 552.0 ], [ 390708.801489159755874, 1842842.343102776445448, 553.0 ], [ 390708.801489159755874, 1842812.121418693568558, 553.0 ], [ 390708.801489159755874, 1842781.899734610691667, 553.0 ], [ 390708.801489159755874, 1842751.678050527814776, 553.0 ], [ 390708.801489159755874, 1842721.456366444937885, 553.0 ], [ 390708.801489159755874, 1842691.234682362060994, 553.0 ], [ 390678.579805076762568, 1842661.012998279184103, 553.0 ], [ 390648.358120993769262, 1842630.791314196307212, 553.0 ], [ 390618.136436910775956, 1842630.791314196307212, 552.0 ], [ 390587.91475282778265, 1842600.569630113430321, 551.0 ], [ 390557.693068744789343, 1842570.34794603055343, 551.0 ], [ 390527.471384661796037, 1842540.126261947676539, 550.0 ], [ 390497.249700578802731, 1842509.904577864799649, 550.0 ], [ 390467.028016495809425, 1842479.682893781922758, 551.0 ], [ 390436.806332412816118, 1842479.682893781922758, 552.0 ], [ 390406.584648329822812, 1842449.461209699045867, 552.0 ], [ 390376.362964246829506, 1842449.461209699045867, 551.0 ], [ 390346.1412801638362, 1842449.461209699045867, 551.0 ], [ 390315.919596080842894, 1842449.461209699045867, 552.0 ], [ 390285.697911997849587, 1842419.239525616168976, 550.0 ], [ 390255.476227914856281, 1842389.017841533292085, 553.0 ], [ 390225.254543831862975, 1842358.796157450415194, 553.0 ], [ 390195.032859748869669, 1842328.574473367538303, 551.0 ], [ 390164.811175665876362, 1842298.352789284661412, 551.0 ], [ 390134.589491582883056, 1842268.131105201784521, 551.0 ], [ 390104.36780749988975, 1842237.90942111890763, 551.0 ], [ 390074.146123416896444, 1842207.68773703603074, 552.0 ], [ 390043.924439333903138, 1842177.466052953153849, 552.0 ], [ 390013.702755250909831, 1842147.244368870276958, 553.0 ], [ 389983.481071167916525, 1842147.244368870276958, 553.0 ], [ 389953.259387084923219, 1842147.244368870276958, 553.0 ], [ 389923.037703001929913, 1842177.466052953153849, 552.0 ], [ 389892.816018918936606, 1842177.466052953153849, 552.0 ], [ 389862.5943348359433, 1842177.466052953153849, 553.0 ], [ 389832.372650752949994, 1842177.466052953153849, 553.0 ], [ 389802.150966669956688, 1842177.466052953153849, 553.0 ], [ 389771.929282586963382, 1842177.466052953153849, 554.0 ], [ 389741.707598503970075, 1842177.466052953153849, 554.0 ], [ 389711.485914420976769, 1842147.244368870276958, 554.0 ], [ 389681.264230337983463, 1842117.022684787400067, 553.0 ], [ 389651.042546254990157, 1842086.801000704523176, 550.0 ], [ 389620.820862171996851, 1842086.801000704523176, 549.0 ], [ 389590.599178089003544, 1842086.801000704523176, 550.0 ], [ 389560.377494006010238, 1842056.579316621646285, 550.0 ], [ 389530.155809923016932, 1842056.579316621646285, 551.0 ], [ 389499.934125840023626, 1842056.579316621646285, 552.0 ], [ 389469.712441757030319, 1842026.357632538769394, 552.0 ], [ 389439.490757674037013, 1841996.135948455892503, 553.0 ], [ 389409.269073591043707, 1841965.914264373015612, 554.0 ], [ 389379.047389508050401, 1841935.692580290138721, 554.0 ], [ 389348.825705425057095, 1841935.692580290138721, 554.0 ], [ 389318.604021342063788, 1841905.470896207261831, 554.0 ], [ 389288.382337259070482, 1841875.24921212438494, 553.0 ], [ 389258.160653176077176, 1841845.027528041508049, 553.0 ], [ 389227.93896909308387, 1841814.805843958631158, 553.0 ], [ 389197.717285010090563, 1841784.584159875754267, 553.0 ], [ 389227.93896909308387, 1841754.362475792877376, 553.0 ], [ 389227.93896909308387, 1841724.140791710000485, 552.0 ], [ 389227.93896909308387, 1841693.919107627123594, 551.0 ], [ 389227.93896909308387, 1841663.697423544246703, 551.0 ], [ 389227.93896909308387, 1841633.475739461369812, 551.0 ], [ 389227.93896909308387, 1841603.254055378492922, 550.0 ], [ 389227.93896909308387, 1841573.032371295616031, 549.0 ], [ 389227.93896909308387, 1841542.81068721273914, 549.0 ], [ 389227.93896909308387, 1841512.589003129862249, 551.0 ], [ 389258.160653176077176, 1841482.367319046985358, 550.0 ], [ 389288.382337259070482, 1841452.145634964108467, 550.0 ], [ 389318.604021342063788, 1841421.923950881231576, 552.0 ], [ 389318.604021342063788, 1841391.702266798354685, 552.0 ], [ 389318.604021342063788, 1841361.480582715477794, 553.0 ], [ 389288.382337259070482, 1841331.258898632600904, 553.0 ], [ 389288.382337259070482, 1841301.037214549724013, 552.0 ], [ 389258.160653176077176, 1841270.815530466847122, 552.0 ], [ 389227.93896909308387, 1841240.593846383970231, 553.0 ], [ 389197.717285010090563, 1841210.37216230109334, 553.0 ], [ 389167.495600927097257, 1841180.150478218216449, 551.0 ], [ 389137.273916844103951, 1841149.928794135339558, 550.0 ], [ 389107.052232761110645, 1841149.928794135339558, 551.0 ], [ 389076.830548678117339, 1841119.707110052462667, 551.0 ], [ 389046.608864595124032, 1841089.485425969585776, 551.0 ], [ 389046.608864595124032, 1841059.263741886708885, 552.0 ], [ 389016.387180512130726, 1841029.042057803831995, 553.0 ], [ 388986.16549642913742, 1840998.820373720955104, 553.0 ], [ 388955.943812346144114, 1840968.598689638078213, 553.0 ], [ 388925.722128263150807, 1840938.377005555201322, 553.0 ], [ 388895.500444180157501, 1840938.377005555201322, 554.0 ], [ 388895.500444180157501, 1840908.155321472324431, 554.0 ], [ 388865.278760097164195, 1840877.93363738944754, 554.0 ], [ 388835.057076014170889, 1840847.711953306570649, 554.0 ], [ 388804.835391931177583, 1840817.490269223693758, 554.0 ], [ 388774.613707848184276, 1840787.268585140816867, 552.0 ], [ 388744.39202376519097, 1840787.268585140816867, 551.0 ], [ 388714.170339682197664, 1840787.268585140816867, 551.0 ], [ 388683.948655599204358, 1840757.046901057939976, 553.0 ], [ 388653.726971516211051, 1840726.825216975063086, 554.0 ], [ 388623.505287433217745, 1840696.603532892186195, 554.0 ], [ 388593.283603350224439, 1840666.381848809309304, 553.0 ], [ 388563.061919267231133, 1840666.381848809309304, 552.0 ], [ 388563.061919267231133, 1840636.160164726432413, 553.0 ], [ 388532.840235184237827, 1840605.938480643555522, 553.0 ], [ 388502.61855110124452, 1840605.938480643555522, 553.0 ], [ 388472.396867018251214, 1840605.938480643555522, 554.0 ], [ 388442.175182935257908, 1840575.716796560678631, 554.0 ], [ 388411.953498852264602, 1840545.49511247780174, 554.0 ], [ 388381.731814769271296, 1840515.273428394924849, 553.0 ], [ 388351.510130686277989, 1840485.051744312047958, 552.0 ], [ 388321.288446603284683, 1840454.830060229171067, 551.0 ], [ 388291.066762520291377, 1840424.608376146294177, 552.0 ], [ 388291.066762520291377, 1840394.386692063417286, 553.0 ], [ 388291.066762520291377, 1840364.165007980540395, 553.0 ], [ 388260.845078437298071, 1840333.943323897663504, 551.0 ], [ 388260.845078437298071, 1840303.721639814786613, 552.0 ], [ 388260.845078437298071, 1840273.499955731909722, 553.0 ], [ 388260.845078437298071, 1840243.278271649032831, 553.0 ], [ 388260.845078437298071, 1840213.05658756615594, 553.0 ], [ 388230.623394354304764, 1840182.834903483279049, 552.0 ], [ 388230.623394354304764, 1840152.613219400402158, 551.0 ], [ 388200.401710271311458, 1840122.391535317525268, 551.0 ], [ 388170.180026188318152, 1840122.391535317525268, 551.0 ], [ 388139.958342105324846, 1840092.169851234648377, 553.0 ], [ 388109.73665802233154, 1840061.948167151771486, 554.0 ], [ 388079.514973939338233, 1840061.948167151771486, 554.0 ], [ 388049.293289856344927, 1840031.726483068894595, 554.0 ], [ 388019.071605773351621, 1840001.504798986017704, 554.0 ], [ 387988.849921690358315, 1840001.504798986017704, 553.0 ], [ 387958.628237607365008, 1840001.504798986017704, 554.0 ], [ 387928.406553524371702, 1840001.504798986017704, 555.0 ], [ 387898.184869441378396, 1840001.504798986017704, 555.0 ], [ 387867.96318535838509, 1840001.504798986017704, 553.0 ], [ 387837.741501275391784, 1840001.504798986017704, 552.0 ], [ 387807.519817192398477, 1840031.726483068894595, 554.0 ], [ 387777.298133109405171, 1840031.726483068894595, 554.0 ], [ 387747.076449026411865, 1840031.726483068894595, 554.0 ], [ 387716.854764943418559, 1840031.726483068894595, 555.0 ], [ 387686.633080860425252, 1840031.726483068894595, 554.0 ], [ 387656.411396777431946, 1840061.948167151771486, 555.0 ], [ 387626.18971269443864, 1840061.948167151771486, 555.0 ], [ 387595.968028611445334, 1840061.948167151771486, 555.0 ], [ 387565.746344528452028, 1840031.726483068894595, 555.0 ], [ 387535.524660445458721, 1840031.726483068894595, 556.0 ], [ 387505.302976362465415, 1840031.726483068894595, 557.0 ], [ 387475.081292279472109, 1840031.726483068894595, 556.0 ], [ 387444.859608196478803, 1840031.726483068894595, 554.0 ], [ 387414.637924113485496, 1840031.726483068894595, 553.0 ], [ 387384.41624003049219, 1840031.726483068894595, 553.0 ], [ 387354.194555947498884, 1840031.726483068894595, 554.0 ], [ 387323.972871864505578, 1840031.726483068894595, 554.0 ], [ 387293.751187781512272, 1840031.726483068894595, 553.0 ], [ 387263.529503698518965, 1840031.726483068894595, 553.0 ], [ 387233.307819615525659, 1840031.726483068894595, 553.0 ], [ 387203.086135532532353, 1840031.726483068894595, 554.0 ], [ 387172.864451449539047, 1840031.726483068894595, 554.0 ], [ 387142.642767366545741, 1840031.726483068894595, 554.0 ], [ 387112.421083283552434, 1840031.726483068894595, 555.0 ], [ 387082.199399200559128, 1840031.726483068894595, 556.0 ], [ 387051.977715117565822, 1840031.726483068894595, 555.0 ], [ 387021.756031034572516, 1840031.726483068894595, 554.0 ], [ 386991.534346951579209, 1840001.504798986017704, 554.0 ], [ 386961.312662868585903, 1839971.283114903140813, 553.0 ], [ 386931.090978785592597, 1839941.061430820263922, 554.0 ], [ 386900.869294702599291, 1839910.839746737387031, 557.0 ], [ 386870.647610619605985, 1839880.61806265451014, 557.0 ], [ 386840.425926536612678, 1839880.61806265451014, 557.0 ], [ 386810.204242453619372, 1839850.39637857163325, 556.0 ], [ 386779.982558370626066, 1839820.174694488756359, 556.0 ], [ 386749.76087428763276, 1839789.953010405879468, 554.0 ], [ 386719.539190204639453, 1839759.731326323002577, 554.0 ], [ 386689.317506121646147, 1839729.509642240125686, 554.0 ], [ 386689.317506121646147, 1839699.287958157248795, 554.0 ], [ 386659.095822038652841, 1839669.066274074371904, 552.0 ], [ 386659.095822038652841, 1839638.844589991495013, 554.0 ], [ 386659.095822038652841, 1839608.622905908618122, 555.0 ], [ 386659.095822038652841, 1839578.401221825741231, 554.0 ], [ 386659.095822038652841, 1839548.179537742864341, 555.0 ], [ 386659.095822038652841, 1839517.95785365998745, 555.0 ], [ 386659.095822038652841, 1839487.736169577110559, 554.0 ], [ 386659.095822038652841, 1839457.514485494233668, 555.0 ], [ 386659.095822038652841, 1839427.292801411356777, 555.0 ], [ 386659.095822038652841, 1839397.071117328479886, 555.0 ], [ 386659.095822038652841, 1839366.849433245602995, 555.0 ], [ 386659.095822038652841, 1839336.627749162726104, 555.0 ], [ 386659.095822038652841, 1839306.406065079849213, 555.0 ], [ 386628.874137955659535, 1839276.184380996972322, 555.0 ], [ 386628.874137955659535, 1839245.962696914095432, 555.0 ], [ 386628.874137955659535, 1839215.741012831218541, 555.0 ], [ 386598.652453872666229, 1839185.51932874834165, 554.0 ], [ 386568.430769789672922, 1839155.297644665464759, 554.0 ], [ 386538.209085706679616, 1839125.075960582587868, 553.0 ], [ 386507.98740162368631, 1839125.075960582587868, 554.0 ], [ 386507.98740162368631, 1839094.854276499710977, 554.0 ], [ 386477.765717540693004, 1839064.632592416834086, 555.0 ], [ 386447.544033457699697, 1839034.410908333957195, 553.0 ], [ 386417.322349374706391, 1839034.410908333957195, 554.0 ], [ 386387.100665291713085, 1839004.189224251080304, 554.0 ], [ 386356.878981208719779, 1838973.967540168203413, 554.0 ], [ 386326.657297125726473, 1838943.745856085326523, 555.0 ], [ 386296.435613042733166, 1838943.745856085326523, 556.0 ], [ 386266.21392895973986, 1838913.524172002449632, 555.0 ], [ 386235.992244876746554, 1838883.302487919572741, 556.0 ], [ 386205.770560793753248, 1838853.08080383669585, 557.0 ], [ 386175.548876710759941, 1838822.859119753818959, 557.0 ], [ 386145.327192627766635, 1838822.859119753818959, 557.0 ], [ 386115.105508544773329, 1838822.859119753818959, 556.0 ], [ 386084.883824461780023, 1838792.637435670942068, 555.0 ], [ 386054.662140378786717, 1838792.637435670942068, 555.0 ], [ 386024.44045629579341, 1838822.859119753818959, 556.0 ], [ 385994.218772212800104, 1838853.08080383669585, 557.0 ], [ 385963.997088129806798, 1838883.302487919572741, 555.0 ], [ 385933.775404046813492, 1838913.524172002449632, 554.0 ], [ 385903.553719963820186, 1838913.524172002449632, 554.0 ], [ 385873.332035880826879, 1838913.524172002449632, 554.0 ], [ 385843.110351797833573, 1838883.302487919572741, 556.0 ], [ 385812.888667714840267, 1838853.08080383669585, 557.0 ], [ 385782.666983631846961, 1838822.859119753818959, 557.0 ], [ 385752.445299548853654, 1838792.637435670942068, 555.0 ], [ 385722.223615465860348, 1838792.637435670942068, 555.0 ], [ 385692.001931382867042, 1838792.637435670942068, 554.0 ], [ 385661.780247299873736, 1838792.637435670942068, 554.0 ], [ 385631.55856321688043, 1838792.637435670942068, 555.0 ], [ 385601.336879133887123, 1838762.415751588065177, 556.0 ], [ 385571.115195050893817, 1838762.415751588065177, 555.0 ], [ 385540.893510967900511, 1838762.415751588065177, 555.0 ], [ 385510.671826884907205, 1838762.415751588065177, 554.0 ], [ 385480.450142801913898, 1838732.194067505188286, 555.0 ], [ 385450.228458718920592, 1838732.194067505188286, 555.0 ], [ 385420.006774635927286, 1838732.194067505188286, 556.0 ], [ 385389.78509055293398, 1838701.972383422311395, 557.0 ], [ 385359.563406469940674, 1838671.750699339434505, 557.0 ], [ 385329.341722386947367, 1838671.750699339434505, 557.0 ], [ 385299.120038303954061, 1838671.750699339434505, 557.0 ], [ 385268.898354220960755, 1838701.972383422311395, 556.0 ], [ 385238.676670137967449, 1838701.972383422311395, 552.0 ], [ 385208.454986054974142, 1838701.972383422311395, 553.0 ], [ 385178.233301971980836, 1838701.972383422311395, 555.0 ], [ 385148.01161788898753, 1838671.750699339434505, 557.0 ], [ 385117.789933805994224, 1838671.750699339434505, 556.0 ], [ 385087.568249723000918, 1838671.750699339434505, 554.0 ], [ 385057.346565640007611, 1838641.529015256557614, 557.0 ], [ 385027.124881557014305, 1838641.529015256557614, 558.0 ], [ 384996.903197474020999, 1838611.307331173680723, 558.0 ], [ 384966.681513391027693, 1838581.085647090803832, 558.0 ], [ 384936.459829308034386, 1838550.863963007926941, 557.0 ], [ 384906.23814522504108, 1838520.64227892505005, 556.0 ], [ 384876.016461142047774, 1838520.64227892505005, 556.0 ], [ 384845.794777059054468, 1838520.64227892505005, 557.0 ], [ 384815.573092976061162, 1838490.420594842173159, 557.0 ], [ 384785.351408893067855, 1838460.198910759296268, 557.0 ], [ 384755.129724810074549, 1838460.198910759296268, 555.0 ], [ 384724.908040727081243, 1838460.198910759296268, 554.0 ], [ 384694.686356644087937, 1838429.977226676419377, 555.0 ], [ 384664.464672561094631, 1838429.977226676419377, 557.0 ], [ 384634.242988478101324, 1838429.977226676419377, 558.0 ], [ 384604.021304395108018, 1838429.977226676419377, 557.0 ], [ 384573.799620312114712, 1838429.977226676419377, 557.0 ], [ 384543.577936229121406, 1838429.977226676419377, 557.0 ], [ 384513.356252146128099, 1838429.977226676419377, 558.0 ], [ 384483.134568063134793, 1838429.977226676419377, 558.0 ], [ 384452.912883980141487, 1838429.977226676419377, 558.0 ], [ 384422.691199897148181, 1838460.198910759296268, 558.0 ], [ 384392.469515814154875, 1838460.198910759296268, 557.0 ], [ 384362.247831731161568, 1838460.198910759296268, 557.0 ], [ 384332.026147648168262, 1838460.198910759296268, 558.0 ], [ 384301.804463565174956, 1838490.420594842173159, 559.0 ], [ 384271.58277948218165, 1838520.64227892505005, 559.0 ], [ 384241.361095399188343, 1838550.863963007926941, 559.0 ], [ 384211.139411316195037, 1838581.085647090803832, 558.0 ], [ 384180.917727233201731, 1838611.307331173680723, 558.0 ], [ 384150.696043150208425, 1838611.307331173680723, 557.0 ], [ 384120.474359067215119, 1838641.529015256557614, 558.0 ], [ 384090.252674984221812, 1838641.529015256557614, 558.0 ], [ 384060.030990901228506, 1838671.750699339434505, 559.0 ], [ 384029.8093068182352, 1838671.750699339434505, 559.0 ], [ 383999.587622735241894, 1838671.750699339434505, 559.0 ], [ 383969.365938652248587, 1838671.750699339434505, 559.0 ], [ 383939.144254569255281, 1838641.529015256557614, 559.0 ], [ 383908.922570486261975, 1838611.307331173680723, 559.0 ], [ 383878.700886403268669, 1838581.085647090803832, 559.0 ], [ 383848.479202320275363, 1838550.863963007926941, 559.0 ], [ 383818.257518237282056, 1838520.64227892505005, 558.0 ], [ 383788.03583415428875, 1838490.420594842173159, 558.0 ], [ 383757.814150071295444, 1838460.198910759296268, 558.0 ], [ 383727.592465988302138, 1838460.198910759296268, 557.0 ], [ 383697.370781905308831, 1838429.977226676419377, 558.0 ], [ 383667.149097822315525, 1838399.755542593542486, 559.0 ], [ 383636.927413739322219, 1838399.755542593542486, 558.0 ], [ 383636.927413739322219, 1838369.533858510665596, 558.0 ], [ 383636.927413739322219, 1838339.312174427788705, 559.0 ], [ 383636.927413739322219, 1838309.090490344911814, 559.0 ], [ 383606.705729656328913, 1838278.868806262034923, 559.0 ], [ 383606.705729656328913, 1838248.647122179158032, 559.0 ], [ 383606.705729656328913, 1838218.425438096281141, 559.0 ], [ 383606.705729656328913, 1838188.20375401340425, 559.0 ], [ 383606.705729656328913, 1838157.982069930527359, 559.0 ], [ 383606.705729656328913, 1838127.760385847650468, 559.0 ], [ 383576.484045573335607, 1838097.538701764773577, 559.0 ], [ 383546.2623614903423, 1838067.317017681896687, 559.0 ], [ 383516.040677407348994, 1838037.095333599019796, 559.0 ], [ 383485.818993324355688, 1838006.873649516142905, 559.0 ], [ 383516.040677407348994, 1837976.651965433266014, 558.0 ], [ 383546.2623614903423, 1837946.430281350389123, 558.0 ], [ 383576.484045573335607, 1837916.208597267512232, 559.0 ], [ 383576.484045573335607, 1837885.986913184635341, 558.0 ], [ 383576.484045573335607, 1837855.76522910175845, 557.0 ], [ 383546.2623614903423, 1837825.543545018881559, 558.0 ], [ 383546.2623614903423, 1837795.321860936004668, 558.0 ], [ 383546.2623614903423, 1837765.100176853127778, 558.0 ], [ 383546.2623614903423, 1837734.878492770250887, 559.0 ], [ 383546.2623614903423, 1837704.656808687373996, 560.0 ], [ 383546.2623614903423, 1837674.435124604497105, 560.0 ], [ 383516.040677407348994, 1837644.213440521620214, 559.0 ], [ 383516.040677407348994, 1837613.991756438743323, 560.0 ], [ 383485.818993324355688, 1837583.770072355866432, 560.0 ], [ 383455.597309241362382, 1837553.548388272989541, 560.0 ], [ 383425.375625158369076, 1837523.32670419011265, 559.0 ], [ 383395.153941075375769, 1837493.105020107235759, 558.0 ], [ 383364.932256992382463, 1837493.105020107235759, 558.0 ], [ 383334.710572909389157, 1837462.883336024358869, 559.0 ], [ 383304.488888826395851, 1837462.883336024358869, 560.0 ], [ 383274.267204743402544, 1837462.883336024358869, 560.0 ], [ 383244.045520660409238, 1837462.883336024358869, 560.0 ], [ 383213.823836577415932, 1837493.105020107235759, 560.0 ], [ 383183.602152494422626, 1837523.32670419011265, 559.0 ], [ 383153.38046841142932, 1837493.105020107235759, 560.0 ], [ 383123.158784328436013, 1837462.883336024358869, 560.0 ], [ 383092.937100245442707, 1837462.883336024358869, 560.0 ], [ 383062.715416162449401, 1837432.661651941481978, 560.0 ], [ 383032.493732079456095, 1837402.439967858605087, 558.0 ], [ 383032.493732079456095, 1837372.218283775728196, 557.0 ], [ 383032.493732079456095, 1837341.996599692851305, 557.0 ], [ 383032.493732079456095, 1837311.774915609974414, 556.0 ], [ 383032.493732079456095, 1837281.553231527097523, 556.0 ], [ 383002.272047996462788, 1837251.331547444220632, 558.0 ], [ 382972.050363913469482, 1837221.109863361343741, 558.0 ], [ 382941.828679830476176, 1837190.888179278466851, 558.0 ], [ 382941.828679830476176, 1837160.66649519558996, 558.0 ], [ 382911.60699574748287, 1837130.444811112713069, 559.0 ], [ 382881.385311664489564, 1837100.223127029836178, 558.0 ], [ 382851.163627581496257, 1837100.223127029836178, 558.0 ], [ 382820.941943498502951, 1837070.001442946959287, 560.0 ], [ 382820.941943498502951, 1837039.779758864082396, 560.0 ], [ 382820.941943498502951, 1837009.558074781205505, 559.0 ], [ 382820.941943498502951, 1836979.336390698328614, 560.0 ], [ 382790.720259415509645, 1836949.114706615451723, 560.0 ], [ 382790.720259415509645, 1836918.893022532574832, 559.0 ], [ 382760.498575332516339, 1836888.671338449697942, 560.0 ], [ 382730.276891249523032, 1836858.449654366821051, 560.0 ], [ 382700.055207166529726, 1836828.22797028394416, 560.0 ], [ 382669.83352308353642, 1836798.006286201067269, 560.0 ], [ 382639.611839000543114, 1836767.784602118190378, 559.0 ], [ 382639.611839000543114, 1836737.562918035313487, 559.0 ], [ 382609.390154917549808, 1836737.562918035313487, 558.0 ], [ 382579.168470834556501, 1836707.341233952436596, 557.0 ], [ 382548.946786751563195, 1836707.341233952436596, 558.0 ], [ 382518.725102668569889, 1836677.119549869559705, 558.0 ], [ 382518.725102668569889, 1836646.897865786682814, 557.0 ], [ 382488.503418585576583, 1836616.676181703805923, 557.0 ], [ 382458.281734502583276, 1836586.454497620929033, 559.0 ], [ 382458.281734502583276, 1836556.232813538052142, 559.0 ], [ 382428.06005041958997, 1836526.011129455175251, 560.0 ], [ 382397.838366336596664, 1836495.78944537229836, 560.0 ], [ 382367.616682253603358, 1836495.78944537229836, 560.0 ], [ 382337.394998170610052, 1836495.78944537229836, 560.0 ], [ 382307.173314087616745, 1836465.567761289421469, 560.0 ], [ 382276.951630004623439, 1836435.346077206544578, 560.0 ], [ 382246.729945921630133, 1836405.124393123667687, 560.0 ], [ 382246.729945921630133, 1836374.902709040790796, 560.0 ], [ 382216.508261838636827, 1836344.681024957913905, 561.0 ], [ 382186.286577755643521, 1836314.459340875037014, 562.0 ], [ 382156.064893672650214, 1836284.237656792160124, 561.0 ], [ 382125.843209589656908, 1836254.015972709283233, 561.0 ], [ 382095.621525506663602, 1836223.794288626406342, 561.0 ], [ 382065.399841423670296, 1836223.794288626406342, 562.0 ], [ 382065.399841423670296, 1836193.572604543529451, 561.0 ], [ 382035.178157340676989, 1836163.35092046065256, 561.0 ], [ 382004.956473257683683, 1836133.129236377775669, 561.0 ], [ 381974.734789174690377, 1836102.907552294898778, 561.0 ], [ 381974.734789174690377, 1836072.685868212021887, 562.0 ], [ 381974.734789174690377, 1836042.464184129144996, 562.0 ], [ 381974.734789174690377, 1836012.242500046268106, 562.0 ], [ 382004.956473257683683, 1835982.020815963391215, 562.0 ], [ 382004.956473257683683, 1835951.799131880514324, 561.0 ], [ 382035.178157340676989, 1835921.577447797637433, 561.0 ], [ 382065.399841423670296, 1835891.355763714760542, 562.0 ], [ 382065.399841423670296, 1835861.134079631883651, 561.0 ], [ 382065.399841423670296, 1835830.91239554900676, 561.0 ], [ 382035.178157340676989, 1835800.690711466129869, 562.0 ], [ 382004.956473257683683, 1835770.469027383252978, 562.0 ], [ 381974.734789174690377, 1835740.247343300376087, 562.0 ], [ 381944.513105091697071, 1835710.025659217499197, 562.0 ], [ 381914.291421008703765, 1835710.025659217499197, 562.0 ], [ 381884.069736925710458, 1835679.803975134622306, 562.0 ], [ 381884.069736925710458, 1835649.582291051745415, 561.0 ], [ 381853.848052842717152, 1835619.360606968868524, 562.0 ], [ 381823.626368759723846, 1835589.138922885991633, 562.0 ], [ 381793.40468467673054, 1835558.917238803114742, 561.0 ], [ 381763.183000593737233, 1835528.695554720237851, 561.0 ], [ 381732.961316510743927, 1835498.47387063736096, 559.0 ], [ 381702.739632427750621, 1835498.47387063736096, 559.0 ], [ 381672.517948344757315, 1835468.252186554484069, 562.0 ], [ 381642.296264261764009, 1835438.030502471607178, 562.0 ], [ 381612.074580178770702, 1835407.808818388730288, 562.0 ], [ 381581.852896095777396, 1835377.587134305853397, 561.0 ], [ 381551.63121201278409, 1835347.365450222976506, 561.0 ], [ 381551.63121201278409, 1835317.143766140099615, 561.0 ], [ 381551.63121201278409, 1835286.922082057222724, 561.0 ], [ 381551.63121201278409, 1835256.700397974345833, 562.0 ], [ 381551.63121201278409, 1835226.478713891468942, 562.0 ], [ 381521.409527929790784, 1835196.257029808592051, 563.0 ], [ 381491.187843846797477, 1835166.03534572571516, 563.0 ], [ 381460.966159763804171, 1835135.813661642838269, 563.0 ], [ 381430.744475680810865, 1835105.591977559961379, 562.0 ], [ 381400.522791597817559, 1835075.370293477084488, 561.0 ], [ 381370.301107514824253, 1835045.148609394207597, 560.0 ], [ 381370.301107514824253, 1835014.926925311330706, 560.0 ], [ 381370.301107514824253, 1834984.705241228453815, 560.0 ], [ 381370.301107514824253, 1834954.483557145576924, 561.0 ], [ 381370.301107514824253, 1834924.261873062700033, 563.0 ], [ 381340.079423431830946, 1834894.040188979823142, 563.0 ], [ 381340.079423431830946, 1834863.818504896946251, 563.0 ], [ 381340.079423431830946, 1834833.59682081406936, 563.0 ], [ 381340.079423431830946, 1834803.37513673119247, 563.0 ], [ 381370.301107514824253, 1834773.153452648315579, 563.0 ], [ 381370.301107514824253, 1834742.931768565438688, 563.0 ], [ 381400.522791597817559, 1834712.710084482561797, 563.0 ], [ 381430.744475680810865, 1834682.488400399684906, 564.0 ], [ 381460.966159763804171, 1834682.488400399684906, 563.0 ], [ 381491.187843846797477, 1834652.266716316808015, 564.0 ], [ 381491.187843846797477, 1834622.045032233931124, 564.0 ], [ 381491.187843846797477, 1834591.823348151054233, 564.0 ], [ 381491.187843846797477, 1834561.601664068177342, 564.0 ], [ 381521.409527929790784, 1834531.379979985300452, 564.0 ], [ 381551.63121201278409, 1834501.158295902423561, 561.0 ], [ 381551.63121201278409, 1834470.93661181954667, 561.0 ], [ 381551.63121201278409, 1834440.714927736669779, 562.0 ], [ 381521.409527929790784, 1834410.493243653792888, 563.0 ], [ 381521.409527929790784, 1834380.271559570915997, 563.0 ], [ 381521.409527929790784, 1834350.049875488039106, 563.0 ], [ 381551.63121201278409, 1834319.828191405162215, 562.0 ], [ 381551.63121201278409, 1834289.606507322285324, 563.0 ], [ 381551.63121201278409, 1834259.384823239408433, 564.0 ], [ 381551.63121201278409, 1834229.163139156531543, 564.0 ], [ 381551.63121201278409, 1834198.941455073654652, 564.0 ], [ 381551.63121201278409, 1834168.719770990777761, 564.0 ], [ 381551.63121201278409, 1834138.49808690790087, 563.0 ], [ 381551.63121201278409, 1834108.276402825023979, 564.0 ], [ 381551.63121201278409, 1834078.054718742147088, 563.0 ], [ 381581.852896095777396, 1834078.054718742147088, 566.0 ], [ 381612.074580178770702, 1834047.833034659270197, 567.0 ], [ 381642.296264261764009, 1834017.611350576393306, 567.0 ], [ 381642.296264261764009, 1833987.389666493516415, 566.0 ], [ 381642.296264261764009, 1833957.167982410639524, 564.0 ], [ 381642.296264261764009, 1833926.946298327762634, 564.0 ], [ 381642.296264261764009, 1833896.724614244885743, 565.0 ], [ 381642.296264261764009, 1833866.502930162008852, 565.0 ], [ 381612.074580178770702, 1833836.281246079131961, 567.0 ], [ 381581.852896095777396, 1833806.05956199625507, 566.0 ], [ 381581.852896095777396, 1833775.837877913378179, 566.0 ], [ 381581.852896095777396, 1833745.616193830501288, 565.0 ], [ 381581.852896095777396, 1833715.394509747624397, 564.0 ], [ 381581.852896095777396, 1833685.172825664747506, 563.0 ], [ 381551.63121201278409, 1833654.951141581870615, 565.0 ], [ 381551.63121201278409, 1833624.729457498993725, 565.0 ], [ 381551.63121201278409, 1833594.507773416116834, 565.0 ], [ 381551.63121201278409, 1833564.286089333239943, 564.0 ], [ 381551.63121201278409, 1833534.064405250363052, 565.0 ], [ 381521.409527929790784, 1833503.842721167486161, 567.0 ], [ 381491.187843846797477, 1833473.62103708460927, 566.0 ], [ 381460.966159763804171, 1833443.399353001732379, 567.0 ], [ 381430.744475680810865, 1833413.177668918855488, 567.0 ], [ 381430.744475680810865, 1833382.955984835978597, 565.0 ], [ 381430.744475680810865, 1833352.734300753101707, 564.0 ], [ 381430.744475680810865, 1833322.512616670224816, 564.0 ], [ 381400.522791597817559, 1833292.290932587347925, 565.0 ], [ 381370.301107514824253, 1833262.069248504471034, 565.0 ], [ 381370.301107514824253, 1833231.847564421594143, 564.0 ], [ 381370.301107514824253, 1833201.625880338717252, 563.0 ], [ 381370.301107514824253, 1833171.404196255840361, 564.0 ], [ 381370.301107514824253, 1833141.18251217296347, 565.0 ], [ 381370.301107514824253, 1833110.960828090086579, 565.0 ], [ 381370.301107514824253, 1833080.739144007209688, 567.0 ], [ 381370.301107514824253, 1833050.517459924332798, 567.0 ], [ 381340.079423431830946, 1833020.295775841455907, 566.0 ], [ 381340.079423431830946, 1832990.074091758579016, 567.0 ], [ 381340.079423431830946, 1832959.852407675702125, 566.0 ], [ 381340.079423431830946, 1832929.630723592825234, 564.0 ], [ 381309.85773934883764, 1832899.409039509948343, 564.0 ], [ 381279.636055265844334, 1832869.187355427071452, 565.0 ], [ 381279.636055265844334, 1832838.965671344194561, 565.0 ], [ 381279.636055265844334, 1832808.74398726131767, 564.0 ], [ 381279.636055265844334, 1832778.522303178440779, 565.0 ], [ 381279.636055265844334, 1832748.300619095563889, 566.0 ], [ 381279.636055265844334, 1832718.078935012686998, 565.0 ], [ 381279.636055265844334, 1832687.857250929810107, 565.0 ], [ 381279.636055265844334, 1832657.635566846933216, 566.0 ], [ 381279.636055265844334, 1832627.413882764056325, 567.0 ], [ 381249.414371182851028, 1832597.192198681179434, 567.0 ], [ 381219.192687099857721, 1832566.970514598302543, 567.0 ], [ 381188.971003016864415, 1832536.748830515425652, 567.0 ], [ 381158.749318933871109, 1832506.527146432548761, 567.0 ], [ 381158.749318933871109, 1832476.30546234967187, 567.0 ], [ 381128.527634850877803, 1832446.08377826679498, 568.0 ], [ 381128.527634850877803, 1832415.862094183918089, 566.0 ], [ 381128.527634850877803, 1832385.640410101041198, 566.0 ], [ 381098.305950767884497, 1832355.418726018164307, 566.0 ], [ 381098.305950767884497, 1832325.197041935287416, 566.0 ], [ 381098.305950767884497, 1832294.975357852410525, 566.0 ], [ 381068.08426668489119, 1832264.753673769533634, 567.0 ], [ 381037.862582601897884, 1832264.753673769533634, 568.0 ], [ 381007.640898518904578, 1832234.531989686656743, 568.0 ], [ 381007.640898518904578, 1832204.310305603779852, 567.0 ], [ 380977.419214435911272, 1832174.088621520902961, 567.0 ], [ 380947.197530352917966, 1832143.866937438026071, 568.0 ], [ 380947.197530352917966, 1832113.64525335514918, 566.0 ], [ 380947.197530352917966, 1832083.423569272272289, 565.0 ], [ 380916.975846269924659, 1832053.201885189395398, 567.0 ], [ 380916.975846269924659, 1832022.980201106518507, 568.0 ], [ 380916.975846269924659, 1831992.758517023641616, 568.0 ], [ 380916.975846269924659, 1831962.536832940764725, 567.0 ], [ 380886.754162186931353, 1831932.315148857887834, 567.0 ], [ 380886.754162186931353, 1831902.093464775010943, 567.0 ], [ 380886.754162186931353, 1831871.871780692134053, 568.0 ], [ 380886.754162186931353, 1831841.650096609257162, 568.0 ], [ 380886.754162186931353, 1831811.428412526380271, 568.0 ], [ 380856.532478103938047, 1831811.428412526380271, 569.0 ], [ 380826.310794020944741, 1831811.428412526380271, 569.0 ], [ 380796.089109937951434, 1831811.428412526380271, 568.0 ], [ 380765.867425854958128, 1831781.20672844350338, 568.0 ], [ 380735.645741771964822, 1831750.985044360626489, 568.0 ], [ 380705.424057688971516, 1831750.985044360626489, 568.0 ], [ 380675.20237360597821, 1831750.985044360626489, 567.0 ], [ 380644.980689522984903, 1831750.985044360626489, 567.0 ], [ 380614.759005439991597, 1831750.985044360626489, 567.0 ], [ 380584.537321356998291, 1831750.985044360626489, 569.0 ], [ 380554.315637274004985, 1831750.985044360626489, 569.0 ], [ 380524.093953191011678, 1831720.763360277749598, 570.0 ], [ 380493.872269108018372, 1831720.763360277749598, 570.0 ], [ 380463.650585025025066, 1831720.763360277749598, 570.0 ], [ 380433.42890094203176, 1831720.763360277749598, 570.0 ], [ 380403.207216859038454, 1831720.763360277749598, 570.0 ], [ 380372.985532776045147, 1831720.763360277749598, 570.0 ], [ 380342.763848693051841, 1831690.541676194872707, 570.0 ], [ 380312.542164610058535, 1831690.541676194872707, 570.0 ], [ 380282.320480527065229, 1831660.319992111995816, 571.0 ], [ 380252.098796444071922, 1831660.319992111995816, 571.0 ], [ 380221.877112361078616, 1831660.319992111995816, 571.0 ], [ 380191.65542827808531, 1831660.319992111995816, 571.0 ], [ 380161.433744195092004, 1831660.319992111995816, 571.0 ], [ 380131.212060112098698, 1831630.098308029118925, 571.0 ], [ 380131.212060112098698, 1831599.876623946242034, 571.0 ], [ 380161.433744195092004, 1831569.654939863365144, 571.0 ], [ 380161.433744195092004, 1831539.433255780488253, 571.0 ], [ 380161.433744195092004, 1831509.211571697611362, 570.0 ], [ 380191.65542827808531, 1831478.989887614734471, 570.0 ], [ 380221.877112361078616, 1831448.76820353185758, 571.0 ], [ 380221.877112361078616, 1831418.546519448980689, 571.0 ], [ 380252.098796444071922, 1831388.324835366103798, 570.0 ], [ 380282.320480527065229, 1831358.103151283226907, 569.0 ], [ 380282.320480527065229, 1831327.881467200350016, 568.0 ], [ 380282.320480527065229, 1831297.659783117473125, 568.0 ], [ 380312.542164610058535, 1831267.438099034596235, 570.0 ], [ 380312.542164610058535, 1831237.216414951719344, 570.0 ], [ 380342.763848693051841, 1831206.994730868842453, 570.0 ], [ 380342.763848693051841, 1831176.773046785965562, 571.0 ], [ 380342.763848693051841, 1831146.551362703088671, 571.0 ], [ 380342.763848693051841, 1831116.32967862021178, 572.0 ], [ 380342.763848693051841, 1831086.107994537334889, 571.0 ], [ 380312.542164610058535, 1831055.886310454457998, 571.0 ], [ 380282.320480527065229, 1831025.664626371581107, 572.0 ], [ 380252.098796444071922, 1830995.442942288704216, 571.0 ], [ 380221.877112361078616, 1830965.221258205827326, 571.0 ], [ 380191.65542827808531, 1830934.999574122950435, 572.0 ], [ 380161.433744195092004, 1830904.777890040073544, 572.0 ], [ 380131.212060112098698, 1830874.556205957196653, 572.0 ], [ 380100.990376029105391, 1830844.334521874319762, 572.0 ], [ 380070.768691946112085, 1830844.334521874319762, 574.0 ], [ 380040.547007863118779, 1830814.112837791442871, 574.0 ], [ 380010.325323780125473, 1830783.89115370856598, 574.0 ], [ 379980.103639697132166, 1830753.669469625689089, 574.0 ], [ 379949.88195561413886, 1830723.447785542812198, 574.0 ], [ 379919.660271531145554, 1830693.226101459935308, 574.0 ], [ 379889.438587448152248, 1830663.004417377058417, 574.0 ], [ 379859.216903365158942, 1830663.004417377058417, 573.0 ], [ 379828.995219282165635, 1830663.004417377058417, 571.0 ], [ 379798.773535199172329, 1830663.004417377058417, 572.0 ], [ 379768.551851116179023, 1830632.782733294181526, 573.0 ], [ 379738.330167033185717, 1830632.782733294181526, 573.0 ], [ 379708.10848295019241, 1830602.561049211304635, 574.0 ], [ 379677.886798867199104, 1830572.339365128427744, 574.0 ], [ 379647.665114784205798, 1830542.117681045550853, 573.0 ], [ 379617.443430701212492, 1830511.895996962673962, 571.0 ], [ 379587.221746618219186, 1830481.674312879797071, 573.0 ], [ 379557.000062535225879, 1830481.674312879797071, 573.0 ], [ 379526.778378452232573, 1830451.45262879692018, 573.0 ], [ 379496.556694369239267, 1830421.230944714043289, 573.0 ], [ 379496.556694369239267, 1830391.009260631166399, 574.0 ], [ 379466.335010286245961, 1830360.787576548289508, 573.0 ], [ 379436.113326203252655, 1830330.565892465412617, 570.0 ], [ 379405.891642120259348, 1830330.565892465412617, 570.0 ], [ 379405.891642120259348, 1830300.344208382535726, 572.0 ], [ 379375.669958037266042, 1830270.122524299658835, 574.0 ], [ 379345.448273954272736, 1830239.900840216781944, 573.0 ], [ 379315.22658987127943, 1830209.679156133905053, 571.0 ], [ 379285.004905788286123, 1830209.679156133905053, 571.0 ], [ 379254.783221705292817, 1830179.457472051028162, 571.0 ], [ 379224.561537622299511, 1830149.235787968151271, 571.0 ], [ 379194.339853539306205, 1830119.01410388527438, 571.0 ], [ 379164.118169456312899, 1830119.01410388527438, 571.0 ], [ 379133.896485373319592, 1830088.79241980239749, 572.0 ], [ 379133.896485373319592, 1830058.570735719520599, 572.0 ], [ 379133.896485373319592, 1830028.349051636643708, 571.0 ], [ 379133.896485373319592, 1829998.127367553766817, 571.0 ], [ 379133.896485373319592, 1829967.905683470889926, 572.0 ], [ 379133.896485373319592, 1829937.683999388013035, 572.0 ], [ 379103.674801290326286, 1829907.462315305136144, 574.0 ], [ 379103.674801290326286, 1829877.240631222259253, 575.0 ], [ 379103.674801290326286, 1829847.018947139382362, 575.0 ], [ 379103.674801290326286, 1829816.797263056505471, 575.0 ], [ 379103.674801290326286, 1829786.575578973628581, 575.0 ], [ 379103.674801290326286, 1829756.35389489075169, 575.0 ], [ 379103.674801290326286, 1829726.132210807874799, 575.0 ], [ 379103.674801290326286, 1829695.910526724997908, 576.0 ], [ 379133.896485373319592, 1829665.688842642121017, 577.0 ], [ 379133.896485373319592, 1829635.467158559244126, 575.0 ], [ 379133.896485373319592, 1829605.245474476367235, 574.0 ], [ 379164.118169456312899, 1829575.023790393490344, 574.0 ], [ 379164.118169456312899, 1829544.802106310613453, 574.0 ], [ 379164.118169456312899, 1829514.580422227736562, 574.0 ], [ 379194.339853539306205, 1829484.358738144859672, 574.0 ], [ 379194.339853539306205, 1829454.137054061982781, 574.0 ], [ 379194.339853539306205, 1829423.91536997910589, 573.0 ], [ 379194.339853539306205, 1829393.693685896228999, 573.0 ], [ 379164.118169456312899, 1829363.472001813352108, 574.0 ], [ 379164.118169456312899, 1829333.250317730475217, 573.0 ], [ 379133.896485373319592, 1829303.028633647598326, 573.0 ], [ 379103.674801290326286, 1829272.806949564721435, 575.0 ], [ 379103.674801290326286, 1829242.585265481844544, 575.0 ], [ 379103.674801290326286, 1829212.363581398967654, 575.0 ], [ 379103.674801290326286, 1829182.141897316090763, 575.0 ], [ 379103.674801290326286, 1829151.920213233213872, 575.0 ], [ 379073.45311720733298, 1829121.698529150336981, 575.0 ], [ 379043.231433124339674, 1829091.47684506746009, 576.0 ], [ 379013.009749041346367, 1829091.47684506746009, 576.0 ], [ 378982.788064958353061, 1829061.255160984583199, 576.0 ], [ 378952.566380875359755, 1829031.033476901706308, 577.0 ], [ 378922.344696792366449, 1829000.811792818829417, 577.0 ], [ 378892.123012709373143, 1828970.590108735952526, 575.0 ], [ 378861.901328626379836, 1828940.368424653075635, 576.0 ], [ 378831.67964454338653, 1828910.146740570198745, 576.0 ], [ 378801.457960460393224, 1828879.925056487321854, 577.0 ], [ 378771.236276377399918, 1828849.703372404444963, 576.0 ], [ 378771.236276377399918, 1828819.481688321568072, 576.0 ], [ 378771.236276377399918, 1828789.260004238691181, 576.0 ], [ 378741.014592294406611, 1828759.03832015581429, 577.0 ], [ 378710.792908211413305, 1828728.816636072937399, 577.0 ], [ 378680.571224128419999, 1828698.594951990060508, 577.0 ], [ 378650.349540045426693, 1828668.373267907183617, 576.0 ], [ 378620.127855962433387, 1828668.373267907183617, 576.0 ], [ 378589.90617187944008, 1828638.151583824306726, 577.0 ], [ 378559.684487796446774, 1828607.929899741429836, 577.0 ], [ 378559.684487796446774, 1828577.708215658552945, 577.0 ], [ 378559.684487796446774, 1828547.486531575676054, 576.0 ], [ 378589.90617187944008, 1828517.264847492799163, 577.0 ], [ 378620.127855962433387, 1828487.043163409922272, 576.0 ], [ 378620.127855962433387, 1828456.821479327045381, 575.0 ], [ 378620.127855962433387, 1828426.59979524416849, 575.0 ], [ 378620.127855962433387, 1828396.378111161291599, 577.0 ], [ 378620.127855962433387, 1828366.156427078414708, 577.0 ], [ 378620.127855962433387, 1828335.934742995537817, 577.0 ], [ 378589.90617187944008, 1828305.713058912660927, 576.0 ], [ 378559.684487796446774, 1828275.491374829784036, 575.0 ], [ 378529.462803713453468, 1828245.269690746907145, 577.0 ], [ 378529.462803713453468, 1828215.048006664030254, 578.0 ], [ 378529.462803713453468, 1828184.826322581153363, 579.0 ], [ 378529.462803713453468, 1828154.604638498276472, 579.0 ], [ 378559.684487796446774, 1828124.382954415399581, 579.0 ], [ 378589.90617187944008, 1828094.16127033252269, 579.0 ], [ 378589.90617187944008, 1828063.939586249645799, 578.0 ], [ 378620.127855962433387, 1828063.939586249645799, 579.0 ], [ 378650.349540045426693, 1828033.717902166768909, 578.0 ], [ 378680.571224128419999, 1828003.496218083892018, 578.0 ], [ 378680.571224128419999, 1827973.274534001015127, 578.0 ], [ 378680.571224128419999, 1827943.052849918138236, 580.0 ], [ 378680.571224128419999, 1827912.831165835261345, 581.0 ], [ 378680.571224128419999, 1827882.609481752384454, 582.0 ], [ 378710.792908211413305, 1827852.387797669507563, 583.0 ], [ 378741.014592294406611, 1827822.166113586630672, 582.0 ], [ 378771.236276377399918, 1827791.944429503753781, 582.0 ], [ 378771.236276377399918, 1827761.72274542087689, 580.0 ], [ 378771.236276377399918, 1827731.501061338, 580.0 ], [ 378741.014592294406611, 1827701.279377255123109, 579.0 ], [ 378741.014592294406611, 1827671.057693172246218, 580.0 ], [ 378710.792908211413305, 1827640.836009089369327, 580.0 ], [ 378710.792908211413305, 1827610.614325006492436, 580.0 ], [ 378710.792908211413305, 1827580.392640923615545, 580.0 ], [ 378680.571224128419999, 1827550.170956840738654, 579.0 ], [ 378680.571224128419999, 1827519.949272757861763, 578.0 ], [ 378680.571224128419999, 1827489.727588674984872, 579.0 ], [ 378680.571224128419999, 1827459.505904592107981, 580.0 ], [ 378680.571224128419999, 1827429.284220509231091, 580.0 ], [ 378680.571224128419999, 1827399.0625364263542, 580.0 ], [ 378650.349540045426693, 1827368.840852343477309, 582.0 ], [ 378650.349540045426693, 1827338.619168260600418, 583.0 ], [ 378650.349540045426693, 1827308.397484177723527, 585.0 ], [ 378650.349540045426693, 1827278.175800094846636, 586.0 ], [ 378620.127855962433387, 1827247.954116011969745, 587.0 ], [ 378620.127855962433387, 1827217.732431929092854, 589.0 ], [ 378589.90617187944008, 1827187.510747846215963, 593.0 ], [ 378589.90617187944008, 1827157.289063763339072, 593.0 ], [ 378559.684487796446774, 1827127.067379680462182, 592.0 ], [ 378529.462803713453468, 1827096.845695597585291, 589.0 ], [ 378529.462803713453468, 1827066.6240115147084, 586.0 ], [ 378529.462803713453468, 1827036.402327431831509, 583.0 ], [ 378529.462803713453468, 1827006.180643348954618, 582.0 ], [ 378529.462803713453468, 1826975.958959266077727, 584.0 ], [ 378559.684487796446774, 1826945.737275183200836, 584.0 ], [ 378559.684487796446774, 1826915.515591100323945, 585.0 ], [ 378559.684487796446774, 1826885.293907017447054, 585.0 ], [ 378559.684487796446774, 1826855.072222934570163, 584.0 ], [ 378559.684487796446774, 1826824.850538851693273, 583.0 ], [ 378559.684487796446774, 1826794.628854768816382, 584.0 ], [ 378559.684487796446774, 1826764.407170685939491, 584.0 ], [ 378559.684487796446774, 1826734.1854866030626, 583.0 ], [ 378559.684487796446774, 1826703.963802520185709, 582.0 ], [ 378529.462803713453468, 1826673.742118437308818, 586.0 ], [ 378529.462803713453468, 1826643.520434354431927, 586.0 ], [ 378529.462803713453468, 1826613.298750271555036, 584.0 ], [ 378529.462803713453468, 1826583.077066188678145, 583.0 ], [ 378559.684487796446774, 1826552.855382105801255, 584.0 ], [ 378559.684487796446774, 1826522.633698022924364, 584.0 ], [ 378589.90617187944008, 1826492.412013940047473, 583.0 ], [ 378620.127855962433387, 1826462.190329857170582, 582.0 ], [ 378650.349540045426693, 1826431.968645774293691, 582.0 ], [ 378650.349540045426693, 1826401.7469616914168, 582.0 ], [ 378650.349540045426693, 1826371.525277608539909, 582.0 ], [ 378650.349540045426693, 1826341.303593525663018, 582.0 ], [ 378650.349540045426693, 1826311.081909442786127, 582.0 ], [ 378620.127855962433387, 1826280.860225359909236, 581.0 ], [ 378589.90617187944008, 1826250.638541277032346, 582.0 ], [ 378559.684487796446774, 1826220.416857194155455, 585.0 ], [ 378529.462803713453468, 1826190.195173111278564, 585.0 ], [ 378499.241119630460162, 1826159.973489028401673, 588.0 ], [ 378469.019435547466855, 1826129.751804945524782, 589.0 ], [ 378438.797751464473549, 1826099.530120862647891, 588.0 ], [ 378408.576067381480243, 1826069.308436779771, 587.0 ], [ 378408.576067381480243, 1826039.086752696894109, 586.0 ], [ 378408.576067381480243, 1826008.865068614017218, 586.0 ], [ 378408.576067381480243, 1825978.643384531140327, 586.0 ], [ 378378.354383298486937, 1825948.421700448263437, 585.0 ], [ 378378.354383298486937, 1825918.200016365386546, 584.0 ], [ 378378.354383298486937, 1825887.978332282509655, 585.0 ], [ 378378.354383298486937, 1825857.756648199632764, 586.0 ], [ 378378.354383298486937, 1825827.534964116755873, 587.0 ], [ 378378.354383298486937, 1825797.313280033878982, 588.0 ], [ 378378.354383298486937, 1825767.091595951002091, 587.0 ], [ 378348.132699215493631, 1825736.8699118681252, 588.0 ], [ 378317.911015132500324, 1825706.648227785248309, 588.0 ], [ 378317.911015132500324, 1825676.426543702371418, 588.0 ], [ 378317.911015132500324, 1825646.204859619494528, 588.0 ], [ 378317.911015132500324, 1825615.983175536617637, 589.0 ], [ 378317.911015132500324, 1825585.761491453740746, 590.0 ], [ 378317.911015132500324, 1825555.539807370863855, 590.0 ], [ 378348.132699215493631, 1825525.318123287986964, 590.0 ], [ 378378.354383298486937, 1825495.096439205110073, 588.0 ], [ 378378.354383298486937, 1825464.874755122233182, 587.0 ], [ 378408.576067381480243, 1825434.653071039356291, 589.0 ], [ 378408.576067381480243, 1825404.4313869564794, 590.0 ], [ 378408.576067381480243, 1825374.209702873602509, 591.0 ], [ 378438.797751464473549, 1825343.988018790725619, 591.0 ], [ 378469.019435547466855, 1825313.766334707848728, 592.0 ], [ 378499.241119630460162, 1825283.544650624971837, 593.0 ], [ 378529.462803713453468, 1825253.322966542094946, 593.0 ], [ 378559.684487796446774, 1825223.101282459218055, 593.0 ], [ 378589.90617187944008, 1825192.879598376341164, 593.0 ], [ 378620.127855962433387, 1825162.657914293464273, 593.0 ], [ 378650.349540045426693, 1825132.436230210587382, 593.0 ], [ 378680.571224128419999, 1825132.436230210587382, 591.0 ], [ 378710.792908211413305, 1825132.436230210587382, 591.0 ], [ 378710.792908211413305, 1825102.214546127710491, 593.0 ], [ 378741.014592294406611, 1825071.992862044833601, 593.0 ], [ 378741.014592294406611, 1825041.77117796195671, 593.0 ], [ 378741.014592294406611, 1825011.549493879079819, 594.0 ], [ 378741.014592294406611, 1824981.327809796202928, 594.0 ], [ 378741.014592294406611, 1824951.106125713326037, 594.0 ], [ 378741.014592294406611, 1824920.884441630449146, 594.0 ], [ 378710.792908211413305, 1824890.662757547572255, 596.0 ], [ 378680.571224128419999, 1824860.441073464695364, 597.0 ], [ 378680.571224128419999, 1824830.219389381818473, 597.0 ], [ 378650.349540045426693, 1824799.997705298941582, 596.0 ], [ 378650.349540045426693, 1824769.776021216064692, 597.0 ], [ 378680.571224128419999, 1824739.554337133187801, 596.0 ], [ 378710.792908211413305, 1824709.33265305031091, 594.0 ], [ 378741.014592294406611, 1824679.110968967434019, 594.0 ], [ 378741.014592294406611, 1824648.889284884557128, 597.0 ], [ 378771.236276377399918, 1824618.667600801680237, 598.0 ], [ 378801.457960460393224, 1824588.445916718803346, 597.0 ], [ 378831.67964454338653, 1824558.224232635926455, 598.0 ], [ 378861.901328626379836, 1824528.002548553049564, 598.0 ], [ 378892.123012709373143, 1824497.780864470172673, 597.0 ], [ 378922.344696792366449, 1824467.559180387295783, 598.0 ], [ 378952.566380875359755, 1824437.337496304418892, 599.0 ], [ 378982.788064958353061, 1824407.115812221542001, 599.0 ], [ 379013.009749041346367, 1824376.89412813866511, 599.0 ], [ 379013.009749041346367, 1824346.672444055788219, 598.0 ], [ 379013.009749041346367, 1824316.450759972911328, 600.0 ], [ 379043.231433124339674, 1824286.229075890034437, 601.0 ], [ 379043.231433124339674, 1824256.007391807157546, 601.0 ], [ 379043.231433124339674, 1824225.785707724280655, 601.0 ], [ 379043.231433124339674, 1824195.564023641403764, 602.0 ], [ 379043.231433124339674, 1824165.342339558526874, 602.0 ], [ 379013.009749041346367, 1824135.120655475649983, 603.0 ], [ 379013.009749041346367, 1824104.898971392773092, 603.0 ], [ 378982.788064958353061, 1824074.677287309896201, 603.0 ], [ 378982.788064958353061, 1824044.45560322701931, 603.0 ], [ 378982.788064958353061, 1824014.233919144142419, 603.0 ], [ 378982.788064958353061, 1823984.012235061265528, 604.0 ], [ 378982.788064958353061, 1823953.790550978388637, 604.0 ], [ 378982.788064958353061, 1823923.568866895511746, 605.0 ], [ 379013.009749041346367, 1823893.347182812634856, 606.0 ], [ 379043.231433124339674, 1823893.347182812634856, 606.0 ], [ 379043.231433124339674, 1823863.125498729757965, 607.0 ], [ 379073.45311720733298, 1823832.903814646881074, 608.0 ], [ 379103.674801290326286, 1823832.903814646881074, 609.0 ], [ 379133.896485373319592, 1823832.903814646881074, 610.0 ], [ 379164.118169456312899, 1823863.125498729757965, 611.0 ], [ 379194.339853539306205, 1823863.125498729757965, 610.0 ], [ 379224.561537622299511, 1823863.125498729757965, 609.0 ], [ 379254.783221705292817, 1823863.125498729757965, 609.0 ], [ 379285.004905788286123, 1823863.125498729757965, 611.0 ], [ 379285.004905788286123, 1823893.347182812634856, 612.0 ], [ 379315.22658987127943, 1823923.568866895511746, 612.0 ], [ 379345.448273954272736, 1823953.790550978388637, 615.0 ], [ 379375.669958037266042, 1823984.012235061265528, 617.0 ], [ 379405.891642120259348, 1823984.012235061265528, 617.0 ], [ 379436.113326203252655, 1823984.012235061265528, 617.0 ], [ 379466.335010286245961, 1823984.012235061265528, 616.0 ], [ 379496.556694369239267, 1823984.012235061265528, 616.0 ], [ 379526.778378452232573, 1823984.012235061265528, 617.0 ], [ 379557.000062535225879, 1823984.012235061265528, 619.0 ], [ 379587.221746618219186, 1824014.233919144142419, 621.0 ], [ 379617.443430701212492, 1824014.233919144142419, 623.0 ], [ 379647.665114784205798, 1824014.233919144142419, 625.0 ], [ 379677.886798867199104, 1824014.233919144142419, 626.0 ], [ 379708.10848295019241, 1824014.233919144142419, 627.0 ], [ 379738.330167033185717, 1824014.233919144142419, 627.0 ], [ 379768.551851116179023, 1824014.233919144142419, 625.0 ], [ 379798.773535199172329, 1824014.233919144142419, 624.0 ], [ 379828.995219282165635, 1824014.233919144142419, 627.0 ], [ 379859.216903365158942, 1824014.233919144142419, 631.0 ], [ 379889.438587448152248, 1824044.45560322701931, 632.0 ], [ 379919.660271531145554, 1824044.45560322701931, 631.0 ], [ 379949.88195561413886, 1824044.45560322701931, 633.0 ], [ 379980.103639697132166, 1824074.677287309896201, 636.0 ], [ 380010.325323780125473, 1824074.677287309896201, 638.0 ], [ 380040.547007863118779, 1824074.677287309896201, 640.0 ], [ 380070.768691946112085, 1824074.677287309896201, 642.0 ], [ 380100.990376029105391, 1824074.677287309896201, 644.0 ], [ 380131.212060112098698, 1824104.898971392773092, 647.0 ], [ 380161.433744195092004, 1824135.120655475649983, 648.0 ], [ 380191.65542827808531, 1824165.342339558526874, 648.0 ], [ 380221.877112361078616, 1824165.342339558526874, 649.0 ], [ 380252.098796444071922, 1824195.564023641403764, 650.0 ], [ 380282.320480527065229, 1824195.564023641403764, 651.0 ], [ 380312.542164610058535, 1824225.785707724280655, 653.0 ], [ 380312.542164610058535, 1824256.007391807157546, 655.0 ], [ 380342.763848693051841, 1824286.229075890034437, 659.0 ], [ 380342.763848693051841, 1824316.450759972911328, 662.0 ], [ 380372.985532776045147, 1824346.672444055788219, 666.0 ], [ 380403.207216859038454, 1824376.89412813866511, 671.0 ], [ 380433.42890094203176, 1824407.115812221542001, 677.0 ], [ 380463.650585025025066, 1824437.337496304418892, 683.0 ], [ 380493.872269108018372, 1824437.337496304418892, 684.0 ], [ 380524.093953191011678, 1824467.559180387295783, 692.0 ], [ 380554.315637274004985, 1824467.559180387295783, 696.0 ], [ 380584.537321356998291, 1824497.780864470172673, 703.0 ], [ 380614.759005439991597, 1824497.780864470172673, 704.0 ], [ 380644.980689522984903, 1824497.780864470172673, 711.0 ], [ 380675.20237360597821, 1824528.002548553049564, 720.0 ], [ 380705.424057688971516, 1824558.224232635926455, 730.0 ], [ 380735.645741771964822, 1824588.445916718803346, 739.0 ], [ 380765.867425854958128, 1824618.667600801680237, 748.0 ], [ 380765.867425854958128, 1824648.889284884557128, 757.0 ], [ 380765.867425854958128, 1824679.110968967434019, 768.0 ], [ 380796.089109937951434, 1824709.33265305031091, 780.0 ], [ 380826.310794020944741, 1824739.554337133187801, 786.0 ], [ 380856.532478103938047, 1824769.776021216064692, 791.0 ], [ 380886.754162186931353, 1824799.997705298941582, 795.0 ], [ 380886.754162186931353, 1824830.219389381818473, 798.0 ], [ 380916.975846269924659, 1824860.441073464695364, 805.0 ], [ 380947.197530352917966, 1824890.662757547572255, 810.0 ], [ 380977.419214435911272, 1824920.884441630449146, 814.0 ], [ 380977.419214435911272, 1824951.106125713326037, 817.0 ], [ 380977.419214435911272, 1824981.327809796202928, 821.0 ], [ 381007.640898518904578, 1825011.549493879079819, 823.0 ], [ 381037.862582601897884, 1825041.77117796195671, 825.0 ], [ 381068.08426668489119, 1825041.77117796195671, 826.0 ], [ 381098.305950767884497, 1825041.77117796195671, 827.0 ], [ 381128.527634850877803, 1825041.77117796195671, 829.0 ], [ 381158.749318933871109, 1825071.992862044833601, 832.0 ], [ 381188.971003016864415, 1825071.992862044833601, 832.0 ], [ 381219.192687099857721, 1825071.992862044833601, 835.0 ], [ 381249.414371182851028, 1825102.214546127710491, 840.0 ], [ 381279.636055265844334, 1825102.214546127710491, 845.0 ], [ 381309.85773934883764, 1825132.436230210587382, 853.0 ], [ 381340.079423431830946, 1825162.657914293464273, 859.0 ], [ 381370.301107514824253, 1825162.657914293464273, 862.0 ], [ 381400.522791597817559, 1825162.657914293464273, 865.0 ], [ 381430.744475680810865, 1825132.436230210587382, 871.0 ], [ 381460.966159763804171, 1825102.214546127710491, 878.0 ], [ 381491.187843846797477, 1825102.214546127710491, 882.0 ], [ 381521.409527929790784, 1825102.214546127710491, 887.0 ], [ 381551.63121201278409, 1825102.214546127710491, 893.0 ], [ 381581.852896095777396, 1825102.214546127710491, 900.0 ], [ 381612.074580178770702, 1825132.436230210587382, 908.0 ], [ 381642.296264261764009, 1825132.436230210587382, 913.0 ], [ 381672.517948344757315, 1825132.436230210587382, 917.0 ], [ 381702.739632427750621, 1825162.657914293464273, 922.0 ], [ 381732.961316510743927, 1825192.879598376341164, 925.0 ], [ 381732.961316510743927, 1825223.101282459218055, 928.0 ], [ 381732.961316510743927, 1825253.322966542094946, 932.0 ] ] ] } },
{ "type": "Feature", "properties": { "subbasin": "S9", "name": null, "reach_len": null, "reach_rel": null, "reach_sin": null, "reach_slo": null, "len_units": null, "layer": "longest_flowpath_network", "path": "E:\\Manasi_intern\\HMS_Shp\\longest_flowpath_network.shp" }, "geometry": { "type": "MultiLineString", "coordinates": [ [ [ 407995.604784632741939, 1839986.393956886371598, 546.5 ], [ 407995.604784632741939, 1839971.283114844933152, 547.0 ], [ 407995.604784632741939, 1839941.061430762056261, 547.0 ], [ 407995.604784632741939, 1839910.83974667917937, 547.0 ], [ 407995.604784632741939, 1839880.61806259630248, 546.0 ], [ 407995.604784632741939, 1839850.396378513425589, 548.0 ], [ 407995.604784632741939, 1839820.174694430548698, 548.0 ], [ 408025.826468715735245, 1839789.953010347671807, 548.0 ], [ 408056.048152798728552, 1839759.731326264794916, 548.0 ], [ 408056.048152798728552, 1839729.509642181918025, 548.0 ], [ 408086.269836881721858, 1839699.287958099041134, 548.0 ], [ 408116.491520964715164, 1839669.066274016164243, 548.0 ], [ 408116.491520964715164, 1839638.844589933287352, 546.0 ], [ 408116.491520964715164, 1839608.622905850410461, 545.0 ], [ 408086.269836881721858, 1839578.401221767533571, 546.0 ], [ 408086.269836881721858, 1839548.17953768465668, 546.0 ], [ 408116.491520964715164, 1839517.957853601779789, 548.0 ], [ 408146.71320504770847, 1839487.736169518902898, 548.0 ], [ 408146.71320504770847, 1839457.514485436026007, 547.0 ], [ 408176.934889130701777, 1839427.292801353149116, 547.0 ], [ 408176.934889130701777, 1839397.071117270272225, 547.0 ], [ 408176.934889130701777, 1839366.849433187395334, 548.0 ], [ 408207.156573213695083, 1839336.627749104518443, 547.0 ], [ 408237.378257296688389, 1839306.406065021641552, 547.0 ], [ 408237.378257296688389, 1839276.184380938764662, 547.0 ], [ 408267.599941379681695, 1839245.962696855887771, 548.0 ], [ 408297.821625462675001, 1839215.74101277301088, 548.0 ], [ 408297.821625462675001, 1839185.519328690133989, 547.0 ], [ 408328.043309545668308, 1839155.297644607257098, 547.0 ], [ 408358.264993628661614, 1839125.075960524380207, 545.0 ], [ 408388.48667771165492, 1839094.854276441503316, 545.0 ], [ 408418.708361794648226, 1839094.854276441503316, 545.0 ], [ 408448.930045877641533, 1839094.854276441503316, 545.0 ], [ 408479.151729960634839, 1839094.854276441503316, 544.0 ], [ 408509.373414043628145, 1839064.632592358626425, 545.0 ], [ 408539.595098126621451, 1839034.410908275749534, 546.0 ], [ 408569.816782209614757, 1839004.189224192872643, 547.0 ], [ 408600.038466292608064, 1838973.967540109995753, 545.0 ], [ 408630.26015037560137, 1838943.745856027118862, 545.0 ], [ 408630.26015037560137, 1838913.524171944241971, 546.0 ], [ 408660.481834458594676, 1838883.30248786136508, 546.0 ], [ 408690.703518541587982, 1838853.080803778488189, 547.0 ], [ 408720.925202624581289, 1838822.859119695611298, 547.0 ], [ 408751.146886707574595, 1838792.637435612734407, 546.0 ], [ 408751.146886707574595, 1838762.415751529857516, 545.0 ], [ 408781.368570790567901, 1838732.194067446980625, 546.0 ], [ 408811.590254873561207, 1838701.972383364103734, 547.0 ], [ 408841.811938956554513, 1838671.750699281226844, 544.0 ], [ 408841.811938956554513, 1838641.529015198349953, 545.0 ], [ 408872.03362303954782, 1838641.529015198349953, 546.0 ], [ 408902.255307122541126, 1838611.307331115473062, 547.0 ], [ 408932.476991205534432, 1838581.085647032596171, 548.0 ], [ 408962.698675288527738, 1838550.86396294971928, 548.0 ], [ 408992.920359371521045, 1838520.642278866842389, 547.0 ], [ 409023.142043454514351, 1838520.642278866842389, 546.0 ], [ 409053.363727537507657, 1838520.642278866842389, 546.0 ], [ 409083.585411620500963, 1838520.642278866842389, 545.0 ], [ 409083.585411620500963, 1838490.420594783965498, 547.0 ], [ 409113.807095703494269, 1838460.198910701088607, 547.0 ], [ 409144.028779786487576, 1838429.977226618211716, 543.0 ], [ 409174.250463869480882, 1838399.755542535334826, 543.0 ], [ 409204.472147952474188, 1838369.533858452457935, 543.0 ], [ 409174.250463869480882, 1838339.312174369581044, 544.0 ], [ 409204.472147952474188, 1838309.090490286704153, 544.0 ], [ 409234.693832035467494, 1838278.868806203827262, 543.0 ], [ 409264.9155161184608, 1838248.647122120950371, 543.0 ], [ 409295.137200201454107, 1838218.42543803807348, 545.0 ], [ 409325.358884284447413, 1838188.203753955196589, 546.0 ], [ 409355.580568367440719, 1838157.982069872319698, 546.0 ], [ 409385.802252450434025, 1838127.760385789442807, 546.0 ], [ 409416.023936533427332, 1838097.538701706565917, 547.0 ], [ 409446.245620616420638, 1838067.317017623689026, 546.0 ], [ 409476.467304699413944, 1838067.317017623689026, 545.0 ], [ 409506.68898878240725, 1838037.095333540812135, 545.0 ], [ 409536.910672865400556, 1838006.873649457935244, 545.0 ], [ 409536.910672865400556, 1837976.651965375058353, 546.0 ], [ 409567.132356948393863, 1837946.430281292181462, 545.0 ], [ 409597.354041031387169, 1837916.208597209304571, 543.0 ], [ 409627.575725114380475, 1837885.98691312642768, 544.0 ], [ 409657.797409197373781, 1837855.765229043550789, 547.0 ], [ 409657.797409197373781, 1837825.543544960673898, 546.0 ], [ 409657.797409197373781, 1837795.321860877797008, 546.0 ], [ 409657.797409197373781, 1837765.100176794920117, 545.0 ], [ 409657.797409197373781, 1837734.878492712043226, 543.0 ], [ 409627.575725114380475, 1837704.656808629166335, 544.0 ], [ 409597.354041031387169, 1837674.435124546289444, 545.0 ], [ 409597.354041031387169, 1837644.213440463412553, 546.0 ], [ 409597.354041031387169, 1837613.991756380535662, 546.0 ], [ 409597.354041031387169, 1837583.770072297658771, 547.0 ], [ 409597.354041031387169, 1837553.54838821478188, 547.0 ], [ 409597.354041031387169, 1837523.326704131904989, 547.0 ], [ 409597.354041031387169, 1837493.105020049028099, 545.0 ], [ 409627.575725114380475, 1837462.883335966151208, 544.0 ], [ 409627.575725114380475, 1837432.661651883274317, 545.0 ], [ 409627.575725114380475, 1837402.439967800397426, 545.0 ], [ 409627.575725114380475, 1837372.218283717520535, 545.0 ], [ 409627.575725114380475, 1837341.996599634643644, 546.0 ], [ 409627.575725114380475, 1837311.774915551766753, 546.0 ], [ 409627.575725114380475, 1837281.553231468889862, 545.0 ], [ 409597.354041031387169, 1837251.331547386012971, 544.0 ], [ 409567.132356948393863, 1837221.109863303136081, 546.0 ], [ 409567.132356948393863, 1837190.88817922025919, 546.0 ], [ 409567.132356948393863, 1837160.666495137382299, 547.0 ], [ 409567.132356948393863, 1837130.444811054505408, 547.0 ], [ 409536.910672865400556, 1837100.223126971628517, 545.0 ], [ 409536.910672865400556, 1837070.001442888751626, 544.0 ], [ 409536.910672865400556, 1837039.779758805874735, 543.0 ], [ 409536.910672865400556, 1837009.558074722997844, 544.0 ], [ 409506.68898878240725, 1836979.336390640120953, 545.0 ], [ 409506.68898878240725, 1836949.114706557244062, 546.0 ], [ 409476.467304699413944, 1836918.893022474367172, 547.0 ], [ 409476.467304699413944, 1836888.671338391490281, 546.0 ], [ 409476.467304699413944, 1836858.44965430861339, 545.0 ], [ 409476.467304699413944, 1836828.227970225736499, 545.0 ], [ 409476.467304699413944, 1836798.006286142859608, 546.0 ], [ 409476.467304699413944, 1836767.784602059982717, 545.0 ], [ 409476.467304699413944, 1836737.562917977105826, 545.0 ], [ 409476.467304699413944, 1836707.341233894228935, 545.0 ], [ 409476.467304699413944, 1836677.119549811352044, 544.0 ], [ 409476.467304699413944, 1836646.897865728475153, 544.0 ], [ 409476.467304699413944, 1836616.676181645598263, 544.0 ], [ 409476.467304699413944, 1836586.454497562721372, 544.0 ], [ 409476.467304699413944, 1836556.232813479844481, 544.0 ], [ 409446.245620616420638, 1836526.01112939696759, 544.0 ], [ 409416.023936533427332, 1836495.789445314090699, 544.0 ], [ 409446.245620616420638, 1836465.567761231213808, 544.0 ], [ 409476.467304699413944, 1836435.346077148336917, 544.0 ], [ 409506.68898878240725, 1836405.124393065460026, 544.0 ], [ 409536.910672865400556, 1836374.902708982583135, 545.0 ], [ 409567.132356948393863, 1836344.681024899706244, 546.0 ], [ 409567.132356948393863, 1836314.459340816829354, 546.0 ], [ 409597.354041031387169, 1836284.237656733952463, 546.0 ], [ 409597.354041031387169, 1836254.015972651075572, 545.0 ], [ 409597.354041031387169, 1836223.794288568198681, 546.0 ], [ 409597.354041031387169, 1836193.57260448532179, 547.0 ], [ 409627.575725114380475, 1836163.350920402444899, 545.0 ], [ 409657.797409197373781, 1836133.129236319568008, 546.0 ], [ 409688.019093280367088, 1836102.907552236691117, 545.0 ], [ 409688.019093280367088, 1836072.685868153814226, 546.0 ], [ 409688.019093280367088, 1836042.464184070937335, 547.0 ], [ 409688.019093280367088, 1836012.242499988060445, 547.0 ], [ 409688.019093280367088, 1835982.020815905183554, 547.0 ], [ 409688.019093280367088, 1835951.799131822306663, 548.0 ], [ 409688.019093280367088, 1835921.577447739429772, 547.0 ], [ 409688.019093280367088, 1835891.355763656552881, 545.0 ], [ 409657.797409197373781, 1835861.13407957367599, 544.0 ], [ 409627.575725114380475, 1835830.912395490799099, 545.0 ], [ 409597.354041031387169, 1835800.690711407922208, 544.0 ], [ 409567.132356948393863, 1835770.469027325045317, 544.0 ], [ 409536.910672865400556, 1835740.247343242168427, 547.0 ], [ 409506.68898878240725, 1835710.025659159291536, 547.0 ], [ 409476.467304699413944, 1835679.803975076414645, 548.0 ], [ 409446.245620616420638, 1835649.582290993537754, 548.0 ], [ 409416.023936533427332, 1835619.360606910660863, 547.0 ], [ 409446.245620616420638, 1835589.138922827783972, 546.0 ], [ 409476.467304699413944, 1835558.917238744907081, 545.0 ], [ 409476.467304699413944, 1835528.69555466203019, 547.0 ], [ 409476.467304699413944, 1835498.473870579153299, 548.0 ], [ 409506.68898878240725, 1835468.252186496276408, 547.0 ], [ 409536.910672865400556, 1835438.030502413399518, 548.0 ], [ 409567.132356948393863, 1835407.808818330522627, 547.0 ], [ 409567.132356948393863, 1835377.587134247645736, 546.0 ], [ 409567.132356948393863, 1835347.365450164768845, 546.0 ], [ 409536.910672865400556, 1835317.143766081891954, 548.0 ], [ 409506.68898878240725, 1835286.922081999015063, 547.0 ], [ 409476.467304699413944, 1835256.700397916138172, 546.0 ], [ 409446.245620616420638, 1835256.700397916138172, 546.0 ], [ 409416.023936533427332, 1835226.478713833261281, 545.0 ], [ 409385.802252450434025, 1835196.25702975038439, 545.0 ], [ 409355.580568367440719, 1835166.035345667507499, 546.0 ], [ 409325.358884284447413, 1835166.035345667507499, 547.0 ], [ 409295.137200201454107, 1835135.813661584630609, 547.0 ], [ 409264.9155161184608, 1835105.591977501753718, 545.0 ], [ 409234.693832035467494, 1835075.370293418876827, 545.0 ], [ 409204.472147952474188, 1835075.370293418876827, 544.0 ], [ 409174.250463869480882, 1835045.148609335999936, 545.0 ], [ 409144.028779786487576, 1835045.148609335999936, 546.0 ], [ 409113.807095703494269, 1835014.926925253123045, 547.0 ], [ 409083.585411620500963, 1834984.705241170246154, 547.0 ], [ 409053.363727537507657, 1834954.483557087369263, 548.0 ], [ 409023.142043454514351, 1834924.261873004492372, 547.0 ], [ 408992.920359371521045, 1834894.040188921615481, 547.0 ], [ 408962.698675288527738, 1834863.81850483873859, 547.0 ], [ 408932.476991205534432, 1834833.5968207558617, 546.0 ], [ 408902.255307122541126, 1834803.375136672984809, 544.0 ], [ 408872.03362303954782, 1834773.153452590107918, 543.0 ], [ 408841.811938956554513, 1834742.931768507231027, 544.0 ], [ 408811.590254873561207, 1834712.710084424354136, 544.0 ], [ 408781.368570790567901, 1834682.488400341477245, 544.0 ], [ 408781.368570790567901, 1834652.266716258600354, 544.0 ], [ 408751.146886707574595, 1834622.045032175723463, 544.0 ], [ 408720.925202624581289, 1834591.823348092846572, 543.0 ], [ 408690.703518541587982, 1834591.823348092846572, 542.0 ], [ 408660.481834458594676, 1834561.601664009969682, 544.0 ], [ 408630.26015037560137, 1834531.379979927092791, 545.0 ], [ 408600.038466292608064, 1834501.1582958442159, 546.0 ], [ 408569.816782209614757, 1834470.936611761339009, 547.0 ], [ 408539.595098126621451, 1834440.714927678462118, 548.0 ], [ 408509.373414043628145, 1834440.714927678462118, 547.0 ], [ 408479.151729960634839, 1834440.714927678462118, 545.0 ], [ 408448.930045877641533, 1834440.714927678462118, 544.0 ], [ 408418.708361794648226, 1834440.714927678462118, 543.0 ], [ 408388.48667771165492, 1834410.493243595585227, 543.0 ], [ 408358.264993628661614, 1834410.493243595585227, 545.0 ], [ 408328.043309545668308, 1834410.493243595585227, 544.0 ], [ 408297.821625462675001, 1834410.493243595585227, 544.0 ], [ 408267.599941379681695, 1834410.493243595585227, 544.0 ], [ 408237.378257296688389, 1834410.493243595585227, 545.0 ], [ 408207.156573213695083, 1834410.493243595585227, 545.0 ], [ 408176.934889130701777, 1834440.714927678462118, 547.0 ], [ 408146.71320504770847, 1834440.714927678462118, 547.0 ], [ 408116.491520964715164, 1834440.714927678462118, 547.0 ], [ 408086.269836881721858, 1834440.714927678462118, 548.0 ], [ 408056.048152798728552, 1834440.714927678462118, 547.0 ], [ 408025.826468715735245, 1834440.714927678462118, 546.0 ], [ 407995.604784632741939, 1834410.493243595585227, 545.0 ], [ 407965.383100549748633, 1834380.271559512708336, 547.0 ], [ 407935.161416466755327, 1834380.271559512708336, 547.0 ], [ 407904.939732383762021, 1834380.271559512708336, 548.0 ], [ 407874.718048300768714, 1834350.049875429831445, 548.0 ], [ 407844.496364217775408, 1834319.828191346954554, 548.0 ], [ 407814.274680134782102, 1834289.606507264077663, 548.0 ], [ 407784.052996051788796, 1834259.384823181200773, 548.0 ], [ 407753.83131196879549, 1834259.384823181200773, 547.0 ], [ 407723.609627885802183, 1834229.163139098323882, 548.0 ], [ 407693.387943802808877, 1834198.941455015446991, 547.0 ], [ 407663.166259719815571, 1834168.7197709325701, 545.0 ], [ 407632.944575636822265, 1834138.498086849693209, 545.0 ], [ 407602.722891553828958, 1834138.498086849693209, 545.0 ], [ 407572.501207470835652, 1834108.276402766816318, 545.0 ], [ 407542.279523387842346, 1834078.054718683939427, 545.0 ], [ 407542.279523387842346, 1834047.833034601062536, 546.0 ], [ 407542.279523387842346, 1834017.611350518185645, 547.0 ], [ 407512.05783930484904, 1833987.389666435308754, 548.0 ], [ 407481.836155221855734, 1833957.167982352431864, 548.0 ], [ 407451.614471138862427, 1833926.946298269554973, 547.0 ], [ 407421.392787055869121, 1833896.724614186678082, 547.0 ], [ 407391.171102972875815, 1833866.502930103801191, 546.0 ], [ 407360.949418889882509, 1833836.2812460209243, 547.0 ], [ 407330.727734806889202, 1833836.2812460209243, 547.0 ], [ 407300.506050723895896, 1833806.059561938047409, 547.0 ], [ 407270.28436664090259, 1833775.837877855170518, 547.0 ], [ 407270.28436664090259, 1833745.616193772293627, 547.0 ], [ 407240.062682557909284, 1833715.394509689416736, 546.0 ], [ 407209.840998474915978, 1833685.172825606539845, 548.0 ], [ 407179.619314391922671, 1833654.951141523662955, 547.0 ], [ 407149.397630308929365, 1833624.729457440786064, 546.0 ], [ 407119.175946225936059, 1833594.507773357909173, 547.0 ], [ 407088.954262142942753, 1833564.286089275032282, 548.0 ], [ 407058.732578059949446, 1833534.064405192155391, 547.0 ], [ 407028.51089397695614, 1833503.8427211092785, 546.0 ], [ 406998.289209893962834, 1833473.621037026401609, 546.0 ], [ 406968.067525810969528, 1833443.399352943524718, 546.0 ], [ 406937.845841727976222, 1833413.177668860647827, 546.0 ], [ 406907.624157644982915, 1833382.955984777770936, 546.0 ], [ 406907.624157644982915, 1833352.734300694894046, 547.0 ], [ 406877.402473561989609, 1833322.512616612017155, 547.0 ], [ 406847.180789478996303, 1833292.290932529140264, 546.0 ], [ 406816.959105396002997, 1833292.290932529140264, 546.0 ], [ 406786.73742131300969, 1833292.290932529140264, 547.0 ], [ 406756.515737230016384, 1833322.512616612017155, 547.0 ], [ 406726.294053147023078, 1833322.512616612017155, 547.0 ], [ 406696.072369064029772, 1833322.512616612017155, 546.0 ], [ 406665.850684981036466, 1833322.512616612017155, 547.0 ], [ 406635.629000898043159, 1833322.512616612017155, 547.0 ], [ 406605.407316815049853, 1833322.512616612017155, 546.0 ], [ 406575.185632732056547, 1833322.512616612017155, 546.0 ], [ 406544.963948649063241, 1833292.290932529140264, 547.0 ], [ 406514.742264566069935, 1833262.069248446263373, 548.0 ], [ 406484.520580483076628, 1833262.069248446263373, 548.0 ], [ 406454.298896400083322, 1833262.069248446263373, 548.0 ], [ 406424.077212317090016, 1833262.069248446263373, 548.0 ], [ 406393.85552823409671, 1833262.069248446263373, 548.0 ], [ 406363.633844151103403, 1833292.290932529140264, 547.0 ], [ 406333.412160068110097, 1833292.290932529140264, 546.0 ], [ 406303.190475985116791, 1833292.290932529140264, 544.0 ], [ 406272.968791902123485, 1833292.290932529140264, 543.0 ], [ 406242.747107819130179, 1833292.290932529140264, 545.0 ], [ 406212.525423736136872, 1833292.290932529140264, 546.0 ], [ 406182.303739653143566, 1833262.069248446263373, 548.0 ], [ 406152.08205557015026, 1833231.847564363386482, 547.0 ], [ 406121.860371487156954, 1833231.847564363386482, 544.0 ], [ 406121.860371487156954, 1833201.625880280509591, 547.0 ], [ 406091.638687404163647, 1833171.4041961976327, 548.0 ], [ 406061.417003321170341, 1833141.182512114755809, 547.0 ], [ 406031.195319238177035, 1833110.960828031878918, 546.0 ], [ 406000.973635155183729, 1833080.739143949002028, 548.0 ], [ 405970.751951072190423, 1833050.517459866125137, 547.0 ], [ 405940.530266989197116, 1833020.295775783248246, 547.0 ], [ 405910.30858290620381, 1832990.074091700371355, 547.0 ], [ 405880.086898823210504, 1832959.852407617494464, 547.0 ], [ 405849.865214740217198, 1832959.852407617494464, 547.0 ], [ 405819.643530657223891, 1832959.852407617494464, 547.0 ], [ 405789.421846574230585, 1832959.852407617494464, 548.0 ], [ 405759.200162491237279, 1832929.630723534617573, 548.0 ], [ 405728.978478408243973, 1832899.409039451740682, 546.0 ], [ 405698.756794325250667, 1832899.409039451740682, 546.0 ], [ 405668.53511024225736, 1832869.187355368863791, 548.0 ], [ 405638.313426159264054, 1832838.9656712859869, 547.0 ], [ 405608.091742076270748, 1832808.743987203110009, 547.0 ], [ 405577.870057993277442, 1832778.522303120233119, 548.0 ], [ 405547.648373910284135, 1832748.300619037356228, 548.0 ], [ 405517.426689827290829, 1832718.078934954479337, 547.0 ], [ 405487.205005744297523, 1832687.857250871602446, 547.0 ], [ 405456.983321661304217, 1832657.635566788725555, 547.0 ], [ 405487.205005744297523, 1832627.413882705848664, 546.0 ], [ 405517.426689827290829, 1832597.192198622971773, 548.0 ], [ 405547.648373910284135, 1832566.970514540094882, 548.0 ], [ 405577.870057993277442, 1832536.748830457217991, 547.0 ], [ 405577.870057993277442, 1832506.5271463743411, 547.0 ], [ 405577.870057993277442, 1832476.30546229146421, 546.0 ], [ 405547.648373910284135, 1832446.083778208587319, 546.0 ], [ 405547.648373910284135, 1832415.862094125710428, 546.0 ], [ 405517.426689827290829, 1832385.640410042833537, 547.0 ], [ 405517.426689827290829, 1832355.418725959956646, 547.0 ], [ 405487.205005744297523, 1832355.418725959956646, 548.0 ], [ 405456.983321661304217, 1832325.197041877079755, 548.0 ], [ 405426.761637578310911, 1832294.975357794202864, 547.0 ], [ 405426.761637578310911, 1832264.753673711325973, 547.0 ], [ 405426.761637578310911, 1832234.531989628449082, 547.0 ], [ 405426.761637578310911, 1832204.310305545572191, 546.0 ], [ 405396.539953495317604, 1832174.088621462695301, 548.0 ], [ 405366.318269412324298, 1832143.86693737981841, 546.0 ], [ 405336.096585329330992, 1832113.645253296941519, 544.0 ], [ 405336.096585329330992, 1832083.423569214064628, 543.0 ], [ 405336.096585329330992, 1832053.201885131187737, 543.0 ], [ 405336.096585329330992, 1832022.980201048310846, 543.0 ], [ 405336.096585329330992, 1831992.758516965433955, 544.0 ], [ 405336.096585329330992, 1831962.536832882557064, 545.0 ], [ 405336.096585329330992, 1831932.315148799680173, 546.0 ], [ 405366.318269412324298, 1831902.093464716803282, 546.0 ], [ 405366.318269412324298, 1831871.871780633926392, 546.0 ], [ 405366.318269412324298, 1831841.650096551049501, 546.0 ], [ 405366.318269412324298, 1831811.42841246817261, 547.0 ], [ 405366.318269412324298, 1831781.206728385295719, 547.0 ], [ 405366.318269412324298, 1831750.985044302418828, 546.0 ], [ 405366.318269412324298, 1831720.763360219541937, 545.0 ], [ 405366.318269412324298, 1831690.541676136665046, 545.0 ], [ 405366.318269412324298, 1831660.319992053788155, 545.0 ], [ 405366.318269412324298, 1831630.098307970911264, 546.0 ], [ 405366.318269412324298, 1831599.876623888034374, 547.0 ], [ 405366.318269412324298, 1831569.654939805157483, 548.0 ], [ 405366.318269412324298, 1831539.433255722280592, 547.0 ], [ 405366.318269412324298, 1831509.211571639403701, 545.0 ], [ 405366.318269412324298, 1831478.98988755652681, 545.0 ], [ 405336.096585329330992, 1831448.768203473649919, 545.0 ], [ 405336.096585329330992, 1831418.546519390773028, 545.0 ], [ 405336.096585329330992, 1831388.324835307896137, 545.0 ], [ 405336.096585329330992, 1831358.103151225019246, 546.0 ], [ 405336.096585329330992, 1831327.881467142142355, 547.0 ], [ 405366.318269412324298, 1831297.659783059265465, 547.0 ], [ 405366.318269412324298, 1831267.438098976388574, 548.0 ], [ 405396.539953495317604, 1831237.216414893511683, 547.0 ], [ 405396.539953495317604, 1831206.994730810634792, 547.0 ], [ 405396.539953495317604, 1831176.773046727757901, 547.0 ], [ 405396.539953495317604, 1831146.55136264488101, 547.0 ], [ 405396.539953495317604, 1831116.329678562004119, 547.0 ], [ 405396.539953495317604, 1831086.107994479127228, 547.0 ], [ 405396.539953495317604, 1831055.886310396250337, 547.0 ], [ 405396.539953495317604, 1831025.664626313373446, 547.0 ], [ 405426.761637578310911, 1830995.442942230496556, 546.0 ], [ 405456.983321661304217, 1830965.221258147619665, 547.0 ], [ 405456.983321661304217, 1830934.999574064742774, 547.0 ], [ 405456.983321661304217, 1830904.777889981865883, 546.0 ], [ 405456.983321661304217, 1830874.556205898988992, 545.0 ], [ 405456.983321661304217, 1830844.334521816112101, 546.0 ], [ 405456.983321661304217, 1830814.11283773323521, 545.0 ], [ 405456.983321661304217, 1830783.891153650358319, 545.0 ], [ 405456.983321661304217, 1830753.669469567481428, 547.0 ], [ 405456.983321661304217, 1830723.447785484604537, 548.0 ], [ 405456.983321661304217, 1830693.226101401727647, 548.0 ], [ 405456.983321661304217, 1830663.004417318850756, 547.0 ], [ 405426.761637578310911, 1830632.782733235973865, 548.0 ], [ 405426.761637578310911, 1830602.561049153096974, 548.0 ], [ 405426.761637578310911, 1830572.339365070220083, 546.0 ], [ 405426.761637578310911, 1830542.117680987343192, 546.0 ], [ 405396.539953495317604, 1830542.117680987343192, 548.0 ], [ 405366.318269412324298, 1830511.895996904466301, 548.0 ], [ 405336.096585329330992, 1830481.67431282158941, 548.0 ], [ 405336.096585329330992, 1830451.452628738712519, 549.0 ], [ 405336.096585329330992, 1830421.230944655835629, 547.0 ], [ 405305.874901246337686, 1830391.009260572958738, 546.0 ], [ 405305.874901246337686, 1830360.787576490081847, 547.0 ], [ 405305.874901246337686, 1830330.565892407204956, 548.0 ], [ 405275.65321716334438, 1830300.344208324328065, 547.0 ], [ 405275.65321716334438, 1830270.122524241451174, 547.0 ], [ 405245.431533080351073, 1830239.900840158574283, 548.0 ], [ 405215.209848997357767, 1830209.679156075697392, 549.0 ], [ 405184.988164914364461, 1830179.457471992820501, 547.0 ], [ 405154.766480831371155, 1830149.23578790994361, 547.0 ], [ 405184.988164914364461, 1830119.01410382706672, 549.0 ], [ 405215.209848997357767, 1830088.792419744189829, 549.0 ], [ 405245.431533080351073, 1830058.570735661312938, 548.0 ], [ 405245.431533080351073, 1830028.349051578436047, 546.0 ], [ 405245.431533080351073, 1829998.127367495559156, 547.0 ], [ 405215.209848997357767, 1829967.905683412682265, 549.0 ], [ 405184.988164914364461, 1829937.683999329805374, 549.0 ], [ 405184.988164914364461, 1829907.462315246928483, 549.0 ], [ 405215.209848997357767, 1829877.240631164051592, 549.0 ], [ 405245.431533080351073, 1829847.018947081174701, 549.0 ], [ 405245.431533080351073, 1829816.797262998297811, 548.0 ], [ 405275.65321716334438, 1829786.57557891542092, 549.0 ], [ 405275.65321716334438, 1829756.353894832544029, 548.0 ], [ 405305.874901246337686, 1829726.132210749667138, 549.0 ], [ 405336.096585329330992, 1829695.910526666790247, 549.0 ], [ 405366.318269412324298, 1829665.688842583913356, 548.0 ], [ 405366.318269412324298, 1829635.467158501036465, 548.0 ], [ 405366.318269412324298, 1829605.245474418159574, 549.0 ], [ 405396.539953495317604, 1829575.023790335282683, 549.0 ], [ 405426.761637578310911, 1829544.802106252405792, 548.0 ], [ 405456.983321661304217, 1829514.580422169528902, 548.0 ], [ 405456.983321661304217, 1829484.358738086652011, 547.0 ], [ 405487.205005744297523, 1829454.13705400377512, 547.0 ], [ 405487.205005744297523, 1829423.915369920898229, 548.0 ], [ 405487.205005744297523, 1829393.693685838021338, 549.0 ], [ 405487.205005744297523, 1829363.472001755144447, 549.0 ], [ 405487.205005744297523, 1829333.250317672267556, 547.0 ], [ 405487.205005744297523, 1829303.028633589390665, 547.0 ], [ 405487.205005744297523, 1829272.806949506513774, 547.0 ], [ 405487.205005744297523, 1829242.585265423636883, 547.0 ], [ 405487.205005744297523, 1829212.363581340759993, 548.0 ], [ 405487.205005744297523, 1829182.141897257883102, 547.0 ], [ 405487.205005744297523, 1829151.920213175006211, 546.0 ], [ 405456.983321661304217, 1829121.69852909212932, 545.0 ], [ 405456.983321661304217, 1829091.476845009252429, 547.0 ], [ 405456.983321661304217, 1829061.255160926375538, 548.0 ], [ 405456.983321661304217, 1829031.033476843498647, 548.0 ], [ 405456.983321661304217, 1829000.811792760621756, 546.0 ], [ 405456.983321661304217, 1828970.590108677744865, 546.0 ], [ 405456.983321661304217, 1828940.368424594867975, 546.0 ], [ 405426.761637578310911, 1828910.146740511991084, 546.0 ], [ 405396.539953495317604, 1828879.925056429114193, 548.0 ], [ 405396.539953495317604, 1828849.703372346237302, 549.0 ], [ 405396.539953495317604, 1828819.481688263360411, 551.0 ], [ 405366.318269412324298, 1828789.26000418048352, 551.0 ], [ 405336.096585329330992, 1828759.038320097606629, 550.0 ], [ 405305.874901246337686, 1828728.816636014729738, 550.0 ], [ 405305.874901246337686, 1828698.594951931852847, 550.0 ], [ 405275.65321716334438, 1828668.373267848975956, 550.0 ], [ 405245.431533080351073, 1828638.151583766099066, 550.0 ], [ 405215.209848997357767, 1828607.929899683222175, 550.0 ], [ 405184.988164914364461, 1828577.708215600345284, 550.0 ], [ 405154.766480831371155, 1828547.486531517468393, 550.0 ], [ 405124.544796748377848, 1828517.264847434591502, 550.0 ], [ 405094.323112665384542, 1828487.043163351714611, 550.0 ], [ 405064.101428582391236, 1828487.043163351714611, 550.0 ], [ 405033.87974449939793, 1828456.82147926883772, 548.0 ], [ 405003.658060416404624, 1828426.599795185960829, 549.0 ], [ 404973.436376333411317, 1828396.378111103083938, 550.0 ], [ 404943.214692250418011, 1828366.156427020207047, 550.0 ], [ 404912.993008167424705, 1828366.156427020207047, 549.0 ], [ 404882.771324084431399, 1828366.156427020207047, 547.0 ], [ 404852.549640001438092, 1828335.934742937330157, 549.0 ], [ 404822.327955918444786, 1828335.934742937330157, 550.0 ], [ 404792.10627183545148, 1828335.934742937330157, 551.0 ], [ 404761.884587752458174, 1828335.934742937330157, 551.0 ], [ 404731.662903669464868, 1828366.156427020207047, 551.0 ], [ 404701.441219586471561, 1828396.378111103083938, 551.0 ], [ 404671.219535503478255, 1828426.599795185960829, 551.0 ], [ 404640.997851420484949, 1828456.82147926883772, 550.0 ], [ 404610.776167337491643, 1828456.82147926883772, 551.0 ], [ 404580.554483254498336, 1828456.82147926883772, 550.0 ], [ 404550.33279917150503, 1828456.82147926883772, 549.0 ], [ 404520.111115088511724, 1828456.82147926883772, 548.0 ], [ 404489.889431005518418, 1828456.82147926883772, 547.0 ], [ 404459.667746922525112, 1828487.043163351714611, 548.0 ], [ 404429.446062839531805, 1828517.264847434591502, 549.0 ], [ 404399.224378756538499, 1828517.264847434591502, 550.0 ], [ 404369.002694673545193, 1828517.264847434591502, 551.0 ], [ 404338.781010590551887, 1828517.264847434591502, 551.0 ], [ 404308.55932650755858, 1828517.264847434591502, 550.0 ], [ 404278.337642424565274, 1828547.486531517468393, 548.0 ], [ 404248.115958341571968, 1828577.708215600345284, 548.0 ], [ 404217.894274258578662, 1828577.708215600345284, 549.0 ], [ 404187.672590175585356, 1828577.708215600345284, 549.0 ], [ 404157.450906092592049, 1828577.708215600345284, 549.0 ], [ 404127.229222009598743, 1828547.486531517468393, 550.0 ], [ 404097.007537926605437, 1828547.486531517468393, 550.0 ], [ 404066.785853843612131, 1828517.264847434591502, 550.0 ], [ 404036.564169760618825, 1828487.043163351714611, 549.0 ], [ 404006.342485677625518, 1828456.82147926883772, 550.0 ], [ 403976.120801594632212, 1828426.599795185960829, 550.0 ], [ 403945.899117511638906, 1828426.599795185960829, 549.0 ], [ 403915.6774334286456, 1828426.599795185960829, 550.0 ], [ 403885.455749345652293, 1828426.599795185960829, 550.0 ], [ 403855.234065262658987, 1828426.599795185960829, 549.0 ], [ 403825.012381179665681, 1828426.599795185960829, 549.0 ], [ 403794.790697096672375, 1828426.599795185960829, 549.0 ], [ 403764.569013013679069, 1828426.599795185960829, 549.0 ], [ 403734.347328930685762, 1828426.599795185960829, 549.0 ], [ 403704.125644847692456, 1828396.378111103083938, 549.0 ], [ 403673.90396076469915, 1828396.378111103083938, 549.0 ], [ 403643.682276681705844, 1828366.156427020207047, 549.0 ], [ 403613.460592598712537, 1828366.156427020207047, 549.0 ], [ 403583.238908515719231, 1828366.156427020207047, 549.0 ], [ 403553.017224432725925, 1828396.378111103083938, 550.0 ], [ 403522.795540349732619, 1828426.599795185960829, 550.0 ], [ 403492.573856266739313, 1828426.599795185960829, 550.0 ], [ 403462.352172183746006, 1828426.599795185960829, 551.0 ], [ 403432.1304881007527, 1828396.378111103083938, 551.0 ], [ 403401.908804017759394, 1828366.156427020207047, 551.0 ], [ 403371.687119934766088, 1828366.156427020207047, 550.0 ], [ 403341.465435851772781, 1828335.934742937330157, 550.0 ], [ 403311.243751768779475, 1828305.713058854453266, 550.0 ], [ 403281.022067685786169, 1828275.491374771576375, 550.0 ], [ 403250.800383602792863, 1828275.491374771576375, 550.0 ], [ 403220.578699519799557, 1828245.269690688699484, 549.0 ], [ 403190.35701543680625, 1828215.048006605822593, 549.0 ], [ 403190.35701543680625, 1828184.826322522945702, 548.0 ], [ 403190.35701543680625, 1828154.604638440068811, 550.0 ], [ 403190.35701543680625, 1828124.38295435719192, 550.0 ], [ 403190.35701543680625, 1828094.161270274315029, 550.0 ], [ 403190.35701543680625, 1828063.939586191438138, 551.0 ], [ 403190.35701543680625, 1828033.717902108561248, 550.0 ], [ 403190.35701543680625, 1828003.496218025684357, 548.0 ], [ 403190.35701543680625, 1827973.274533942807466, 549.0 ], [ 403190.35701543680625, 1827943.052849859930575, 550.0 ], [ 403190.35701543680625, 1827912.831165777053684, 551.0 ], [ 403190.35701543680625, 1827882.609481694176793, 550.0 ], [ 403190.35701543680625, 1827852.387797611299902, 550.0 ], [ 403190.35701543680625, 1827822.166113528423011, 550.0 ], [ 403160.135331353812944, 1827791.94442944554612, 549.0 ], [ 403160.135331353812944, 1827761.72274536266923, 550.0 ], [ 403129.913647270819638, 1827761.72274536266923, 552.0 ], [ 403099.691963187826332, 1827731.501061279792339, 552.0 ], [ 403069.470279104833025, 1827701.279377196915448, 551.0 ], [ 403039.248595021839719, 1827671.057693114038557, 552.0 ], [ 403009.026910938846413, 1827640.836009031161666, 549.0 ], [ 402978.805226855853107, 1827610.614324948284775, 549.0 ], [ 402948.583542772859801, 1827580.392640865407884, 552.0 ], [ 402918.361858689866494, 1827550.170956782530993, 551.0 ], [ 402888.140174606873188, 1827519.949272699654102, 550.0 ], [ 402857.918490523879882, 1827519.949272699654102, 550.0 ], [ 402827.696806440886576, 1827489.727588616777211, 552.0 ], [ 402797.47512235789327, 1827459.505904533900321, 552.0 ], [ 402767.253438274899963, 1827459.505904533900321, 551.0 ], [ 402737.031754191906657, 1827459.505904533900321, 550.0 ], [ 402706.810070108913351, 1827459.505904533900321, 549.0 ], [ 402676.588386025920045, 1827459.505904533900321, 549.0 ], [ 402646.366701942926738, 1827459.505904533900321, 551.0 ], [ 402616.145017859933432, 1827459.505904533900321, 550.0 ], [ 402585.923333776940126, 1827459.505904533900321, 549.0 ], [ 402555.70164969394682, 1827459.505904533900321, 549.0 ], [ 402525.479965610953514, 1827459.505904533900321, 552.0 ], [ 402495.258281527960207, 1827459.505904533900321, 552.0 ], [ 402465.036597444966901, 1827429.28422045102343, 552.0 ], [ 402434.814913361973595, 1827399.062536368146539, 552.0 ], [ 402404.593229278980289, 1827368.840852285269648, 551.0 ], [ 402374.371545195986982, 1827338.619168202392757, 549.0 ], [ 402344.149861112993676, 1827338.619168202392757, 549.0 ], [ 402313.92817703000037, 1827338.619168202392757, 549.0 ], [ 402283.706492947007064, 1827368.840852285269648, 549.0 ], [ 402253.484808864013758, 1827368.840852285269648, 549.0 ], [ 402223.263124781020451, 1827368.840852285269648, 549.0 ], [ 402193.041440698027145, 1827399.062536368146539, 549.0 ], [ 402162.819756615033839, 1827429.28422045102343, 549.0 ], [ 402132.598072532040533, 1827429.28422045102343, 549.0 ], [ 402102.376388449047226, 1827429.28422045102343, 549.0 ], [ 402072.15470436605392, 1827399.062536368146539, 550.0 ], [ 402041.933020283060614, 1827368.840852285269648, 550.0 ], [ 402011.711336200067308, 1827338.619168202392757, 550.0 ], [ 401981.489652117074002, 1827308.397484119515866, 551.0 ], [ 401951.267968034080695, 1827278.175800036638975, 552.0 ], [ 401921.046283951087389, 1827247.954115953762084, 552.0 ], [ 401890.824599868094083, 1827247.954115953762084, 552.0 ], [ 401860.602915785100777, 1827247.954115953762084, 551.0 ], [ 401830.38123170210747, 1827217.732431870885193, 552.0 ], [ 401800.159547619114164, 1827187.510747788008302, 552.0 ], [ 401769.937863536120858, 1827187.510747788008302, 552.0 ], [ 401739.716179453127552, 1827187.510747788008302, 552.0 ], [ 401709.494495370134246, 1827217.732431870885193, 552.0 ], [ 401679.272811287140939, 1827217.732431870885193, 550.0 ], [ 401649.051127204147633, 1827217.732431870885193, 550.0 ], [ 401618.829443121154327, 1827187.510747788008302, 552.0 ], [ 401588.607759038161021, 1827157.289063705131412, 552.0 ], [ 401558.386074955167715, 1827127.067379622254521, 552.0 ], [ 401558.386074955167715, 1827096.84569553937763, 551.0 ], [ 401558.386074955167715, 1827066.624011456500739, 552.0 ], [ 401528.164390872174408, 1827036.402327373623848, 553.0 ], [ 401497.942706789181102, 1827036.402327373623848, 553.0 ], [ 401467.721022706187796, 1827006.180643290746957, 553.0 ], [ 401437.49933862319449, 1826975.958959207870066, 553.0 ], [ 401407.277654540201183, 1826945.737275124993175, 552.0 ], [ 401377.055970457207877, 1826915.515591042116284, 551.0 ], [ 401346.834286374214571, 1826885.293906959239393, 551.0 ], [ 401316.612602291221265, 1826855.072222876362503, 551.0 ], [ 401286.390918208227959, 1826824.850538793485612, 551.0 ], [ 401256.169234125234652, 1826794.628854710608721, 551.0 ], [ 401286.390918208227959, 1826764.40717062773183, 552.0 ], [ 401286.390918208227959, 1826734.185486544854939, 553.0 ], [ 401286.390918208227959, 1826703.963802461978048, 552.0 ], [ 401286.390918208227959, 1826673.742118379101157, 552.0 ], [ 401286.390918208227959, 1826643.520434296224266, 553.0 ], [ 401286.390918208227959, 1826613.298750213347375, 553.0 ], [ 401286.390918208227959, 1826583.077066130470484, 551.0 ], [ 401286.390918208227959, 1826552.855382047593594, 550.0 ], [ 401256.169234125234652, 1826522.633697964716703, 549.0 ], [ 401225.947550042241346, 1826492.412013881839812, 551.0 ], [ 401195.72586595924804, 1826492.412013881839812, 551.0 ], [ 401165.504181876254734, 1826462.190329798962921, 550.0 ], [ 401135.282497793261427, 1826431.96864571608603, 549.0 ], [ 401105.060813710268121, 1826431.96864571608603, 549.0 ], [ 401105.060813710268121, 1826401.746961633209139, 549.0 ], [ 401074.839129627274815, 1826371.525277550332248, 550.0 ], [ 401044.617445544281509, 1826341.303593467455357, 551.0 ], [ 401044.617445544281509, 1826311.081909384578466, 551.0 ], [ 401014.395761461288203, 1826280.860225301701576, 551.0 ], [ 400984.174077378294896, 1826250.638541218824685, 552.0 ], [ 400953.95239329530159, 1826220.416857135947794, 553.0 ], [ 400923.730709212308284, 1826190.195173053070903, 553.0 ], [ 400923.730709212308284, 1826159.973488970194012, 552.0 ], [ 400923.730709212308284, 1826129.751804887317121, 553.0 ], [ 400923.730709212308284, 1826099.53012080444023, 552.0 ], [ 400893.509025129314978, 1826069.308436721563339, 552.0 ], [ 400863.287341046321671, 1826039.086752638686448, 550.0 ], [ 400863.287341046321671, 1826008.865068555809557, 549.0 ], [ 400863.287341046321671, 1825978.643384472932667, 549.0 ], [ 400863.287341046321671, 1825948.421700390055776, 551.0 ], [ 400833.065656963328365, 1825918.200016307178885, 551.0 ], [ 400802.843972880335059, 1825887.978332224301994, 550.0 ], [ 400772.622288797341753, 1825857.756648141425103, 550.0 ], [ 400742.400604714348447, 1825827.534964058548212, 551.0 ], [ 400712.17892063135514, 1825797.313279975671321, 553.0 ], [ 400681.957236548361834, 1825767.09159589279443, 552.0 ], [ 400651.735552465368528, 1825736.869911809917539, 551.0 ], [ 400621.513868382375222, 1825706.648227727040648, 552.0 ], [ 400621.513868382375222, 1825676.426543644163758, 551.0 ], [ 400621.513868382375222, 1825646.204859561286867, 551.0 ], [ 400621.513868382375222, 1825615.983175478409976, 550.0 ], [ 400621.513868382375222, 1825585.761491395533085, 551.0 ], [ 400621.513868382375222, 1825555.539807312656194, 551.0 ], [ 400591.292184299381915, 1825525.318123229779303, 552.0 ], [ 400591.292184299381915, 1825495.096439146902412, 552.0 ], [ 400561.070500216388609, 1825495.096439146902412, 552.0 ], [ 400530.848816133395303, 1825464.874755064025521, 552.0 ], [ 400500.627132050401997, 1825434.65307098114863, 553.0 ], [ 400470.405447967408691, 1825404.431386898271739, 553.0 ], [ 400440.183763884415384, 1825374.209702815394849, 553.0 ], [ 400409.962079801422078, 1825374.209702815394849, 553.0 ], [ 400379.740395718428772, 1825404.431386898271739, 552.0 ], [ 400349.518711635435466, 1825434.65307098114863, 552.0 ], [ 400319.29702755244216, 1825464.874755064025521, 553.0 ], [ 400289.075343469448853, 1825495.096439146902412, 553.0 ], [ 400258.853659386455547, 1825525.318123229779303, 553.0 ], [ 400228.631975303462241, 1825555.539807312656194, 551.0 ], [ 400198.410291220468935, 1825585.761491395533085, 553.0 ], [ 400168.188607137475628, 1825555.539807312656194, 552.0 ], [ 400137.966923054482322, 1825555.539807312656194, 551.0 ], [ 400107.745238971489016, 1825555.539807312656194, 550.0 ], [ 400077.52355488849571, 1825555.539807312656194, 550.0 ], [ 400047.301870805502404, 1825555.539807312656194, 550.0 ], [ 400017.080186722509097, 1825555.539807312656194, 550.0 ], [ 399986.858502639515791, 1825525.318123229779303, 550.0 ], [ 399956.636818556522485, 1825525.318123229779303, 551.0 ], [ 399926.415134473529179, 1825525.318123229779303, 552.0 ], [ 399896.193450390535872, 1825495.096439146902412, 550.0 ], [ 399865.971766307542566, 1825495.096439146902412, 550.0 ], [ 399835.75008222454926, 1825495.096439146902412, 550.0 ], [ 399805.528398141555954, 1825464.874755064025521, 552.0 ], [ 399775.306714058562648, 1825434.65307098114863, 552.0 ], [ 399745.085029975569341, 1825404.431386898271739, 551.0 ], [ 399714.863345892576035, 1825374.209702815394849, 550.0 ], [ 399684.641661809582729, 1825374.209702815394849, 550.0 ], [ 399654.419977726589423, 1825343.988018732517958, 550.0 ], [ 399624.198293643596116, 1825313.766334649641067, 552.0 ], [ 399593.97660956060281, 1825283.544650566764176, 553.0 ], [ 399563.754925477609504, 1825253.322966483887285, 553.0 ], [ 399533.533241394616198, 1825223.101282401010394, 553.0 ], [ 399503.311557311622892, 1825192.879598318133503, 553.0 ], [ 399473.089873228629585, 1825162.657914235256612, 553.0 ], [ 399503.311557311622892, 1825132.436230152379721, 553.0 ], [ 399503.311557311622892, 1825102.214546069502831, 553.0 ], [ 399533.533241394616198, 1825071.99286198662594, 553.0 ], [ 399563.754925477609504, 1825041.771177903749049, 551.0 ], [ 399593.97660956060281, 1825011.549493820872158, 552.0 ], [ 399624.198293643596116, 1824981.327809737995267, 551.0 ], [ 399624.198293643596116, 1824951.106125655118376, 550.0 ], [ 399654.419977726589423, 1824951.106125655118376, 551.0 ], [ 399684.641661809582729, 1824920.884441572241485, 551.0 ], [ 399684.641661809582729, 1824890.662757489364594, 551.0 ], [ 399684.641661809582729, 1824860.441073406487703, 552.0 ], [ 399684.641661809582729, 1824830.219389323610812, 551.0 ], [ 399654.419977726589423, 1824799.997705240733922, 552.0 ], [ 399624.198293643596116, 1824769.776021157857031, 551.0 ], [ 399593.97660956060281, 1824739.55433707498014, 550.0 ], [ 399563.754925477609504, 1824739.55433707498014, 549.0 ], [ 399533.533241394616198, 1824709.332652992103249, 548.0 ], [ 399503.311557311622892, 1824709.332652992103249, 548.0 ], [ 399473.089873228629585, 1824679.110968909226358, 548.0 ], [ 399442.868189145636279, 1824648.889284826349467, 548.0 ], [ 399412.646505062642973, 1824618.667600743472576, 548.0 ], [ 399382.424820979649667, 1824588.445916660595685, 549.0 ], [ 399352.20313689665636, 1824558.224232577718794, 552.0 ], [ 399321.981452813663054, 1824528.002548494841903, 552.0 ], [ 399291.759768730669748, 1824528.002548494841903, 551.0 ], [ 399291.759768730669748, 1824497.780864411965013, 551.0 ], [ 399261.538084647676442, 1824467.559180329088122, 551.0 ], [ 399231.316400564683136, 1824437.337496246211231, 551.0 ], [ 399201.094716481689829, 1824407.11581216333434, 551.0 ], [ 399170.873032398696523, 1824376.894128080457449, 551.0 ], [ 399140.651348315703217, 1824346.672443997580558, 552.0 ], [ 399110.429664232709911, 1824346.672443997580558, 551.0 ], [ 399110.429664232709911, 1824316.450759914703667, 551.0 ], [ 399080.207980149716605, 1824286.229075831826776, 551.0 ], [ 399049.986296066723298, 1824256.007391748949885, 551.0 ], [ 399019.764611983729992, 1824225.785707666072994, 552.0 ], [ 399049.986296066723298, 1824195.564023583196104, 552.0 ], [ 399080.207980149716605, 1824165.342339500319213, 551.0 ], [ 399110.429664232709911, 1824135.120655417442322, 552.0 ], [ 399140.651348315703217, 1824104.898971334565431, 553.0 ], [ 399170.873032398696523, 1824074.67728725168854, 551.0 ], [ 399170.873032398696523, 1824044.455603168811649, 550.0 ], [ 399201.094716481689829, 1824014.233919085934758, 550.0 ], [ 399201.094716481689829, 1823984.012235003057867, 552.0 ], [ 399201.094716481689829, 1823953.790550920180976, 552.0 ], [ 399201.094716481689829, 1823923.568866837304085, 552.0 ], [ 399170.873032398696523, 1823893.347182754427195, 552.0 ], [ 399170.873032398696523, 1823863.125498671550304, 553.0 ], [ 399170.873032398696523, 1823832.903814588673413, 553.0 ], [ 399170.873032398696523, 1823802.682130505796522, 552.0 ], [ 399140.651348315703217, 1823772.460446422919631, 552.0 ], [ 399110.429664232709911, 1823742.23876234004274, 552.0 ], [ 399110.429664232709911, 1823712.017078257165849, 553.0 ], [ 399080.207980149716605, 1823681.795394174288958, 553.0 ], [ 399049.986296066723298, 1823651.573710091412067, 552.0 ], [ 399019.764611983729992, 1823621.352026008535177, 553.0 ], [ 398989.542927900736686, 1823591.130341925658286, 553.0 ], [ 398959.32124381774338, 1823560.908657842781395, 551.0 ], [ 398929.099559734750073, 1823530.686973759904504, 552.0 ], [ 398898.877875651756767, 1823500.465289677027613, 553.0 ], [ 398868.656191568763461, 1823470.243605594150722, 552.0 ], [ 398868.656191568763461, 1823440.021921511273831, 553.0 ], [ 398838.434507485770155, 1823409.80023742839694, 554.0 ], [ 398808.212823402776849, 1823379.578553345520049, 554.0 ], [ 398777.991139319783542, 1823349.356869262643158, 554.0 ], [ 398747.769455236790236, 1823319.135185179766268, 553.0 ], [ 398717.54777115379693, 1823288.913501096889377, 552.0 ], [ 398687.326087070803624, 1823258.691817014012486, 553.0 ], [ 398657.104402987810317, 1823228.470132931135595, 554.0 ], [ 398626.882718904817011, 1823228.470132931135595, 554.0 ], [ 398596.661034821823705, 1823198.248448848258704, 553.0 ], [ 398566.439350738830399, 1823198.248448848258704, 552.0 ], [ 398536.217666655837093, 1823198.248448848258704, 552.0 ], [ 398505.995982572843786, 1823198.248448848258704, 553.0 ], [ 398475.77429848985048, 1823228.470132931135595, 554.0 ], [ 398445.552614406857174, 1823258.691817014012486, 551.0 ], [ 398415.330930323863868, 1823258.691817014012486, 550.0 ], [ 398385.109246240870561, 1823258.691817014012486, 550.0 ], [ 398354.887562157877255, 1823258.691817014012486, 551.0 ], [ 398324.665878074883949, 1823258.691817014012486, 551.0 ], [ 398294.444193991890643, 1823258.691817014012486, 552.0 ], [ 398264.222509908897337, 1823258.691817014012486, 551.0 ], [ 398234.00082582590403, 1823258.691817014012486, 551.0 ], [ 398203.779141742910724, 1823228.470132931135595, 552.0 ], [ 398173.557457659917418, 1823198.248448848258704, 552.0 ], [ 398143.335773576924112, 1823198.248448848258704, 552.0 ], [ 398113.114089493930805, 1823168.026764765381813, 553.0 ], [ 398082.892405410937499, 1823137.805080682504922, 554.0 ], [ 398052.670721327944193, 1823137.805080682504922, 554.0 ], [ 398022.449037244950887, 1823107.583396599628031, 554.0 ], [ 397992.227353161957581, 1823107.583396599628031, 553.0 ], [ 397962.005669078964274, 1823107.583396599628031, 554.0 ], [ 397931.783984995970968, 1823107.583396599628031, 554.0 ], [ 397901.562300912977662, 1823077.36171251675114, 554.0 ], [ 397871.340616829984356, 1823047.140028433874249, 553.0 ], [ 397871.340616829984356, 1823016.918344350997359, 554.0 ], [ 397901.562300912977662, 1822986.696660268120468, 553.0 ], [ 397901.562300912977662, 1822956.474976185243577, 553.0 ], [ 397931.783984995970968, 1822926.253292102366686, 552.0 ], [ 397931.783984995970968, 1822896.031608019489795, 552.0 ], [ 397962.005669078964274, 1822865.809923936612904, 554.0 ], [ 397992.227353161957581, 1822835.588239853736013, 554.0 ], [ 398022.449037244950887, 1822805.366555770859122, 553.0 ], [ 398022.449037244950887, 1822775.144871687982231, 552.0 ], [ 398022.449037244950887, 1822744.92318760510534, 551.0 ], [ 398022.449037244950887, 1822714.70150352222845, 551.0 ], [ 397992.227353161957581, 1822684.479819439351559, 551.0 ], [ 397992.227353161957581, 1822654.258135356474668, 551.0 ], [ 397992.227353161957581, 1822624.036451273597777, 552.0 ], [ 397992.227353161957581, 1822593.814767190720886, 552.0 ], [ 398022.449037244950887, 1822563.593083107843995, 552.0 ], [ 398052.670721327944193, 1822533.371399024967104, 554.0 ], [ 398082.892405410937499, 1822503.149714942090213, 554.0 ], [ 398113.114089493930805, 1822472.928030859213322, 554.0 ], [ 398143.335773576924112, 1822442.706346776336432, 553.0 ], [ 398143.335773576924112, 1822412.484662693459541, 553.0 ], [ 398143.335773576924112, 1822382.26297861058265, 553.0 ], [ 398143.335773576924112, 1822352.041294527705759, 553.0 ], [ 398173.557457659917418, 1822321.819610444828868, 553.0 ], [ 398173.557457659917418, 1822291.597926361951977, 553.0 ], [ 398173.557457659917418, 1822261.376242279075086, 553.0 ], [ 398203.779141742910724, 1822231.154558196198195, 554.0 ], [ 398234.00082582590403, 1822200.932874113321304, 553.0 ], [ 398264.222509908897337, 1822170.711190030444413, 552.0 ], [ 398294.444193991890643, 1822140.489505947567523, 552.0 ], [ 398294.444193991890643, 1822110.267821864690632, 552.0 ], [ 398324.665878074883949, 1822110.267821864690632, 552.0 ], [ 398354.887562157877255, 1822110.267821864690632, 551.0 ], [ 398385.109246240870561, 1822110.267821864690632, 552.0 ], [ 398415.330930323863868, 1822080.046137781813741, 554.0 ], [ 398445.552614406857174, 1822049.82445369893685, 555.0 ], [ 398475.77429848985048, 1822019.602769616059959, 555.0 ], [ 398505.995982572843786, 1821989.381085533183068, 555.0 ], [ 398536.217666655837093, 1821959.159401450306177, 553.0 ], [ 398566.439350738830399, 1821928.937717367429286, 554.0 ], [ 398566.439350738830399, 1821898.716033284552395, 553.0 ], [ 398566.439350738830399, 1821868.494349201675504, 551.0 ], [ 398566.439350738830399, 1821838.272665118798614, 549.0 ], [ 398536.217666655837093, 1821808.050981035921723, 551.0 ], [ 398505.995982572843786, 1821808.050981035921723, 552.0 ], [ 398505.995982572843786, 1821777.829296953044832, 553.0 ], [ 398475.77429848985048, 1821747.607612870167941, 553.0 ], [ 398445.552614406857174, 1821717.38592878729105, 552.0 ], [ 398415.330930323863868, 1821717.38592878729105, 551.0 ], [ 398385.109246240870561, 1821687.164244704414159, 552.0 ], [ 398354.887562157877255, 1821687.164244704414159, 554.0 ], [ 398324.665878074883949, 1821656.942560621537268, 555.0 ], [ 398294.444193991890643, 1821626.720876538660377, 555.0 ], [ 398264.222509908897337, 1821596.499192455783486, 555.0 ], [ 398264.222509908897337, 1821566.277508372906595, 555.0 ], [ 398264.222509908897337, 1821536.055824290029705, 555.0 ], [ 398264.222509908897337, 1821505.834140207152814, 554.0 ], [ 398294.444193991890643, 1821475.612456124275923, 556.0 ], [ 398324.665878074883949, 1821445.390772041399032, 555.0 ], [ 398354.887562157877255, 1821415.169087958522141, 555.0 ], [ 398385.109246240870561, 1821384.94740387564525, 554.0 ], [ 398415.330930323863868, 1821354.725719792768359, 553.0 ], [ 398415.330930323863868, 1821324.504035709891468, 552.0 ], [ 398415.330930323863868, 1821294.282351627014577, 552.0 ], [ 398445.552614406857174, 1821264.060667544137686, 552.0 ], [ 398475.77429848985048, 1821233.838983461260796, 555.0 ], [ 398475.77429848985048, 1821203.617299378383905, 555.0 ], [ 398505.995982572843786, 1821173.395615295507014, 555.0 ], [ 398536.217666655837093, 1821143.173931212630123, 555.0 ], [ 398566.439350738830399, 1821112.952247129753232, 553.0 ], [ 398566.439350738830399, 1821082.730563046876341, 553.0 ], [ 398566.439350738830399, 1821052.50887896399945, 554.0 ], [ 398536.217666655837093, 1821022.287194881122559, 555.0 ], [ 398536.217666655837093, 1820992.065510798245668, 555.0 ], [ 398536.217666655837093, 1820961.843826715368778, 555.0 ], [ 398536.217666655837093, 1820931.622142632491887, 555.0 ], [ 398536.217666655837093, 1820901.400458549614996, 556.0 ], [ 398536.217666655837093, 1820871.178774466738105, 556.0 ], [ 398505.995982572843786, 1820840.957090383861214, 556.0 ], [ 398505.995982572843786, 1820810.735406300984323, 555.0 ], [ 398475.77429848985048, 1820780.513722218107432, 555.0 ], [ 398445.552614406857174, 1820750.292038135230541, 556.0 ], [ 398415.330930323863868, 1820720.07035405235365, 556.0 ], [ 398415.330930323863868, 1820689.848669969476759, 555.0 ], [ 398415.330930323863868, 1820659.626985886599869, 556.0 ], [ 398415.330930323863868, 1820629.405301803722978, 556.0 ], [ 398415.330930323863868, 1820599.183617720846087, 555.0 ], [ 398415.330930323863868, 1820568.961933637969196, 554.0 ], [ 398415.330930323863868, 1820538.740249555092305, 554.0 ], [ 398385.109246240870561, 1820508.518565472215414, 555.0 ], [ 398354.887562157877255, 1820478.296881389338523, 556.0 ], [ 398324.665878074883949, 1820448.075197306461632, 556.0 ], [ 398324.665878074883949, 1820417.853513223584741, 556.0 ], [ 398324.665878074883949, 1820387.63182914070785, 555.0 ], [ 398294.444193991890643, 1820357.41014505783096, 556.0 ], [ 398264.222509908897337, 1820327.188460974954069, 555.0 ], [ 398234.00082582590403, 1820296.966776892077178, 553.0 ], [ 398203.779141742910724, 1820266.745092809200287, 556.0 ], [ 398173.557457659917418, 1820236.523408726323396, 556.0 ], [ 398143.335773576924112, 1820206.301724643446505, 554.0 ], [ 398113.114089493930805, 1820176.080040560569614, 554.0 ], [ 398113.114089493930805, 1820145.858356477692723, 554.0 ], [ 398113.114089493930805, 1820115.636672394815832, 555.0 ], [ 398082.892405410937499, 1820085.414988311938941, 555.0 ], [ 398082.892405410937499, 1820055.193304229062051, 556.0 ], [ 398052.670721327944193, 1820024.97162014618516, 556.0 ], [ 398022.449037244950887, 1819994.749936063308269, 556.0 ], [ 397992.227353161957581, 1819964.528251980431378, 555.0 ], [ 397962.005669078964274, 1819934.306567897554487, 555.0 ], [ 397931.783984995970968, 1819964.528251980431378, 556.0 ], [ 397901.562300912977662, 1819994.749936063308269, 556.0 ], [ 397871.340616829984356, 1819994.749936063308269, 556.0 ], [ 397841.118932746991049, 1820024.97162014618516, 556.0 ], [ 397810.897248663997743, 1820055.193304229062051, 556.0 ], [ 397780.675564581004437, 1820085.414988311938941, 556.0 ], [ 397750.453880498011131, 1820115.636672394815832, 556.0 ], [ 397750.453880498011131, 1820145.858356477692723, 555.0 ], [ 397720.232196415017825, 1820176.080040560569614, 556.0 ], [ 397690.010512332024518, 1820206.301724643446505, 556.0 ], [ 397659.788828249031212, 1820236.523408726323396, 556.0 ], [ 397629.567144166037906, 1820206.301724643446505, 556.0 ], [ 397599.3454600830446, 1820176.080040560569614, 556.0 ], [ 397569.123776000051294, 1820145.858356477692723, 556.0 ], [ 397538.902091917057987, 1820145.858356477692723, 555.0 ], [ 397508.680407834064681, 1820115.636672394815832, 555.0 ], [ 397478.458723751071375, 1820085.414988311938941, 556.0 ], [ 397448.237039668078069, 1820085.414988311938941, 555.0 ], [ 397418.015355585084762, 1820085.414988311938941, 555.0 ], [ 397387.793671502091456, 1820085.414988311938941, 555.0 ], [ 397357.57198741909815, 1820085.414988311938941, 555.0 ], [ 397327.350303336104844, 1820085.414988311938941, 555.0 ], [ 397297.128619253111538, 1820115.636672394815832, 555.0 ], [ 397266.906935170118231, 1820145.858356477692723, 556.0 ], [ 397236.685251087124925, 1820176.080040560569614, 556.0 ], [ 397206.463567004131619, 1820176.080040560569614, 556.0 ], [ 397176.241882921138313, 1820206.301724643446505, 555.0 ], [ 397176.241882921138313, 1820236.523408726323396, 555.0 ], [ 397146.020198838145006, 1820266.745092809200287, 554.0 ], [ 397115.7985147551517, 1820296.966776892077178, 555.0 ], [ 397085.576830672158394, 1820327.188460974954069, 555.0 ], [ 397055.355146589165088, 1820357.41014505783096, 554.0 ], [ 397055.355146589165088, 1820387.63182914070785, 554.0 ], [ 397025.133462506171782, 1820417.853513223584741, 555.0 ], [ 396994.911778423178475, 1820448.075197306461632, 556.0 ], [ 396964.690094340185169, 1820478.296881389338523, 556.0 ], [ 396934.468410257191863, 1820508.518565472215414, 555.0 ], [ 396904.246726174198557, 1820478.296881389338523, 555.0 ], [ 396874.02504209120525, 1820478.296881389338523, 555.0 ], [ 396843.803358008211944, 1820448.075197306461632, 555.0 ], [ 396813.581673925218638, 1820417.853513223584741, 554.0 ], [ 396813.581673925218638, 1820387.63182914070785, 554.0 ], [ 396813.581673925218638, 1820357.41014505783096, 555.0 ], [ 396783.359989842225332, 1820327.188460974954069, 555.0 ], [ 396753.138305759232026, 1820296.966776892077178, 553.0 ], [ 396753.138305759232026, 1820266.745092809200287, 553.0 ], [ 396753.138305759232026, 1820236.523408726323396, 554.0 ], [ 396753.138305759232026, 1820206.301724643446505, 555.0 ], [ 396722.916621676238719, 1820176.080040560569614, 555.0 ], [ 396722.916621676238719, 1820145.858356477692723, 556.0 ], [ 396722.916621676238719, 1820115.636672394815832, 556.0 ], [ 396722.916621676238719, 1820085.414988311938941, 555.0 ], [ 396722.916621676238719, 1820055.193304229062051, 555.0 ], [ 396722.916621676238719, 1820024.97162014618516, 554.0 ], [ 396753.138305759232026, 1819994.749936063308269, 555.0 ], [ 396783.359989842225332, 1819964.528251980431378, 556.0 ], [ 396813.581673925218638, 1819934.306567897554487, 556.0 ], [ 396843.803358008211944, 1819904.084883814677596, 554.0 ], [ 396874.02504209120525, 1819873.863199731800705, 553.0 ], [ 396904.246726174198557, 1819843.641515648923814, 554.0 ], [ 396904.246726174198557, 1819813.419831566046923, 554.0 ], [ 396904.246726174198557, 1819783.198147483170033, 553.0 ], [ 396904.246726174198557, 1819752.976463400293142, 554.0 ], [ 396874.02504209120525, 1819722.754779317416251, 556.0 ], [ 396843.803358008211944, 1819692.53309523453936, 556.0 ], [ 396813.581673925218638, 1819662.311411151662469, 556.0 ], [ 396783.359989842225332, 1819632.089727068785578, 555.0 ], [ 396753.138305759232026, 1819601.868042985908687, 555.0 ], [ 396753.138305759232026, 1819571.646358903031796, 556.0 ], [ 396753.138305759232026, 1819541.424674820154905, 556.0 ], [ 396753.138305759232026, 1819511.202990737278014, 555.0 ], [ 396753.138305759232026, 1819480.981306654401124, 555.0 ], [ 396753.138305759232026, 1819450.759622571524233, 556.0 ], [ 396722.916621676238719, 1819420.537938488647342, 557.0 ], [ 396692.694937593245413, 1819390.316254405770451, 557.0 ], [ 396662.473253510252107, 1819360.09457032289356, 556.0 ], [ 396632.251569427258801, 1819329.872886240016669, 557.0 ], [ 396602.029885344265494, 1819299.651202157139778, 557.0 ], [ 396571.808201261272188, 1819269.429518074262887, 557.0 ], [ 396541.586517178278882, 1819239.207833991385996, 557.0 ], [ 396541.586517178278882, 1819208.986149908509105, 557.0 ], [ 396511.364833095285576, 1819208.986149908509105, 558.0 ], [ 396481.14314901229227, 1819208.986149908509105, 558.0 ], [ 396450.921464929298963, 1819178.764465825632215, 558.0 ], [ 396420.699780846305657, 1819148.542781742755324, 556.0 ], [ 396390.478096763312351, 1819148.542781742755324, 555.0 ], [ 396360.256412680319045, 1819118.321097659878433, 556.0 ], [ 396330.034728597325739, 1819088.099413577001542, 556.0 ], [ 396330.034728597325739, 1819057.877729494124651, 555.0 ], [ 396299.813044514332432, 1819027.65604541124776, 553.0 ], [ 396269.591360431339126, 1818997.434361328370869, 554.0 ], [ 396239.36967634834582, 1818967.212677245493978, 556.0 ], [ 396209.147992265352514, 1818936.990993162617087, 557.0 ], [ 396178.926308182359207, 1818906.769309079740196, 557.0 ], [ 396148.704624099365901, 1818876.547624996863306, 556.0 ], [ 396118.482940016372595, 1818846.325940913986415, 557.0 ], [ 396088.261255933379289, 1818816.104256831109524, 557.0 ], [ 396088.261255933379289, 1818785.882572748232633, 555.0 ], [ 396088.261255933379289, 1818755.660888665355742, 556.0 ], [ 396118.482940016372595, 1818725.439204582478851, 556.0 ], [ 396148.704624099365901, 1818695.21752049960196, 557.0 ], [ 396178.926308182359207, 1818664.995836416725069, 557.0 ], [ 396178.926308182359207, 1818634.774152333848178, 556.0 ], [ 396209.147992265352514, 1818604.552468250971287, 554.0 ], [ 396239.36967634834582, 1818574.330784168094397, 556.0 ], [ 396269.591360431339126, 1818544.109100085217506, 558.0 ], [ 396299.813044514332432, 1818513.887416002340615, 559.0 ], [ 396330.034728597325739, 1818513.887416002340615, 559.0 ], [ 396360.256412680319045, 1818513.887416002340615, 559.0 ], [ 396390.478096763312351, 1818483.665731919463724, 559.0 ], [ 396420.699780846305657, 1818483.665731919463724, 558.0 ], [ 396450.921464929298963, 1818453.444047836586833, 557.0 ], [ 396481.14314901229227, 1818453.444047836586833, 558.0 ], [ 396511.364833095285576, 1818423.222363753709942, 558.0 ], [ 396541.586517178278882, 1818393.000679670833051, 559.0 ], [ 396541.586517178278882, 1818362.77899558795616, 559.0 ], [ 396541.586517178278882, 1818332.557311505079269, 559.0 ], [ 396571.808201261272188, 1818302.335627422202379, 559.0 ], [ 396602.029885344265494, 1818272.113943339325488, 559.0 ], [ 396632.251569427258801, 1818241.892259256448597, 558.0 ], [ 396662.473253510252107, 1818211.670575173571706, 559.0 ], [ 396692.694937593245413, 1818181.448891090694815, 559.0 ], [ 396722.916621676238719, 1818151.227207007817924, 558.0 ], [ 396753.138305759232026, 1818121.005522924941033, 559.0 ], [ 396783.359989842225332, 1818090.783838842064142, 559.0 ], [ 396813.581673925218638, 1818060.562154759187251, 557.0 ], [ 396813.581673925218638, 1818030.34047067631036, 557.0 ], [ 396813.581673925218638, 1818000.11878659343347, 557.0 ], [ 396813.581673925218638, 1817969.897102510556579, 557.0 ], [ 396813.581673925218638, 1817939.675418427679688, 557.0 ], [ 396813.581673925218638, 1817909.453734344802797, 558.0 ], [ 396813.581673925218638, 1817879.232050261925906, 559.0 ], [ 396813.581673925218638, 1817849.010366179049015, 559.0 ], [ 396783.359989842225332, 1817818.788682096172124, 559.0 ], [ 396753.138305759232026, 1817788.566998013295233, 557.0 ], [ 396753.138305759232026, 1817758.345313930418342, 557.0 ], [ 396753.138305759232026, 1817728.123629847541451, 558.0 ], [ 396753.138305759232026, 1817697.901945764664561, 558.0 ], [ 396783.359989842225332, 1817667.68026168178767, 559.0 ], [ 396813.581673925218638, 1817637.458577598910779, 559.0 ], [ 396843.803358008211944, 1817607.236893516033888, 559.0 ], [ 396874.02504209120525, 1817577.015209433156997, 558.0 ], [ 396874.02504209120525, 1817546.793525350280106, 559.0 ], [ 396904.246726174198557, 1817516.571841267403215, 559.0 ], [ 396934.468410257191863, 1817486.350157184526324, 557.0 ], [ 396934.468410257191863, 1817456.128473101649433, 557.0 ], [ 396934.468410257191863, 1817425.906789018772542, 556.0 ], [ 396904.246726174198557, 1817395.685104935895652, 556.0 ], [ 396874.02504209120525, 1817395.685104935895652, 555.0 ], [ 396874.02504209120525, 1817365.463420853018761, 557.0 ], [ 396874.02504209120525, 1817335.24173677014187, 558.0 ], [ 396874.02504209120525, 1817305.020052687264979, 559.0 ], [ 396874.02504209120525, 1817274.798368604388088, 559.0 ], [ 396874.02504209120525, 1817244.576684521511197, 558.0 ], [ 396843.803358008211944, 1817214.355000438634306, 558.0 ], [ 396813.581673925218638, 1817184.133316355757415, 559.0 ], [ 396783.359989842225332, 1817153.911632272880524, 559.0 ], [ 396753.138305759232026, 1817123.689948190003633, 558.0 ], [ 396722.916621676238719, 1817093.468264107126743, 558.0 ], [ 396692.694937593245413, 1817063.246580024249852, 558.0 ], [ 396662.473253510252107, 1817033.024895941372961, 558.0 ], [ 396632.251569427258801, 1817033.024895941372961, 558.0 ], [ 396602.029885344265494, 1817002.80321185849607, 559.0 ], [ 396571.808201261272188, 1817002.80321185849607, 559.0 ], [ 396541.586517178278882, 1817002.80321185849607, 559.0 ], [ 396511.364833095285576, 1817002.80321185849607, 558.0 ], [ 396481.14314901229227, 1816972.581527775619179, 557.0 ], [ 396450.921464929298963, 1817002.80321185849607, 559.0 ], [ 396420.699780846305657, 1817033.024895941372961, 559.0 ], [ 396390.478096763312351, 1817002.80321185849607, 559.0 ], [ 396360.256412680319045, 1817002.80321185849607, 558.0 ], [ 396330.034728597325739, 1816972.581527775619179, 558.0 ], [ 396299.813044514332432, 1816972.581527775619179, 556.0 ], [ 396269.591360431339126, 1816972.581527775619179, 556.0 ], [ 396239.36967634834582, 1816972.581527775619179, 557.0 ], [ 396209.147992265352514, 1816942.359843692742288, 559.0 ], [ 396178.926308182359207, 1816912.138159609865397, 559.0 ], [ 396148.704624099365901, 1816912.138159609865397, 558.0 ], [ 396118.482940016372595, 1816912.138159609865397, 559.0 ], [ 396088.261255933379289, 1816942.359843692742288, 560.0 ], [ 396058.039571850385983, 1816942.359843692742288, 560.0 ], [ 396027.817887767392676, 1816912.138159609865397, 560.0 ], [ 395997.59620368439937, 1816912.138159609865397, 559.0 ], [ 395967.374519601406064, 1816881.916475526988506, 558.0 ], [ 395937.152835518412758, 1816881.916475526988506, 557.0 ], [ 395906.931151435419451, 1816881.916475526988506, 558.0 ], [ 395876.709467352426145, 1816881.916475526988506, 559.0 ], [ 395846.487783269432839, 1816881.916475526988506, 559.0 ], [ 395816.266099186439533, 1816881.916475526988506, 559.0 ], [ 395786.044415103446227, 1816881.916475526988506, 560.0 ], [ 395755.82273102045292, 1816881.916475526988506, 560.0 ], [ 395725.601046937459614, 1816881.916475526988506, 559.0 ], [ 395695.379362854466308, 1816912.138159609865397, 560.0 ], [ 395665.157678771473002, 1816912.138159609865397, 560.0 ], [ 395634.935994688479695, 1816942.359843692742288, 560.0 ], [ 395604.714310605486389, 1816942.359843692742288, 559.0 ], [ 395574.492626522493083, 1816942.359843692742288, 559.0 ], [ 395544.270942439499777, 1816942.359843692742288, 559.0 ], [ 395514.049258356506471, 1816942.359843692742288, 560.0 ], [ 395483.827574273513164, 1816972.581527775619179, 561.0 ], [ 395483.827574273513164, 1817002.80321185849607, 561.0 ], [ 395483.827574273513164, 1817033.024895941372961, 561.0 ], [ 395483.827574273513164, 1817063.246580024249852, 560.0 ], [ 395483.827574273513164, 1817093.468264107126743, 560.0 ], [ 395453.605890190519858, 1817123.689948190003633, 561.0 ], [ 395423.384206107526552, 1817153.911632272880524, 560.0 ], [ 395393.162522024533246, 1817184.133316355757415, 560.0 ], [ 395362.940837941539939, 1817214.355000438634306, 559.0 ], [ 395332.719153858546633, 1817214.355000438634306, 559.0 ], [ 395302.497469775553327, 1817184.133316355757415, 559.0 ], [ 395272.275785692560021, 1817184.133316355757415, 560.0 ], [ 395242.054101609566715, 1817184.133316355757415, 560.0 ], [ 395211.832417526573408, 1817214.355000438634306, 561.0 ], [ 395181.610733443580102, 1817244.576684521511197, 561.0 ], [ 395151.389049360586796, 1817274.798368604388088, 561.0 ], [ 395121.16736527759349, 1817305.020052687264979, 561.0 ], [ 395090.945681194600184, 1817335.24173677014187, 560.0 ], [ 395060.723997111606877, 1817305.020052687264979, 561.0 ], [ 395030.502313028613571, 1817274.798368604388088, 561.0 ], [ 395000.280628945620265, 1817244.576684521511197, 561.0 ], [ 394970.058944862626959, 1817244.576684521511197, 561.0 ], [ 394970.058944862626959, 1817214.355000438634306, 561.0 ], [ 394939.837260779633652, 1817184.133316355757415, 561.0 ], [ 394909.615576696640346, 1817153.911632272880524, 561.0 ], [ 394879.39389261364704, 1817123.689948190003633, 560.0 ], [ 394849.172208530653734, 1817123.689948190003633, 559.0 ], [ 394818.950524447660428, 1817123.689948190003633, 559.0 ], [ 394788.728840364667121, 1817123.689948190003633, 560.0 ], [ 394758.507156281673815, 1817123.689948190003633, 561.0 ], [ 394728.285472198680509, 1817123.689948190003633, 561.0 ], [ 394698.063788115687203, 1817123.689948190003633, 561.0 ], [ 394667.842104032693896, 1817123.689948190003633, 560.0 ], [ 394637.62041994970059, 1817093.468264107126743, 560.0 ], [ 394607.398735866707284, 1817093.468264107126743, 560.0 ], [ 394577.177051783713978, 1817063.246580024249852, 561.0 ], [ 394546.955367700720672, 1817033.024895941372961, 561.0 ], [ 394516.733683617727365, 1817002.80321185849607, 559.0 ], [ 394486.511999534734059, 1816972.581527775619179, 557.0 ], [ 394456.290315451740753, 1816942.359843692742288, 558.0 ], [ 394426.068631368747447, 1816912.138159609865397, 559.0 ], [ 394395.84694728575414, 1816881.916475526988506, 558.0 ], [ 394365.625263202760834, 1816851.694791444111615, 558.0 ], [ 394335.403579119767528, 1816851.694791444111615, 558.0 ], [ 394335.403579119767528, 1816821.473107361234725, 560.0 ], [ 394305.181895036774222, 1816791.251423278357834, 560.0 ], [ 394274.960210953780916, 1816761.029739195480943, 558.0 ], [ 394274.960210953780916, 1816730.808055112604052, 559.0 ], [ 394274.960210953780916, 1816700.586371029727161, 560.0 ], [ 394274.960210953780916, 1816670.36468694685027, 561.0 ], [ 394274.960210953780916, 1816640.143002863973379, 561.0 ], [ 394244.738526870787609, 1816609.921318781096488, 561.0 ], [ 394214.516842787794303, 1816579.699634698219597, 561.0 ], [ 394184.295158704800997, 1816549.477950615342706, 561.0 ], [ 394154.073474621807691, 1816519.256266532465816, 561.0 ], [ 394123.851790538814384, 1816549.477950615342706, 560.0 ], [ 394093.630106455821078, 1816519.256266532465816, 561.0 ], [ 394063.408422372827772, 1816489.034582449588925, 561.0 ], [ 394033.186738289834466, 1816458.812898366712034, 560.0 ], [ 394002.96505420684116, 1816428.591214283835143, 560.0 ], [ 393972.743370123847853, 1816398.369530200958252, 560.0 ], [ 393942.521686040854547, 1816368.147846118081361, 560.0 ], [ 393912.300001957861241, 1816337.92616203520447, 561.0 ], [ 393882.078317874867935, 1816307.704477952327579, 561.0 ], [ 393851.856633791874629, 1816277.482793869450688, 559.0 ], [ 393821.634949708881322, 1816247.261109786573797, 559.0 ], [ 393791.413265625888016, 1816217.039425703696907, 560.0 ], [ 393761.19158154289471, 1816186.817741620820016, 561.0 ], [ 393730.969897459901404, 1816156.596057537943125, 561.0 ], [ 393700.748213376908097, 1816126.374373455066234, 561.0 ], [ 393670.526529293914791, 1816096.152689372189343, 561.0 ], [ 393670.526529293914791, 1816065.931005289312452, 561.0 ], [ 393640.304845210921485, 1816035.709321206435561, 560.0 ], [ 393610.083161127928179, 1816005.48763712355867, 559.0 ], [ 393579.861477044934873, 1815975.265953040681779, 560.0 ], [ 393549.639792961941566, 1815975.265953040681779, 560.0 ], [ 393519.41810887894826, 1815975.265953040681779, 559.0 ], [ 393489.196424795954954, 1815945.044268957804888, 559.0 ], [ 393458.974740712961648, 1815945.044268957804888, 560.0 ], [ 393428.753056629968341, 1815945.044268957804888, 560.0 ], [ 393398.531372546975035, 1815945.044268957804888, 560.0 ], [ 393368.309688463981729, 1815945.044268957804888, 560.0 ], [ 393338.088004380988423, 1815945.044268957804888, 559.0 ], [ 393307.866320297995117, 1815975.265953040681779, 558.0 ], [ 393277.64463621500181, 1816005.48763712355867, 557.0 ], [ 393247.422952132008504, 1816035.709321206435561, 556.0 ], [ 393217.201268049015198, 1816035.709321206435561, 557.0 ], [ 393186.979583966021892, 1816035.709321206435561, 558.0 ], [ 393156.757899883028585, 1816035.709321206435561, 558.0 ], [ 393126.536215800035279, 1816035.709321206435561, 558.0 ], [ 393096.314531717041973, 1816005.48763712355867, 558.0 ], [ 393066.092847634048667, 1816005.48763712355867, 559.0 ], [ 393035.871163551055361, 1815975.265953040681779, 559.0 ], [ 393005.649479468062054, 1815945.044268957804888, 560.0 ], [ 392975.427795385068748, 1815914.822584874927998, 561.0 ], [ 392945.206111302075442, 1815884.600900792051107, 561.0 ], [ 392914.984427219082136, 1815854.379216709174216, 560.0 ], [ 392884.762743136088829, 1815824.157532626297325, 560.0 ], [ 392854.541059053095523, 1815793.935848543420434, 561.0 ], [ 392824.319374970102217, 1815763.714164460543543, 561.0 ], [ 392794.097690887108911, 1815733.492480377666652, 561.0 ], [ 392763.876006804115605, 1815703.270796294789761, 561.0 ], [ 392733.654322721122298, 1815673.04911221191287, 559.0 ], [ 392703.432638638128992, 1815673.04911221191287, 560.0 ], [ 392673.210954555135686, 1815673.04911221191287, 562.0 ], [ 392642.98927047214238, 1815673.04911221191287, 562.0 ], [ 392612.767586389149074, 1815703.270796294789761, 562.0 ], [ 392582.545902306155767, 1815703.270796294789761, 562.0 ], [ 392552.324218223162461, 1815703.270796294789761, 562.0 ], [ 392522.102534140169155, 1815703.270796294789761, 562.0 ], [ 392491.880850057175849, 1815703.270796294789761, 561.0 ], [ 392461.659165974182542, 1815733.492480377666652, 562.0 ], [ 392431.437481891189236, 1815763.714164460543543, 561.0 ], [ 392401.21579780819593, 1815763.714164460543543, 560.0 ], [ 392370.994113725202624, 1815733.492480377666652, 562.0 ], [ 392340.772429642209318, 1815703.270796294789761, 562.0 ], [ 392310.550745559216011, 1815703.270796294789761, 561.0 ], [ 392310.550745559216011, 1815673.04911221191287, 561.0 ], [ 392280.329061476222705, 1815642.82742812903598, 562.0 ], [ 392250.107377393229399, 1815612.605744046159089, 563.0 ], [ 392219.885693310236093, 1815582.384059963282198, 563.0 ], [ 392219.885693310236093, 1815552.162375880405307, 563.0 ], [ 392189.664009227242786, 1815521.940691797528416, 563.0 ], [ 392159.44232514424948, 1815491.719007714651525, 562.0 ], [ 392159.44232514424948, 1815461.497323631774634, 561.0 ], [ 392159.44232514424948, 1815431.275639548897743, 561.0 ], [ 392129.220641061256174, 1815401.053955466020852, 559.0 ], [ 392098.998956978262868, 1815370.832271383143961, 559.0 ], [ 392068.777272895269562, 1815340.610587300267071, 559.0 ], [ 392038.555588812276255, 1815310.38890321739018, 558.0 ], [ 392008.333904729282949, 1815280.167219134513289, 556.0 ], [ 391978.112220646289643, 1815249.945535051636398, 557.0 ], [ 391947.890536563296337, 1815219.723850968759507, 561.0 ], [ 391917.66885248030303, 1815189.502166885882616, 561.0 ], [ 391887.447168397309724, 1815159.280482803005725, 561.0 ], [ 391857.225484314316418, 1815159.280482803005725, 560.0 ], [ 391827.003800231323112, 1815129.058798720128834, 560.0 ], [ 391796.782116148329806, 1815098.837114637251943, 560.0 ], [ 391766.560432065336499, 1815098.837114637251943, 559.0 ], [ 391736.338747982343193, 1815068.615430554375052, 560.0 ], [ 391706.117063899349887, 1815098.837114637251943, 559.0 ], [ 391675.895379816356581, 1815129.058798720128834, 559.0 ], [ 391645.673695733363274, 1815129.058798720128834, 560.0 ], [ 391615.452011650369968, 1815129.058798720128834, 561.0 ], [ 391585.230327567376662, 1815129.058798720128834, 562.0 ], [ 391555.008643484383356, 1815159.280482803005725, 563.0 ], [ 391524.78695940139005, 1815159.280482803005725, 563.0 ], [ 391494.565275318396743, 1815159.280482803005725, 563.0 ], [ 391464.343591235403437, 1815129.058798720128834, 563.0 ], [ 391434.121907152410131, 1815129.058798720128834, 563.0 ], [ 391403.900223069416825, 1815129.058798720128834, 562.0 ], [ 391373.678538986423519, 1815129.058798720128834, 560.0 ], [ 391343.456854903430212, 1815098.837114637251943, 560.0 ], [ 391313.235170820436906, 1815098.837114637251943, 561.0 ], [ 391283.0134867374436, 1815098.837114637251943, 562.0 ], [ 391252.791802654450294, 1815068.615430554375052, 562.0 ], [ 391222.570118571456987, 1815068.615430554375052, 563.0 ], [ 391192.348434488463681, 1815068.615430554375052, 563.0 ], [ 391162.126750405470375, 1815068.615430554375052, 563.0 ], [ 391131.905066322477069, 1815068.615430554375052, 562.0 ], [ 391101.683382239483763, 1815068.615430554375052, 560.0 ], [ 391071.461698156490456, 1815098.837114637251943, 561.0 ], [ 391041.24001407349715, 1815098.837114637251943, 562.0 ], [ 391011.018329990503844, 1815068.615430554375052, 562.0 ], [ 390980.796645907510538, 1815038.393746471498162, 563.0 ], [ 390950.574961824517231, 1815008.172062388621271, 563.0 ], [ 390920.353277741523925, 1814977.95037830574438, 563.0 ], [ 390890.131593658530619, 1814947.728694222867489, 563.0 ], [ 390859.909909575537313, 1814917.507010139990598, 563.0 ], [ 390829.688225492544007, 1814917.507010139990598, 563.0 ], [ 390799.4665414095507, 1814917.507010139990598, 563.0 ], [ 390769.244857326557394, 1814887.285326057113707, 563.0 ], [ 390739.023173243564088, 1814857.063641974236816, 563.0 ], [ 390708.801489160570782, 1814857.063641974236816, 563.0 ], [ 390678.579805077577475, 1814826.841957891359925, 562.0 ], [ 390648.358120994584169, 1814826.841957891359925, 561.0 ], [ 390618.136436911590863, 1814796.620273808483034, 561.0 ], [ 390618.136436911590863, 1814766.398589725606143, 562.0 ], [ 390587.914752828597557, 1814736.176905642729253, 562.0 ], [ 390587.914752828597557, 1814705.955221559852362, 561.0 ], [ 390587.914752828597557, 1814675.733537476975471, 560.0 ], [ 390587.914752828597557, 1814645.51185339409858, 560.0 ], [ 390557.693068745604251, 1814615.290169311221689, 559.0 ], [ 390527.471384662610944, 1814615.290169311221689, 559.0 ], [ 390527.471384662610944, 1814585.068485228344798, 560.0 ], [ 390497.249700579617638, 1814554.846801145467907, 562.0 ], [ 390497.249700579617638, 1814524.625117062591016, 561.0 ], [ 390497.249700579617638, 1814494.403432979714125, 560.0 ], [ 390467.028016496624332, 1814464.181748896837234, 560.0 ], [ 390436.806332413631026, 1814464.181748896837234, 561.0 ], [ 390406.584648330637719, 1814433.960064813960344, 562.0 ], [ 390376.362964247644413, 1814433.960064813960344, 563.0 ], [ 390346.141280164651107, 1814403.738380731083453, 563.0 ], [ 390315.919596081657801, 1814373.516696648206562, 563.0 ], [ 390315.919596081657801, 1814343.295012565329671, 563.0 ], [ 390285.697911998664495, 1814313.07332848245278, 563.0 ], [ 390255.476227915671188, 1814282.851644399575889, 561.0 ], [ 390225.254543832677882, 1814313.07332848245278, 561.0 ], [ 390195.032859749684576, 1814313.07332848245278, 562.0 ], [ 390164.81117566669127, 1814343.295012565329671, 563.0 ], [ 390134.589491583697964, 1814373.516696648206562, 563.0 ], [ 390104.367807500704657, 1814373.516696648206562, 563.0 ], [ 390074.146123417711351, 1814373.516696648206562, 563.0 ], [ 390043.924439334718045, 1814343.295012565329671, 563.0 ], [ 390013.702755251724739, 1814313.07332848245278, 563.0 ], [ 389983.481071168731432, 1814313.07332848245278, 561.0 ], [ 389953.259387085738126, 1814313.07332848245278, 562.0 ], [ 389923.03770300274482, 1814343.295012565329671, 562.0 ], [ 389892.816018919751514, 1814343.295012565329671, 562.0 ], [ 389862.594334836758208, 1814343.295012565329671, 562.0 ], [ 389832.372650753764901, 1814313.07332848245278, 563.0 ], [ 389802.150966670771595, 1814313.07332848245278, 563.0 ], [ 389771.929282587778289, 1814313.07332848245278, 562.0 ], [ 389741.707598504784983, 1814343.295012565329671, 561.0 ], [ 389711.485914421791676, 1814373.516696648206562, 560.0 ], [ 389681.26423033879837, 1814403.738380731083453, 559.0 ], [ 389651.042546255805064, 1814403.738380731083453, 558.0 ], [ 389620.820862172811758, 1814373.516696648206562, 559.0 ], [ 389590.599178089818452, 1814343.295012565329671, 561.0 ], [ 389560.377494006825145, 1814313.07332848245278, 563.0 ], [ 389530.155809923831839, 1814282.851644399575889, 562.0 ], [ 389499.934125840838533, 1814282.851644399575889, 562.0 ], [ 389469.712441757845227, 1814282.851644399575889, 561.0 ], [ 389439.49075767485192, 1814282.851644399575889, 561.0 ], [ 389409.269073591858614, 1814252.629960316698998, 563.0 ], [ 389379.047389508865308, 1814222.408276233822107, 563.0 ], [ 389348.825705425872002, 1814222.408276233822107, 562.0 ], [ 389318.604021342878696, 1814222.408276233822107, 560.0 ], [ 389288.382337259885389, 1814222.408276233822107, 558.0 ], [ 389258.160653176892083, 1814192.186592150945216, 560.0 ], [ 389227.938969093898777, 1814161.964908068068326, 563.0 ], [ 389197.717285010905471, 1814161.964908068068326, 563.0 ], [ 389167.495600927912164, 1814161.964908068068326, 563.0 ], [ 389137.273916844918858, 1814161.964908068068326, 564.0 ], [ 389107.052232761925552, 1814161.964908068068326, 565.0 ], [ 389076.830548678932246, 1814161.964908068068326, 565.0 ], [ 389076.830548678932246, 1814131.743223985191435, 567.0 ], [ 389046.60886459593894, 1814101.521539902314544, 568.0 ], [ 389016.387180512945633, 1814071.299855819437653, 566.0 ], [ 388986.165496429952327, 1814071.299855819437653, 564.0 ], [ 388955.943812346959021, 1814071.299855819437653, 568.0 ], [ 388925.722128263965715, 1814071.299855819437653, 583.0 ], [ 388895.500444180972409, 1814101.521539902314544, 584.0 ], [ 388865.278760097979102, 1814131.743223985191435, 584.0 ], [ 388835.057076014985796, 1814161.964908068068326, 584.0 ], [ 388804.83539193199249, 1814192.186592150945216, 584.0 ], [ 388774.613707848999184, 1814222.408276233822107, 584.0 ], [ 388744.392023766005877, 1814252.629960316698998, 584.0 ], [ 388714.170339683012571, 1814282.851644399575889, 584.0 ], [ 388683.948655600019265, 1814313.07332848245278, 584.0 ], [ 388653.726971517025959, 1814343.295012565329671, 584.0 ], [ 388623.505287434032653, 1814343.295012565329671, 584.0 ], [ 388593.283603351039346, 1814343.295012565329671, 584.0 ], [ 388563.06191926804604, 1814343.295012565329671, 584.0 ], [ 388532.840235185052734, 1814343.295012565329671, 584.0 ], [ 388502.618551102059428, 1814343.295012565329671, 584.0 ], [ 388472.396867019066121, 1814343.295012565329671, 584.0 ], [ 388442.175182936072815, 1814343.295012565329671, 584.0 ], [ 388411.953498853079509, 1814373.516696648206562, 584.0 ], [ 388381.731814770086203, 1814373.516696648206562, 584.0 ], [ 388351.510130687092897, 1814373.516696648206562, 584.0 ], [ 388321.28844660409959, 1814373.516696648206562, 584.0 ], [ 388291.066762521106284, 1814403.738380731083453, 584.0 ], [ 388260.845078438112978, 1814433.960064813960344, 584.0 ], [ 388230.623394355119672, 1814464.181748896837234, 584.0 ], [ 388230.623394355119672, 1814494.403432979714125, 584.0 ], [ 388230.623394355119672, 1814524.625117062591016, 584.0 ], [ 388200.401710272126365, 1814554.846801145467907, 584.0 ], [ 388200.401710272126365, 1814585.068485228344798, 584.0 ], [ 388170.180026189133059, 1814615.290169311221689, 584.0 ], [ 388139.958342106139753, 1814645.51185339409858, 584.0 ], [ 388139.958342106139753, 1814675.733537476975471, 584.0 ], [ 388139.958342106139753, 1814705.955221559852362, 584.0 ], [ 388109.736658023146447, 1814736.176905642729253, 584.0 ], [ 388079.514973940153141, 1814705.955221559852362, 584.0 ], [ 388049.293289857159834, 1814705.955221559852362, 584.0 ], [ 388019.071605774166528, 1814675.733537476975471, 584.0 ], [ 387988.849921691173222, 1814675.733537476975471, 584.0 ], [ 387958.628237608179916, 1814675.733537476975471, 584.0 ], [ 387928.406553525186609, 1814675.733537476975471, 584.0 ], [ 387898.184869442193303, 1814675.733537476975471, 584.0 ], [ 387867.963185359199997, 1814675.733537476975471, 584.0 ], [ 387837.741501276206691, 1814645.51185339409858, 584.0 ], [ 387807.519817193213385, 1814615.290169311221689, 584.0 ], [ 387777.298133110220078, 1814615.290169311221689, 584.0 ], [ 387747.076449027226772, 1814615.290169311221689, 584.0 ], [ 387716.854764944233466, 1814615.290169311221689, 584.0 ], [ 387686.63308086124016, 1814615.290169311221689, 584.0 ], [ 387656.411396778246854, 1814585.068485228344798, 584.0 ], [ 387626.189712695253547, 1814585.068485228344798, 584.0 ], [ 387595.968028612260241, 1814585.068485228344798, 584.0 ], [ 387565.746344529266935, 1814585.068485228344798, 584.0 ], [ 387535.524660446273629, 1814585.068485228344798, 584.0 ], [ 387505.302976363280322, 1814585.068485228344798, 584.0 ], [ 387475.081292280287016, 1814585.068485228344798, 584.0 ], [ 387444.85960819729371, 1814585.068485228344798, 584.0 ], [ 387414.637924114300404, 1814615.290169311221689, 584.0 ], [ 387384.416240031307098, 1814615.290169311221689, 584.0 ], [ 387354.194555948313791, 1814615.290169311221689, 584.0 ], [ 387323.972871865320485, 1814615.290169311221689, 584.0 ], [ 387293.751187782327179, 1814615.290169311221689, 584.0 ], [ 387263.529503699333873, 1814615.290169311221689, 584.0 ], [ 387233.307819616340566, 1814615.290169311221689, 584.0 ], [ 387203.08613553334726, 1814615.290169311221689, 584.0 ], [ 387172.864451450353954, 1814615.290169311221689, 584.0 ], [ 387142.642767367360648, 1814615.290169311221689, 584.0 ], [ 387112.421083284367342, 1814615.290169311221689, 584.0 ], [ 387082.199399201374035, 1814615.290169311221689, 584.0 ], [ 387051.977715118380729, 1814615.290169311221689, 584.0 ], [ 387021.756031035387423, 1814615.290169311221689, 584.0 ], [ 386991.534346952394117, 1814615.290169311221689, 584.0 ], [ 386961.31266286940081, 1814615.290169311221689, 584.0 ], [ 386931.090978786407504, 1814615.290169311221689, 584.0 ], [ 386900.869294703414198, 1814615.290169311221689, 584.0 ], [ 386870.647610620420892, 1814615.290169311221689, 584.0 ], [ 386840.425926537427586, 1814615.290169311221689, 584.0 ], [ 386810.204242454434279, 1814615.290169311221689, 584.0 ], [ 386779.982558371440973, 1814615.290169311221689, 584.0 ], [ 386749.760874288447667, 1814615.290169311221689, 584.0 ], [ 386719.539190205454361, 1814615.290169311221689, 584.0 ], [ 386689.317506122461054, 1814645.51185339409858, 584.0 ], [ 386659.095822039467748, 1814675.733537476975471, 584.0 ], [ 386628.874137956474442, 1814675.733537476975471, 584.0 ], [ 386598.652453873481136, 1814645.51185339409858, 584.0 ], [ 386568.43076979048783, 1814615.290169311221689, 584.0 ], [ 386538.209085707494523, 1814615.290169311221689, 584.0 ], [ 386507.987401624501217, 1814585.068485228344798, 584.0 ], [ 386477.765717541507911, 1814554.846801145467907, 584.0 ], [ 386447.544033458514605, 1814524.625117062591016, 584.0 ], [ 386417.322349375521298, 1814494.403432979714125, 584.0 ], [ 386387.100665292527992, 1814494.403432979714125, 584.0 ], [ 386356.878981209534686, 1814464.181748896837234, 584.0 ], [ 386326.65729712654138, 1814433.960064813960344, 584.0 ], [ 386296.435613043548074, 1814403.738380731083453, 584.0 ], [ 386266.213928960554767, 1814373.516696648206562, 584.0 ], [ 386235.992244877561461, 1814373.516696648206562, 584.0 ], [ 386205.770560794568155, 1814373.516696648206562, 584.0 ], [ 386175.548876711574849, 1814373.516696648206562, 584.0 ], [ 386145.327192628581543, 1814373.516696648206562, 584.0 ], [ 386115.105508545588236, 1814373.516696648206562, 584.0 ], [ 386084.88382446259493, 1814373.516696648206562, 584.0 ], [ 386054.662140379601624, 1814373.516696648206562, 584.0 ], [ 386024.440456296608318, 1814373.516696648206562, 584.0 ], [ 385994.218772213615011, 1814373.516696648206562, 584.0 ], [ 385963.997088130621705, 1814373.516696648206562, 584.0 ], [ 385933.775404047628399, 1814373.516696648206562, 584.0 ], [ 385903.553719964635093, 1814373.516696648206562, 584.0 ], [ 385873.332035881641787, 1814373.516696648206562, 584.0 ], [ 385843.11035179864848, 1814373.516696648206562, 584.0 ], [ 385812.888667715655174, 1814373.516696648206562, 584.0 ], [ 385782.666983632661868, 1814373.516696648206562, 584.0 ], [ 385752.445299549668562, 1814373.516696648206562, 584.0 ], [ 385722.223615466675255, 1814373.516696648206562, 584.0 ], [ 385692.001931383681949, 1814373.516696648206562, 584.0 ], [ 385661.780247300688643, 1814343.295012565329671, 584.0 ], [ 385631.558563217695337, 1814313.07332848245278, 584.0 ], [ 385601.336879134702031, 1814282.851644399575889, 584.0 ], [ 385571.115195051708724, 1814252.629960316698998, 584.0 ], [ 385540.893510968715418, 1814252.629960316698998, 584.0 ], [ 385510.671826885722112, 1814252.629960316698998, 584.0 ], [ 385480.450142802728806, 1814222.408276233822107, 584.0 ], [ 385450.228458719735499, 1814222.408276233822107, 584.0 ], [ 385420.006774636742193, 1814222.408276233822107, 584.0 ], [ 385389.785090553748887, 1814192.186592150945216, 584.0 ], [ 385359.563406470755581, 1814161.964908068068326, 584.0 ], [ 385329.341722387762275, 1814131.743223985191435, 584.0 ], [ 385299.120038304768968, 1814101.521539902314544, 584.0 ], [ 385268.898354221775662, 1814071.299855819437653, 584.0 ], [ 385238.676670138782356, 1814041.078171736560762, 584.0 ], [ 385208.45498605578905, 1814041.078171736560762, 584.0 ], [ 385178.233301972795743, 1814010.856487653683871, 584.0 ], [ 385148.011617889802437, 1813980.63480357080698, 584.0 ], [ 385117.789933806809131, 1813950.413119487930089, 584.0 ], [ 385087.568249723815825, 1813950.413119487930089, 584.0 ], [ 385057.346565640822519, 1813920.191435405053198, 584.0 ], [ 385027.124881557829212, 1813889.969751322176307, 584.0 ], [ 384996.903197474835906, 1813859.748067239299417, 584.0 ], [ 384966.6815133918426, 1813829.526383156422526, 584.0 ], [ 384936.459829308849294, 1813799.304699073545635, 584.0 ], [ 384906.238145225855988, 1813769.083014990668744, 584.0 ], [ 384876.016461142862681, 1813738.861330907791853, 584.0 ], [ 384845.794777059869375, 1813708.639646824914962, 584.0 ], [ 384815.573092976876069, 1813678.417962742038071, 584.0 ], [ 384785.351408893882763, 1813648.19627865916118, 584.0 ], [ 384755.129724810889456, 1813617.974594576284289, 584.0 ], [ 384724.90804072789615, 1813617.974594576284289, 584.0 ], [ 384694.686356644902844, 1813617.974594576284289, 584.0 ], [ 384664.464672561909538, 1813617.974594576284289, 584.0 ], [ 384634.242988478916232, 1813587.752910493407398, 584.0 ], [ 384604.021304395922925, 1813587.752910493407398, 584.0 ], [ 384573.799620312929619, 1813587.752910493407398, 584.0 ], [ 384543.577936229936313, 1813587.752910493407398, 584.0 ], [ 384513.356252146943007, 1813587.752910493407398, 584.0 ], [ 384483.1345680639497, 1813587.752910493407398, 584.0 ], [ 384452.912883980956394, 1813557.531226410530508, 584.0 ], [ 384422.691199897963088, 1813557.531226410530508, 584.0 ], [ 384392.469515814969782, 1813557.531226410530508, 584.0 ], [ 384362.247831731976476, 1813557.531226410530508, 584.0 ], [ 384332.026147648983169, 1813527.309542327653617, 584.0 ], [ 384301.804463565989863, 1813497.087858244776726, 584.0 ], [ 384271.582779482996557, 1813466.866174161899835, 584.0 ], [ 384241.361095400003251, 1813436.644490079022944, 584.0 ], [ 384211.139411317009944, 1813406.422805996146053, 584.0 ], [ 384180.917727234016638, 1813376.201121913269162, 584.0 ], [ 384150.696043151023332, 1813376.201121913269162, 584.0 ], [ 384120.474359068030026, 1813345.979437830392271, 584.0 ], [ 384090.25267498503672, 1813315.75775374751538, 584.0 ], [ 384090.25267498503672, 1813285.536069664638489, 584.0 ], [ 384090.25267498503672, 1813255.314385581761599, 584.0 ], [ 384060.030990902043413, 1813225.092701498884708, 584.0 ], [ 384029.809306819050107, 1813194.871017416007817, 584.0 ], [ 384029.809306819050107, 1813164.649333333130926, 584.0 ], [ 384029.809306819050107, 1813134.427649250254035, 584.0 ], [ 384029.809306819050107, 1813104.205965167377144, 584.0 ], [ 384029.809306819050107, 1813073.984281084500253, 584.0 ], [ 384029.809306819050107, 1813043.762597001623362, 584.0 ], [ 384029.809306819050107, 1813013.540912918746471, 584.0 ], [ 384029.809306819050107, 1812983.319228835869581, 584.0 ], [ 384029.809306819050107, 1812953.09754475299269, 584.0 ], [ 384029.809306819050107, 1812922.875860670115799, 584.0 ], [ 384029.809306819050107, 1812892.654176587238908, 584.0 ], [ 384029.809306819050107, 1812862.432492504362017, 584.0 ], [ 384029.809306819050107, 1812832.210808421485126, 584.0 ], [ 383999.587622736056801, 1812801.989124338608235, 584.0 ], [ 383969.365938653063495, 1812771.767440255731344, 584.0 ], [ 383939.144254570070188, 1812741.545756172854453, 584.0 ], [ 383908.922570487076882, 1812711.324072089977562, 584.0 ], [ 383878.700886404083576, 1812711.324072089977562, 584.0 ], [ 383848.47920232109027, 1812681.102388007100672, 584.0 ], [ 383818.257518238096964, 1812650.880703924223781, 584.0 ], [ 383788.035834155103657, 1812620.65901984134689, 584.0 ], [ 383757.814150072110351, 1812590.437335758469999, 584.0 ], [ 383757.814150072110351, 1812560.215651675593108, 584.0 ], [ 383757.814150072110351, 1812529.993967592716217, 584.0 ], [ 383727.592465989117045, 1812499.772283509839326, 584.0 ], [ 383697.370781906123739, 1812469.550599426962435, 584.0 ], [ 383667.149097823130433, 1812439.328915344085544, 584.0 ], [ 383636.927413740137126, 1812409.107231261208653, 584.0 ], [ 383636.927413740137126, 1812378.885547178331763, 584.0 ], [ 383636.927413740137126, 1812348.663863095454872, 584.0 ], [ 383636.927413740137126, 1812318.442179012577981, 584.0 ], [ 383636.927413740137126, 1812288.22049492970109, 584.0 ], [ 383636.927413740137126, 1812257.998810846824199, 584.0 ], [ 383636.927413740137126, 1812227.777126763947308, 584.0 ], [ 383606.70572965714382, 1812197.555442681070417, 584.0 ], [ 383576.484045574150514, 1812167.333758598193526, 584.0 ], [ 383546.262361491157208, 1812137.112074515316635, 584.0 ], [ 383516.040677408163901, 1812106.890390432439744, 584.0 ], [ 383485.818993325170595, 1812076.668706349562854, 584.0 ], [ 383455.597309242177289, 1812046.447022266685963, 584.0 ], [ 383425.375625159183983, 1812016.225338183809072, 584.0 ], [ 383395.153941076190677, 1811986.003654100932181, 584.0 ], [ 383364.93225699319737, 1811955.78197001805529, 584.0 ], [ 383334.710572910204064, 1811925.560285935178399, 584.0 ], [ 383304.488888827210758, 1811895.338601852301508, 584.0 ], [ 383274.267204744217452, 1811865.116917769424617, 584.0 ], [ 383244.045520661224145, 1811865.116917769424617, 584.0 ], [ 383213.823836578230839, 1811834.895233686547726, 584.0 ], [ 383183.602152495237533, 1811804.673549603670835, 584.0 ], [ 383153.380468412244227, 1811804.673549603670835, 584.0 ], [ 383123.158784329250921, 1811774.451865520793945, 584.0 ], [ 383092.937100246257614, 1811744.230181437917054, 584.0 ], [ 383062.715416163264308, 1811714.008497355040163, 584.0 ], [ 383032.493732080271002, 1811683.786813272163272, 584.0 ], [ 383032.493732080271002, 1811653.565129189286381, 584.0 ], [ 383002.272047997277696, 1811623.34344510640949, 584.0 ], [ 383002.272047997277696, 1811593.121761023532599, 584.0 ], [ 383002.272047997277696, 1811562.900076940655708, 584.0 ], [ 382972.050363914284389, 1811532.678392857778817, 584.0 ], [ 382941.828679831291083, 1811502.456708774901927, 584.0 ], [ 382911.606995748297777, 1811502.456708774901927, 584.0 ], [ 382881.385311665304471, 1811472.235024692025036, 584.0 ], [ 382851.163627582311165, 1811442.013340609148145, 584.0 ], [ 382820.941943499317858, 1811411.791656526271254, 584.0 ], [ 382790.720259416324552, 1811411.791656526271254, 584.0 ], [ 382760.498575333331246, 1811381.569972443394363, 584.0 ], [ 382730.27689125033794, 1811351.348288360517472, 584.0 ], [ 382700.055207167344633, 1811321.126604277640581, 584.0 ], [ 382669.833523084351327, 1811290.90492019476369, 584.0 ], [ 382639.611839001358021, 1811260.683236111886799, 584.0 ], [ 382609.390154918364715, 1811230.461552029009908, 584.0 ], [ 382579.168470835371409, 1811200.239867946133018, 584.0 ], [ 382548.946786752378102, 1811200.239867946133018, 584.0 ], [ 382518.725102669384796, 1811200.239867946133018, 584.0 ], [ 382488.50341858639149, 1811200.239867946133018, 584.0 ], [ 382458.281734503398184, 1811200.239867946133018, 584.0 ], [ 382428.060050420404878, 1811200.239867946133018, 584.0 ], [ 382397.838366337411571, 1811200.239867946133018, 584.0 ], [ 382367.616682254418265, 1811200.239867946133018, 584.0 ], [ 382337.394998171424959, 1811200.239867946133018, 584.0 ], [ 382307.173314088431653, 1811200.239867946133018, 584.0 ], [ 382276.951630005438346, 1811200.239867946133018, 584.0 ], [ 382246.72994592244504, 1811200.239867946133018, 584.0 ], [ 382216.508261839451734, 1811200.239867946133018, 584.0 ], [ 382186.286577756458428, 1811200.239867946133018, 584.0 ], [ 382156.064893673465122, 1811200.239867946133018, 584.0 ], [ 382125.843209590471815, 1811170.018183863256127, 584.0 ], [ 382095.621525507478509, 1811139.796499780379236, 584.0 ], [ 382065.399841424485203, 1811109.574815697502345, 584.0 ], [ 382035.178157341491897, 1811109.574815697502345, 584.0 ], [ 382004.95647325849859, 1811109.574815697502345, 584.0 ], [ 381974.734789175505284, 1811079.353131614625454, 584.0 ], [ 381944.513105092511978, 1811049.131447531748563, 584.0 ], [ 381914.291421009518672, 1811049.131447531748563, 584.0 ], [ 381884.069736926525366, 1811049.131447531748563, 584.0 ], [ 381853.848052843532059, 1811018.909763448871672, 584.0 ], [ 381823.626368760538753, 1811018.909763448871672, 584.0 ], [ 381793.404684677545447, 1811018.909763448871672, 584.0 ], [ 381763.183000594552141, 1811018.909763448871672, 584.0 ], [ 381732.961316511558834, 1811018.909763448871672, 584.0 ], [ 381702.739632428565528, 1811018.909763448871672, 584.0 ], [ 381672.517948345572222, 1811018.909763448871672, 584.0 ], [ 381642.296264262578916, 1811049.131447531748563, 584.0 ], [ 381612.07458017958561, 1811049.131447531748563, 584.0 ], [ 381581.852896096592303, 1811049.131447531748563, 584.0 ], [ 381551.631212013598997, 1811079.353131614625454, 584.0 ], [ 381521.409527930605691, 1811079.353131614625454, 584.0 ], [ 381491.187843847612385, 1811079.353131614625454, 584.0 ], [ 381460.966159764619078, 1811079.353131614625454, 584.0 ], [ 381430.744475681625772, 1811079.353131614625454, 584.0 ], [ 381400.522791598632466, 1811079.353131614625454, 584.0 ], [ 381370.30110751563916, 1811109.574815697502345, 584.0 ], [ 381340.079423432645854, 1811139.796499780379236, 584.0 ], [ 381309.857739349652547, 1811170.018183863256127, 584.0 ], [ 381279.636055266659241, 1811200.239867946133018, 584.0 ], [ 381249.414371183665935, 1811200.239867946133018, 584.0 ], [ 381219.192687100672629, 1811230.461552029009908, 584.0 ], [ 381188.971003017679323, 1811230.461552029009908, 584.0 ], [ 381158.749318934686016, 1811230.461552029009908, 584.0 ], [ 381128.52763485169271, 1811230.461552029009908, 584.0 ], [ 381098.305950768699404, 1811230.461552029009908, 584.0 ], [ 381068.084266685706098, 1811230.461552029009908, 584.0 ], [ 381037.862582602712791, 1811260.683236111886799, 584.0 ], [ 381007.640898519719485, 1811260.683236111886799, 584.0 ], [ 380977.419214436726179, 1811260.683236111886799, 584.0 ], [ 380947.197530353732873, 1811260.683236111886799, 584.0 ], [ 380916.975846270739567, 1811260.683236111886799, 584.0 ], [ 380886.75416218774626, 1811260.683236111886799, 584.0 ], [ 380856.532478104752954, 1811260.683236111886799, 584.0 ], [ 380826.310794021759648, 1811260.683236111886799, 584.0 ], [ 380796.089109938766342, 1811290.90492019476369, 584.0 ], [ 380765.867425855773035, 1811321.126604277640581, 584.0 ], [ 380735.645741772779729, 1811321.126604277640581, 584.0 ], [ 380705.424057689786423, 1811351.348288360517472, 584.0 ], [ 380675.202373606793117, 1811351.348288360517472, 584.0 ], [ 380644.980689523799811, 1811351.348288360517472, 584.0 ], [ 380614.759005440806504, 1811351.348288360517472, 584.0 ], [ 380584.537321357813198, 1811381.569972443394363, 584.0 ], [ 380554.315637274819892, 1811411.791656526271254, 584.0 ], [ 380524.093953191826586, 1811411.791656526271254, 584.0 ], [ 380493.872269108833279, 1811381.569972443394363, 584.0 ], [ 380463.650585025839973, 1811351.348288360517472, 584.0 ], [ 380433.428900942846667, 1811321.126604277640581, 584.0 ], [ 380403.207216859853361, 1811290.90492019476369, 584.0 ], [ 380372.985532776860055, 1811260.683236111886799, 584.0 ], [ 380342.763848693866748, 1811230.461552029009908, 584.0 ], [ 380312.542164610873442, 1811200.239867946133018, 584.0 ], [ 380282.320480527880136, 1811170.018183863256127, 584.0 ], [ 380252.09879644488683, 1811139.796499780379236, 584.0 ], [ 380221.877112361893523, 1811109.574815697502345, 584.0 ], [ 380191.655428278900217, 1811109.574815697502345, 584.0 ], [ 380161.433744195906911, 1811079.353131614625454, 584.0 ], [ 380131.212060112913605, 1811079.353131614625454, 584.0 ], [ 380100.990376029920299, 1811049.131447531748563, 584.0 ], [ 380100.990376029920299, 1811018.909763448871672, 584.0 ], [ 380070.768691946926992, 1810988.688079365994781, 584.0 ], [ 380040.547007863933686, 1810988.688079365994781, 584.0 ], [ 380040.547007863933686, 1810958.46639528311789, 584.0 ], [ 380010.32532378094038, 1810928.244711200240999, 584.0 ], [ 379980.103639697947074, 1810928.244711200240999, 584.0 ], [ 379949.881955614953768, 1810898.023027117364109, 584.0 ], [ 379919.660271531960461, 1810898.023027117364109, 584.0 ], [ 379889.438587448967155, 1810867.801343034487218, 584.0 ], [ 379859.216903365973849, 1810837.579658951610327, 584.0 ], [ 379828.995219282980543, 1810837.579658951610327, 584.0 ], [ 379798.773535199987236, 1810807.357974868733436, 584.0 ], [ 379768.55185111699393, 1810777.136290785856545, 584.0 ], [ 379738.330167034000624, 1810746.914606702979654, 584.0 ], [ 379708.108482951007318, 1810716.692922620102763, 584.0 ], [ 379677.886798868014012, 1810686.471238537225872, 584.0 ], [ 379647.665114785020705, 1810656.249554454348981, 584.0 ], [ 379617.443430702027399, 1810656.249554454348981, 584.0 ], [ 379587.221746619034093, 1810626.02787037147209, 584.0 ], [ 379557.000062536040787, 1810595.8061862885952, 584.0 ], [ 379526.77837845304748, 1810565.584502205718309, 584.0 ], [ 379526.77837845304748, 1810535.362818122841418, 584.0 ], [ 379496.556694370054174, 1810505.141134039964527, 584.0 ], [ 379466.335010287060868, 1810474.919449957087636, 584.0 ], [ 379436.113326204067562, 1810444.697765874210745, 584.0 ], [ 379405.891642121074256, 1810414.476081791333854, 584.0 ], [ 379405.891642121074256, 1810384.254397708456963, 584.0 ], [ 379405.891642121074256, 1810354.032713625580072, 584.0 ], [ 379405.891642121074256, 1810323.811029542703182, 584.0 ], [ 379405.891642121074256, 1810293.589345459826291, 584.0 ], [ 379405.891642121074256, 1810263.3676613769494, 584.0 ], [ 379405.891642121074256, 1810233.145977294072509, 584.0 ], [ 379405.891642121074256, 1810202.924293211195618, 584.0 ], [ 379436.113326204067562, 1810172.702609128318727, 584.0 ], [ 379436.113326204067562, 1810142.480925045441836, 584.0 ], [ 379436.113326204067562, 1810112.259240962564945, 584.0 ], [ 379436.113326204067562, 1810082.037556879688054, 584.0 ], [ 379436.113326204067562, 1810051.815872796811163, 584.0 ], [ 379436.113326204067562, 1810021.594188713934273, 584.0 ], [ 379436.113326204067562, 1809991.372504631057382, 584.0 ], [ 379436.113326204067562, 1809961.150820548180491, 584.0 ], [ 379436.113326204067562, 1809930.9291364653036, 584.0 ], [ 379466.335010287060868, 1809900.707452382426709, 584.0 ], [ 379466.335010287060868, 1809870.485768299549818, 584.0 ], [ 379466.335010287060868, 1809840.264084216672927, 584.0 ], [ 379466.335010287060868, 1809810.042400133796036, 584.0 ], [ 379466.335010287060868, 1809779.820716050919145, 584.0 ], [ 379466.335010287060868, 1809749.599031968042254, 584.0 ], [ 379466.335010287060868, 1809719.377347885165364, 584.0 ], [ 379466.335010287060868, 1809689.155663802288473, 584.0 ], [ 379436.113326204067562, 1809658.933979719411582, 584.0 ], [ 379436.113326204067562, 1809628.712295636534691, 584.0 ], [ 379436.113326204067562, 1809598.4906115536578, 584.0 ], [ 379436.113326204067562, 1809568.268927470780909, 584.0 ], [ 379436.113326204067562, 1809538.047243387904018, 584.0 ], [ 379405.891642121074256, 1809507.825559305027127, 584.0 ], [ 379375.669958038080949, 1809507.825559305027127, 584.0 ], [ 379345.448273955087643, 1809477.603875222150236, 584.0 ], [ 379315.226589872094337, 1809447.382191139273345, 584.0 ], [ 379285.004905789101031, 1809447.382191139273345, 584.0 ], [ 379254.783221706107724, 1809447.382191139273345, 584.0 ], [ 379224.561537623114418, 1809417.160507056396455, 585.0 ], [ 379194.339853540121112, 1809386.938822973519564, 578.0 ], [ 379164.118169457127806, 1809356.717138890642673, 583.0 ], [ 379133.8964853741345, 1809326.495454807765782, 587.0 ], [ 379103.674801291141193, 1809296.273770724888891, 588.0 ], [ 379073.453117208147887, 1809266.052086642012, 587.0 ], [ 379043.231433125154581, 1809235.830402559135109, 585.0 ], [ 379013.009749042161275, 1809205.608718476258218, 584.0 ], [ 378982.788064959167968, 1809175.387034393381327, 585.0 ], [ 378982.788064959167968, 1809145.165350310504436, 586.0 ], [ 378982.788064959167968, 1809114.943666227627546, 587.0 ], [ 378982.788064959167968, 1809084.721982144750655, 587.0 ], [ 378952.566380876174662, 1809054.500298061873764, 587.0 ], [ 378952.566380876174662, 1809024.278613978996873, 587.0 ], [ 378922.344696793181356, 1808994.056929896119982, 586.0 ], [ 378892.12301271018805, 1808963.835245813243091, 582.0 ], [ 378861.901328627194744, 1808933.6135617303662, 584.0 ], [ 378831.679644544201437, 1808903.391877647489309, 585.0 ], [ 378801.457960461208131, 1808873.170193564612418, 585.0 ], [ 378771.236276378214825, 1808842.948509481735528, 587.0 ], [ 378771.236276378214825, 1808812.726825398858637, 587.0 ], [ 378771.236276378214825, 1808782.505141315981746, 586.0 ], [ 378741.014592295221519, 1808752.283457233104855, 588.0 ], [ 378710.792908212228213, 1808722.061773150227964, 589.0 ], [ 378680.571224129234906, 1808722.061773150227964, 589.0 ], [ 378650.3495400462416, 1808691.840089067351073, 589.0 ], [ 378620.127855963248294, 1808661.618404984474182, 587.0 ], [ 378589.906171880254988, 1808631.396720901597291, 586.0 ], [ 378559.684487797261681, 1808601.1750368187204, 585.0 ], [ 378529.462803714268375, 1808570.953352735843509, 586.0 ], [ 378499.241119631275069, 1808540.731668652966619, 589.0 ], [ 378499.241119631275069, 1808510.509984570089728, 591.0 ], [ 378469.019435548281763, 1808480.288300487212837, 591.0 ], [ 378438.797751465288457, 1808450.066616404335946, 589.0 ], [ 378408.57606738229515, 1808419.844932321459055, 588.0 ], [ 378378.354383299301844, 1808419.844932321459055, 588.0 ], [ 378348.132699216308538, 1808419.844932321459055, 587.0 ], [ 378317.911015133315232, 1808419.844932321459055, 586.0 ], [ 378287.689331050321925, 1808389.623248238582164, 585.0 ], [ 378257.467646967328619, 1808359.401564155705273, 586.0 ], [ 378227.245962884335313, 1808329.179880072828382, 590.0 ], [ 378197.024278801342007, 1808329.179880072828382, 591.0 ], [ 378197.024278801342007, 1808298.958195989951491, 592.0 ], [ 378197.024278801342007, 1808268.7365119070746, 593.0 ], [ 378197.024278801342007, 1808238.51482782419771, 592.0 ], [ 378197.024278801342007, 1808208.293143741320819, 591.0 ], [ 378166.802594718348701, 1808178.071459658443928, 590.0 ], [ 378136.580910635355394, 1808147.849775575567037, 589.0 ], [ 378106.359226552362088, 1808117.628091492690146, 589.0 ], [ 378076.137542469368782, 1808087.406407409813255, 591.0 ], [ 378045.915858386375476, 1808057.184723326936364, 592.0 ], [ 378045.915858386375476, 1808026.963039244059473, 589.0 ], [ 378045.915858386375476, 1807996.741355161182582, 588.0 ], [ 378045.915858386375476, 1807966.519671078305691, 588.0 ], [ 378045.915858386375476, 1807936.297986995428801, 589.0 ], [ 378045.915858386375476, 1807906.07630291255191, 591.0 ], [ 378045.915858386375476, 1807875.854618829675019, 592.0 ], [ 378045.915858386375476, 1807845.632934746798128, 592.0 ], [ 378015.694174303382169, 1807815.411250663921237, 590.0 ], [ 377985.472490220388863, 1807815.411250663921237, 590.0 ], [ 377985.472490220388863, 1807785.189566581044346, 591.0 ], [ 377955.250806137395557, 1807754.967882498167455, 588.0 ], [ 377955.250806137395557, 1807724.746198415290564, 589.0 ], [ 377985.472490220388863, 1807694.524514332413673, 592.0 ], [ 377985.472490220388863, 1807664.302830249536783, 594.0 ], [ 377985.472490220388863, 1807634.081146166659892, 594.0 ], [ 378015.694174303382169, 1807603.859462083783001, 594.0 ], [ 378015.694174303382169, 1807573.63777800090611, 594.0 ], [ 378015.694174303382169, 1807543.416093918029219, 593.0 ], [ 378015.694174303382169, 1807513.194409835152328, 594.0 ], [ 378015.694174303382169, 1807482.972725752275437, 594.0 ], [ 378015.694174303382169, 1807452.751041669398546, 593.0 ], [ 378045.915858386375476, 1807422.529357586521655, 594.0 ], [ 378076.137542469368782, 1807392.307673503644764, 595.0 ], [ 378106.359226552362088, 1807362.085989420767874, 595.0 ], [ 378106.359226552362088, 1807331.864305337890983, 596.0 ], [ 378106.359226552362088, 1807301.642621255014092, 596.0 ], [ 378136.580910635355394, 1807271.420937172137201, 595.0 ], [ 378166.802594718348701, 1807241.19925308926031, 596.0 ], [ 378166.802594718348701, 1807210.977569006383419, 595.0 ], [ 378197.024278801342007, 1807180.755884923506528, 596.0 ], [ 378227.245962884335313, 1807180.755884923506528, 597.0 ], [ 378257.467646967328619, 1807150.534200840629637, 597.0 ], [ 378287.689331050321925, 1807120.312516757752746, 595.0 ], [ 378317.911015133315232, 1807090.090832674875855, 594.0 ], [ 378348.132699216308538, 1807090.090832674875855, 594.0 ], [ 378378.354383299301844, 1807059.869148591998965, 596.0 ], [ 378408.57606738229515, 1807059.869148591998965, 597.0 ], [ 378408.57606738229515, 1807029.647464509122074, 598.0 ], [ 378408.57606738229515, 1806999.425780426245183, 598.0 ], [ 378408.57606738229515, 1806969.204096343368292, 599.0 ], [ 378408.57606738229515, 1806938.982412260491401, 599.0 ], [ 378408.57606738229515, 1806908.76072817761451, 600.0 ], [ 378408.57606738229515, 1806878.539044094737619, 600.0 ], [ 378408.57606738229515, 1806848.317360011860728, 599.0 ], [ 378438.797751465288457, 1806818.095675928983837, 600.0 ], [ 378438.797751465288457, 1806787.873991846106946, 599.0 ], [ 378438.797751465288457, 1806757.652307763230056, 599.0 ], [ 378438.797751465288457, 1806727.430623680353165, 599.0 ], [ 378438.797751465288457, 1806697.208939597476274, 598.0 ], [ 378438.797751465288457, 1806666.987255514599383, 598.0 ], [ 378408.57606738229515, 1806636.765571431722492, 600.0 ], [ 378408.57606738229515, 1806606.543887348845601, 599.0 ], [ 378408.57606738229515, 1806576.32220326596871, 598.0 ], [ 378408.57606738229515, 1806546.100519183091819, 599.0 ], [ 378408.57606738229515, 1806515.878835100214928, 600.0 ], [ 378438.797751465288457, 1806485.657151017338037, 601.0 ], [ 378469.019435548281763, 1806455.435466934461147, 602.0 ], [ 378469.019435548281763, 1806425.213782851584256, 601.0 ], [ 378469.019435548281763, 1806394.992098768707365, 601.0 ], [ 378469.019435548281763, 1806364.770414685830474, 603.0 ], [ 378469.019435548281763, 1806334.548730602953583, 602.0 ], [ 378469.019435548281763, 1806304.327046520076692, 601.0 ], [ 378469.019435548281763, 1806274.105362437199801, 601.0 ], [ 378438.797751465288457, 1806243.88367835432291, 601.0 ], [ 378438.797751465288457, 1806213.661994271446019, 603.0 ], [ 378438.797751465288457, 1806183.440310188569129, 603.0 ], [ 378469.019435548281763, 1806153.218626105692238, 603.0 ], [ 378469.019435548281763, 1806122.996942022815347, 603.0 ], [ 378499.241119631275069, 1806092.775257939938456, 604.0 ], [ 378529.462803714268375, 1806062.553573857061565, 604.0 ], [ 378499.241119631275069, 1806032.331889774184674, 605.0 ], [ 378469.019435548281763, 1806002.110205691307783, 605.0 ], [ 378438.797751465288457, 1805971.888521608430892, 604.0 ], [ 378438.797751465288457, 1805941.666837525554001, 603.0 ], [ 378408.57606738229515, 1805911.44515344267711, 604.0 ], [ 378408.57606738229515, 1805881.22346935980022, 603.0 ], [ 378408.57606738229515, 1805851.001785276923329, 602.0 ], [ 378408.57606738229515, 1805820.780101194046438, 604.0 ], [ 378408.57606738229515, 1805790.558417111169547, 606.0 ], [ 378438.797751465288457, 1805760.336733028292656, 606.0 ], [ 378469.019435548281763, 1805730.115048945415765, 606.0 ], [ 378499.241119631275069, 1805699.893364862538874, 606.0 ], [ 378529.462803714268375, 1805669.671680779661983, 606.0 ], [ 378529.462803714268375, 1805639.449996696785092, 605.0 ], [ 378559.684487797261681, 1805609.228312613908201, 606.0 ], [ 378589.906171880254988, 1805579.006628531031311, 605.0 ], [ 378620.127855963248294, 1805579.006628531031311, 606.0 ], [ 378620.127855963248294, 1805548.78494444815442, 607.0 ], [ 378650.3495400462416, 1805518.563260365277529, 608.0 ], [ 378650.3495400462416, 1805488.341576282400638, 608.0 ], [ 378680.571224129234906, 1805488.341576282400638, 609.0 ], [ 378710.792908212228213, 1805488.341576282400638, 610.0 ], [ 378741.014592295221519, 1805458.119892199523747, 610.0 ], [ 378771.236276378214825, 1805427.898208116646856, 610.0 ], [ 378801.457960461208131, 1805397.676524033769965, 610.0 ], [ 378831.679644544201437, 1805367.454839950893074, 612.0 ], [ 378861.901328627194744, 1805337.233155868016183, 614.0 ], [ 378861.901328627194744, 1805307.011471785139292, 615.0 ], [ 378861.901328627194744, 1805276.789787702262402, 616.0 ], [ 378892.12301271018805, 1805246.568103619385511, 616.0 ], [ 378922.344696793181356, 1805246.568103619385511, 617.0 ], [ 378952.566380876174662, 1805246.568103619385511, 617.0 ], [ 378982.788064959167968, 1805216.34641953650862, 616.0 ], [ 379013.009749042161275, 1805216.34641953650862, 616.0 ], [ 379043.231433125154581, 1805186.124735453631729, 617.0 ], [ 379073.453117208147887, 1805186.124735453631729, 618.0 ], [ 379103.674801291141193, 1805155.903051370754838, 619.0 ], [ 379133.8964853741345, 1805125.681367287877947, 620.0 ], [ 379164.118169457127806, 1805125.681367287877947, 620.0 ], [ 379194.339853540121112, 1805125.681367287877947, 620.0 ], [ 379224.561537623114418, 1805125.681367287877947, 620.0 ], [ 379254.783221706107724, 1805155.903051370754838, 621.0 ], [ 379285.004905789101031, 1805125.681367287877947, 622.0 ], [ 379315.226589872094337, 1805125.681367287877947, 621.0 ], [ 379345.448273955087643, 1805125.681367287877947, 619.0 ], [ 379375.669958038080949, 1805125.681367287877947, 620.0 ], [ 379405.891642121074256, 1805125.681367287877947, 620.0 ], [ 379436.113326204067562, 1805155.903051370754838, 622.0 ], [ 379466.335010287060868, 1805155.903051370754838, 621.0 ], [ 379496.556694370054174, 1805155.903051370754838, 622.0 ], [ 379526.77837845304748, 1805155.903051370754838, 624.0 ], [ 379557.000062536040787, 1805186.124735453631729, 625.0 ], [ 379557.000062536040787, 1805216.34641953650862, 626.0 ], [ 379557.000062536040787, 1805246.568103619385511, 624.0 ], [ 379557.000062536040787, 1805276.789787702262402, 626.0 ], [ 379557.000062536040787, 1805307.011471785139292, 631.0 ], [ 379587.221746619034093, 1805337.233155868016183, 637.0 ], [ 379587.221746619034093, 1805367.454839950893074, 641.0 ], [ 379617.443430702027399, 1805397.676524033769965, 644.0 ], [ 379617.443430702027399, 1805427.898208116646856, 646.0 ], [ 379647.665114785020705, 1805458.119892199523747, 650.0 ], [ 379647.665114785020705, 1805488.341576282400638, 657.0 ], [ 379647.665114785020705, 1805518.563260365277529, 666.0 ], [ 379647.665114785020705, 1805548.78494444815442, 677.0 ], [ 379647.665114785020705, 1805579.006628531031311, 684.0 ], [ 379677.886798868014012, 1805609.228312613908201, 692.0 ], [ 379708.108482951007318, 1805639.449996696785092, 697.0 ], [ 379738.330167034000624, 1805669.671680779661983, 700.0 ], [ 379768.55185111699393, 1805699.893364862538874, 703.0 ], [ 379798.773535199987236, 1805730.115048945415765, 704.0 ], [ 379828.995219282980543, 1805730.115048945415765, 705.0 ], [ 379859.216903365973849, 1805730.115048945415765, 706.0 ], [ 379889.438587448967155, 1805730.115048945415765, 707.0 ], [ 379919.660271531960461, 1805730.115048945415765, 708.0 ], [ 379949.881955614953768, 1805730.115048945415765, 708.0 ], [ 379949.881955614953768, 1805760.336733028292656, 709.0 ], [ 379980.103639697947074, 1805790.558417111169547, 710.0 ], [ 380010.32532378094038, 1805820.780101194046438, 711.0 ], [ 380040.547007863933686, 1805851.001785276923329, 714.0 ], [ 380070.768691946926992, 1805881.22346935980022, 719.0 ], [ 380100.990376029920299, 1805911.44515344267711, 724.0 ], [ 380131.212060112913605, 1805941.666837525554001, 727.0 ], [ 380161.433744195906911, 1805971.888521608430892, 730.0 ], [ 380191.655428278900217, 1805971.888521608430892, 734.0 ], [ 380221.877112361893523, 1805971.888521608430892, 740.0 ], [ 380252.09879644488683, 1805971.888521608430892, 744.0 ], [ 380282.320480527880136, 1806002.110205691307783, 746.0 ], [ 380312.542164610873442, 1806032.331889774184674, 749.0 ], [ 380342.763848693866748, 1806062.553573857061565, 755.0 ], [ 380372.985532776860055, 1806092.775257939938456, 760.0 ], [ 380403.207216859853361, 1806122.996942022815347, 763.0 ], [ 380433.428900942846667, 1806153.218626105692238, 766.0 ], [ 380463.650585025839973, 1806153.218626105692238, 769.0 ], [ 380493.872269108833279, 1806153.218626105692238, 770.0 ], [ 380524.093953191826586, 1806153.218626105692238, 773.0 ], [ 380554.315637274819892, 1806153.218626105692238, 777.0 ], [ 380584.537321357813198, 1806153.218626105692238, 782.0 ], [ 380614.759005440806504, 1806153.218626105692238, 788.0 ], [ 380644.980689523799811, 1806153.218626105692238, 793.0 ], [ 380675.202373606793117, 1806153.218626105692238, 801.0 ], [ 380705.424057689786423, 1806153.218626105692238, 810.0 ], [ 380735.645741772779729, 1806153.218626105692238, 818.0 ] ] ] } },
{ "type": "Feature", "properties": { "subbasin": "S8", "name": null, "reach_len": null, "reach_rel": null, "reach_sin": null, "reach_slo": null, "len_units": null, "layer": "longest_flowpath_network", "path": "E:\\Manasi_intern\\HMS_Shp\\longest_flowpath_network.shp" }, "geometry": { "type": "MultiLineString", "coordinates": [ [ [ 406121.860371480113827, 1842283.241947224829346, 543.0 ], [ 406121.860371480113827, 1842268.1311051833909, 543.0 ], [ 406121.860371480113827, 1842237.90942110051401, 544.0 ], [ 406121.860371480113827, 1842207.687737017637119, 544.0 ], [ 406121.860371480113827, 1842177.466052934760228, 543.0 ], [ 406121.860371480113827, 1842147.244368851883337, 542.0 ], [ 406121.860371480113827, 1842117.022684769006446, 544.0 ], [ 406091.63868739712052, 1842086.801000686129555, 545.0 ], [ 406061.417003314127214, 1842056.579316603252664, 544.0 ], [ 406031.195319231133908, 1842026.357632520375773, 542.0 ], [ 406000.973635148140602, 1841996.135948437498882, 543.0 ], [ 405970.751951065147296, 1841965.914264354621992, 544.0 ], [ 405940.530266982153989, 1841935.692580271745101, 545.0 ], [ 405910.308582899160683, 1841905.47089618886821, 545.0 ], [ 405880.086898816167377, 1841875.249212105991319, 543.0 ], [ 405849.865214733174071, 1841845.027528023114428, 544.0 ], [ 405880.086898816167377, 1841814.805843940237537, 545.0 ], [ 405880.086898816167377, 1841784.584159857360646, 545.0 ], [ 405910.308582899160683, 1841754.362475774483755, 545.0 ], [ 405940.530266982153989, 1841724.140791691606864, 544.0 ], [ 405970.751951065147296, 1841693.919107608729973, 545.0 ], [ 405970.751951065147296, 1841663.697423525853083, 545.0 ], [ 405970.751951065147296, 1841633.475739442976192, 544.0 ], [ 405970.751951065147296, 1841603.254055360099301, 545.0 ], [ 406000.973635148140602, 1841573.03237127722241, 546.0 ], [ 406031.195319231133908, 1841542.810687194345519, 545.0 ], [ 406061.417003314127214, 1841542.810687194345519, 544.0 ], [ 406091.63868739712052, 1841512.589003111468628, 545.0 ], [ 406121.860371480113827, 1841482.367319028591737, 546.0 ], [ 406152.082055563107133, 1841452.145634945714846, 546.0 ], [ 406182.303739646100439, 1841421.923950862837955, 544.0 ], [ 406212.525423729093745, 1841391.702266779961064, 545.0 ], [ 406242.747107812087052, 1841391.702266779961064, 545.0 ], [ 406272.968791895080358, 1841391.702266779961064, 545.0 ], [ 406303.190475978073664, 1841391.702266779961064, 545.0 ], [ 406333.41216006106697, 1841391.702266779961064, 544.0 ], [ 406363.633844144060276, 1841391.702266779961064, 545.0 ], [ 406393.855528227053583, 1841391.702266779961064, 544.0 ], [ 406424.077212310046889, 1841421.923950862837955, 542.0 ], [ 406454.298896393040195, 1841452.145634945714846, 542.0 ], [ 406484.520580476033501, 1841452.145634945714846, 544.0 ], [ 406514.742264559026808, 1841482.367319028591737, 546.0 ], [ 406544.963948642020114, 1841512.589003111468628, 545.0 ], [ 406575.18563272501342, 1841542.810687194345519, 544.0 ], [ 406605.407316808006726, 1841542.810687194345519, 544.0 ], [ 406635.629000891000032, 1841542.810687194345519, 544.0 ], [ 406665.850684973993339, 1841573.03237127722241, 544.0 ], [ 406696.072369056986645, 1841603.254055360099301, 545.0 ], [ 406726.294053139979951, 1841603.254055360099301, 545.0 ], [ 406756.515737222973257, 1841603.254055360099301, 545.0 ], [ 406786.737421305966564, 1841603.254055360099301, 545.0 ], [ 406816.95910538895987, 1841603.254055360099301, 544.0 ], [ 406847.180789471953176, 1841603.254055360099301, 544.0 ], [ 406877.402473554946482, 1841603.254055360099301, 544.0 ], [ 406907.624157637939788, 1841603.254055360099301, 545.0 ], [ 406937.845841720933095, 1841603.254055360099301, 544.0 ], [ 406968.067525803926401, 1841633.475739442976192, 543.0 ], [ 406998.289209886919707, 1841663.697423525853083, 544.0 ], [ 407028.510893969913013, 1841663.697423525853083, 543.0 ], [ 407058.732578052906319, 1841663.697423525853083, 542.0 ], [ 407088.954262135899626, 1841663.697423525853083, 542.0 ], [ 407119.175946218892932, 1841693.919107608729973, 544.0 ], [ 407149.397630301886238, 1841724.140791691606864, 545.0 ], [ 407179.619314384879544, 1841724.140791691606864, 544.0 ], [ 407209.840998467872851, 1841754.362475774483755, 544.0 ], [ 407240.062682550866157, 1841754.362475774483755, 543.0 ], [ 407270.284366633859463, 1841754.362475774483755, 543.0 ], [ 407300.506050716852769, 1841754.362475774483755, 543.0 ], [ 407330.727734799846075, 1841784.584159857360646, 545.0 ], [ 407360.949418882839382, 1841784.584159857360646, 545.0 ], [ 407391.171102965832688, 1841784.584159857360646, 546.0 ], [ 407421.392787048825994, 1841784.584159857360646, 547.0 ], [ 407451.6144711318193, 1841784.584159857360646, 547.0 ], [ 407481.836155214812607, 1841784.584159857360646, 546.0 ], [ 407512.057839297805913, 1841784.584159857360646, 545.0 ], [ 407542.279523380799219, 1841784.584159857360646, 545.0 ], [ 407572.501207463792525, 1841754.362475774483755, 547.0 ], [ 407602.722891546785831, 1841724.140791691606864, 547.0 ], [ 407632.944575629779138, 1841693.919107608729973, 547.0 ], [ 407663.166259712772444, 1841663.697423525853083, 547.0 ], [ 407663.166259712772444, 1841633.475739442976192, 547.0 ], [ 407693.38794379576575, 1841603.254055360099301, 547.0 ], [ 407723.609627878759056, 1841573.03237127722241, 547.0 ], [ 407753.831311961752363, 1841542.810687194345519, 546.0 ], [ 407784.052996044745669, 1841512.589003111468628, 547.0 ], [ 407814.274680127738975, 1841482.367319028591737, 547.0 ], [ 407844.496364210732281, 1841452.145634945714846, 547.0 ], [ 407874.718048293725587, 1841421.923950862837955, 547.0 ], [ 407874.718048293725587, 1841391.702266779961064, 546.0 ], [ 407904.939732376718894, 1841361.480582697084174, 544.0 ], [ 407935.1614164597122, 1841331.258898614207283, 546.0 ], [ 407965.383100542705506, 1841301.037214531330392, 546.0 ], [ 407965.383100542705506, 1841270.815530448453501, 546.0 ], [ 407995.604784625698812, 1841240.59384636557661, 547.0 ], [ 407995.604784625698812, 1841210.372162282699719, 547.0 ], [ 407995.604784625698812, 1841180.150478199822828, 547.0 ], [ 407995.604784625698812, 1841149.928794116945937, 547.0 ], [ 407995.604784625698812, 1841119.707110034069046, 547.0 ], [ 408025.826468708692119, 1841089.485425951192155, 547.0 ], [ 408056.048152791685425, 1841059.263741868315265, 546.0 ], [ 408086.269836874678731, 1841029.042057785438374, 545.0 ], [ 408116.491520957672037, 1840998.820373702561483, 546.0 ], [ 408146.713205040665343, 1840968.598689619684592, 546.0 ], [ 408146.713205040665343, 1840938.377005536807701, 546.0 ], [ 408116.491520957672037, 1840908.15532145393081, 546.0 ], [ 408086.269836874678731, 1840877.933637371053919, 546.0 ], [ 408056.048152791685425, 1840847.711953288177028, 546.0 ], [ 408025.826468708692119, 1840817.490269205300137, 547.0 ], [ 408025.826468708692119, 1840787.268585122423247, 546.0 ], [ 408056.048152791685425, 1840757.046901039546356, 547.0 ], [ 408056.048152791685425, 1840726.825216956669465, 547.0 ], [ 408056.048152791685425, 1840696.603532873792574, 547.0 ], [ 408056.048152791685425, 1840666.381848790915683, 546.0 ], [ 408056.048152791685425, 1840636.160164708038792, 546.0 ], [ 408025.826468708692119, 1840605.938480625161901, 547.0 ], [ 408025.826468708692119, 1840575.71679654228501, 546.0 ], [ 408025.826468708692119, 1840545.495112459408119, 545.0 ], [ 408025.826468708692119, 1840515.273428376531228, 544.0 ], [ 408025.826468708692119, 1840485.051744293654338, 544.0 ], [ 408025.826468708692119, 1840454.830060210777447, 546.0 ], [ 408025.826468708692119, 1840424.608376127900556, 547.0 ], [ 408056.048152791685425, 1840394.386692045023665, 546.0 ], [ 408086.269836874678731, 1840364.165007962146774, 545.0 ], [ 408086.269836874678731, 1840333.943323879269883, 544.0 ], [ 408086.269836874678731, 1840303.721639796392992, 544.0 ], [ 408086.269836874678731, 1840273.499955713516101, 543.0 ], [ 408086.269836874678731, 1840243.27827163063921, 542.0 ], [ 408086.269836874678731, 1840213.056587547762319, 544.0 ], [ 408086.269836874678731, 1840182.834903464885429, 545.0 ], [ 408086.269836874678731, 1840152.613219382008538, 546.0 ], [ 408056.048152791685425, 1840122.391535299131647, 547.0 ], [ 408025.826468708692119, 1840092.169851216254756, 546.0 ], [ 408025.826468708692119, 1840061.948167133377865, 545.0 ], [ 408025.826468708692119, 1840031.726483050500974, 545.0 ], [ 407995.604784625698812, 1840001.504798967624083, 546.0 ], [ 407965.383100542705506, 1839971.283114884747192, 547.0 ], [ 407965.383100542705506, 1839941.061430801870301, 547.0 ], [ 407965.383100542705506, 1839910.83974671899341, 546.0 ], [ 407965.383100542705506, 1839880.61806263611652, 546.0 ], [ 407935.1614164597122, 1839850.396378553239629, 548.0 ], [ 407904.939732376718894, 1839820.174694470362738, 547.0 ], [ 407874.718048293725587, 1839789.953010387485847, 546.0 ], [ 407844.496364210732281, 1839759.731326304608956, 544.0 ], [ 407814.274680127738975, 1839789.953010387485847, 545.0 ], [ 407784.052996044745669, 1839820.174694470362738, 545.0 ], [ 407753.831311961752363, 1839850.396378553239629, 545.0 ], [ 407723.609627878759056, 1839880.61806263611652, 545.0 ], [ 407693.38794379576575, 1839910.83974671899341, 546.0 ], [ 407663.166259712772444, 1839910.83974671899341, 546.0 ], [ 407632.944575629779138, 1839910.83974671899341, 546.0 ], [ 407602.722891546785831, 1839910.83974671899341, 546.0 ], [ 407572.501207463792525, 1839910.83974671899341, 548.0 ], [ 407542.279523380799219, 1839910.83974671899341, 548.0 ], [ 407512.057839297805913, 1839910.83974671899341, 548.0 ], [ 407481.836155214812607, 1839941.061430801870301, 547.0 ], [ 407451.6144711318193, 1839971.283114884747192, 548.0 ], [ 407421.392787048825994, 1839971.283114884747192, 549.0 ], [ 407391.171102965832688, 1839971.283114884747192, 549.0 ], [ 407360.949418882839382, 1839971.283114884747192, 549.0 ], [ 407330.727734799846075, 1839971.283114884747192, 550.0 ], [ 407300.506050716852769, 1839971.283114884747192, 550.0 ], [ 407270.284366633859463, 1839941.061430801870301, 549.0 ], [ 407240.062682550866157, 1839910.83974671899341, 548.0 ], [ 407209.840998467872851, 1839880.61806263611652, 549.0 ], [ 407179.619314384879544, 1839850.396378553239629, 549.0 ], [ 407149.397630301886238, 1839820.174694470362738, 548.0 ], [ 407119.175946218892932, 1839789.953010387485847, 548.0 ], [ 407088.954262135899626, 1839759.731326304608956, 549.0 ], [ 407058.732578052906319, 1839729.509642221732065, 550.0 ], [ 407028.510893969913013, 1839699.287958138855174, 550.0 ], [ 406998.289209886919707, 1839669.066274055978283, 549.0 ], [ 406968.067525803926401, 1839638.844589973101392, 549.0 ], [ 406937.845841720933095, 1839608.622905890224501, 548.0 ], [ 406937.845841720933095, 1839578.401221807347611, 548.0 ], [ 406968.067525803926401, 1839548.17953772447072, 550.0 ], [ 406998.289209886919707, 1839517.957853641593829, 549.0 ], [ 407028.510893969913013, 1839487.736169558716938, 548.0 ], [ 407058.732578052906319, 1839457.514485475840047, 549.0 ], [ 407088.954262135899626, 1839427.292801392963156, 550.0 ], [ 407088.954262135899626, 1839397.071117310086265, 549.0 ], [ 407088.954262135899626, 1839366.849433227209374, 549.0 ], [ 407058.732578052906319, 1839336.627749144332483, 548.0 ], [ 407058.732578052906319, 1839306.406065061455593, 547.0 ], [ 407058.732578052906319, 1839276.184380978578702, 548.0 ], [ 407058.732578052906319, 1839245.962696895701811, 549.0 ], [ 407088.954262135899626, 1839215.74101281282492, 548.0 ], [ 407088.954262135899626, 1839185.519328729948029, 549.0 ], [ 407088.954262135899626, 1839155.297644647071138, 549.0 ], [ 407088.954262135899626, 1839125.075960564194247, 549.0 ], [ 407088.954262135899626, 1839094.854276481317356, 548.0 ], [ 407088.954262135899626, 1839064.632592398440465, 547.0 ], [ 407088.954262135899626, 1839034.410908315563574, 548.0 ], [ 407088.954262135899626, 1839004.189224232686684, 549.0 ], [ 407088.954262135899626, 1838973.967540149809793, 550.0 ], [ 407088.954262135899626, 1838943.745856066932902, 549.0 ], [ 407088.954262135899626, 1838913.524171984056011, 549.0 ], [ 407088.954262135899626, 1838883.30248790117912, 548.0 ], [ 407088.954262135899626, 1838853.080803818302229, 549.0 ], [ 407088.954262135899626, 1838822.859119735425338, 549.0 ], [ 407088.954262135899626, 1838792.637435652548447, 548.0 ], [ 407088.954262135899626, 1838762.415751569671556, 549.0 ], [ 407058.732578052906319, 1838732.194067486794665, 549.0 ], [ 407028.510893969913013, 1838701.972383403917775, 550.0 ], [ 406998.289209886919707, 1838671.750699321040884, 549.0 ], [ 406998.289209886919707, 1838641.529015238163993, 548.0 ], [ 406968.067525803926401, 1838611.307331155287102, 549.0 ], [ 406937.845841720933095, 1838611.307331155287102, 549.0 ], [ 406907.624157637939788, 1838581.085647072410211, 549.0 ], [ 406877.402473554946482, 1838550.86396298953332, 548.0 ], [ 406847.180789471953176, 1838550.86396298953332, 549.0 ], [ 406816.95910538895987, 1838520.642278906656429, 549.0 ], [ 406786.737421305966564, 1838490.420594823779538, 549.0 ], [ 406756.515737222973257, 1838460.198910740902647, 548.0 ], [ 406726.294053139979951, 1838429.977226658025756, 547.0 ], [ 406696.072369056986645, 1838399.755542575148866, 548.0 ], [ 406665.850684973993339, 1838369.533858492271975, 548.0 ], [ 406635.629000891000032, 1838339.312174409395084, 548.0 ], [ 406605.407316808006726, 1838339.312174409395084, 549.0 ], [ 406575.18563272501342, 1838339.312174409395084, 550.0 ], [ 406544.963948642020114, 1838309.090490326518193, 550.0 ], [ 406514.742264559026808, 1838278.868806243641302, 550.0 ], [ 406484.520580476033501, 1838278.868806243641302, 549.0 ], [ 406454.298896393040195, 1838278.868806243641302, 549.0 ], [ 406424.077212310046889, 1838248.647122160764411, 549.0 ], [ 406393.855528227053583, 1838218.42543807788752, 550.0 ], [ 406363.633844144060276, 1838188.203753995010629, 550.0 ], [ 406333.41216006106697, 1838188.203753995010629, 549.0 ], [ 406303.190475978073664, 1838157.982069912133738, 549.0 ], [ 406272.968791895080358, 1838127.760385829256848, 550.0 ], [ 406242.747107812087052, 1838097.538701746379957, 549.0 ], [ 406212.525423729093745, 1838067.317017663503066, 549.0 ], [ 406182.303739646100439, 1838067.317017663503066, 549.0 ], [ 406152.082055563107133, 1838037.095333580626175, 547.0 ], [ 406121.860371480113827, 1838006.873649497749284, 546.0 ], [ 406091.63868739712052, 1837976.651965414872393, 547.0 ], [ 406061.417003314127214, 1837946.430281331995502, 550.0 ], [ 406061.417003314127214, 1837916.208597249118611, 550.0 ], [ 406031.195319231133908, 1837885.98691316624172, 550.0 ], [ 406031.195319231133908, 1837855.765229083364829, 549.0 ], [ 406031.195319231133908, 1837825.543545000487939, 548.0 ], [ 406031.195319231133908, 1837795.321860917611048, 547.0 ], [ 406031.195319231133908, 1837765.100176834734157, 548.0 ], [ 406031.195319231133908, 1837734.878492751857266, 550.0 ], [ 406031.195319231133908, 1837704.656808668980375, 550.0 ], [ 406000.973635148140602, 1837674.435124586103484, 549.0 ], [ 406000.973635148140602, 1837644.213440503226593, 548.0 ], [ 406000.973635148140602, 1837613.991756420349702, 548.0 ], [ 406000.973635148140602, 1837583.770072337472811, 549.0 ], [ 406031.195319231133908, 1837553.54838825459592, 549.0 ], [ 406031.195319231133908, 1837523.32670417171903, 549.0 ], [ 406031.195319231133908, 1837493.105020088842139, 549.0 ], [ 406000.973635148140602, 1837462.883336005965248, 550.0 ], [ 405970.751951065147296, 1837432.661651923088357, 549.0 ], [ 405940.530266982153989, 1837402.439967840211466, 548.0 ], [ 405910.308582899160683, 1837372.218283757334575, 548.0 ], [ 405910.308582899160683, 1837341.996599674457684, 548.0 ], [ 405910.308582899160683, 1837311.774915591580793, 548.0 ], [ 405940.530266982153989, 1837281.553231508703902, 548.0 ], [ 405940.530266982153989, 1837251.331547425827011, 549.0 ], [ 405940.530266982153989, 1837221.109863342950121, 549.0 ], [ 405970.751951065147296, 1837190.88817926007323, 549.0 ], [ 405940.530266982153989, 1837160.666495177196339, 549.0 ], [ 405910.308582899160683, 1837130.444811094319448, 550.0 ], [ 405910.308582899160683, 1837100.223127011442557, 550.0 ], [ 405910.308582899160683, 1837070.001442928565666, 550.0 ], [ 405910.308582899160683, 1837039.779758845688775, 550.0 ], [ 405910.308582899160683, 1837009.558074762811884, 550.0 ], [ 405910.308582899160683, 1836979.336390679934993, 549.0 ], [ 405880.086898816167377, 1836949.114706597058102, 550.0 ], [ 405849.865214733174071, 1836918.893022514181212, 550.0 ], [ 405819.643530650180764, 1836888.671338431304321, 550.0 ], [ 405789.421846567187458, 1836858.44965434842743, 550.0 ], [ 405759.200162484194152, 1836828.227970265550539, 549.0 ], [ 405728.978478401200846, 1836798.006286182673648, 548.0 ], [ 405698.75679431820754, 1836767.784602099796757, 550.0 ], [ 405668.535110235214233, 1836737.562918016919866, 550.0 ], [ 405668.535110235214233, 1836707.341233934042975, 549.0 ], [ 405668.535110235214233, 1836677.119549851166084, 549.0 ], [ 405698.75679431820754, 1836646.897865768289194, 550.0 ], [ 405698.75679431820754, 1836616.676181685412303, 549.0 ], [ 405698.75679431820754, 1836586.454497602535412, 549.0 ], [ 405698.75679431820754, 1836556.232813519658521, 549.0 ], [ 405668.535110235214233, 1836526.01112943678163, 550.0 ], [ 405638.313426152220927, 1836495.789445353904739, 549.0 ], [ 405638.313426152220927, 1836465.567761271027848, 549.0 ], [ 405638.313426152220927, 1836435.346077188150957, 549.0 ], [ 405638.313426152220927, 1836405.124393105274066, 550.0 ], [ 405608.091742069227621, 1836374.902709022397175, 550.0 ], [ 405608.091742069227621, 1836344.681024939520285, 549.0 ], [ 405577.870057986234315, 1836344.681024939520285, 549.0 ], [ 405547.648373903241009, 1836314.459340856643394, 550.0 ], [ 405517.426689820247702, 1836314.459340856643394, 549.0 ], [ 405487.205005737254396, 1836284.237656773766503, 551.0 ], [ 405456.98332165426109, 1836254.015972690889612, 550.0 ], [ 405426.761637571267784, 1836254.015972690889612, 550.0 ], [ 405426.761637571267784, 1836223.794288608012721, 550.0 ], [ 405426.761637571267784, 1836193.57260452513583, 551.0 ], [ 405456.98332165426109, 1836163.350920442258939, 551.0 ], [ 405456.98332165426109, 1836133.129236359382048, 550.0 ], [ 405456.98332165426109, 1836102.907552276505157, 549.0 ], [ 405487.205005737254396, 1836072.685868193628266, 551.0 ], [ 405517.426689820247702, 1836042.464184110751376, 552.0 ], [ 405547.648373903241009, 1836012.242500027874485, 551.0 ], [ 405577.870057986234315, 1835982.020815944997594, 552.0 ], [ 405608.091742069227621, 1835951.799131862120703, 552.0 ], [ 405638.313426152220927, 1835921.577447779243812, 551.0 ], [ 405668.535110235214233, 1835891.355763696366921, 552.0 ], [ 405698.75679431820754, 1835861.13407961349003, 551.0 ], [ 405698.75679431820754, 1835830.912395530613139, 550.0 ], [ 405668.535110235214233, 1835800.690711447736248, 551.0 ], [ 405638.313426152220927, 1835770.469027364859357, 552.0 ], [ 405608.091742069227621, 1835740.247343281982467, 552.0 ], [ 405577.870057986234315, 1835710.025659199105576, 552.0 ], [ 405547.648373903241009, 1835679.803975116228685, 552.0 ], [ 405517.426689820247702, 1835649.582291033351794, 552.0 ], [ 405487.205005737254396, 1835619.360606950474903, 552.0 ], [ 405487.205005737254396, 1835589.138922867598012, 552.0 ], [ 405487.205005737254396, 1835558.917238784721121, 553.0 ], [ 405487.205005737254396, 1835528.69555470184423, 553.0 ], [ 405487.205005737254396, 1835498.473870618967339, 553.0 ], [ 405456.98332165426109, 1835468.252186536090448, 552.0 ], [ 405426.761637571267784, 1835438.030502453213558, 552.0 ], [ 405396.539953488274477, 1835407.808818370336667, 552.0 ], [ 405366.318269405281171, 1835377.587134287459776, 551.0 ], [ 405336.096585322287865, 1835347.365450204582885, 552.0 ], [ 405305.874901239294559, 1835317.143766121705994, 553.0 ], [ 405305.874901239294559, 1835286.922082038829103, 552.0 ], [ 405336.096585322287865, 1835256.700397955952212, 553.0 ], [ 405366.318269405281171, 1835226.478713873075321, 552.0 ], [ 405366.318269405281171, 1835196.25702979019843, 552.0 ], [ 405366.318269405281171, 1835166.03534570732154, 552.0 ], [ 405336.096585322287865, 1835135.813661624444649, 552.0 ], [ 405305.874901239294559, 1835105.591977541567758, 551.0 ], [ 405275.653217156301253, 1835075.370293458690867, 551.0 ], [ 405245.431533073307946, 1835045.148609375813976, 552.0 ], [ 405215.20984899031464, 1835045.148609375813976, 553.0 ], [ 405184.988164907321334, 1835014.926925292937085, 553.0 ], [ 405154.766480824328028, 1834984.705241210060194, 553.0 ], [ 405124.544796741334721, 1834954.483557127183303, 552.0 ], [ 405094.323112658341415, 1834924.261873044306412, 552.0 ], [ 405094.323112658341415, 1834894.040188961429521, 553.0 ], [ 405064.101428575348109, 1834863.818504878552631, 553.0 ], [ 405033.879744492354803, 1834833.59682079567574, 552.0 ], [ 405033.879744492354803, 1834803.375136712798849, 552.0 ], [ 405003.658060409361497, 1834773.153452629921958, 552.0 ], [ 404973.43637632636819, 1834773.153452629921958, 551.0 ], [ 404943.214692243374884, 1834803.375136712798849, 553.0 ], [ 404912.993008160381578, 1834833.59682079567574, 553.0 ], [ 404882.771324077388272, 1834863.818504878552631, 553.0 ], [ 404852.549639994394965, 1834894.040188961429521, 553.0 ], [ 404822.327955911401659, 1834924.261873044306412, 553.0 ], [ 404792.106271828408353, 1834924.261873044306412, 553.0 ], [ 404761.884587745415047, 1834924.261873044306412, 552.0 ], [ 404731.662903662421741, 1834894.040188961429521, 553.0 ], [ 404701.441219579428434, 1834894.040188961429521, 553.0 ], [ 404671.219535496435128, 1834863.818504878552631, 553.0 ], [ 404640.997851413441822, 1834833.59682079567574, 552.0 ], [ 404610.776167330448516, 1834803.375136712798849, 552.0 ], [ 404580.554483247455209, 1834803.375136712798849, 552.0 ], [ 404550.332799164461903, 1834803.375136712798849, 552.0 ], [ 404520.111115081468597, 1834803.375136712798849, 552.0 ], [ 404489.889430998475291, 1834803.375136712798849, 552.0 ], [ 404459.667746915481985, 1834803.375136712798849, 552.0 ], [ 404429.446062832488678, 1834803.375136712798849, 552.0 ], [ 404399.224378749495372, 1834803.375136712798849, 552.0 ], [ 404369.002694666502066, 1834803.375136712798849, 552.0 ], [ 404338.78101058350876, 1834773.153452629921958, 553.0 ], [ 404308.559326500515454, 1834773.153452629921958, 552.0 ], [ 404278.337642417522147, 1834742.931768547045067, 553.0 ], [ 404248.115958334528841, 1834742.931768547045067, 553.0 ], [ 404217.894274251535535, 1834742.931768547045067, 554.0 ], [ 404187.672590168542229, 1834742.931768547045067, 554.0 ], [ 404157.450906085548922, 1834712.710084464168176, 553.0 ], [ 404127.229222002555616, 1834682.488400381291285, 552.0 ], [ 404097.00753791956231, 1834652.266716298414394, 552.0 ], [ 404066.785853836569004, 1834622.045032215537503, 554.0 ], [ 404036.564169753575698, 1834622.045032215537503, 553.0 ], [ 404006.342485670582391, 1834591.823348132660612, 552.0 ], [ 403976.120801587589085, 1834561.601664049783722, 551.0 ], [ 403945.899117504595779, 1834561.601664049783722, 551.0 ], [ 403915.677433421602473, 1834561.601664049783722, 551.0 ], [ 403885.455749338609166, 1834561.601664049783722, 552.0 ], [ 403855.23406525561586, 1834591.823348132660612, 552.0 ], [ 403825.012381172622554, 1834591.823348132660612, 551.0 ], [ 403794.790697089629248, 1834622.045032215537503, 552.0 ], [ 403764.569013006635942, 1834652.266716298414394, 553.0 ], [ 403734.347328923642635, 1834652.266716298414394, 554.0 ], [ 403704.125644840649329, 1834652.266716298414394, 554.0 ], [ 403673.903960757656023, 1834652.266716298414394, 552.0 ], [ 403643.682276674662717, 1834652.266716298414394, 551.0 ], [ 403613.46059259166941, 1834652.266716298414394, 553.0 ], [ 403583.238908508676104, 1834652.266716298414394, 553.0 ], [ 403553.017224425682798, 1834682.488400381291285, 554.0 ], [ 403553.017224425682798, 1834712.710084464168176, 555.0 ], [ 403553.017224425682798, 1834742.931768547045067, 555.0 ], [ 403522.795540342689492, 1834773.153452629921958, 553.0 ], [ 403492.573856259696186, 1834803.375136712798849, 553.0 ], [ 403462.352172176702879, 1834833.59682079567574, 554.0 ], [ 403432.130488093709573, 1834863.818504878552631, 554.0 ], [ 403432.130488093709573, 1834894.040188961429521, 554.0 ], [ 403401.908804010716267, 1834924.261873044306412, 555.0 ], [ 403371.687119927722961, 1834954.483557127183303, 553.0 ], [ 403341.465435844729654, 1834984.705241210060194, 549.0 ], [ 403311.243751761736348, 1835014.926925292937085, 553.0 ], [ 403281.022067678743042, 1835045.148609375813976, 554.0 ], [ 403250.800383595749736, 1835075.370293458690867, 555.0 ], [ 403220.57869951275643, 1835105.591977541567758, 555.0 ], [ 403190.357015429763123, 1835105.591977541567758, 554.0 ], [ 403160.135331346769817, 1835105.591977541567758, 554.0 ], [ 403129.913647263776511, 1835105.591977541567758, 555.0 ], [ 403099.691963180783205, 1835105.591977541567758, 555.0 ], [ 403069.470279097789899, 1835075.370293458690867, 555.0 ], [ 403069.470279097789899, 1835045.148609375813976, 555.0 ], [ 403039.248595014796592, 1835014.926925292937085, 555.0 ], [ 403009.026910931803286, 1834984.705241210060194, 556.0 ], [ 402978.80522684880998, 1834954.483557127183303, 554.0 ], [ 402948.583542765816674, 1834924.261873044306412, 553.0 ], [ 402918.361858682823367, 1834954.483557127183303, 554.0 ], [ 402888.140174599830061, 1834954.483557127183303, 555.0 ], [ 402857.918490516836755, 1834984.705241210060194, 556.0 ], [ 402827.696806433843449, 1835014.926925292937085, 556.0 ], [ 402797.475122350850143, 1835045.148609375813976, 556.0 ], [ 402767.253438267856836, 1835045.148609375813976, 555.0 ], [ 402737.03175418486353, 1835045.148609375813976, 556.0 ], [ 402706.810070101870224, 1835045.148609375813976, 556.0 ], [ 402676.588386018876918, 1835045.148609375813976, 556.0 ], [ 402646.366701935883611, 1835045.148609375813976, 555.0 ], [ 402616.145017852890305, 1835045.148609375813976, 556.0 ], [ 402585.923333769896999, 1835045.148609375813976, 555.0 ], [ 402555.701649686903693, 1835045.148609375813976, 554.0 ], [ 402525.479965603910387, 1835075.370293458690867, 555.0 ], [ 402495.25828152091708, 1835075.370293458690867, 555.0 ], [ 402465.036597437923774, 1835075.370293458690867, 555.0 ], [ 402434.814913354930468, 1835075.370293458690867, 555.0 ], [ 402404.593229271937162, 1835105.591977541567758, 556.0 ], [ 402374.371545188943855, 1835105.591977541567758, 556.0 ], [ 402344.149861105950549, 1835105.591977541567758, 556.0 ], [ 402313.928177022957243, 1835135.813661624444649, 555.0 ], [ 402283.706492939963937, 1835166.03534570732154, 553.0 ], [ 402253.484808856970631, 1835166.03534570732154, 551.0 ], [ 402223.263124773977324, 1835166.03534570732154, 551.0 ], [ 402193.041440690984018, 1835166.03534570732154, 552.0 ], [ 402162.819756607990712, 1835196.25702979019843, 555.0 ], [ 402132.598072524997406, 1835166.03534570732154, 555.0 ], [ 402102.376388442004099, 1835166.03534570732154, 556.0 ], [ 402072.154704359010793, 1835166.03534570732154, 556.0 ], [ 402041.933020276017487, 1835135.813661624444649, 557.0 ], [ 402011.711336193024181, 1835105.591977541567758, 555.0 ], [ 401981.489652110030875, 1835075.370293458690867, 556.0 ], [ 401951.267968027037568, 1835045.148609375813976, 556.0 ], [ 401921.046283944044262, 1835014.926925292937085, 555.0 ], [ 401890.824599861050956, 1834984.705241210060194, 557.0 ], [ 401860.60291577805765, 1834954.483557127183303, 557.0 ], [ 401830.381231695064344, 1834924.261873044306412, 557.0 ], [ 401800.159547612071037, 1834894.040188961429521, 556.0 ], [ 401769.937863529077731, 1834863.818504878552631, 554.0 ], [ 401739.716179446084425, 1834863.818504878552631, 555.0 ], [ 401709.494495363091119, 1834833.59682079567574, 555.0 ], [ 401679.272811280097812, 1834803.375136712798849, 554.0 ], [ 401649.051127197104506, 1834773.153452629921958, 553.0 ], [ 401618.8294431141112, 1834742.931768547045067, 553.0 ], [ 401588.607759031117894, 1834712.710084464168176, 553.0 ], [ 401558.386074948124588, 1834682.488400381291285, 553.0 ], [ 401528.164390865131281, 1834682.488400381291285, 553.0 ], [ 401497.942706782137975, 1834652.266716298414394, 555.0 ], [ 401467.721022699144669, 1834652.266716298414394, 553.0 ], [ 401437.499338616151363, 1834652.266716298414394, 552.0 ], [ 401407.277654533158056, 1834652.266716298414394, 554.0 ], [ 401377.05597045016475, 1834652.266716298414394, 555.0 ], [ 401346.834286367171444, 1834622.045032215537503, 556.0 ], [ 401316.612602284178138, 1834591.823348132660612, 558.0 ], [ 401286.390918201184832, 1834591.823348132660612, 558.0 ], [ 401256.169234118191525, 1834622.045032215537503, 558.0 ], [ 401225.947550035198219, 1834622.045032215537503, 558.0 ], [ 401195.725865952204913, 1834622.045032215537503, 559.0 ], [ 401165.504181869211607, 1834652.266716298414394, 559.0 ], [ 401135.2824977862183, 1834682.488400381291285, 557.0 ], [ 401105.060813703224994, 1834712.710084464168176, 555.0 ], [ 401074.839129620231688, 1834712.710084464168176, 555.0 ], [ 401044.617445537238382, 1834682.488400381291285, 556.0 ], [ 401014.395761454245076, 1834652.266716298414394, 558.0 ], [ 400984.174077371251769, 1834652.266716298414394, 559.0 ], [ 400953.952393288258463, 1834652.266716298414394, 560.0 ], [ 400923.730709205265157, 1834652.266716298414394, 558.0 ], [ 400893.509025122271851, 1834652.266716298414394, 557.0 ], [ 400863.287341039278544, 1834652.266716298414394, 556.0 ], [ 400833.065656956285238, 1834682.488400381291285, 557.0 ], [ 400802.843972873291932, 1834682.488400381291285, 557.0 ], [ 400772.622288790298626, 1834712.710084464168176, 557.0 ], [ 400742.40060470730532, 1834712.710084464168176, 556.0 ], [ 400712.178920624312013, 1834742.931768547045067, 555.0 ], [ 400681.957236541318707, 1834773.153452629921958, 556.0 ], [ 400651.735552458325401, 1834773.153452629921958, 557.0 ], [ 400621.513868375332095, 1834773.153452629921958, 558.0 ], [ 400591.292184292338789, 1834773.153452629921958, 558.0 ], [ 400561.070500209345482, 1834803.375136712798849, 558.0 ], [ 400530.848816126352176, 1834833.59682079567574, 559.0 ], [ 400500.62713204335887, 1834833.59682079567574, 557.0 ], [ 400470.405447960365564, 1834803.375136712798849, 559.0 ], [ 400440.183763877372257, 1834773.153452629921958, 559.0 ], [ 400409.962079794378951, 1834773.153452629921958, 558.0 ], [ 400379.740395711385645, 1834773.153452629921958, 558.0 ], [ 400349.518711628392339, 1834742.931768547045067, 558.0 ], [ 400319.297027545399033, 1834712.710084464168176, 558.0 ], [ 400289.075343462405726, 1834682.488400381291285, 558.0 ], [ 400258.85365937941242, 1834652.266716298414394, 557.0 ], [ 400228.631975296419114, 1834622.045032215537503, 557.0 ], [ 400198.410291213425808, 1834622.045032215537503, 557.0 ], [ 400168.188607130432501, 1834591.823348132660612, 559.0 ], [ 400137.966923047439195, 1834561.601664049783722, 560.0 ], [ 400107.745238964445889, 1834531.379979966906831, 560.0 ], [ 400077.523554881452583, 1834531.379979966906831, 560.0 ], [ 400047.301870798459277, 1834501.15829588402994, 559.0 ], [ 400017.08018671546597, 1834470.936611801153049, 560.0 ], [ 399986.858502632472664, 1834470.936611801153049, 560.0 ], [ 399956.636818549479358, 1834440.714927718276158, 557.0 ], [ 399926.415134466486052, 1834440.714927718276158, 558.0 ], [ 399896.193450383492745, 1834410.493243635399267, 559.0 ], [ 399865.971766300499439, 1834380.271559552522376, 558.0 ], [ 399835.750082217506133, 1834350.049875469645485, 558.0 ], [ 399805.528398134512827, 1834319.828191386768594, 557.0 ], [ 399775.306714051519521, 1834319.828191386768594, 558.0 ], [ 399745.085029968526214, 1834319.828191386768594, 559.0 ], [ 399714.863345885532908, 1834319.828191386768594, 560.0 ], [ 399684.641661802539602, 1834319.828191386768594, 560.0 ], [ 399654.419977719546296, 1834289.606507303891703, 559.0 ], [ 399624.198293636552989, 1834259.384823221014813, 560.0 ], [ 399593.976609553559683, 1834229.163139138137922, 560.0 ], [ 399563.754925470566377, 1834229.163139138137922, 559.0 ], [ 399533.533241387573071, 1834198.941455055261031, 559.0 ], [ 399503.311557304579765, 1834198.941455055261031, 559.0 ], [ 399473.089873221586458, 1834168.71977097238414, 560.0 ], [ 399442.868189138593152, 1834138.498086889507249, 560.0 ], [ 399412.646505055599846, 1834108.276402806630358, 559.0 ], [ 399382.42482097260654, 1834078.054718723753467, 560.0 ], [ 399352.203136889613234, 1834047.833034640876576, 561.0 ], [ 399321.981452806619927, 1834017.611350557999685, 560.0 ], [ 399321.981452806619927, 1833987.389666475122795, 560.0 ], [ 399321.981452806619927, 1833957.167982392245904, 560.0 ], [ 399291.759768723626621, 1833926.946298309369013, 560.0 ], [ 399291.759768723626621, 1833896.724614226492122, 559.0 ], [ 399261.538084640633315, 1833896.724614226492122, 560.0 ], [ 399231.316400557640009, 1833866.502930143615231, 561.0 ], [ 399201.094716474646702, 1833836.28124606073834, 560.0 ], [ 399201.094716474646702, 1833806.059561977861449, 560.0 ], [ 399201.094716474646702, 1833775.837877894984558, 560.0 ], [ 399201.094716474646702, 1833745.616193812107667, 560.0 ], [ 399201.094716474646702, 1833715.394509729230776, 560.0 ], [ 399170.873032391653396, 1833685.172825646353886, 561.0 ], [ 399140.65134830866009, 1833654.951141563476995, 559.0 ], [ 399110.429664225666784, 1833624.729457480600104, 560.0 ], [ 399080.207980142673478, 1833624.729457480600104, 561.0 ], [ 399049.986296059680171, 1833594.507773397723213, 561.0 ], [ 399019.764611976686865, 1833564.286089314846322, 561.0 ], [ 398989.542927893693559, 1833534.064405231969431, 559.0 ], [ 398959.321243810700253, 1833534.064405231969431, 560.0 ], [ 398929.099559727706946, 1833534.064405231969431, 562.0 ], [ 398898.87787564471364, 1833534.064405231969431, 563.0 ], [ 398868.656191561720334, 1833534.064405231969431, 564.0 ], [ 398838.434507478727028, 1833503.84272114909254, 564.0 ], [ 398808.212823395733722, 1833473.621037066215649, 564.0 ], [ 398777.991139312740415, 1833443.399352983338758, 564.0 ], [ 398747.769455229747109, 1833413.177668900461867, 564.0 ], [ 398717.547771146753803, 1833382.955984817584977, 564.0 ], [ 398687.326087063760497, 1833352.734300734708086, 562.0 ], [ 398657.10440298076719, 1833352.734300734708086, 562.0 ], [ 398657.10440298076719, 1833322.512616651831195, 562.0 ], [ 398626.882718897773884, 1833292.290932568954304, 560.0 ], [ 398596.661034814780578, 1833292.290932568954304, 561.0 ], [ 398566.439350731787272, 1833262.069248486077413, 563.0 ], [ 398536.217666648793966, 1833231.847564403200522, 563.0 ], [ 398505.995982565800659, 1833201.625880320323631, 564.0 ], [ 398475.774298482807353, 1833201.625880320323631, 563.0 ], [ 398445.552614399814047, 1833171.40419623744674, 562.0 ], [ 398415.330930316820741, 1833141.182512154569849, 560.0 ], [ 398385.109246233827434, 1833141.182512154569849, 561.0 ], [ 398354.887562150834128, 1833110.960828071692958, 562.0 ], [ 398324.665878067840822, 1833080.739143988816068, 563.0 ], [ 398294.444193984847516, 1833050.517459905939177, 563.0 ], [ 398264.22250990185421, 1833020.295775823062286, 563.0 ], [ 398234.000825818860903, 1832990.074091740185395, 560.0 ], [ 398203.779141735867597, 1832959.852407657308504, 559.0 ], [ 398173.557457652874291, 1832959.852407657308504, 560.0 ], [ 398173.557457652874291, 1832929.630723574431613, 560.0 ], [ 398143.335773569880985, 1832899.409039491554722, 561.0 ], [ 398113.114089486887679, 1832869.187355408677831, 561.0 ], [ 398082.892405403894372, 1832838.96567132580094, 563.0 ], [ 398082.892405403894372, 1832808.743987242924049, 563.0 ], [ 398113.114089486887679, 1832778.522303160047159, 562.0 ], [ 398113.114089486887679, 1832748.300619077170268, 561.0 ], [ 398113.114089486887679, 1832718.078934994293377, 562.0 ], [ 398113.114089486887679, 1832687.857250911416486, 562.0 ], [ 398082.892405403894372, 1832657.635566828539595, 563.0 ], [ 398052.670721320901066, 1832657.635566828539595, 564.0 ], [ 398052.670721320901066, 1832627.413882745662704, 564.0 ], [ 398022.44903723790776, 1832597.192198662785813, 564.0 ], [ 398022.44903723790776, 1832566.970514579908922, 563.0 ], [ 397992.227353154914454, 1832536.748830497032031, 564.0 ], [ 397962.005669071921147, 1832506.527146414155141, 564.0 ], [ 397931.783984988927841, 1832476.30546233127825, 565.0 ], [ 397901.562300905934535, 1832446.083778248401359, 565.0 ], [ 397931.783984988927841, 1832415.862094165524468, 565.0 ], [ 397931.783984988927841, 1832385.640410082647577, 564.0 ], [ 397931.783984988927841, 1832355.418725999770686, 564.0 ], [ 397931.783984988927841, 1832325.197041916893795, 563.0 ], [ 397901.562300905934535, 1832294.975357834016904, 563.0 ], [ 397901.562300905934535, 1832264.753673751140013, 564.0 ], [ 397901.562300905934535, 1832234.531989668263122, 566.0 ], [ 397901.562300905934535, 1832204.310305585386232, 566.0 ], [ 397871.340616822941229, 1832174.088621502509341, 565.0 ], [ 397841.118932739947923, 1832143.86693741963245, 564.0 ], [ 397810.897248656954616, 1832113.645253336755559, 564.0 ], [ 397780.67556457396131, 1832083.423569253878668, 564.0 ], [ 397750.453880490968004, 1832053.201885171001777, 564.0 ], [ 397750.453880490968004, 1832022.980201088124886, 565.0 ], [ 397750.453880490968004, 1831992.758517005247995, 566.0 ], [ 397750.453880490968004, 1831962.536832922371104, 566.0 ], [ 397720.232196407974698, 1831932.315148839494213, 565.0 ], [ 397690.010512324981391, 1831902.093464756617323, 565.0 ], [ 397659.788828241988085, 1831871.871780673740432, 566.0 ], [ 397629.567144158994779, 1831871.871780673740432, 564.0 ], [ 397599.345460076001473, 1831841.650096590863541, 566.0 ], [ 397569.123775993008167, 1831811.42841250798665, 567.0 ], [ 397538.90209191001486, 1831781.206728425109759, 566.0 ], [ 397538.90209191001486, 1831750.985044342232868, 564.0 ], [ 397538.90209191001486, 1831720.763360259355977, 563.0 ], [ 397508.680407827021554, 1831690.541676176479086, 563.0 ], [ 397508.680407827021554, 1831660.319992093602195, 563.0 ], [ 397508.680407827021554, 1831630.098308010725304, 564.0 ], [ 397478.458723744028248, 1831599.876623927848414, 564.0 ], [ 397448.237039661034942, 1831599.876623927848414, 563.0 ], [ 397418.015355578041635, 1831569.654939844971523, 564.0 ], [ 397387.793671495048329, 1831539.433255762094632, 565.0 ], [ 397357.571987412055023, 1831509.211571679217741, 567.0 ], [ 397327.350303329061717, 1831478.98988759634085, 567.0 ], [ 397297.128619246068411, 1831448.768203513463959, 567.0 ], [ 397297.128619246068411, 1831418.546519430587068, 567.0 ], [ 397297.128619246068411, 1831388.324835347710177, 567.0 ], [ 397297.128619246068411, 1831358.103151264833286, 566.0 ], [ 397297.128619246068411, 1831327.881467181956396, 565.0 ], [ 397297.128619246068411, 1831297.659783099079505, 565.0 ], [ 397266.906935163075104, 1831267.438099016202614, 565.0 ], [ 397236.685251080081798, 1831237.216414933325723, 567.0 ], [ 397206.463566997088492, 1831237.216414933325723, 567.0 ], [ 397176.241882914095186, 1831206.994730850448832, 567.0 ], [ 397176.241882914095186, 1831176.773046767571941, 566.0 ], [ 397176.241882914095186, 1831146.55136268469505, 566.0 ], [ 397176.241882914095186, 1831116.329678601818159, 566.0 ], [ 397176.241882914095186, 1831086.107994518941268, 566.0 ], [ 397176.241882914095186, 1831055.886310436064377, 565.0 ], [ 397176.241882914095186, 1831025.664626353187487, 565.0 ], [ 397176.241882914095186, 1830995.442942270310596, 565.0 ], [ 397206.463566997088492, 1830965.221258187433705, 567.0 ], [ 397206.463566997088492, 1830934.999574104556814, 567.0 ], [ 397176.241882914095186, 1830904.777890021679923, 568.0 ], [ 397146.020198831101879, 1830874.556205938803032, 567.0 ], [ 397146.020198831101879, 1830844.334521855926141, 567.0 ], [ 397146.020198831101879, 1830814.11283777304925, 568.0 ], [ 397146.020198831101879, 1830783.891153690172359, 567.0 ], [ 397115.798514748108573, 1830753.669469607295468, 566.0 ], [ 397085.576830665115267, 1830723.447785524418578, 567.0 ], [ 397055.355146582121961, 1830693.226101441541687, 568.0 ], [ 397055.355146582121961, 1830663.004417358664796, 567.0 ], [ 397025.133462499128655, 1830632.782733275787905, 568.0 ], [ 396994.911778416135348, 1830602.561049192911014, 568.0 ], [ 396964.690094333142042, 1830572.339365110034123, 568.0 ], [ 396934.468410250148736, 1830542.117681027157232, 568.0 ], [ 396904.24672616715543, 1830542.117681027157232, 568.0 ], [ 396874.025042084162124, 1830511.895996944280341, 567.0 ], [ 396843.803358001168817, 1830511.895996944280341, 566.0 ], [ 396813.581673918175511, 1830511.895996944280341, 566.0 ], [ 396783.359989835182205, 1830511.895996944280341, 565.0 ], [ 396753.138305752188899, 1830481.67431286140345, 566.0 ], [ 396722.916621669195592, 1830451.452628778526559, 568.0 ], [ 396692.694937586202286, 1830421.230944695649669, 568.0 ], [ 396662.47325350320898, 1830391.009260612772778, 567.0 ], [ 396632.251569420215674, 1830360.787576529895887, 566.0 ], [ 396602.029885337222368, 1830330.565892447018996, 567.0 ], [ 396602.029885337222368, 1830300.344208364142105, 568.0 ], [ 396602.029885337222368, 1830270.122524281265214, 568.0 ], [ 396602.029885337222368, 1830239.900840198388323, 568.0 ], [ 396571.808201254229061, 1830209.679156115511432, 568.0 ], [ 396541.586517171235755, 1830179.457472032634541, 568.0 ], [ 396541.586517171235755, 1830149.23578794975765, 568.0 ], [ 396511.364833088242449, 1830119.01410386688076, 569.0 ], [ 396481.143149005249143, 1830088.792419784003869, 568.0 ], [ 396450.921464922255836, 1830058.570735701126978, 566.0 ], [ 396420.69978083926253, 1830028.349051618250087, 566.0 ], [ 396420.69978083926253, 1829998.127367535373196, 566.0 ], [ 396390.478096756269224, 1829967.905683452496305, 566.0 ], [ 396390.478096756269224, 1829937.683999369619414, 567.0 ], [ 396420.69978083926253, 1829907.462315286742523, 568.0 ], [ 396450.921464922255836, 1829877.240631203865632, 569.0 ], [ 396450.921464922255836, 1829847.018947120988742, 570.0 ], [ 396481.143149005249143, 1829816.797263038111851, 570.0 ], [ 396511.364833088242449, 1829786.57557895523496, 571.0 ], [ 396511.364833088242449, 1829756.353894872358069, 570.0 ], [ 396511.364833088242449, 1829726.132210789481178, 568.0 ], [ 396511.364833088242449, 1829695.910526706604287, 567.0 ], [ 396481.143149005249143, 1829665.688842623727396, 568.0 ], [ 396450.921464922255836, 1829665.688842623727396, 569.0 ], [ 396420.69978083926253, 1829665.688842623727396, 572.0 ], [ 396390.478096756269224, 1829635.467158540850505, 574.0 ], [ 396360.256412673275918, 1829635.467158540850505, 574.0 ], [ 396330.034728590282612, 1829605.245474457973614, 573.0 ], [ 396299.813044507289305, 1829575.023790375096723, 572.0 ], [ 396330.034728590282612, 1829544.802106292219833, 574.0 ], [ 396360.256412673275918, 1829514.580422209342942, 574.0 ], [ 396360.256412673275918, 1829484.358738126466051, 573.0 ], [ 396360.256412673275918, 1829454.13705404358916, 573.0 ], [ 396360.256412673275918, 1829423.915369960712269, 572.0 ], [ 396330.034728590282612, 1829393.693685877835378, 572.0 ], [ 396330.034728590282612, 1829363.472001794958487, 570.0 ], [ 396330.034728590282612, 1829333.250317712081596, 570.0 ], [ 396330.034728590282612, 1829303.028633629204705, 570.0 ], [ 396330.034728590282612, 1829272.806949546327814, 571.0 ], [ 396330.034728590282612, 1829242.585265463450924, 572.0 ], [ 396360.256412673275918, 1829212.363581380574033, 572.0 ], [ 396360.256412673275918, 1829182.141897297697142, 572.0 ], [ 396360.256412673275918, 1829151.920213214820251, 573.0 ], [ 396360.256412673275918, 1829121.69852913194336, 573.0 ], [ 396360.256412673275918, 1829091.476845049066469, 572.0 ], [ 396360.256412673275918, 1829061.255160966189578, 571.0 ], [ 396360.256412673275918, 1829031.033476883312687, 571.0 ], [ 396360.256412673275918, 1829000.811792800435796, 572.0 ], [ 396360.256412673275918, 1828970.590108717558905, 572.0 ], [ 396360.256412673275918, 1828940.368424634682015, 571.0 ], [ 396360.256412673275918, 1828910.146740551805124, 571.0 ], [ 396330.034728590282612, 1828879.925056468928233, 571.0 ], [ 396299.813044507289305, 1828849.703372386051342, 571.0 ], [ 396269.591360424295999, 1828819.481688303174451, 572.0 ], [ 396269.591360424295999, 1828789.26000422029756, 572.0 ], [ 396269.591360424295999, 1828759.038320137420669, 572.0 ], [ 396269.591360424295999, 1828728.816636054543778, 573.0 ], [ 396239.369676341302693, 1828698.594951971666887, 574.0 ], [ 396239.369676341302693, 1828668.373267888789997, 574.0 ], [ 396239.369676341302693, 1828638.151583805913106, 574.0 ], [ 396239.369676341302693, 1828607.929899723036215, 574.0 ], [ 396239.369676341302693, 1828577.708215640159324, 574.0 ], [ 396239.369676341302693, 1828547.486531557282433, 573.0 ], [ 396239.369676341302693, 1828517.264847474405542, 574.0 ], [ 396209.147992258309387, 1828487.043163391528651, 574.0 ], [ 396178.92630817531608, 1828456.82147930865176, 574.0 ], [ 396148.704624092322774, 1828426.599795225774869, 572.0 ], [ 396148.704624092322774, 1828396.378111142897978, 571.0 ], [ 396148.704624092322774, 1828366.156427060021088, 571.0 ], [ 396148.704624092322774, 1828335.934742977144197, 573.0 ], [ 396148.704624092322774, 1828305.713058894267306, 574.0 ], [ 396118.482940009329468, 1828275.491374811390415, 575.0 ], [ 396118.482940009329468, 1828245.269690728513524, 575.0 ], [ 396088.261255926336162, 1828215.048006645636633, 575.0 ], [ 396058.039571843342856, 1828184.826322562759742, 572.0 ], [ 396058.039571843342856, 1828154.604638479882851, 573.0 ], [ 396058.039571843342856, 1828124.38295439700596, 573.0 ], [ 396058.039571843342856, 1828094.161270314129069, 572.0 ], [ 396058.039571843342856, 1828063.939586231252179, 572.0 ], [ 396058.039571843342856, 1828033.717902148375288, 572.0 ], [ 396058.039571843342856, 1828003.496218065498397, 571.0 ], [ 396058.039571843342856, 1827973.274533982621506, 572.0 ], [ 396058.039571843342856, 1827943.052849899744615, 573.0 ], [ 396027.817887760349549, 1827912.831165816867724, 575.0 ], [ 395997.596203677356243, 1827882.609481733990833, 575.0 ], [ 395997.596203677356243, 1827852.387797651113942, 575.0 ], [ 395997.596203677356243, 1827822.166113568237051, 575.0 ], [ 395997.596203677356243, 1827791.94442948536016, 575.0 ], [ 395997.596203677356243, 1827761.72274540248327, 574.0 ], [ 395967.374519594362937, 1827731.501061319606379, 575.0 ], [ 395937.152835511369631, 1827731.501061319606379, 576.0 ], [ 395906.931151428376324, 1827731.501061319606379, 576.0 ], [ 395876.709467345383018, 1827731.501061319606379, 575.0 ], [ 395846.487783262389712, 1827731.501061319606379, 575.0 ], [ 395816.266099179396406, 1827731.501061319606379, 575.0 ], [ 395786.0444150964031, 1827731.501061319606379, 576.0 ], [ 395755.822731013409793, 1827761.72274540248327, 578.0 ], [ 395725.601046930416487, 1827791.94442948536016, 577.0 ], [ 395695.379362847423181, 1827822.166113568237051, 574.0 ], [ 395665.157678764429875, 1827852.387797651113942, 574.0 ], [ 395634.935994681436568, 1827852.387797651113942, 575.0 ], [ 395604.714310598443262, 1827852.387797651113942, 576.0 ], [ 395574.492626515449956, 1827822.166113568237051, 577.0 ], [ 395544.27094243245665, 1827791.94442948536016, 577.0 ], [ 395514.049258349463344, 1827761.72274540248327, 577.0 ], [ 395483.827574266470037, 1827731.501061319606379, 577.0 ], [ 395453.605890183476731, 1827701.279377236729488, 576.0 ], [ 395423.384206100483425, 1827671.057693153852597, 576.0 ], [ 395393.162522017490119, 1827640.836009070975706, 576.0 ], [ 395362.940837934496813, 1827610.614324988098815, 577.0 ], [ 395362.940837934496813, 1827580.392640905221924, 576.0 ], [ 395332.719153851503506, 1827550.170956822345033, 577.0 ], [ 395332.719153851503506, 1827519.949272739468142, 575.0 ], [ 395302.4974697685102, 1827519.949272739468142, 576.0 ], [ 395272.275785685516894, 1827519.949272739468142, 578.0 ], [ 395242.054101602523588, 1827489.727588656591251, 581.0 ], [ 395211.832417519530281, 1827489.727588656591251, 581.0 ], [ 395181.610733436536975, 1827519.949272739468142, 581.0 ], [ 395151.389049353543669, 1827519.949272739468142, 584.0 ], [ 395121.167365270550363, 1827519.949272739468142, 585.0 ], [ 395090.945681187557057, 1827519.949272739468142, 585.0 ], [ 395060.72399710456375, 1827489.727588656591251, 585.0 ], [ 395060.72399710456375, 1827459.505904573714361, 587.0 ], [ 395060.72399710456375, 1827429.28422049083747, 588.0 ], [ 395030.502313021570444, 1827399.062536407960579, 589.0 ], [ 395000.280628938577138, 1827368.840852325083688, 591.0 ], [ 394970.058944855583832, 1827338.619168242206797, 595.0 ], [ 394939.837260772590525, 1827308.397484159329906, 604.0 ], [ 394909.615576689597219, 1827278.175800076453015, 615.0 ], [ 394879.393892606603913, 1827247.954115993576124, 615.0 ], [ 394849.172208523610607, 1827217.732431910699233, 615.0 ], [ 394818.950524440617301, 1827187.510747827822343, 615.0 ], [ 394788.728840357623994, 1827157.289063744945452, 615.0 ], [ 394758.507156274630688, 1827127.067379662068561, 615.0 ], [ 394728.285472191637382, 1827096.84569557919167, 615.0 ], [ 394698.063788108644076, 1827066.624011496314779, 615.0 ], [ 394667.842104025650769, 1827036.402327413437888, 615.0 ], [ 394637.620419942657463, 1827006.180643330560997, 615.0 ], [ 394607.398735859664157, 1826975.958959247684106, 615.0 ], [ 394577.177051776670851, 1826945.737275164807215, 615.0 ], [ 394546.955367693677545, 1826915.515591081930324, 615.0 ], [ 394546.955367693677545, 1826885.293906999053434, 615.0 ], [ 394546.955367693677545, 1826855.072222916176543, 615.0 ], [ 394577.177051776670851, 1826824.850538833299652, 615.0 ], [ 394577.177051776670851, 1826794.628854750422761, 615.0 ], [ 394577.177051776670851, 1826764.40717066754587, 615.0 ], [ 394607.398735859664157, 1826734.185486584668979, 615.0 ], [ 394607.398735859664157, 1826703.963802501792088, 615.0 ], [ 394637.620419942657463, 1826673.742118418915197, 615.0 ], [ 394637.620419942657463, 1826643.520434336038306, 615.0 ], [ 394637.620419942657463, 1826613.298750253161415, 615.0 ], [ 394637.620419942657463, 1826583.077066170284525, 615.0 ], [ 394667.842104025650769, 1826552.855382087407634, 615.0 ], [ 394667.842104025650769, 1826522.633698004530743, 615.0 ], [ 394667.842104025650769, 1826492.412013921653852, 615.0 ], [ 394667.842104025650769, 1826462.190329838776961, 615.0 ], [ 394667.842104025650769, 1826431.96864575590007, 615.0 ], [ 394667.842104025650769, 1826401.746961673023179, 615.0 ], [ 394698.063788108644076, 1826371.525277590146288, 615.0 ], [ 394698.063788108644076, 1826341.303593507269397, 615.0 ], [ 394698.063788108644076, 1826311.081909424392506, 615.0 ], [ 394698.063788108644076, 1826280.860225341515616, 615.0 ], [ 394698.063788108644076, 1826250.638541258638725, 615.0 ], [ 394698.063788108644076, 1826220.416857175761834, 615.0 ], [ 394698.063788108644076, 1826190.195173092884943, 615.0 ], [ 394698.063788108644076, 1826159.973489010008052, 615.0 ], [ 394698.063788108644076, 1826129.751804927131161, 615.0 ], [ 394698.063788108644076, 1826099.53012084425427, 615.0 ], [ 394667.842104025650769, 1826069.308436761377379, 615.0 ], [ 394637.620419942657463, 1826039.086752678500488, 615.0 ], [ 394607.398735859664157, 1826008.865068595623598, 615.0 ], [ 394577.177051776670851, 1825978.643384512746707, 615.0 ], [ 394546.955367693677545, 1825948.421700429869816, 615.0 ], [ 394516.733683610684238, 1825918.200016346992925, 615.0 ], [ 394486.511999527690932, 1825887.978332264116034, 615.0 ], [ 394456.290315444697626, 1825857.756648181239143, 615.0 ], [ 394456.290315444697626, 1825827.534964098362252, 615.0 ], [ 394426.06863136170432, 1825797.313280015485361, 615.0 ], [ 394426.06863136170432, 1825767.09159593260847, 615.0 ], [ 394395.846947278711013, 1825736.869911849731579, 615.0 ], [ 394395.846947278711013, 1825706.648227766854689, 615.0 ], [ 394365.625263195717707, 1825676.426543683977798, 615.0 ], [ 394335.403579112724401, 1825646.204859601100907, 615.0 ], [ 394305.181895029731095, 1825615.983175518224016, 615.0 ], [ 394274.960210946737789, 1825585.761491435347125, 615.0 ], [ 394244.738526863744482, 1825555.539807352470234, 615.0 ], [ 394214.516842780751176, 1825555.539807352470234, 615.0 ], [ 394184.29515869775787, 1825525.318123269593343, 615.0 ], [ 394154.073474614764564, 1825495.096439186716452, 615.0 ], [ 394123.851790531771258, 1825464.874755103839561, 615.0 ], [ 394093.630106448777951, 1825464.874755103839561, 615.0 ], [ 394063.408422365784645, 1825434.65307102096267, 615.0 ], [ 394033.186738282791339, 1825404.43138693808578, 615.0 ], [ 394002.965054199798033, 1825374.209702855208889, 615.0 ], [ 393972.743370116804726, 1825343.988018772331998, 615.0 ], [ 393942.52168603381142, 1825313.766334689455107, 615.0 ], [ 393912.300001950818114, 1825283.544650606578216, 615.0 ], [ 393882.078317867824808, 1825253.322966523701325, 615.0 ], [ 393851.856633784831502, 1825223.101282440824434, 615.0 ], [ 393821.634949701838195, 1825192.879598357947543, 615.0 ], [ 393791.413265618844889, 1825162.657914275070652, 615.0 ], [ 393761.191581535851583, 1825132.436230192193761, 615.0 ], [ 393761.191581535851583, 1825102.214546109316871, 615.0 ], [ 393730.969897452858277, 1825071.99286202643998, 615.0 ], [ 393700.74821336986497, 1825041.771177943563089, 615.0 ], [ 393670.526529286871664, 1825011.549493860686198, 615.0 ], [ 393640.304845203878358, 1824981.327809777809307, 615.0 ], [ 393610.083161120885052, 1824951.106125694932416, 615.0 ], [ 393579.861477037891746, 1824951.106125694932416, 615.0 ], [ 393549.639792954898439, 1824920.884441612055525, 615.0 ], [ 393519.418108871905133, 1824890.662757529178634, 615.0 ], [ 393489.196424788911827, 1824860.441073446301743, 615.0 ], [ 393458.974740705918521, 1824830.219389363424852, 615.0 ], [ 393458.974740705918521, 1824799.997705280547962, 615.0 ], [ 393428.753056622925214, 1824769.776021197671071, 615.0 ], [ 393428.753056622925214, 1824739.55433711479418, 615.0 ], [ 393428.753056622925214, 1824709.332653031917289, 615.0 ], [ 393428.753056622925214, 1824679.110968949040398, 615.0 ], [ 393428.753056622925214, 1824648.889284866163507, 615.0 ], [ 393428.753056622925214, 1824618.667600783286616, 615.0 ], [ 393428.753056622925214, 1824588.445916700409725, 615.0 ], [ 393428.753056622925214, 1824558.224232617532834, 615.0 ], [ 393428.753056622925214, 1824528.002548534655944, 615.0 ], [ 393428.753056622925214, 1824497.780864451779053, 615.0 ], [ 393428.753056622925214, 1824467.559180368902162, 615.0 ], [ 393428.753056622925214, 1824437.337496286025271, 615.0 ], [ 393428.753056622925214, 1824407.11581220314838, 615.0 ], [ 393398.531372539931908, 1824376.894128120271489, 615.0 ], [ 393368.309688456938602, 1824346.672444037394598, 615.0 ], [ 393338.088004373945296, 1824346.672444037394598, 615.0 ], [ 393307.86632029095199, 1824316.450759954517707, 615.0 ], [ 393307.86632029095199, 1824286.229075871640816, 615.0 ], [ 393277.644636207958683, 1824256.007391788763925, 615.0 ], [ 393247.422952124965377, 1824225.785707705887035, 615.0 ], [ 393217.201268041972071, 1824225.785707705887035, 615.0 ], [ 393186.979583958978765, 1824195.564023623010144, 615.0 ], [ 393156.757899875985458, 1824165.342339540133253, 615.0 ], [ 393126.536215792992152, 1824165.342339540133253, 615.0 ], [ 393096.314531709998846, 1824135.120655457256362, 615.0 ], [ 393066.09284762700554, 1824104.898971374379471, 615.0 ], [ 393035.871163544012234, 1824074.67728729150258, 615.0 ], [ 393005.649479461018927, 1824044.455603208625689, 615.0 ], [ 392975.427795378025621, 1824044.455603208625689, 615.0 ], [ 392945.206111295032315, 1824014.233919125748798, 615.0 ], [ 392914.984427212039009, 1823984.012235042871907, 615.0 ], [ 392884.762743129045703, 1823953.790550959995016, 615.0 ], [ 392884.762743129045703, 1823923.568866877118126, 615.0 ], [ 392884.762743129045703, 1823893.347182794241235, 615.0 ], [ 392854.541059046052396, 1823863.125498711364344, 615.0 ], [ 392854.541059046052396, 1823832.903814628487453, 615.0 ], [ 392854.541059046052396, 1823802.682130545610562, 615.0 ], [ 392824.31937496305909, 1823772.460446462733671, 615.0 ], [ 392794.097690880065784, 1823742.23876237985678, 615.0 ], [ 392763.876006797072478, 1823742.23876237985678, 615.0 ], [ 392733.654322714079171, 1823712.017078296979889, 615.0 ], [ 392703.432638631085865, 1823681.795394214102998, 615.0 ], [ 392673.210954548092559, 1823651.573710131226107, 615.0 ], [ 392642.989270465099253, 1823621.352026048349217, 615.0 ], [ 392612.767586382105947, 1823591.130341965472326, 615.0 ], [ 392582.54590229911264, 1823560.908657882595435, 615.0 ], [ 392552.324218216119334, 1823530.686973799718544, 615.0 ], [ 392522.102534133126028, 1823500.465289716841653, 615.0 ], [ 392491.880850050132722, 1823500.465289716841653, 615.0 ], [ 392461.659165967139415, 1823470.243605633964762, 615.0 ], [ 392461.659165967139415, 1823440.021921551087871, 615.0 ], [ 392431.437481884146109, 1823409.80023746821098, 615.0 ], [ 392401.215797801152803, 1823379.578553385334089, 615.0 ], [ 392370.994113718159497, 1823379.578553385334089, 615.0 ], [ 392340.772429635166191, 1823349.356869302457199, 615.0 ], [ 392310.550745552172884, 1823319.135185219580308, 615.0 ], [ 392280.329061469179578, 1823319.135185219580308, 615.0 ], [ 392250.107377386186272, 1823288.913501136703417, 615.0 ], [ 392219.885693303192966, 1823258.691817053826526, 615.0 ], [ 392189.664009220199659, 1823228.470132970949635, 615.0 ], [ 392189.664009220199659, 1823198.248448888072744, 615.0 ], [ 392159.442325137206353, 1823168.026764805195853, 615.0 ], [ 392159.442325137206353, 1823137.805080722318962, 615.0 ], [ 392159.442325137206353, 1823107.583396639442071, 616.0 ], [ 392129.220641054213047, 1823077.36171255656518, 618.0 ], [ 392098.998956971219741, 1823077.36171255656518, 620.0 ], [ 392068.777272888226435, 1823077.36171255656518, 621.0 ], [ 392038.555588805233128, 1823077.36171255656518, 621.0 ], [ 392008.333904722239822, 1823077.36171255656518, 619.0 ], [ 391978.112220639246516, 1823047.14002847368829, 621.0 ], [ 391947.89053655625321, 1823016.918344390811399, 620.0 ], [ 391917.668852473259903, 1822986.696660307934508, 620.0 ], [ 391917.668852473259903, 1822956.474976225057617, 621.0 ], [ 391917.668852473259903, 1822926.253292142180726, 621.0 ], [ 391887.447168390266597, 1822896.031608059303835, 621.0 ], [ 391887.447168390266597, 1822865.809923976426944, 619.0 ], [ 391887.447168390266597, 1822835.588239893550053, 620.0 ], [ 391887.447168390266597, 1822805.366555810673162, 621.0 ], [ 391887.447168390266597, 1822775.144871727796271, 622.0 ], [ 391857.225484307273291, 1822744.923187644919381, 622.0 ], [ 391827.003800224279985, 1822714.70150356204249, 624.0 ], [ 391796.782116141286679, 1822684.479819479165599, 625.0 ], [ 391766.560432058293372, 1822654.258135396288708, 624.0 ], [ 391736.338747975300066, 1822654.258135396288708, 624.0 ], [ 391706.11706389230676, 1822654.258135396288708, 625.0 ], [ 391706.11706389230676, 1822624.036451313411817, 626.0 ], [ 391675.895379809313454, 1822593.814767230534926, 628.0 ], [ 391645.673695726320148, 1822563.593083147658035, 628.0 ], [ 391615.452011643326841, 1822533.371399064781144, 629.0 ], [ 391585.230327560333535, 1822503.149714981904253, 630.0 ], [ 391585.230327560333535, 1822472.928030899027362, 629.0 ], [ 391585.230327560333535, 1822442.706346816150472, 628.0 ], [ 391555.008643477340229, 1822412.484662733273581, 630.0 ], [ 391524.786959394346923, 1822382.26297865039669, 632.0 ], [ 391494.565275311353616, 1822352.041294567519799, 635.0 ], [ 391464.34359122836031, 1822321.819610484642908, 636.0 ], [ 391434.121907145367004, 1822291.597926401766017, 634.0 ], [ 391403.900223062373698, 1822291.597926401766017, 633.0 ], [ 391373.678538979380392, 1822291.597926401766017, 633.0 ], [ 391343.456854896387085, 1822261.376242318889126, 634.0 ], [ 391313.235170813393779, 1822231.154558236012235, 636.0 ], [ 391283.013486730400473, 1822200.932874153135344, 636.0 ], [ 391252.791802647407167, 1822170.711190070258453, 635.0 ], [ 391222.57011856441386, 1822140.489505987381563, 636.0 ], [ 391222.57011856441386, 1822110.267821904504672, 636.0 ], [ 391192.348434481420554, 1822080.046137821627781, 637.0 ], [ 391162.126750398427248, 1822049.82445373875089, 638.0 ], [ 391131.905066315433942, 1822049.82445373875089, 639.0 ], [ 391101.683382232440636, 1822019.602769655873999, 640.0 ], [ 391071.461698149447329, 1822019.602769655873999, 640.0 ], [ 391041.240014066454023, 1821989.381085572997108, 640.0 ], [ 391011.018329983460717, 1821959.159401490120217, 640.0 ], [ 390980.796645900467411, 1821959.159401490120217, 639.0 ], [ 390950.574961817474104, 1821959.159401490120217, 640.0 ], [ 390920.353277734480798, 1821959.159401490120217, 641.0 ], [ 390890.131593651487492, 1821959.159401490120217, 643.0 ], [ 390859.909909568494186, 1821928.937717407243326, 644.0 ], [ 390829.68822548550088, 1821928.937717407243326, 645.0 ], [ 390799.466541402507573, 1821928.937717407243326, 645.0 ], [ 390769.244857319514267, 1821928.937717407243326, 646.0 ], [ 390739.023173236520961, 1821928.937717407243326, 645.0 ], [ 390708.801489153527655, 1821928.937717407243326, 644.0 ], [ 390678.579805070534348, 1821928.937717407243326, 646.0 ], [ 390648.358120987541042, 1821898.716033324366435, 650.0 ], [ 390618.136436904547736, 1821868.494349241489545, 652.0 ], [ 390587.91475282155443, 1821868.494349241489545, 651.0 ], [ 390557.693068738561124, 1821838.272665158612654, 653.0 ], [ 390557.693068738561124, 1821808.050981075735763, 654.0 ], [ 390527.471384655567817, 1821777.829296992858872, 658.0 ], [ 390497.249700572574511, 1821747.607612909981981, 659.0 ], [ 390497.249700572574511, 1821717.38592882710509, 660.0 ], [ 390467.028016489581205, 1821687.164244744228199, 662.0 ], [ 390436.806332406587899, 1821656.942560661351308, 666.0 ], [ 390406.584648323594593, 1821626.720876578474417, 668.0 ], [ 390376.362964240601286, 1821596.499192495597526, 669.0 ], [ 390376.362964240601286, 1821566.277508412720636, 670.0 ], [ 390346.14128015760798, 1821536.055824329843745, 671.0 ], [ 390346.14128015760798, 1821505.834140246966854, 670.0 ], [ 390346.14128015760798, 1821475.612456164089963, 672.0 ], [ 390346.14128015760798, 1821445.390772081213072, 674.0 ], [ 390315.919596074614674, 1821415.169087998336181, 677.0 ], [ 390285.697911991621368, 1821384.94740391545929, 680.0 ], [ 390255.476227908628061, 1821354.725719832582399, 679.0 ], [ 390225.254543825634755, 1821324.504035749705508, 680.0 ], [ 390225.254543825634755, 1821294.282351666828617, 682.0 ], [ 390195.032859742641449, 1821264.060667583951727, 684.0 ], [ 390164.811175659648143, 1821233.838983501074836, 685.0 ], [ 390134.589491576654837, 1821203.617299418197945, 688.0 ], [ 390104.36780749366153, 1821173.395615335321054, 691.0 ], [ 390074.146123410668224, 1821143.173931252444163, 690.0 ], [ 390043.924439327674918, 1821143.173931252444163, 692.0 ], [ 390013.702755244681612, 1821112.952247169567272, 695.0 ], [ 389983.481071161688305, 1821112.952247169567272, 697.0 ], [ 389953.259387078694999, 1821112.952247169567272, 699.0 ], [ 389923.037702995701693, 1821082.730563086690381, 702.0 ], [ 389892.816018912708387, 1821052.50887900381349, 705.0 ], [ 389892.816018912708387, 1821022.287194920936599, 708.0 ], [ 389862.594334829715081, 1820992.065510838059708, 711.0 ], [ 389832.372650746721774, 1820961.843826755182818, 714.0 ], [ 389802.150966663728468, 1820931.622142672305927, 718.0 ], [ 389771.929282580735162, 1820901.400458589429036, 721.0 ], [ 389741.707598497741856, 1820871.178774506552145, 723.0 ], [ 389741.707598497741856, 1820840.957090423675254, 725.0 ], [ 389711.485914414748549, 1820810.735406340798363, 729.0 ], [ 389681.264230331755243, 1820780.513722257921472, 731.0 ], [ 389681.264230331755243, 1820750.292038175044581, 733.0 ], [ 389651.042546248761937, 1820720.07035409216769, 736.0 ], [ 389620.820862165768631, 1820689.848670009290799, 738.0 ], [ 389590.599178082775325, 1820659.626985926413909, 742.0 ], [ 389590.599178082775325, 1820629.405301843537018, 748.0 ], [ 389590.599178082775325, 1820599.183617760660127, 756.0 ], [ 389590.599178082775325, 1820568.961933677783236, 761.0 ], [ 389590.599178082775325, 1820538.740249594906345, 766.0 ], [ 389620.820862165768631, 1820508.518565512029454, 770.0 ], [ 389620.820862165768631, 1820478.296881429152563, 773.0 ], [ 389620.820862165768631, 1820448.075197346275672, 778.0 ], [ 389620.820862165768631, 1820417.853513263398781, 781.0 ], [ 389620.820862165768631, 1820387.631829180521891, 785.0 ], [ 389590.599178082775325, 1820357.410145097645, 788.0 ], [ 389590.599178082775325, 1820327.188461014768109, 791.0 ], [ 389590.599178082775325, 1820296.966776931891218, 794.0 ], [ 389620.820862165768631, 1820266.745092849014327, 796.0 ], [ 389620.820862165768631, 1820236.523408766137436, 797.0 ], [ 389620.820862165768631, 1820206.301724683260545, 797.0 ], [ 389620.820862165768631, 1820176.080040600383654, 799.0 ], [ 389590.599178082775325, 1820145.858356517506763, 803.0 ], [ 389560.377493999782018, 1820115.636672434629872, 807.0 ], [ 389560.377493999782018, 1820085.414988351752982, 810.0 ], [ 389560.377493999782018, 1820055.193304268876091, 814.0 ], [ 389530.155809916788712, 1820024.9716201859992, 817.0 ], [ 389499.934125833795406, 1819994.749936103122309, 825.0 ], [ 389469.7124417508021, 1819964.528252020245418, 830.0 ], [ 389469.7124417508021, 1819934.306567937368527, 836.0 ], [ 389469.7124417508021, 1819904.084883854491636, 845.0 ], [ 389469.7124417508021, 1819873.863199771614745, 854.0 ], [ 389469.7124417508021, 1819843.641515688737854, 862.0 ], [ 389469.7124417508021, 1819813.419831605860963, 869.0 ], [ 389469.7124417508021, 1819783.198147522984073, 876.0 ], [ 389469.7124417508021, 1819752.976463440107182, 880.0 ], [ 389469.7124417508021, 1819722.754779357230291, 884.0 ], [ 389499.934125833795406, 1819692.5330952743534, 890.0 ], [ 389499.934125833795406, 1819662.311411191476509, 893.0 ], [ 389530.155809916788712, 1819632.089727108599618, 899.0 ], [ 389560.377493999782018, 1819601.868043025722727, 905.0 ], [ 389590.599178082775325, 1819571.646358942845836, 917.0 ], [ 389620.820862165768631, 1819541.424674859968945, 926.0 ], [ 389651.042546248761937, 1819541.424674859968945, 929.0 ], [ 389681.264230331755243, 1819511.202990777092054, 933.0 ], [ 389681.264230331755243, 1819480.981306694215164, 938.0 ], [ 389681.264230331755243, 1819450.759622611338273, 941.0 ], [ 389681.264230331755243, 1819420.537938528461382, 942.0 ], [ 389681.264230331755243, 1819390.316254445584491, 944.0 ], [ 389681.264230331755243, 1819360.0945703627076, 945.0 ], [ 389651.042546248761937, 1819329.872886279830709, 947.0 ], [ 389651.042546248761937, 1819299.651202196953818, 948.0 ], [ 389651.042546248761937, 1819269.429518114076927, 949.0 ], [ 389651.042546248761937, 1819239.207834031200036, 951.0 ], [ 389651.042546248761937, 1819208.986149948323146, 952.0 ], [ 389620.820862165768631, 1819208.986149948323146, 956.0 ], [ 389590.599178082775325, 1819208.986149948323146, 963.0 ], [ 389560.377493999782018, 1819208.986149948323146, 971.0 ], [ 389530.155809916788712, 1819178.764465865446255, 977.0 ], [ 389499.934125833795406, 1819178.764465865446255, 981.0 ], [ 389469.7124417508021, 1819178.764465865446255, 985.0 ], [ 389439.490757667808793, 1819208.986149948323146, 989.0 ] ] ] } },
{ "type": "Feature", "properties": { "subbasin": "S2", "name": null, "reach_len": null, "reach_rel": null, "reach_sin": null, "reach_slo": null, "len_units": null, "layer": "longest_flowpath_network", "path": "E:\\Manasi_intern\\HMS_Shp\\longest_flowpath_network.shp" }, "geometry": { "type": "MultiLineString", "coordinates": [ [ [ 412483.524870944675058, 1850110.658124778186902, 542.0 ], [ 412468.414028903178405, 1850125.768966819625348, 543.0 ], [ 412438.192344820185099, 1850155.990650902502239, 543.0 ], [ 412438.192344820185099, 1850186.21233498537913, 542.0 ], [ 412438.192344820185099, 1850216.434019068256021, 541.0 ], [ 412407.970660737191793, 1850246.655703151132911, 540.0 ], [ 412407.970660737191793, 1850276.877387234009802, 542.0 ], [ 412407.970660737191793, 1850307.099071316886693, 543.0 ], [ 412377.748976654198486, 1850337.320755399763584, 542.0 ], [ 412347.52729257120518, 1850367.542439482640475, 543.0 ], [ 412317.305608488211874, 1850397.764123565517366, 542.0 ], [ 412287.083924405218568, 1850427.985807648394257, 541.0 ], [ 412256.862240322225261, 1850458.207491731271148, 539.0 ], [ 412226.640556239231955, 1850488.429175814148039, 540.0 ], [ 412196.418872156238649, 1850518.65085989702493, 543.0 ], [ 412166.197188073245343, 1850518.65085989702493, 542.0 ], [ 412135.975503990252037, 1850518.65085989702493, 540.0 ], [ 412105.75381990725873, 1850518.65085989702493, 539.0 ], [ 412075.532135824265424, 1850518.65085989702493, 539.0 ], [ 412045.310451741272118, 1850518.65085989702493, 540.0 ], [ 412015.088767658278812, 1850518.65085989702493, 541.0 ], [ 411984.867083575285506, 1850518.65085989702493, 542.0 ], [ 411954.645399492292199, 1850518.65085989702493, 541.0 ], [ 411924.423715409298893, 1850518.65085989702493, 539.0 ], [ 411894.202031326305587, 1850518.65085989702493, 539.0 ], [ 411863.980347243312281, 1850518.65085989702493, 539.0 ], [ 411833.758663160318974, 1850518.65085989702493, 539.0 ], [ 411803.536979077325668, 1850518.65085989702493, 540.0 ], [ 411773.315294994332362, 1850518.65085989702493, 541.0 ], [ 411743.093610911339056, 1850518.65085989702493, 542.0 ], [ 411712.87192682834575, 1850518.65085989702493, 542.0 ], [ 411682.650242745352443, 1850518.65085989702493, 543.0 ], [ 411652.428558662359137, 1850518.65085989702493, 544.0 ], [ 411622.206874579365831, 1850518.65085989702493, 544.0 ], [ 411591.985190496372525, 1850518.65085989702493, 543.0 ], [ 411561.763506413379218, 1850488.429175814148039, 541.0 ], [ 411531.541822330385912, 1850488.429175814148039, 538.0 ], [ 411501.320138247392606, 1850458.207491731271148, 542.0 ], [ 411471.0984541643993, 1850427.985807648394257, 544.0 ], [ 411440.876770081405994, 1850397.764123565517366, 543.0 ], [ 411410.655085998412687, 1850367.542439482640475, 544.0 ], [ 411380.433401915419381, 1850337.320755399763584, 543.0 ], [ 411350.211717832426075, 1850307.099071316886693, 541.0 ], [ 411319.990033749432769, 1850307.099071316886693, 542.0 ], [ 411289.768349666439462, 1850307.099071316886693, 543.0 ], [ 411259.546665583446156, 1850276.877387234009802, 543.0 ], [ 411229.32498150045285, 1850246.655703151132911, 540.0 ], [ 411199.103297417459544, 1850216.434019068256021, 543.0 ], [ 411168.881613334466238, 1850186.21233498537913, 544.0 ], [ 411138.659929251472931, 1850155.990650902502239, 543.0 ], [ 411108.438245168479625, 1850155.990650902502239, 543.0 ], [ 411078.216561085486319, 1850125.768966819625348, 543.0 ], [ 411047.994877002493013, 1850095.547282736748457, 544.0 ], [ 411017.773192919499706, 1850065.325598653871566, 543.0 ], [ 410987.5515088365064, 1850065.325598653871566, 542.0 ], [ 410957.329824753513094, 1850035.103914570994675, 540.0 ], [ 410927.108140670519788, 1850004.882230488117784, 539.0 ], [ 410927.108140670519788, 1849974.660546405240893, 540.0 ], [ 410896.886456587526482, 1849944.438862322364002, 541.0 ], [ 410866.664772504533175, 1849914.217178239487112, 540.0 ], [ 410836.443088421539869, 1849883.995494156610221, 541.0 ], [ 410806.221404338546563, 1849853.77381007373333, 541.0 ], [ 410775.999720255553257, 1849823.552125990856439, 541.0 ], [ 410775.999720255553257, 1849793.330441907979548, 540.0 ], [ 410745.778036172559951, 1849763.108757825102657, 539.0 ], [ 410715.556352089566644, 1849732.887073742225766, 542.0 ], [ 410685.334668006573338, 1849732.887073742225766, 544.0 ], [ 410655.112983923580032, 1849732.887073742225766, 544.0 ], [ 410624.891299840586726, 1849732.887073742225766, 544.0 ], [ 410594.669615757593419, 1849732.887073742225766, 544.0 ], [ 410564.447931674600113, 1849732.887073742225766, 543.0 ], [ 410534.226247591606807, 1849702.665389659348875, 544.0 ], [ 410504.004563508613501, 1849672.443705576471984, 544.0 ], [ 410473.782879425620195, 1849642.222021493595093, 544.0 ], [ 410473.782879425620195, 1849612.000337410718203, 544.0 ], [ 410473.782879425620195, 1849581.778653327841312, 544.0 ], [ 410473.782879425620195, 1849551.556969244964421, 543.0 ], [ 410504.004563508613501, 1849521.33528516208753, 542.0 ], [ 410504.004563508613501, 1849491.113601079210639, 542.0 ], [ 410504.004563508613501, 1849460.891916996333748, 542.0 ], [ 410504.004563508613501, 1849430.670232913456857, 541.0 ], [ 410504.004563508613501, 1849400.448548830579966, 540.0 ], [ 410504.004563508613501, 1849370.226864747703075, 538.0 ], [ 410534.226247591606807, 1849340.005180664826185, 537.0 ], [ 410564.447931674600113, 1849309.783496581949294, 541.0 ], [ 410594.669615757593419, 1849279.561812499072403, 544.0 ], [ 410594.669615757593419, 1849249.340128416195512, 544.0 ], [ 410594.669615757593419, 1849219.118444333318621, 543.0 ], [ 410594.669615757593419, 1849188.89676025044173, 543.0 ], [ 410564.447931674600113, 1849158.675076167564839, 542.0 ], [ 410564.447931674600113, 1849128.453392084687948, 542.0 ], [ 410564.447931674600113, 1849098.231708001811057, 541.0 ], [ 410564.447931674600113, 1849068.010023918934166, 539.0 ], [ 410564.447931674600113, 1849037.788339836057276, 538.0 ], [ 410594.669615757593419, 1849007.566655753180385, 538.0 ], [ 410624.891299840586726, 1848977.344971670303494, 540.0 ], [ 410624.891299840586726, 1848947.123287587426603, 541.0 ], [ 410655.112983923580032, 1848916.901603504549712, 542.0 ], [ 410685.334668006573338, 1848886.679919421672821, 543.0 ], [ 410715.556352089566644, 1848856.45823533879593, 543.0 ], [ 410745.778036172559951, 1848826.236551255919039, 544.0 ], [ 410745.778036172559951, 1848796.014867173042148, 543.0 ], [ 410775.999720255553257, 1848765.793183090165257, 544.0 ], [ 410775.999720255553257, 1848735.571499007288367, 543.0 ], [ 410806.221404338546563, 1848705.349814924411476, 543.0 ], [ 410806.221404338546563, 1848675.128130841534585, 542.0 ], [ 410836.443088421539869, 1848644.906446758657694, 541.0 ], [ 410836.443088421539869, 1848614.684762675780803, 543.0 ], [ 410866.664772504533175, 1848584.463078592903912, 543.0 ], [ 410896.886456587526482, 1848554.241394510027021, 543.0 ], [ 410927.108140670519788, 1848524.01971042715013, 543.0 ], [ 410927.108140670519788, 1848493.798026344273239, 540.0 ], [ 410927.108140670519788, 1848463.576342261396348, 538.0 ], [ 410957.329824753513094, 1848433.354658178519458, 538.0 ], [ 410987.5515088365064, 1848403.132974095642567, 539.0 ], [ 410987.5515088365064, 1848372.911290012765676, 538.0 ], [ 410987.5515088365064, 1848342.689605929888785, 539.0 ], [ 411017.773192919499706, 1848312.467921847011894, 537.0 ], [ 411047.994877002493013, 1848282.246237764135003, 539.0 ], [ 411047.994877002493013, 1848252.024553681258112, 540.0 ], [ 411078.216561085486319, 1848221.802869598381221, 541.0 ], [ 411108.438245168479625, 1848191.58118551550433, 540.0 ], [ 411138.659929251472931, 1848161.359501432627439, 541.0 ], [ 411168.881613334466238, 1848131.137817349750549, 543.0 ], [ 411199.103297417459544, 1848100.916133266873658, 543.0 ], [ 411229.32498150045285, 1848070.694449183996767, 543.0 ], [ 411259.546665583446156, 1848040.472765101119876, 542.0 ], [ 411259.546665583446156, 1848010.251081018242985, 542.0 ], [ 411259.546665583446156, 1847980.029396935366094, 542.0 ], [ 411259.546665583446156, 1847949.807712852489203, 542.0 ], [ 411259.546665583446156, 1847919.586028769612312, 542.0 ], [ 411289.768349666439462, 1847889.364344686735421, 542.0 ], [ 411289.768349666439462, 1847859.142660603858531, 542.0 ], [ 411289.768349666439462, 1847828.92097652098164, 542.0 ], [ 411289.768349666439462, 1847798.699292438104749, 542.0 ], [ 411289.768349666439462, 1847768.477608355227858, 542.0 ], [ 411289.768349666439462, 1847738.255924272350967, 543.0 ], [ 411289.768349666439462, 1847708.034240189474076, 543.0 ], [ 411289.768349666439462, 1847677.812556106597185, 542.0 ], [ 411289.768349666439462, 1847647.590872023720294, 540.0 ], [ 411289.768349666439462, 1847617.369187940843403, 539.0 ], [ 411289.768349666439462, 1847587.147503857966512, 538.0 ], [ 411289.768349666439462, 1847556.925819775089622, 538.0 ], [ 411289.768349666439462, 1847526.704135692212731, 539.0 ], [ 411289.768349666439462, 1847496.48245160933584, 539.0 ], [ 411289.768349666439462, 1847466.260767526458949, 540.0 ], [ 411289.768349666439462, 1847436.039083443582058, 541.0 ], [ 411289.768349666439462, 1847405.817399360705167, 541.0 ], [ 411259.546665583446156, 1847375.595715277828276, 541.0 ], [ 411259.546665583446156, 1847345.374031194951385, 540.0 ], [ 411259.546665583446156, 1847315.152347112074494, 540.0 ], [ 411259.546665583446156, 1847284.930663029197603, 540.0 ], [ 411259.546665583446156, 1847254.708978946320713, 540.0 ], [ 411259.546665583446156, 1847224.487294863443822, 539.0 ], [ 411259.546665583446156, 1847194.265610780566931, 538.0 ], [ 411229.32498150045285, 1847164.04392669769004, 540.0 ], [ 411229.32498150045285, 1847133.822242614813149, 541.0 ], [ 411229.32498150045285, 1847103.600558531936258, 539.0 ], [ 411229.32498150045285, 1847073.378874449059367, 538.0 ], [ 411199.103297417459544, 1847043.157190366182476, 540.0 ], [ 411199.103297417459544, 1847012.935506283305585, 539.0 ], [ 411199.103297417459544, 1846982.713822200428694, 538.0 ], [ 411199.103297417459544, 1846952.492138117551804, 539.0 ], [ 411199.103297417459544, 1846922.270454034674913, 540.0 ], [ 411199.103297417459544, 1846892.048769951798022, 541.0 ], [ 411199.103297417459544, 1846861.827085868921131, 540.0 ], [ 411199.103297417459544, 1846831.60540178604424, 540.0 ], [ 411199.103297417459544, 1846801.383717703167349, 541.0 ], [ 411199.103297417459544, 1846771.162033620290458, 542.0 ], [ 411168.881613334466238, 1846740.940349537413567, 542.0 ], [ 411168.881613334466238, 1846710.718665454536676, 540.0 ], [ 411168.881613334466238, 1846680.496981371659786, 540.0 ], [ 411199.103297417459544, 1846650.275297288782895, 538.0 ], [ 411229.32498150045285, 1846620.053613205906004, 539.0 ], [ 411259.546665583446156, 1846589.831929123029113, 540.0 ], [ 411259.546665583446156, 1846559.610245040152222, 540.0 ], [ 411259.546665583446156, 1846529.388560957275331, 541.0 ], [ 411259.546665583446156, 1846499.16687687439844, 540.0 ], [ 411229.32498150045285, 1846468.945192791521549, 538.0 ], [ 411199.103297417459544, 1846438.723508708644658, 539.0 ], [ 411168.881613334466238, 1846408.501824625767767, 541.0 ], [ 411168.881613334466238, 1846378.280140542890877, 540.0 ], [ 411168.881613334466238, 1846348.058456460013986, 541.0 ], [ 411168.881613334466238, 1846317.836772377137095, 543.0 ], [ 411138.659929251472931, 1846287.615088294260204, 542.0 ], [ 411108.438245168479625, 1846257.393404211383313, 543.0 ], [ 411108.438245168479625, 1846227.171720128506422, 542.0 ], [ 411108.438245168479625, 1846196.950036045629531, 541.0 ], [ 411108.438245168479625, 1846166.72835196275264, 541.0 ], [ 411108.438245168479625, 1846136.506667879875749, 541.0 ], [ 411108.438245168479625, 1846106.284983796998858, 542.0 ], [ 411108.438245168479625, 1846076.063299714121968, 543.0 ], [ 411108.438245168479625, 1846045.841615631245077, 542.0 ], [ 411108.438245168479625, 1846015.619931548368186, 541.0 ], [ 411108.438245168479625, 1845985.398247465491295, 540.0 ], [ 411108.438245168479625, 1845955.176563382614404, 540.0 ], [ 411108.438245168479625, 1845924.954879299737513, 540.0 ], [ 411108.438245168479625, 1845894.733195216860622, 541.0 ], [ 411108.438245168479625, 1845864.511511133983731, 541.0 ], [ 411078.216561085486319, 1845834.28982705110684, 540.0 ], [ 411078.216561085486319, 1845804.068142968229949, 540.0 ], [ 411078.216561085486319, 1845773.846458885353059, 539.0 ], [ 411078.216561085486319, 1845743.624774802476168, 537.0 ], [ 411047.994877002493013, 1845713.403090719599277, 537.0 ], [ 411017.773192919499706, 1845683.181406636722386, 540.0 ], [ 411017.773192919499706, 1845652.959722553845495, 540.0 ], [ 411017.773192919499706, 1845622.738038470968604, 539.0 ], [ 411017.773192919499706, 1845592.516354388091713, 539.0 ], [ 411017.773192919499706, 1845562.294670305214822, 538.0 ], [ 411017.773192919499706, 1845532.072986222337931, 538.0 ], [ 410987.5515088365064, 1845501.85130213946104, 539.0 ], [ 410987.5515088365064, 1845471.62961805658415, 540.0 ], [ 410957.329824753513094, 1845441.407933973707259, 539.0 ], [ 410927.108140670519788, 1845441.407933973707259, 540.0 ], [ 410927.108140670519788, 1845411.186249890830368, 540.0 ], [ 410927.108140670519788, 1845380.964565807953477, 539.0 ], [ 410896.886456587526482, 1845350.742881725076586, 541.0 ], [ 410896.886456587526482, 1845320.521197642199695, 541.0 ], [ 410896.886456587526482, 1845290.299513559322804, 541.0 ], [ 410896.886456587526482, 1845260.077829476445913, 540.0 ], [ 410896.886456587526482, 1845229.856145393569022, 540.0 ], [ 410896.886456587526482, 1845199.634461310692132, 540.0 ], [ 410866.664772504533175, 1845169.412777227815241, 540.0 ], [ 410836.443088421539869, 1845139.19109314493835, 538.0 ], [ 410836.443088421539869, 1845108.969409062061459, 539.0 ], [ 410806.221404338546563, 1845078.747724979184568, 539.0 ], [ 410775.999720255553257, 1845048.526040896307677, 539.0 ], [ 410775.999720255553257, 1845018.304356813430786, 538.0 ], [ 410775.999720255553257, 1844988.082672730553895, 537.0 ], [ 410775.999720255553257, 1844957.860988647677004, 539.0 ], [ 410745.778036172559951, 1844927.639304564800113, 540.0 ], [ 410745.778036172559951, 1844897.417620481923223, 540.0 ], [ 410715.556352089566644, 1844867.195936399046332, 540.0 ], [ 410715.556352089566644, 1844836.974252316169441, 541.0 ], [ 410715.556352089566644, 1844806.75256823329255, 538.0 ], [ 410685.334668006573338, 1844776.530884150415659, 538.0 ], [ 410655.112983923580032, 1844746.309200067538768, 540.0 ], [ 410624.891299840586726, 1844716.087515984661877, 540.0 ], [ 410624.891299840586726, 1844685.865831901784986, 536.0 ], [ 410624.891299840586726, 1844655.644147818908095, 536.0 ], [ 410594.669615757593419, 1844625.422463736031204, 536.0 ], [ 410594.669615757593419, 1844595.200779653154314, 537.0 ], [ 410564.447931674600113, 1844595.200779653154314, 538.0 ], [ 410534.226247591606807, 1844564.979095570277423, 540.0 ], [ 410504.004563508613501, 1844534.757411487400532, 541.0 ], [ 410473.782879425620195, 1844504.535727404523641, 541.0 ], [ 410443.561195342626888, 1844474.31404332164675, 540.0 ], [ 410413.339511259633582, 1844474.31404332164675, 541.0 ], [ 410413.339511259633582, 1844444.092359238769859, 540.0 ], [ 410413.339511259633582, 1844413.870675155892968, 539.0 ], [ 410413.339511259633582, 1844383.648991073016077, 539.0 ], [ 410413.339511259633582, 1844353.427306990139186, 539.0 ], [ 410413.339511259633582, 1844323.205622907262295, 536.0 ], [ 410383.117827176640276, 1844292.983938824385405, 535.0 ], [ 410383.117827176640276, 1844262.762254741508514, 539.0 ], [ 410383.117827176640276, 1844232.540570658631623, 542.0 ], [ 410413.339511259633582, 1844202.318886575754732, 543.0 ], [ 410443.561195342626888, 1844172.097202492877841, 544.0 ], [ 410443.561195342626888, 1844141.87551841000095, 544.0 ], [ 410443.561195342626888, 1844111.653834327124059, 544.0 ], [ 410413.339511259633582, 1844081.432150244247168, 545.0 ], [ 410383.117827176640276, 1844051.210466161370277, 545.0 ], [ 410352.89614309364697, 1844020.988782078493387, 543.0 ], [ 410322.674459010653663, 1843990.767097995616496, 543.0 ], [ 410292.452774927660357, 1843990.767097995616496, 545.0 ], [ 410262.231090844667051, 1843990.767097995616496, 545.0 ], [ 410232.009406761673745, 1843990.767097995616496, 545.0 ], [ 410201.787722678680439, 1843990.767097995616496, 545.0 ], [ 410171.566038595687132, 1843990.767097995616496, 545.0 ], [ 410141.344354512693826, 1843990.767097995616496, 544.0 ], [ 410111.12267042970052, 1843990.767097995616496, 544.0 ], [ 410080.900986346707214, 1843960.545413912739605, 544.0 ], [ 410050.679302263713907, 1843930.323729829862714, 541.0 ], [ 410020.457618180720601, 1843930.323729829862714, 540.0 ], [ 409990.235934097727295, 1843930.323729829862714, 541.0 ], [ 409960.014250014733989, 1843930.323729829862714, 540.0 ], [ 409929.792565931740683, 1843930.323729829862714, 540.0 ], [ 409899.570881848747376, 1843930.323729829862714, 540.0 ], [ 409869.34919776575407, 1843930.323729829862714, 541.0 ], [ 409839.127513682760764, 1843900.102045746985823, 539.0 ], [ 409808.905829599767458, 1843869.880361664108932, 540.0 ], [ 409778.684145516774151, 1843869.880361664108932, 540.0 ], [ 409748.462461433780845, 1843869.880361664108932, 542.0 ], [ 409718.240777350787539, 1843839.658677581232041, 541.0 ], [ 409688.019093267794233, 1843809.43699349835515, 542.0 ], [ 409657.797409184800927, 1843779.215309415478259, 542.0 ], [ 409627.57572510180762, 1843779.215309415478259, 540.0 ], [ 409597.354041018814314, 1843748.993625332601368, 539.0 ], [ 409567.132356935821008, 1843748.993625332601368, 539.0 ], [ 409536.910672852827702, 1843748.993625332601368, 541.0 ], [ 409506.688988769834395, 1843748.993625332601368, 544.0 ], [ 409476.467304686841089, 1843748.993625332601368, 544.0 ], [ 409446.245620603847783, 1843748.993625332601368, 543.0 ], [ 409416.023936520854477, 1843748.993625332601368, 542.0 ], [ 409385.802252437861171, 1843718.771941249724478, 542.0 ], [ 409355.580568354867864, 1843718.771941249724478, 544.0 ], [ 409325.358884271874558, 1843718.771941249724478, 545.0 ], [ 409295.137200188881252, 1843718.771941249724478, 545.0 ], [ 409264.915516105887946, 1843718.771941249724478, 545.0 ], [ 409234.69383202289464, 1843688.550257166847587, 545.0 ], [ 409204.472147939901333, 1843658.328573083970696, 544.0 ], [ 409174.250463856908027, 1843628.106889001093805, 544.0 ], [ 409144.028779773914721, 1843597.885204918216914, 543.0 ], [ 409113.807095690921415, 1843597.885204918216914, 543.0 ], [ 409083.585411607928108, 1843597.885204918216914, 544.0 ], [ 409053.363727524934802, 1843567.663520835340023, 545.0 ], [ 409023.142043441941496, 1843567.663520835340023, 544.0 ], [ 408992.92035935894819, 1843567.663520835340023, 544.0 ], [ 408962.698675275954884, 1843567.663520835340023, 543.0 ], [ 408932.476991192961577, 1843567.663520835340023, 541.0 ], [ 408902.255307109968271, 1843567.663520835340023, 539.0 ], [ 408872.033623026974965, 1843567.663520835340023, 539.0 ], [ 408841.811938943981659, 1843567.663520835340023, 541.0 ], [ 408811.590254860988352, 1843537.441836752463132, 544.0 ], [ 408781.368570777995046, 1843537.441836752463132, 545.0 ], [ 408751.14688669500174, 1843507.220152669586241, 545.0 ], [ 408720.925202612008434, 1843507.220152669586241, 544.0 ], [ 408690.703518529015128, 1843507.220152669586241, 544.0 ], [ 408660.481834446021821, 1843507.220152669586241, 544.0 ], [ 408630.260150363028515, 1843507.220152669586241, 543.0 ], [ 408600.038466280035209, 1843507.220152669586241, 543.0 ], [ 408569.816782197041903, 1843507.220152669586241, 542.0 ], [ 408539.595098114048596, 1843507.220152669586241, 541.0 ], [ 408509.37341403105529, 1843507.220152669586241, 539.0 ], [ 408479.151729948061984, 1843507.220152669586241, 540.0 ], [ 408448.930045865068678, 1843507.220152669586241, 540.0 ], [ 408418.708361782075372, 1843507.220152669586241, 540.0 ], [ 408388.486677699082065, 1843507.220152669586241, 541.0 ], [ 408358.264993616088759, 1843476.99846858670935, 544.0 ], [ 408328.043309533095453, 1843446.776784503832459, 543.0 ], [ 408297.821625450102147, 1843446.776784503832459, 542.0 ], [ 408267.59994136710884, 1843446.776784503832459, 542.0 ], [ 408237.378257284115534, 1843416.555100420955569, 543.0 ], [ 408207.156573201122228, 1843386.333416338078678, 543.0 ], [ 408176.934889118128922, 1843356.111732255201787, 542.0 ], [ 408146.713205035135616, 1843356.111732255201787, 542.0 ], [ 408116.491520952142309, 1843356.111732255201787, 542.0 ], [ 408086.269836869149003, 1843356.111732255201787, 542.0 ], [ 408056.048152786155697, 1843356.111732255201787, 541.0 ], [ 408025.826468703162391, 1843325.890048172324896, 542.0 ], [ 407995.604784620169085, 1843295.668364089448005, 544.0 ], [ 407965.383100537175778, 1843265.446680006571114, 545.0 ], [ 407935.161416454182472, 1843235.224995923694223, 544.0 ], [ 407904.939732371189166, 1843205.003311840817332, 545.0 ], [ 407874.71804828819586, 1843174.781627757940441, 542.0 ], [ 407844.496364205202553, 1843144.55994367506355, 538.0 ], [ 407814.274680122209247, 1843144.55994367506355, 538.0 ], [ 407784.052996039215941, 1843114.33825959218666, 540.0 ], [ 407753.831311956222635, 1843084.116575509309769, 543.0 ], [ 407723.609627873229329, 1843053.894891426432878, 542.0 ], [ 407693.387943790236022, 1843023.673207343555987, 539.0 ], [ 407663.166259707242716, 1842993.451523260679096, 540.0 ], [ 407632.94457562424941, 1842993.451523260679096, 540.0 ], [ 407602.722891541256104, 1842993.451523260679096, 541.0 ], [ 407572.501207458262797, 1842993.451523260679096, 542.0 ], [ 407542.279523375269491, 1842963.229839177802205, 542.0 ], [ 407512.057839292276185, 1842963.229839177802205, 542.0 ], [ 407481.836155209282879, 1842933.008155094925314, 540.0 ], [ 407451.614471126289573, 1842933.008155094925314, 540.0 ], [ 407421.392787043296266, 1842933.008155094925314, 541.0 ], [ 407391.17110296030296, 1842902.786471012048423, 541.0 ], [ 407360.949418877309654, 1842872.564786929171532, 540.0 ], [ 407330.727734794316348, 1842842.343102846294641, 541.0 ], [ 407300.506050711323041, 1842812.121418763417751, 543.0 ], [ 407270.284366628329735, 1842781.89973468054086, 544.0 ], [ 407240.062682545336429, 1842781.89973468054086, 544.0 ], [ 407209.840998462343123, 1842751.678050597663969, 543.0 ], [ 407179.619314379349817, 1842751.678050597663969, 543.0 ], [ 407149.39763029635651, 1842751.678050597663969, 542.0 ], [ 407119.175946213363204, 1842751.678050597663969, 541.0 ], [ 407088.954262130369898, 1842721.456366514787078, 540.0 ], [ 407058.732578047376592, 1842721.456366514787078, 542.0 ], [ 407028.510893964383285, 1842721.456366514787078, 543.0 ], [ 406998.289209881389979, 1842721.456366514787078, 542.0 ], [ 406968.067525798396673, 1842721.456366514787078, 540.0 ], [ 406937.845841715403367, 1842751.678050597663969, 543.0 ], [ 406907.624157632410061, 1842751.678050597663969, 543.0 ], [ 406877.402473549416754, 1842751.678050597663969, 543.0 ], [ 406847.180789466423448, 1842721.456366514787078, 545.0 ], [ 406816.959105383430142, 1842691.234682431910187, 544.0 ], [ 406786.737421300436836, 1842691.234682431910187, 543.0 ], [ 406756.51573721744353, 1842661.012998349033296, 542.0 ], [ 406726.294053134450223, 1842630.791314266156405, 543.0 ], [ 406696.072369051456917, 1842630.791314266156405, 543.0 ], [ 406665.850684968463611, 1842600.569630183279514, 542.0 ], [ 406635.629000885470305, 1842600.569630183279514, 542.0 ], [ 406605.407316802476998, 1842570.347946100402623, 545.0 ], [ 406575.185632719483692, 1842540.126262017525733, 545.0 ], [ 406544.963948636490386, 1842540.126262017525733, 544.0 ], [ 406514.74226455349708, 1842540.126262017525733, 545.0 ], [ 406484.520580470503774, 1842540.126262017525733, 544.0 ], [ 406454.298896387510467, 1842540.126262017525733, 543.0 ], [ 406424.077212304517161, 1842540.126262017525733, 542.0 ], [ 406393.855528221523855, 1842509.904577934648842, 544.0 ], [ 406363.633844138530549, 1842509.904577934648842, 545.0 ], [ 406333.412160055537242, 1842479.682893851771951, 543.0 ], [ 406303.190475972543936, 1842479.682893851771951, 543.0 ], [ 406272.96879188955063, 1842449.46120976889506, 544.0 ], [ 406242.747107806557324, 1842419.239525686018169, 545.0 ], [ 406212.525423723564018, 1842389.017841603141278, 544.0 ], [ 406182.303739640570711, 1842358.796157520264387, 541.0 ], [ 406152.082055557577405, 1842328.574473437387496, 541.0 ], [ 406121.860371474584099, 1842298.352789354510605, 543.0 ], [ 406091.638687391590793, 1842298.352789354510605, 544.0 ], [ 406061.417003308597486, 1842328.574473437387496, 543.0 ], [ 406031.19531922560418, 1842328.574473437387496, 542.0 ], [ 406000.973635142610874, 1842328.574473437387496, 543.0 ], [ 405970.751951059617568, 1842328.574473437387496, 543.0 ], [ 405940.530266976624262, 1842328.574473437387496, 543.0 ], [ 405910.308582893630955, 1842328.574473437387496, 543.0 ], [ 405880.086898810637649, 1842358.796157520264387, 543.0 ], [ 405849.865214727644343, 1842358.796157520264387, 543.0 ], [ 405819.643530644651037, 1842358.796157520264387, 544.0 ], [ 405789.42184656165773, 1842389.017841603141278, 544.0 ], [ 405759.200162478664424, 1842419.239525686018169, 544.0 ], [ 405728.978478395671118, 1842419.239525686018169, 542.0 ], [ 405698.756794312677812, 1842449.46120976889506, 543.0 ], [ 405698.756794312677812, 1842479.682893851771951, 544.0 ], [ 405668.535110229684506, 1842479.682893851771951, 545.0 ], [ 405638.313426146691199, 1842509.904577934648842, 545.0 ], [ 405608.091742063697893, 1842509.904577934648842, 545.0 ], [ 405577.870057980704587, 1842509.904577934648842, 545.0 ], [ 405547.648373897711281, 1842509.904577934648842, 544.0 ], [ 405517.426689814717975, 1842540.126262017525733, 545.0 ], [ 405487.205005731724668, 1842570.347946100402623, 544.0 ], [ 405456.983321648731362, 1842570.347946100402623, 544.0 ], [ 405426.761637565738056, 1842570.347946100402623, 544.0 ], [ 405396.53995348274475, 1842570.347946100402623, 543.0 ], [ 405366.318269399751443, 1842600.569630183279514, 542.0 ], [ 405336.096585316758137, 1842630.791314266156405, 543.0 ], [ 405305.874901233764831, 1842630.791314266156405, 543.0 ], [ 405275.653217150771525, 1842661.012998349033296, 543.0 ], [ 405245.431533067778219, 1842691.234682431910187, 545.0 ], [ 405215.209848984784912, 1842721.456366514787078, 545.0 ], [ 405184.988164901791606, 1842721.456366514787078, 544.0 ], [ 405154.7664808187983, 1842721.456366514787078, 542.0 ], [ 405124.544796735804994, 1842751.678050597663969, 542.0 ], [ 405094.323112652811687, 1842781.89973468054086, 542.0 ], [ 405064.101428569818381, 1842812.121418763417751, 543.0 ], [ 405033.879744486825075, 1842842.343102846294641, 542.0 ], [ 405003.658060403831769, 1842842.343102846294641, 542.0 ], [ 404973.436376320838463, 1842872.564786929171532, 544.0 ], [ 404943.214692237845156, 1842872.564786929171532, 544.0 ], [ 404912.99300815485185, 1842902.786471012048423, 545.0 ], [ 404882.771324071858544, 1842933.008155094925314, 545.0 ], [ 404852.549639988865238, 1842963.229839177802205, 545.0 ], [ 404852.549639988865238, 1842993.451523260679096, 544.0 ], [ 404852.549639988865238, 1843023.673207343555987, 543.0 ], [ 404852.549639988865238, 1843053.894891426432878, 540.0 ], [ 404822.327955905871931, 1843053.894891426432878, 543.0 ], [ 404792.106271822878625, 1843084.116575509309769, 544.0 ], [ 404761.884587739885319, 1843114.33825959218666, 545.0 ], [ 404761.884587739885319, 1843144.55994367506355, 544.0 ], [ 404761.884587739885319, 1843174.781627757940441, 544.0 ], [ 404761.884587739885319, 1843205.003311840817332, 543.0 ], [ 404731.662903656892013, 1843235.224995923694223, 544.0 ], [ 404701.441219573898707, 1843265.446680006571114, 545.0 ], [ 404671.2195354909054, 1843295.668364089448005, 545.0 ], [ 404671.2195354909054, 1843325.890048172324896, 545.0 ], [ 404671.2195354909054, 1843356.111732255201787, 545.0 ], [ 404671.2195354909054, 1843386.333416338078678, 545.0 ], [ 404671.2195354909054, 1843416.555100420955569, 544.0 ], [ 404671.2195354909054, 1843446.776784503832459, 542.0 ], [ 404671.2195354909054, 1843476.99846858670935, 541.0 ], [ 404671.2195354909054, 1843507.220152669586241, 542.0 ], [ 404671.2195354909054, 1843537.441836752463132, 543.0 ], [ 404640.997851407912094, 1843567.663520835340023, 542.0 ], [ 404610.776167324918788, 1843597.885204918216914, 545.0 ], [ 404580.554483241925482, 1843628.106889001093805, 545.0 ], [ 404580.554483241925482, 1843658.328573083970696, 545.0 ], [ 404580.554483241925482, 1843688.550257166847587, 545.0 ], [ 404580.554483241925482, 1843718.771941249724478, 545.0 ], [ 404550.332799158932175, 1843748.993625332601368, 546.0 ], [ 404520.111115075938869, 1843779.215309415478259, 546.0 ], [ 404520.111115075938869, 1843809.43699349835515, 545.0 ], [ 404520.111115075938869, 1843839.658677581232041, 543.0 ], [ 404520.111115075938869, 1843869.880361664108932, 543.0 ], [ 404489.889430992945563, 1843900.102045746985823, 545.0 ], [ 404489.889430992945563, 1843930.323729829862714, 546.0 ], [ 404520.111115075938869, 1843960.545413912739605, 546.0 ], [ 404550.332799158932175, 1843990.767097995616496, 546.0 ], [ 404580.554483241925482, 1844020.988782078493387, 546.0 ], [ 404610.776167324918788, 1844051.210466161370277, 546.0 ], [ 404640.997851407912094, 1844081.432150244247168, 546.0 ], [ 404671.2195354909054, 1844111.653834327124059, 546.0 ], [ 404701.441219573898707, 1844141.87551841000095, 545.0 ], [ 404701.441219573898707, 1844172.097202492877841, 543.0 ], [ 404731.662903656892013, 1844202.318886575754732, 545.0 ], [ 404761.884587739885319, 1844232.540570658631623, 544.0 ], [ 404792.106271822878625, 1844232.540570658631623, 541.0 ], [ 404822.327955905871931, 1844262.762254741508514, 541.0 ], [ 404852.549639988865238, 1844292.983938824385405, 544.0 ], [ 404882.771324071858544, 1844323.205622907262295, 545.0 ], [ 404912.99300815485185, 1844353.427306990139186, 545.0 ], [ 404943.214692237845156, 1844383.648991073016077, 545.0 ], [ 404973.436376320838463, 1844413.870675155892968, 543.0 ], [ 405003.658060403831769, 1844444.092359238769859, 543.0 ], [ 405003.658060403831769, 1844474.31404332164675, 543.0 ], [ 405003.658060403831769, 1844504.535727404523641, 544.0 ], [ 405033.879744486825075, 1844534.757411487400532, 543.0 ], [ 405033.879744486825075, 1844564.979095570277423, 545.0 ], [ 405033.879744486825075, 1844595.200779653154314, 546.0 ], [ 405033.879744486825075, 1844625.422463736031204, 546.0 ], [ 405033.879744486825075, 1844655.644147818908095, 545.0 ], [ 405064.101428569818381, 1844685.865831901784986, 544.0 ], [ 405064.101428569818381, 1844716.087515984661877, 542.0 ], [ 405064.101428569818381, 1844746.309200067538768, 542.0 ], [ 405064.101428569818381, 1844776.530884150415659, 541.0 ], [ 405064.101428569818381, 1844806.75256823329255, 541.0 ], [ 405094.323112652811687, 1844836.974252316169441, 541.0 ], [ 405124.544796735804994, 1844867.195936399046332, 542.0 ], [ 405124.544796735804994, 1844897.417620481923223, 544.0 ], [ 405094.323112652811687, 1844927.639304564800113, 544.0 ], [ 405094.323112652811687, 1844957.860988647677004, 544.0 ], [ 405124.544796735804994, 1844988.082672730553895, 546.0 ], [ 405154.7664808187983, 1845018.304356813430786, 547.0 ], [ 405184.988164901791606, 1845048.526040896307677, 545.0 ], [ 405184.988164901791606, 1845078.747724979184568, 543.0 ], [ 405184.988164901791606, 1845108.969409062061459, 544.0 ], [ 405184.988164901791606, 1845139.19109314493835, 546.0 ], [ 405184.988164901791606, 1845169.412777227815241, 545.0 ], [ 405184.988164901791606, 1845199.634461310692132, 545.0 ], [ 405184.988164901791606, 1845229.856145393569022, 544.0 ], [ 405184.988164901791606, 1845260.077829476445913, 543.0 ], [ 405184.988164901791606, 1845290.299513559322804, 542.0 ], [ 405184.988164901791606, 1845320.521197642199695, 541.0 ], [ 405184.988164901791606, 1845350.742881725076586, 540.0 ], [ 405184.988164901791606, 1845380.964565807953477, 541.0 ], [ 405154.7664808187983, 1845411.186249890830368, 541.0 ], [ 405154.7664808187983, 1845441.407933973707259, 543.0 ], [ 405154.7664808187983, 1845471.62961805658415, 544.0 ], [ 405124.544796735804994, 1845501.85130213946104, 546.0 ], [ 405094.323112652811687, 1845532.072986222337931, 547.0 ], [ 405064.101428569818381, 1845562.294670305214822, 547.0 ], [ 405033.879744486825075, 1845592.516354388091713, 546.0 ], [ 405003.658060403831769, 1845622.738038470968604, 544.0 ], [ 404973.436376320838463, 1845652.959722553845495, 546.0 ], [ 404943.214692237845156, 1845652.959722553845495, 547.0 ], [ 404912.99300815485185, 1845652.959722553845495, 548.0 ], [ 404882.771324071858544, 1845652.959722553845495, 547.0 ], [ 404852.549639988865238, 1845652.959722553845495, 546.0 ], [ 404822.327955905871931, 1845652.959722553845495, 546.0 ], [ 404792.106271822878625, 1845652.959722553845495, 546.0 ], [ 404761.884587739885319, 1845652.959722553845495, 546.0 ], [ 404731.662903656892013, 1845683.181406636722386, 546.0 ], [ 404701.441219573898707, 1845683.181406636722386, 545.0 ], [ 404671.2195354909054, 1845683.181406636722386, 545.0 ], [ 404640.997851407912094, 1845683.181406636722386, 545.0 ], [ 404610.776167324918788, 1845683.181406636722386, 544.0 ], [ 404580.554483241925482, 1845683.181406636722386, 542.0 ], [ 404550.332799158932175, 1845683.181406636722386, 541.0 ], [ 404520.111115075938869, 1845683.181406636722386, 542.0 ], [ 404489.889430992945563, 1845713.403090719599277, 543.0 ], [ 404459.667746909952257, 1845743.624774802476168, 542.0 ], [ 404429.446062826958951, 1845743.624774802476168, 542.0 ], [ 404399.224378743965644, 1845743.624774802476168, 543.0 ], [ 404369.002694660972338, 1845743.624774802476168, 543.0 ], [ 404338.781010577979032, 1845773.846458885353059, 543.0 ], [ 404308.559326494985726, 1845773.846458885353059, 542.0 ], [ 404278.33764241199242, 1845773.846458885353059, 540.0 ], [ 404248.115958328999113, 1845773.846458885353059, 541.0 ], [ 404217.894274246005807, 1845773.846458885353059, 543.0 ], [ 404187.672590163012501, 1845773.846458885353059, 544.0 ], [ 404157.450906080019195, 1845743.624774802476168, 545.0 ], [ 404127.229221997025888, 1845743.624774802476168, 545.0 ], [ 404097.007537914032582, 1845743.624774802476168, 546.0 ], [ 404066.785853831039276, 1845743.624774802476168, 546.0 ], [ 404036.56416974804597, 1845743.624774802476168, 547.0 ], [ 404006.342485665052664, 1845713.403090719599277, 547.0 ], [ 403976.120801582059357, 1845713.403090719599277, 548.0 ], [ 403945.899117499066051, 1845683.181406636722386, 547.0 ], [ 403915.677433416072745, 1845683.181406636722386, 547.0 ], [ 403885.455749333079439, 1845652.959722553845495, 544.0 ], [ 403855.234065250086132, 1845652.959722553845495, 544.0 ], [ 403825.012381167092826, 1845652.959722553845495, 544.0 ], [ 403794.79069708409952, 1845652.959722553845495, 543.0 ], [ 403764.569013001106214, 1845652.959722553845495, 543.0 ], [ 403734.347328918112908, 1845652.959722553845495, 544.0 ], [ 403704.125644835119601, 1845652.959722553845495, 545.0 ], [ 403673.903960752126295, 1845683.181406636722386, 545.0 ], [ 403643.682276669132989, 1845713.403090719599277, 545.0 ], [ 403613.460592586139683, 1845743.624774802476168, 546.0 ], [ 403583.238908503146376, 1845743.624774802476168, 546.0 ], [ 403553.01722442015307, 1845773.846458885353059, 546.0 ], [ 403522.795540337159764, 1845804.068142968229949, 545.0 ], [ 403492.573856254166458, 1845834.28982705110684, 544.0 ], [ 403462.352172171173152, 1845834.28982705110684, 543.0 ], [ 403432.130488088179845, 1845834.28982705110684, 542.0 ], [ 403401.908804005186539, 1845864.511511133983731, 540.0 ], [ 403371.687119922193233, 1845894.733195216860622, 543.0 ], [ 403341.465435839199927, 1845924.954879299737513, 546.0 ], [ 403311.24375175620662, 1845955.176563382614404, 548.0 ], [ 403281.022067673213314, 1845985.398247465491295, 548.0 ], [ 403250.800383590220008, 1846015.619931548368186, 547.0 ], [ 403220.578699507226702, 1846045.841615631245077, 547.0 ], [ 403190.357015424233396, 1846045.841615631245077, 548.0 ], [ 403160.135331341240089, 1846045.841615631245077, 547.0 ], [ 403129.913647258246783, 1846015.619931548368186, 548.0 ], [ 403099.691963175253477, 1845985.398247465491295, 547.0 ], [ 403069.470279092260171, 1845985.398247465491295, 548.0 ], [ 403039.248595009266865, 1845955.176563382614404, 547.0 ], [ 403009.026910926273558, 1845955.176563382614404, 547.0 ], [ 402978.805226843280252, 1845924.954879299737513, 545.0 ], [ 402948.583542760286946, 1845924.954879299737513, 544.0 ], [ 402918.36185867729364, 1845924.954879299737513, 545.0 ], [ 402888.140174594300333, 1845894.733195216860622, 546.0 ], [ 402857.918490511307027, 1845894.733195216860622, 547.0 ], [ 402827.696806428313721, 1845894.733195216860622, 547.0 ], [ 402797.475122345320415, 1845894.733195216860622, 546.0 ], [ 402767.253438262327109, 1845894.733195216860622, 545.0 ], [ 402737.031754179333802, 1845894.733195216860622, 544.0 ], [ 402706.810070096340496, 1845894.733195216860622, 545.0 ], [ 402676.58838601334719, 1845894.733195216860622, 546.0 ], [ 402646.366701930353884, 1845894.733195216860622, 546.0 ], [ 402616.145017847360577, 1845864.511511133983731, 543.0 ], [ 402585.923333764367271, 1845864.511511133983731, 543.0 ], [ 402555.701649681373965, 1845864.511511133983731, 544.0 ], [ 402525.479965598380659, 1845834.28982705110684, 547.0 ], [ 402495.258281515387353, 1845834.28982705110684, 547.0 ], [ 402465.036597432394046, 1845834.28982705110684, 546.0 ], [ 402434.81491334940074, 1845834.28982705110684, 545.0 ], [ 402404.593229266407434, 1845834.28982705110684, 546.0 ], [ 402374.371545183414128, 1845834.28982705110684, 546.0 ], [ 402344.149861100420821, 1845834.28982705110684, 546.0 ], [ 402313.928177017427515, 1845834.28982705110684, 545.0 ], [ 402283.706492934434209, 1845834.28982705110684, 545.0 ], [ 402253.484808851440903, 1845834.28982705110684, 546.0 ], [ 402223.263124768447597, 1845834.28982705110684, 547.0 ], [ 402193.04144068545429, 1845834.28982705110684, 547.0 ], [ 402162.819756602460984, 1845834.28982705110684, 547.0 ], [ 402132.598072519467678, 1845834.28982705110684, 546.0 ], [ 402102.376388436474372, 1845834.28982705110684, 545.0 ], [ 402072.154704353481065, 1845834.28982705110684, 544.0 ], [ 402041.933020270487759, 1845864.511511133983731, 543.0 ], [ 402011.711336187494453, 1845894.733195216860622, 544.0 ], [ 401981.489652104501147, 1845924.954879299737513, 547.0 ], [ 401951.267968021507841, 1845924.954879299737513, 547.0 ], [ 401921.046283938514534, 1845924.954879299737513, 546.0 ], [ 401890.824599855521228, 1845924.954879299737513, 546.0 ], [ 401860.602915772527922, 1845924.954879299737513, 547.0 ], [ 401830.381231689534616, 1845894.733195216860622, 547.0 ], [ 401800.15954760654131, 1845864.511511133983731, 548.0 ], [ 401769.937863523548003, 1845894.733195216860622, 547.0 ], [ 401739.716179440554697, 1845924.954879299737513, 547.0 ], [ 401709.494495357561391, 1845955.176563382614404, 547.0 ], [ 401679.272811274568085, 1845985.398247465491295, 548.0 ], [ 401649.051127191574778, 1845985.398247465491295, 548.0 ], [ 401618.829443108581472, 1845985.398247465491295, 548.0 ], [ 401588.607759025588166, 1846015.619931548368186, 548.0 ], [ 401558.38607494259486, 1846045.841615631245077, 546.0 ], [ 401528.164390859601554, 1846045.841615631245077, 546.0 ], [ 401497.942706776608247, 1846045.841615631245077, 547.0 ], [ 401467.721022693614941, 1846045.841615631245077, 547.0 ], [ 401437.499338610621635, 1846045.841615631245077, 547.0 ], [ 401407.277654527628329, 1846045.841615631245077, 548.0 ], [ 401377.055970444635022, 1846045.841615631245077, 548.0 ], [ 401346.834286361641716, 1846045.841615631245077, 547.0 ], [ 401316.61260227864841, 1846076.063299714121968, 548.0 ], [ 401286.390918195655104, 1846106.284983796998858, 548.0 ], [ 401256.169234112661798, 1846136.506667879875749, 548.0 ], [ 401225.947550029668491, 1846136.506667879875749, 547.0 ], [ 401195.725865946675185, 1846106.284983796998858, 546.0 ], [ 401165.504181863681879, 1846076.063299714121968, 547.0 ], [ 401135.282497780688573, 1846076.063299714121968, 547.0 ], [ 401105.060813697695266, 1846076.063299714121968, 547.0 ], [ 401074.83912961470196, 1846045.841615631245077, 545.0 ], [ 401044.617445531708654, 1846015.619931548368186, 543.0 ], [ 401014.395761448715348, 1846015.619931548368186, 542.0 ], [ 400984.174077365722042, 1846015.619931548368186, 542.0 ], [ 400953.952393282728735, 1846015.619931548368186, 544.0 ], [ 400923.730709199735429, 1846015.619931548368186, 546.0 ], [ 400893.509025116742123, 1846015.619931548368186, 547.0 ], [ 400863.287341033748817, 1846045.841615631245077, 547.0 ], [ 400833.06565695075551, 1846045.841615631245077, 546.0 ], [ 400802.843972867762204, 1846045.841615631245077, 545.0 ], [ 400772.622288784768898, 1846045.841615631245077, 546.0 ], [ 400742.400604701775592, 1846045.841615631245077, 546.0 ], [ 400712.178920618782286, 1846045.841615631245077, 546.0 ], [ 400681.957236535788979, 1846045.841615631245077, 547.0 ], [ 400651.735552452795673, 1846045.841615631245077, 547.0 ], [ 400621.513868369802367, 1846045.841615631245077, 547.0 ], [ 400591.292184286809061, 1846045.841615631245077, 546.0 ], [ 400561.070500203815755, 1846076.063299714121968, 547.0 ], [ 400530.848816120822448, 1846076.063299714121968, 547.0 ], [ 400500.627132037829142, 1846106.284983796998858, 546.0 ], [ 400470.405447954835836, 1846106.284983796998858, 546.0 ], [ 400440.18376387184253, 1846106.284983796998858, 547.0 ], [ 400409.962079788849223, 1846106.284983796998858, 547.0 ], [ 400379.740395705855917, 1846136.506667879875749, 548.0 ], [ 400349.518711622862611, 1846166.72835196275264, 548.0 ], [ 400319.297027539869305, 1846196.950036045629531, 546.0 ], [ 400289.075343456875999, 1846227.171720128506422, 548.0 ], [ 400258.853659373882692, 1846257.393404211383313, 547.0 ], [ 400228.631975290889386, 1846287.615088294260204, 547.0 ], [ 400198.41029120789608, 1846317.836772377137095, 548.0 ], [ 400168.188607124902774, 1846348.058456460013986, 547.0 ], [ 400137.966923041909467, 1846378.280140542890877, 546.0 ], [ 400107.745238958916161, 1846408.501824625767767, 546.0 ], [ 400107.745238958916161, 1846438.723508708644658, 547.0 ], [ 400107.745238958916161, 1846468.945192791521549, 547.0 ], [ 400107.745238958916161, 1846499.16687687439844, 546.0 ], [ 400137.966923041909467, 1846529.388560957275331, 547.0 ], [ 400168.188607124902774, 1846559.610245040152222, 548.0 ], [ 400168.188607124902774, 1846589.831929123029113, 547.0 ], [ 400168.188607124902774, 1846620.053613205906004, 546.0 ], [ 400168.188607124902774, 1846650.275297288782895, 546.0 ], [ 400168.188607124902774, 1846680.496981371659786, 547.0 ], [ 400168.188607124902774, 1846710.718665454536676, 547.0 ], [ 400198.41029120789608, 1846740.940349537413567, 544.0 ], [ 400228.631975290889386, 1846740.940349537413567, 544.0 ], [ 400228.631975290889386, 1846771.162033620290458, 542.0 ], [ 400228.631975290889386, 1846801.383717703167349, 544.0 ], [ 400228.631975290889386, 1846831.60540178604424, 546.0 ], [ 400228.631975290889386, 1846861.827085868921131, 546.0 ], [ 400228.631975290889386, 1846892.048769951798022, 546.0 ], [ 400228.631975290889386, 1846922.270454034674913, 547.0 ], [ 400258.853659373882692, 1846952.492138117551804, 545.0 ], [ 400258.853659373882692, 1846982.713822200428694, 544.0 ], [ 400258.853659373882692, 1847012.935506283305585, 542.0 ], [ 400258.853659373882692, 1847043.157190366182476, 542.0 ], [ 400258.853659373882692, 1847073.378874449059367, 543.0 ], [ 400228.631975290889386, 1847103.600558531936258, 543.0 ], [ 400198.41029120789608, 1847133.822242614813149, 545.0 ], [ 400168.188607124902774, 1847164.04392669769004, 545.0 ], [ 400168.188607124902774, 1847194.265610780566931, 545.0 ], [ 400137.966923041909467, 1847224.487294863443822, 545.0 ], [ 400107.745238958916161, 1847254.708978946320713, 545.0 ], [ 400077.523554875922855, 1847284.930663029197603, 546.0 ], [ 400047.301870792929549, 1847284.930663029197603, 545.0 ], [ 400017.080186709936243, 1847315.152347112074494, 544.0 ], [ 399986.858502626942936, 1847345.374031194951385, 544.0 ], [ 399956.63681854394963, 1847345.374031194951385, 544.0 ], [ 399926.415134460956324, 1847375.595715277828276, 544.0 ], [ 399896.193450377963018, 1847405.817399360705167, 546.0 ], [ 399865.971766294969711, 1847405.817399360705167, 546.0 ], [ 399835.750082211976405, 1847436.039083443582058, 545.0 ], [ 399805.528398128983099, 1847466.260767526458949, 545.0 ], [ 399775.306714045989793, 1847466.260767526458949, 546.0 ], [ 399745.085029962996487, 1847496.48245160933584, 547.0 ], [ 399714.86334588000318, 1847526.704135692212731, 546.0 ], [ 399684.641661797009874, 1847526.704135692212731, 542.0 ], [ 399654.419977714016568, 1847526.704135692212731, 541.0 ], [ 399624.198293631023262, 1847556.925819775089622, 542.0 ], [ 399593.976609548029955, 1847556.925819775089622, 542.0 ], [ 399563.754925465036649, 1847556.925819775089622, 543.0 ], [ 399533.533241382043343, 1847556.925819775089622, 544.0 ], [ 399503.311557299050037, 1847556.925819775089622, 546.0 ], [ 399473.089873216056731, 1847556.925819775089622, 547.0 ], [ 399442.868189133063424, 1847556.925819775089622, 546.0 ], [ 399412.646505050070118, 1847526.704135692212731, 546.0 ], [ 399382.424820967076812, 1847496.48245160933584, 548.0 ], [ 399352.203136884083506, 1847496.48245160933584, 547.0 ], [ 399321.9814528010902, 1847496.48245160933584, 547.0 ], [ 399291.759768718096893, 1847496.48245160933584, 548.0 ], [ 399261.538084635103587, 1847466.260767526458949, 547.0 ], [ 399231.316400552110281, 1847466.260767526458949, 548.0 ], [ 399201.094716469116975, 1847496.48245160933584, 549.0 ], [ 399170.873032386123668, 1847526.704135692212731, 548.0 ], [ 399140.651348303130362, 1847526.704135692212731, 545.0 ], [ 399110.429664220137056, 1847496.48245160933584, 547.0 ], [ 399080.20798013714375, 1847526.704135692212731, 544.0 ], [ 399049.986296054150444, 1847496.48245160933584, 546.0 ], [ 399019.764611971157137, 1847466.260767526458949, 546.0 ], [ 398989.542927888163831, 1847436.039083443582058, 544.0 ], [ 398959.321243805170525, 1847405.817399360705167, 546.0 ], [ 398929.099559722177219, 1847405.817399360705167, 547.0 ], [ 398898.877875639183912, 1847405.817399360705167, 547.0 ], [ 398868.656191556190606, 1847405.817399360705167, 547.0 ], [ 398838.4345074731973, 1847405.817399360705167, 548.0 ], [ 398808.212823390203994, 1847375.595715277828276, 548.0 ], [ 398777.991139307210688, 1847345.374031194951385, 548.0 ], [ 398747.769455224217381, 1847315.152347112074494, 547.0 ], [ 398717.547771141224075, 1847284.930663029197603, 548.0 ], [ 398687.326087058230769, 1847284.930663029197603, 548.0 ], [ 398657.104402975237463, 1847254.708978946320713, 548.0 ], [ 398626.882718892244156, 1847224.487294863443822, 547.0 ], [ 398596.66103480925085, 1847194.265610780566931, 547.0 ], [ 398566.439350726257544, 1847164.04392669769004, 546.0 ], [ 398536.217666643264238, 1847133.822242614813149, 545.0 ], [ 398505.995982560270932, 1847103.600558531936258, 546.0 ], [ 398505.995982560270932, 1847073.378874449059367, 544.0 ], [ 398505.995982560270932, 1847043.157190366182476, 545.0 ], [ 398505.995982560270932, 1847012.935506283305585, 545.0 ], [ 398505.995982560270932, 1846982.713822200428694, 544.0 ], [ 398475.774298477277625, 1846952.492138117551804, 545.0 ], [ 398475.774298477277625, 1846922.270454034674913, 543.0 ], [ 398475.774298477277625, 1846892.048769951798022, 542.0 ], [ 398445.552614394284319, 1846861.827085868921131, 545.0 ], [ 398415.330930311291013, 1846831.60540178604424, 548.0 ], [ 398385.109246228297707, 1846831.60540178604424, 548.0 ], [ 398354.8875621453044, 1846801.383717703167349, 549.0 ], [ 398324.665878062311094, 1846771.162033620290458, 549.0 ], [ 398294.444193979317788, 1846740.940349537413567, 548.0 ], [ 398264.222509896324482, 1846710.718665454536676, 548.0 ], [ 398234.000825813331176, 1846680.496981371659786, 548.0 ], [ 398203.779141730337869, 1846650.275297288782895, 548.0 ], [ 398173.557457647344563, 1846620.053613205906004, 549.0 ], [ 398143.335773564351257, 1846589.831929123029113, 549.0 ], [ 398113.114089481357951, 1846559.610245040152222, 547.0 ], [ 398082.892405398364644, 1846559.610245040152222, 547.0 ], [ 398052.670721315371338, 1846529.388560957275331, 547.0 ], [ 398022.449037232378032, 1846499.16687687439844, 546.0 ], [ 398022.449037232378032, 1846468.945192791521549, 546.0 ], [ 397992.227353149384726, 1846438.723508708644658, 547.0 ], [ 397962.00566906639142, 1846408.501824625767767, 549.0 ], [ 397931.783984983398113, 1846378.280140542890877, 549.0 ], [ 397901.562300900404807, 1846348.058456460013986, 548.0 ], [ 397871.340616817411501, 1846317.836772377137095, 548.0 ], [ 397871.340616817411501, 1846287.615088294260204, 548.0 ], [ 397841.118932734418195, 1846257.393404211383313, 549.0 ], [ 397810.897248651424889, 1846227.171720128506422, 548.0 ], [ 397780.675564568431582, 1846196.950036045629531, 549.0 ], [ 397780.675564568431582, 1846166.72835196275264, 549.0 ], [ 397750.453880485438276, 1846136.506667879875749, 548.0 ], [ 397720.23219640244497, 1846106.284983796998858, 547.0 ], [ 397690.010512319451664, 1846136.506667879875749, 548.0 ], [ 397659.788828236458357, 1846136.506667879875749, 548.0 ], [ 397629.567144153465051, 1846166.72835196275264, 549.0 ], [ 397599.345460070471745, 1846196.950036045629531, 549.0 ], [ 397569.123775987478439, 1846227.171720128506422, 549.0 ], [ 397538.902091904485133, 1846257.393404211383313, 549.0 ], [ 397508.680407821491826, 1846287.615088294260204, 549.0 ], [ 397478.45872373849852, 1846287.615088294260204, 548.0 ], [ 397448.237039655505214, 1846257.393404211383313, 549.0 ], [ 397418.015355572511908, 1846227.171720128506422, 549.0 ], [ 397387.793671489518601, 1846196.950036045629531, 547.0 ], [ 397357.571987406525295, 1846196.950036045629531, 546.0 ], [ 397327.350303323531989, 1846166.72835196275264, 548.0 ], [ 397297.128619240538683, 1846166.72835196275264, 548.0 ], [ 397266.906935157545377, 1846166.72835196275264, 547.0 ], [ 397236.68525107455207, 1846166.72835196275264, 548.0 ], [ 397206.463566991558764, 1846166.72835196275264, 548.0 ], [ 397176.241882908565458, 1846166.72835196275264, 549.0 ], [ 397146.020198825572152, 1846136.506667879875749, 549.0 ], [ 397115.798514742578845, 1846136.506667879875749, 549.0 ], [ 397085.576830659585539, 1846106.284983796998858, 549.0 ], [ 397055.355146576592233, 1846076.063299714121968, 549.0 ], [ 397025.133462493598927, 1846076.063299714121968, 547.0 ], [ 396994.911778410605621, 1846076.063299714121968, 548.0 ], [ 396964.690094327612314, 1846076.063299714121968, 548.0 ], [ 396934.468410244619008, 1846106.284983796998858, 548.0 ], [ 396904.246726161625702, 1846106.284983796998858, 547.0 ], [ 396904.246726161625702, 1846136.506667879875749, 548.0 ], [ 396874.025042078632396, 1846166.72835196275264, 548.0 ], [ 396843.803357995639089, 1846196.950036045629531, 549.0 ], [ 396843.803357995639089, 1846227.171720128506422, 549.0 ], [ 396874.025042078632396, 1846257.393404211383313, 550.0 ], [ 396904.246726161625702, 1846287.615088294260204, 550.0 ], [ 396904.246726161625702, 1846317.836772377137095, 550.0 ], [ 396904.246726161625702, 1846348.058456460013986, 551.0 ], [ 396904.246726161625702, 1846378.280140542890877, 552.0 ], [ 396904.246726161625702, 1846408.501824625767767, 552.0 ], [ 396904.246726161625702, 1846438.723508708644658, 551.0 ], [ 396874.025042078632396, 1846468.945192791521549, 550.0 ], [ 396843.803357995639089, 1846499.16687687439844, 551.0 ], [ 396813.581673912645783, 1846529.388560957275331, 553.0 ], [ 396813.581673912645783, 1846559.610245040152222, 553.0 ], [ 396843.803357995639089, 1846589.831929123029113, 553.0 ], [ 396874.025042078632396, 1846620.053613205906004, 552.0 ], [ 396874.025042078632396, 1846650.275297288782895, 553.0 ], [ 396874.025042078632396, 1846680.496981371659786, 553.0 ], [ 396874.025042078632396, 1846710.718665454536676, 553.0 ], [ 396874.025042078632396, 1846740.940349537413567, 552.0 ], [ 396843.803357995639089, 1846771.162033620290458, 553.0 ], [ 396813.581673912645783, 1846771.162033620290458, 554.0 ], [ 396783.359989829652477, 1846801.383717703167349, 555.0 ], [ 396753.138305746659171, 1846831.60540178604424, 555.0 ], [ 396722.916621663665865, 1846861.827085868921131, 555.0 ], [ 396692.694937580672558, 1846892.048769951798022, 555.0 ], [ 396692.694937580672558, 1846922.270454034674913, 554.0 ], [ 396692.694937580672558, 1846952.492138117551804, 555.0 ], [ 396692.694937580672558, 1846982.713822200428694, 556.0 ], [ 396692.694937580672558, 1847012.935506283305585, 557.0 ], [ 396662.473253497679252, 1847043.157190366182476, 558.0 ], [ 396632.251569414685946, 1847073.378874449059367, 558.0 ], [ 396602.02988533169264, 1847103.600558531936258, 557.0 ], [ 396602.02988533169264, 1847133.822242614813149, 556.0 ], [ 396602.02988533169264, 1847164.04392669769004, 556.0 ], [ 396602.02988533169264, 1847194.265610780566931, 558.0 ], [ 396571.808201248699334, 1847194.265610780566931, 560.0 ], [ 396541.586517165706027, 1847224.487294863443822, 561.0 ], [ 396541.586517165706027, 1847254.708978946320713, 562.0 ], [ 396541.586517165706027, 1847284.930663029197603, 562.0 ], [ 396511.364833082712721, 1847315.152347112074494, 562.0 ], [ 396481.143148999719415, 1847345.374031194951385, 561.0 ], [ 396450.921464916726109, 1847345.374031194951385, 562.0 ], [ 396420.699780833732802, 1847375.595715277828276, 562.0 ], [ 396420.699780833732802, 1847405.817399360705167, 563.0 ], [ 396420.699780833732802, 1847436.039083443582058, 563.0 ], [ 396420.699780833732802, 1847466.260767526458949, 563.0 ], [ 396390.478096750739496, 1847466.260767526458949, 566.0 ], [ 396360.25641266774619, 1847496.48245160933584, 567.0 ], [ 396330.034728584752884, 1847496.48245160933584, 567.0 ], [ 396330.034728584752884, 1847526.704135692212731, 569.0 ], [ 396299.813044501759578, 1847556.925819775089622, 571.0 ], [ 396299.813044501759578, 1847587.147503857966512, 571.0 ], [ 396330.034728584752884, 1847587.147503857966512, 572.0 ], [ 396360.25641266774619, 1847617.369187940843403, 575.0 ], [ 396390.478096750739496, 1847647.590872023720294, 578.0 ], [ 396420.699780833732802, 1847677.812556106597185, 580.0 ], [ 396450.921464916726109, 1847708.034240189474076, 585.0 ], [ 396481.143148999719415, 1847738.255924272350967, 588.0 ], [ 396481.143148999719415, 1847768.477608355227858, 589.0 ], [ 396481.143148999719415, 1847798.699292438104749, 592.0 ], [ 396481.143148999719415, 1847828.92097652098164, 597.0 ], [ 396481.143148999719415, 1847859.142660603858531, 602.0 ], [ 396511.364833082712721, 1847889.364344686735421, 612.0 ], [ 396511.364833082712721, 1847919.586028769612312, 619.0 ], [ 396511.364833082712721, 1847949.807712852489203, 627.0 ], [ 396481.143148999719415, 1847980.029396935366094, 639.0 ], [ 396450.921464916726109, 1848010.251081018242985, 658.0 ], [ 396420.699780833732802, 1848040.472765101119876, 671.0 ], [ 396390.478096750739496, 1848070.694449183996767, 677.0 ], [ 396360.25641266774619, 1848100.916133266873658, 682.0 ], [ 396360.25641266774619, 1848131.137817349750549, 685.0 ] ] ] } },
{ "type": "Feature", "properties": { "subbasin": null, "name": "R5", "reach_len": 15527.044335785509, "reach_rel": 5.0, "reach_sin": 1.613163383692183, "reach_slo": 0.00032201878811399998, "len_units": "Metre", "layer": "Panchganga_River_network", "path": "E:\\Manasi_intern\\HMS_Shp\\Panchganga_River_network.shp" }, "geometry": { "type": "MultiLineString", "coordinates": [ [ [ 406121.860371466726065, 1842298.352789336815476, 0.0 ], [ 406091.638687383732758, 1842298.352789336815476, 0.0 ], [ 406061.41700330079766, 1842328.574473419692367, 0.0 ], [ 406031.195319217804354, 1842328.574473419692367, 0.0 ], [ 406000.973635134869255, 1842328.574473419692367, 0.0 ], [ 405970.751951051875949, 1842328.574473419692367, 0.0 ], [ 405940.530266968882643, 1842328.574473419692367, 0.0 ], [ 405910.308582885947544, 1842328.574473419692367, 0.0 ], [ 405880.086898802954238, 1842358.796157502802089, 0.0 ], [ 405849.865214720019139, 1842358.796157502802089, 0.0 ], [ 405819.643530637025833, 1842358.796157502802089, 0.0 ], [ 405789.421846554032527, 1842389.01784158567898, 0.0 ], [ 405759.200162471097428, 1842419.239525668555871, 0.0 ], [ 405728.978478388104122, 1842419.239525668555871, 0.0 ], [ 405698.756794305169024, 1842449.461209751665592, 0.0 ], [ 405698.756794305169024, 1842479.682893834542483, 0.0 ], [ 405668.535110222175717, 1842479.682893834542483, 0.0 ], [ 405638.313426139240619, 1842509.904577917652205, 0.0 ], [ 405608.091742056247313, 1842509.904577917652205, 0.0 ], [ 405577.870057973254006, 1842509.904577917652205, 0.0 ], [ 405547.648373890318908, 1842509.904577917652205, 0.0 ], [ 405517.426689807325602, 1842540.126262000529096, 0.0 ], [ 405487.205005724390503, 1842570.347946083405986, 0.0 ], [ 405456.983321641397197, 1842570.347946083405986, 0.0 ], [ 405426.761637558462098, 1842570.347946083405986, 0.0 ], [ 405396.539953475468792, 1842570.347946083405986, 0.0 ], [ 405366.318269392475486, 1842600.569630166515708, 0.0 ], [ 405336.096585309540387, 1842630.791314249392599, 0.0 ], [ 405305.874901226547081, 1842630.791314249392599, 0.0 ], [ 405275.653217143611982, 1842661.01299833226949, 0.0 ], [ 405245.431533060618676, 1842691.234682415379211, 0.0 ], [ 405215.20984897762537, 1842721.456366498256102, 0.0 ], [ 405184.988164894690271, 1842721.456366498256102, 0.0 ], [ 405154.766480811696965, 1842721.456366498256102, 0.0 ], [ 405124.544796728761867, 1842751.678050581365824, 0.0 ], [ 405094.32311264576856, 1842781.899734664242715, 0.0 ], [ 405064.101428562775254, 1842812.121418747119606, 0.0 ], [ 405033.879744479840156, 1842842.343102830229327, 0.0 ], [ 405003.658060396846849, 1842842.343102830229327, 0.0 ], [ 404973.436376313911751, 1842872.564786913106218, 0.0 ], [ 404943.214692230918445, 1842872.564786913106218, 0.0 ], [ 404912.993008147983346, 1842902.78647099621594, 0.0 ], [ 404882.77132406499004, 1842933.00815507909283, 0.0 ], [ 404852.549639981996734, 1842963.229839161969721, 0.0 ], [ 404852.549639981996734, 1842993.451523245079443, 0.0 ], [ 404852.549639981996734, 1843023.673207327956334, 0.0 ], [ 404852.549639981996734, 1843053.894891411066055, 0.0 ], [ 404822.327955899061635, 1843053.894891411066055, 0.0 ], [ 404792.106271816068329, 1843084.116575493942946, 0.0 ], [ 404761.88458773313323, 1843114.338259576819837, 0.0 ], [ 404761.88458773313323, 1843144.559943659929559, 0.0 ], [ 404761.88458773313323, 1843174.78162774280645, 0.0 ], [ 404761.88458773313323, 1843205.003311825916171, 0.0 ], [ 404731.662903650139924, 1843235.224995908793062, 0.0 ], [ 404701.441219567204826, 1843265.446679991669953, 0.0 ], [ 404671.219535484211519, 1843295.668364074779674, 0.0 ], [ 404671.219535484211519, 1843325.890048157656565, 0.0 ], [ 404671.219535484211519, 1843356.111732240766287, 0.0 ], [ 404671.219535484211519, 1843386.333416323643178, 0.0 ], [ 404671.219535484211519, 1843416.555100406520069, 0.0 ], [ 404671.219535484211519, 1843446.77678448962979, 0.0 ], [ 404671.219535484211519, 1843476.998468572506681, 0.0 ], [ 404671.219535484211519, 1843507.220152655616403, 0.0 ], [ 404671.219535484211519, 1843537.441836738493294, 0.0 ], [ 404640.997851401218213, 1843567.663520821370184, 0.0 ], [ 404610.776167318283115, 1843597.885204904479906, 0.0 ], [ 404580.554483235289808, 1843628.106888987356797, 0.0 ], [ 404580.554483235289808, 1843658.328573070466518, 0.0 ], [ 404580.554483235289808, 1843688.550257153343409, 0.0 ], [ 404580.554483235289808, 1843718.7719412362203, 0.0 ], [ 404550.33279915235471, 1843748.993625319330022, 0.0 ], [ 404520.111115069361404, 1843779.215309402206913, 0.0 ], [ 404520.111115069361404, 1843809.436993485316634, 0.0 ], [ 404520.111115069361404, 1843839.658677568193525, 0.0 ], [ 404520.111115069361404, 1843869.880361651070416, 0.0 ], [ 404489.889430986368097, 1843900.102045734180138, 0.0 ], [ 404489.889430986368097, 1843930.323729817057028, 0.0 ], [ 404520.111115069361404, 1843960.54541390016675, 0.0 ], [ 404550.33279915235471, 1843990.767097983043641, 0.0 ], [ 404580.554483235289808, 1844020.988782065920532, 0.0 ], [ 404610.776167318283115, 1844051.210466149030253, 0.0 ], [ 404640.997851401218213, 1844081.432150231907144, 0.0 ], [ 404671.219535484211519, 1844111.653834315016866, 0.0 ], [ 404701.441219567204826, 1844141.875518397893757, 0.0 ], [ 404701.441219567204826, 1844172.097202480770648, 0.0 ], [ 404731.662903650139924, 1844202.318886563880369, 0.0 ], [ 404761.88458773313323, 1844232.54057064675726, 0.0 ], [ 404792.106271816068329, 1844232.54057064675726, 0.0 ], [ 404822.327955899061635, 1844262.762254729866982, 0.0 ], [ 404852.549639981996734, 1844292.983938812743872, 0.0 ], [ 404882.77132406499004, 1844323.205622895620763, 0.0 ], [ 404912.993008147983346, 1844353.427306978730485, 0.0 ], [ 404943.214692230918445, 1844383.648991061607376, 0.0 ], [ 404973.436376313911751, 1844413.870675144484267, 0.0 ], [ 405003.658060396846849, 1844444.092359227593988, 0.0 ], [ 405003.658060396846849, 1844474.314043310470879, 0.0 ], [ 405003.658060396846849, 1844504.535727393580601, 0.0 ], [ 405033.879744479840156, 1844534.757411476457492, 0.0 ], [ 405033.879744479840156, 1844564.979095559334382, 0.0 ], [ 405033.879744479840156, 1844595.200779642444104, 0.0 ], [ 405033.879744479840156, 1844625.422463725320995, 0.0 ], [ 405033.879744479840156, 1844655.644147808430716, 0.0 ], [ 405064.101428562775254, 1844685.865831891307607, 0.0 ], [ 405064.101428562775254, 1844716.087515974184498, 0.0 ], [ 405064.101428562775254, 1844746.30920005729422, 0.0 ], [ 405064.101428562775254, 1844776.530884140171111, 0.0 ], [ 405064.101428562775254, 1844806.752568223280832, 0.0 ], [ 405094.32311264576856, 1844836.974252306157723, 0.0 ], [ 405124.544796728761867, 1844867.195936389034614, 0.0 ], [ 405124.544796728761867, 1844897.417620472144336, 0.0 ], [ 405094.32311264576856, 1844927.639304555021226, 0.0 ], [ 405094.32311264576856, 1844957.860988638130948, 0.0 ], [ 405124.544796728761867, 1844988.082672721007839, 0.0 ], [ 405154.766480811696965, 1845018.30435680388473, 0.0 ], [ 405184.988164894690271, 1845048.526040886994451, 0.0 ], [ 405184.988164894690271, 1845078.747724969871342, 0.0 ], [ 405184.988164894690271, 1845108.969409052981064, 0.0 ], [ 405184.988164894690271, 1845139.191093135857955, 0.0 ], [ 405184.988164894690271, 1845169.412777218734846, 0.0 ], [ 405184.988164894690271, 1845199.634461301844567, 0.0 ], [ 405184.988164894690271, 1845229.856145384721458, 0.0 ], [ 405184.988164894690271, 1845260.077829467831179, 0.0 ], [ 405184.988164894690271, 1845290.29951355070807, 0.0 ], [ 405184.988164894690271, 1845320.521197633584961, 0.0 ], [ 405184.988164894690271, 1845350.742881716694683, 0.0 ], [ 405184.988164894690271, 1845380.964565799571574, 0.0 ], [ 405154.766480811696965, 1845411.186249882448465, 0.0 ], [ 405154.766480811696965, 1845441.407933965558186, 0.0 ], [ 405154.766480811696965, 1845471.629618048435077, 0.0 ], [ 405124.544796728761867, 1845501.851302131544799, 0.0 ], [ 405094.32311264576856, 1845532.07298621442169, 0.0 ], [ 405064.101428562775254, 1845562.29467029729858, 0.0 ], [ 405033.879744479840156, 1845592.516354380408302, 0.0 ], [ 405003.658060396846849, 1845622.738038463285193, 0.0 ], [ 404973.436376313911751, 1845652.959722546394914, 0.0 ], [ 404943.214692230918445, 1845652.959722546394914, 0.0 ], [ 404912.993008147983346, 1845652.959722546394914, 0.0 ], [ 404882.77132406499004, 1845652.959722546394914, 0.0 ], [ 404852.549639981996734, 1845652.959722546394914, 0.0 ], [ 404822.327955899061635, 1845652.959722546394914, 0.0 ], [ 404792.106271816068329, 1845652.959722546394914, 0.0 ], [ 404761.88458773313323, 1845652.959722546394914, 0.0 ], [ 404731.662903650139924, 1845683.181406629271805, 0.0 ], [ 404701.441219567204826, 1845683.181406629271805, 0.0 ], [ 404671.219535484211519, 1845683.181406629271805, 0.0 ], [ 404640.997851401218213, 1845683.181406629271805, 0.0 ], [ 404610.776167318283115, 1845683.181406629271805, 0.0 ], [ 404580.554483235289808, 1845683.181406629271805, 0.0 ], [ 404550.33279915235471, 1845683.181406629271805, 0.0 ], [ 404520.111115069361404, 1845683.181406629271805, 0.0 ], [ 404489.889430986368097, 1845713.403090712148696, 0.0 ], [ 404459.667746903432999, 1845743.624774795258418, 0.0 ], [ 404429.446062820439693, 1845743.624774795258418, 0.0 ], [ 404399.224378737504594, 1845743.624774795258418, 0.0 ], [ 404369.002694654511288, 1845743.624774795258418, 0.0 ], [ 404338.781010571517982, 1845773.846458878135309, 0.0 ], [ 404308.559326488582883, 1845773.846458878135309, 0.0 ], [ 404278.337642405589577, 1845773.846458878135309, 0.0 ], [ 404248.115958322654478, 1845773.846458878135309, 0.0 ], [ 404217.894274239661172, 1845773.846458878135309, 0.0 ], [ 404187.672590156726073, 1845773.846458878135309, 0.0 ], [ 404157.450906073732767, 1845743.624774795258418, 0.0 ], [ 404127.229221990797669, 1845743.624774795258418, 0.0 ], [ 404097.007537907804362, 1845743.624774795258418, 0.0 ], [ 404066.785853824811056, 1845743.624774795258418, 0.0 ], [ 404036.564169741875958, 1845743.624774795258418, 0.0 ], [ 404006.342485658882651, 1845713.403090712148696, 0.0 ], [ 403976.120801575947553, 1845713.403090712148696, 0.0 ], [ 403945.899117492954247, 1845683.181406629271805, 0.0 ], [ 403915.67743340996094, 1845683.181406629271805, 0.0 ], [ 403885.455749327025842, 1845652.959722546394914, 0.0 ], [ 403855.234065244032536, 1845652.959722546394914, 0.0 ], [ 403825.012381161097437, 1845652.959722546394914, 0.0 ], [ 403794.790697078104131, 1845652.959722546394914, 0.0 ], [ 403764.569012995110825, 1845652.959722546394914, 0.0 ], [ 403734.347328912175726, 1845652.959722546394914, 0.0 ], [ 403704.12564482918242, 1845652.959722546394914, 0.0 ], [ 403673.903960746247321, 1845683.181406629271805, 0.0 ], [ 403643.682276663254015, 1845713.403090712148696, 0.0 ], [ 403613.460592580260709, 1845743.624774795258418, 0.0 ], [ 403583.23890849732561, 1845743.624774795258418, 0.0 ], [ 403553.017224414332304, 1845773.846458878135309, 0.0 ], [ 403522.795540331397206, 1845804.06814296124503, 0.0 ], [ 403492.573856248403899, 1845834.289827044121921, 0.0 ], [ 403462.352172165468801, 1845834.289827044121921, 0.0 ], [ 403432.130488082475495, 1845834.289827044121921, 0.0 ], [ 403401.908803999540396, 1845864.511511126998812, 0.0 ], [ 403371.68711991654709, 1845894.733195210108534, 0.0 ], [ 403341.465435833553784, 1845924.954879292985424, 0.0 ], [ 403311.243751750618685, 1845955.176563376095146, 0.0 ], [ 403281.022067667625379, 1845985.398247458972037, 0.0 ], [ 403250.80038358469028, 1846015.619931541848928, 0.0 ], [ 403220.578699501696974, 1846045.841615624958649, 0.0 ], [ 403190.357015418703668, 1846045.841615624958649, 0.0 ], [ 403160.135331335768569, 1846045.841615624958649, 0.0 ], [ 403129.913647252775263, 1846015.619931541848928, 0.0 ], [ 403099.691963169840164, 1845985.398247458972037, 0.0 ], [ 403069.470279086846858, 1845985.398247458972037, 0.0 ], [ 403039.248595003853552, 1845955.176563376095146, 0.0 ], [ 403009.026910920918453, 1845955.176563376095146, 0.0 ], [ 402978.805226837925147, 1845924.954879292985424, 0.0 ], [ 402948.583542754990049, 1845924.954879292985424, 0.0 ], [ 402918.361858671996742, 1845924.954879292985424, 0.0 ], [ 402888.140174589061644, 1845894.733195210108534, 0.0 ], [ 402857.918490506068338, 1845894.733195210108534, 0.0 ], [ 402827.696806423075031, 1845894.733195210108534, 0.0 ], [ 402797.475122340139933, 1845894.733195210108534, 0.0 ], [ 402767.253438257146627, 1845894.733195210108534, 0.0 ], [ 402737.031754174211528, 1845894.733195210108534, 0.0 ], [ 402706.810070091218222, 1845894.733195210108534, 0.0 ], [ 402676.588386008283123, 1845894.733195210108534, 0.0 ], [ 402646.366701925289817, 1845894.733195210108534, 0.0 ], [ 402616.145017842296511, 1845864.511511126998812, 0.0 ], [ 402585.923333759361412, 1845864.511511126998812, 0.0 ], [ 402555.701649676368106, 1845864.511511126998812, 0.0 ], [ 402525.479965593433008, 1845834.289827044121921, 0.0 ], [ 402495.258281510439701, 1845834.289827044121921, 0.0 ], [ 402465.036597427446395, 1845834.289827044121921, 0.0 ], [ 402434.814913344511297, 1845834.289827044121921, 0.0 ], [ 402404.59322926151799, 1845834.289827044121921, 0.0 ], [ 402374.371545178582892, 1845834.289827044121921, 0.0 ], [ 402344.149861095589586, 1845834.289827044121921, 0.0 ], [ 402313.928177012596279, 1845834.289827044121921, 0.0 ], [ 402283.706492929661181, 1845834.289827044121921, 0.0 ], [ 402253.484808846667875, 1845834.289827044121921, 0.0 ], [ 402223.263124763732776, 1845834.289827044121921, 0.0 ], [ 402193.04144068073947, 1845834.289827044121921, 0.0 ], [ 402162.819756597804371, 1845834.289827044121921, 0.0 ], [ 402132.598072514811065, 1845834.289827044121921, 0.0 ], [ 402102.376388431817759, 1845834.289827044121921, 0.0 ], [ 402072.15470434888266, 1845834.289827044121921, 0.0 ], [ 402041.933020265889354, 1845864.511511126998812, 0.0 ], [ 402011.711336182954255, 1845894.733195210108534, 0.0 ], [ 401981.489652099960949, 1845924.954879292985424, 0.0 ], [ 401951.267968017025851, 1845924.954879292985424, 0.0 ], [ 401921.046283934032544, 1845924.954879292985424, 0.0 ], [ 401890.824599851039238, 1845924.954879292985424, 0.0 ], [ 401860.60291576810414, 1845924.954879292985424, 0.0 ], [ 401830.381231685110833, 1845894.733195210108534, 0.0 ], [ 401800.159547602175735, 1845864.511511126998812, 0.0 ], [ 401769.937863519182429, 1845894.733195210108534, 0.0 ], [ 401739.716179436189122, 1845924.954879292985424, 0.0 ], [ 401709.494495353254024, 1845955.176563376095146, 0.0 ], [ 401679.272811270260718, 1845985.398247458972037, 0.0 ], [ 401649.051127187325619, 1845985.398247458972037, 0.0 ], [ 401618.829443104332313, 1845985.398247458972037, 0.0 ], [ 401588.607759021339007, 1846015.619931541848928, 0.0 ], [ 401558.386074938403908, 1846045.841615624958649, 0.0 ], [ 401528.164390855410602, 1846045.841615624958649, 0.0 ], [ 401497.942706772475503, 1846045.841615624958649, 0.0 ], [ 401467.721022689482197, 1846045.841615624958649, 0.0 ], [ 401437.499338606547099, 1846045.841615624958649, 0.0 ], [ 401407.277654523553792, 1846045.841615624958649, 0.0 ], [ 401377.055970440560486, 1846045.841615624958649, 0.0 ], [ 401346.834286357625388, 1846045.841615624958649, 0.0 ], [ 401316.612602274632081, 1846076.06329970783554, 0.0 ], [ 401286.390918191696983, 1846106.284983790945262, 0.0 ], [ 401256.169234108703677, 1846136.506667873822153, 0.0 ], [ 401225.947550025768578, 1846136.506667873822153, 0.0 ], [ 401195.725865942775272, 1846106.284983790945262, 0.0 ], [ 401165.504181859781966, 1846076.06329970783554, 0.0 ], [ 401135.282497776846867, 1846076.06329970783554, 0.0 ], [ 401105.060813693853561, 1846076.06329970783554, 0.0 ], [ 401074.839129610918462, 1846045.841615624958649, 0.0 ], [ 401044.617445527925156, 1846015.619931541848928, 0.0 ], [ 401014.39576144493185, 1846015.619931541848928, 0.0 ], [ 400984.174077361996751, 1846015.619931541848928, 0.0 ], [ 400953.952393279003445, 1846015.619931541848928, 0.0 ], [ 400923.730709196068347, 1846015.619931541848928, 0.0 ], [ 400893.50902511307504, 1846015.619931541848928, 0.0 ], [ 400863.287341030081734, 1846045.841615624958649, 0.0 ], [ 400833.065656947146636, 1846045.841615624958649, 0.0 ], [ 400802.843972864153329, 1846045.841615624958649, 0.0 ], [ 400772.622288781218231, 1846045.841615624958649, 0.0 ], [ 400742.400604698224925, 1846045.841615624958649, 0.0 ], [ 400712.178920615289826, 1846045.841615624958649, 0.0 ], [ 400681.95723653229652, 1846045.841615624958649, 0.0 ], [ 400651.735552449361421, 1846045.841615624958649, 0.0 ], [ 400621.513868366368115, 1846045.841615624958649, 0.0 ], [ 400591.292184283374809, 1846045.841615624958649, 0.0 ], [ 400561.07050020043971, 1846076.06329970783554, 0.0 ], [ 400530.848816117446404, 1846076.06329970783554, 0.0 ], [ 400500.627132034511305, 1846106.284983790945262, 0.0 ], [ 400470.405447951517999, 1846106.284983790945262, 0.0 ], [ 400440.183763868524693, 1846106.284983790945262, 0.0 ], [ 400409.962079785589594, 1846106.284983790945262, 0.0 ], [ 400379.740395702596288, 1846136.506667873822153, 0.0 ], [ 400349.51871161966119, 1846166.728351956699044, 0.0 ], [ 400319.297027536667883, 1846196.950036039808765, 0.0 ], [ 400289.075343453674577, 1846227.171720122685656, 0.0 ], [ 400258.853659370739479, 1846257.393404205795377, 0.0 ], [ 400228.631975287746172, 1846287.615088288672268, 0.0 ], [ 400198.410291204811074, 1846317.836772371549159, 0.0 ], [ 400168.188607121817768, 1846348.058456454658881, 0.0 ], [ 400137.966923038824461, 1846378.280140537535772, 0.0 ], [ 400107.745238955889363, 1846408.501824620645493, 0.0 ], [ 400107.745238955889363, 1846438.723508703522384, 0.0 ], [ 400107.745238955889363, 1846468.945192786399275, 0.0 ], [ 400107.745238955889363, 1846499.166876869508997, 0.0 ], [ 400137.966923038824461, 1846529.388560952385888, 0.0 ], [ 400168.188607121817768, 1846559.610245035495609, 0.0 ], [ 400168.188607121817768, 1846589.8319291183725, 0.0 ], [ 400168.188607121817768, 1846620.053613201249391, 0.0 ], [ 400168.188607121817768, 1846650.275297284359112, 0.0 ], [ 400168.188607121817768, 1846680.496981367236003, 0.0 ], [ 400168.188607121817768, 1846710.718665450345725, 0.0 ], [ 400198.410291204811074, 1846740.940349533222616, 0.0 ], [ 400228.631975287746172, 1846740.940349533222616, 0.0 ], [ 400228.631975287746172, 1846771.162033616099507, 0.0 ], [ 400228.631975287746172, 1846801.383717699209228, 0.0 ], [ 400228.631975287746172, 1846831.605401782086119, 0.0 ], [ 400228.631975287746172, 1846861.827085865195841, 0.0 ], [ 400228.631975287746172, 1846892.048769948072731, 0.0 ], [ 400228.631975287746172, 1846922.270454030949622, 0.0 ], [ 400258.853659370739479, 1846952.492138114059344, 0.0 ], [ 400258.853659370739479, 1846982.713822196936235, 0.0 ], [ 400258.853659370739479, 1847012.935506280045956, 0.0 ], [ 400258.853659370739479, 1847043.157190362922847, 0.0 ], [ 400258.853659370739479, 1847073.378874445799738, 0.0 ], [ 400228.631975287746172, 1847103.60055852890946, 0.0 ], [ 400198.410291204811074, 1847133.822242611786351, 0.0 ], [ 400168.188607121817768, 1847164.043926694896072, 0.0 ], [ 400168.188607121817768, 1847194.265610777772963, 0.0 ], [ 400137.966923038824461, 1847224.487294860649854, 0.0 ], [ 400107.745238955889363, 1847254.708978943759575, 0.0 ], [ 400077.523554872896057, 1847284.930663026636466, 0.0 ], [ 400047.301870789960958, 1847284.930663026636466, 0.0 ], [ 400017.080186706967652, 1847315.152347109513357, 0.0 ], [ 399986.858502624032553, 1847345.374031192623079, 0.0 ], [ 399956.636818541039247, 1847345.374031192623079, 0.0 ], [ 399926.415134458104149, 1847375.59571527549997, 0.0 ], [ 399896.193450375110842, 1847405.817399358609691, 0.0 ], [ 399865.971766292117536, 1847405.817399358609691, 0.0 ], [ 399835.750082209182438, 1847436.039083441486582, 0.0 ], [ 399805.528398126189131, 1847466.260767524363473, 0.0 ], [ 399775.306714043254033, 1847466.260767524363473, 0.0 ], [ 399745.085029960260727, 1847496.482451607473195, 0.0 ], [ 399714.86334587726742, 1847526.704135690350085, 0.0 ], [ 399684.641661794332322, 1847526.704135690350085, 0.0 ], [ 399654.419977711339016, 1847526.704135690350085, 0.0 ], [ 399624.198293628403917, 1847556.925819773459807, 0.0 ], [ 399593.976609545410611, 1847556.925819773459807, 0.0 ], [ 399563.754925462417305, 1847556.925819773459807, 0.0 ], [ 399533.533241379482206, 1847556.925819773459807, 0.0 ], [ 399503.3115572964889, 1847556.925819773459807, 0.0 ], [ 399473.089873213553801, 1847556.925819773459807, 0.0 ], [ 399442.868189130560495, 1847556.925819773459807, 0.0 ], [ 399412.646505047625396, 1847526.704135690350085, 0.0 ], [ 399382.42482096463209, 1847496.482451607473195, 0.0 ], [ 399352.203136881638784, 1847496.482451607473195, 0.0 ], [ 399321.981452798703685, 1847496.482451607473195, 0.0 ], [ 399291.759768715710379, 1847496.482451607473195, 0.0 ], [ 399261.538084632775281, 1847466.260767524363473, 0.0 ], [ 399231.316400549781974, 1847466.260767524363473, 0.0 ], [ 399201.094716466846876, 1847496.482451607473195, 0.0 ], [ 399170.87303238385357, 1847526.704135690350085, 0.0 ], [ 399140.651348300860263, 1847526.704135690350085, 0.0 ], [ 399110.429664217925165, 1847496.482451607473195, 0.0 ], [ 399080.207980134931859, 1847526.704135690350085, 0.0 ], [ 399049.98629605199676, 1847496.482451607473195, 0.0 ], [ 399019.764611969003454, 1847466.260767524363473, 0.0 ], [ 398989.542927886010148, 1847436.039083441486582, 0.0 ], [ 398959.321243803075049, 1847405.817399358609691, 0.0 ], [ 398929.099559720081743, 1847405.817399358609691, 0.0 ], [ 398898.877875637146644, 1847405.817399358609691, 0.0 ], [ 398868.656191554153338, 1847405.817399358609691, 0.0 ], [ 398838.434507471160032, 1847405.817399358609691, 0.0 ], [ 398808.212823388224933, 1847375.59571527549997, 0.0 ], [ 398777.991139305231627, 1847345.374031192623079, 0.0 ], [ 398747.769455222296529, 1847315.152347109513357, 0.0 ], [ 398717.547771139303222, 1847284.930663026636466, 0.0 ], [ 398687.326087056368124, 1847284.930663026636466, 0.0 ], [ 398657.104402973374818, 1847254.708978943759575, 0.0 ], [ 398626.882718890381511, 1847224.487294860649854, 0.0 ], [ 398596.661034807446413, 1847194.265610777772963, 0.0 ], [ 398566.439350724453107, 1847164.043926694896072, 0.0 ], [ 398536.217666641518008, 1847133.822242611786351, 0.0 ], [ 398505.995982558524702, 1847103.60055852890946, 0.0 ], [ 398505.995982558524702, 1847073.378874445799738, 0.0 ], [ 398505.995982558524702, 1847043.157190362922847, 0.0 ], [ 398505.995982558524702, 1847012.935506280045956, 0.0 ], [ 398505.995982558524702, 1846982.713822196936235, 0.0 ], [ 398475.774298475589603, 1846952.492138114059344, 0.0 ], [ 398475.774298475589603, 1846922.270454030949622, 0.0 ], [ 398475.774298475589603, 1846892.048769948072731, 0.0 ], [ 398445.552614392596297, 1846861.827085865195841, 0.0 ], [ 398415.330930309602991, 1846831.605401782086119, 0.0 ], [ 398385.109246226667892, 1846831.605401782086119, 0.0 ], [ 398354.887562143674586, 1846801.383717699209228, 0.0 ], [ 398324.665878060739487, 1846771.162033616099507, 0.0 ], [ 398294.444193977746181, 1846740.940349533222616, 0.0 ], [ 398264.222509894752875, 1846710.718665450345725, 0.0 ], [ 398234.000825811817776, 1846680.496981367236003, 0.0 ], [ 398203.77914172882447, 1846650.275297284359112, 0.0 ], [ 398173.557457645889372, 1846620.053613201249391, 0.0 ], [ 398143.335773562896065, 1846589.8319291183725, 0.0 ], [ 398113.114089479902759, 1846559.610245035495609, 0.0 ], [ 398082.892405396967661, 1846559.610245035495609, 0.0 ], [ 398052.670721313974354, 1846529.388560952385888, 0.0 ], [ 398022.449037231039256, 1846499.166876869508997, 0.0 ], [ 398022.449037231039256, 1846468.945192786399275, 0.0 ], [ 397992.22735314804595, 1846438.723508703522384, 0.0 ], [ 397962.005669065110851, 1846408.501824620645493, 0.0 ], [ 397931.783984982117545, 1846378.280140537535772, 0.0 ], [ 397901.562300899182446, 1846348.058456454658881, 0.0 ], [ 397871.34061681618914, 1846317.836772371549159, 0.0 ], [ 397871.34061681618914, 1846287.615088288672268, 0.0 ], [ 397841.118932733195834, 1846257.393404205795377, 0.0 ], [ 397810.897248650260735, 1846227.171720122685656, 0.0 ], [ 397780.675564567267429, 1846196.950036039808765, 0.0 ], [ 397780.675564567267429, 1846166.728351956699044, 0.0 ], [ 397750.453880484332331, 1846136.506667873822153, 0.0 ], [ 397720.232196401339024, 1846106.284983790945262, 0.0 ], [ 397690.010512318345718, 1846106.284983790945262, 0.0 ], [ 397659.78882823541062, 1846106.284983790945262, 0.0 ], [ 397629.567144152417313, 1846106.284983790945262, 0.0 ], [ 397599.345460069482215, 1846076.06329970783554, 0.0 ], [ 397569.123775986488909, 1846045.841615624958649, 0.0 ], [ 397569.123775986488909, 1846015.619931541848928, 0.0 ], [ 397538.902091903495602, 1846015.619931541848928, 0.0 ], [ 397508.680407820560504, 1845985.398247458972037, 0.0 ], [ 397478.458723737567198, 1845955.176563376095146, 0.0 ], [ 397448.237039654632099, 1845924.954879292985424, 0.0 ], [ 397418.015355571638793, 1845894.733195210108534, 0.0 ], [ 397387.793671488645487, 1845864.511511126998812, 0.0 ], [ 397357.571987405710388, 1845834.289827044121921, 0.0 ], [ 397357.571987405710388, 1845804.06814296124503, 0.0 ], [ 397327.350303322717082, 1845804.06814296124503, 0.0 ], [ 397297.128619239781983, 1845804.06814296124503, 0.0 ], [ 397266.906935156788677, 1845804.06814296124503, 0.0 ], [ 397236.685251073853578, 1845804.06814296124503, 0.0 ], [ 397206.463566990860272, 1845773.846458878135309, 0.0 ], [ 397176.241882907925174, 1845773.846458878135309, 0.0 ], [ 397146.020198824931867, 1845773.846458878135309, 0.0 ] ] ] } },
{ "type": "Feature", "properties": { "subbasin": null, "name": "R4", "reach_len": 4850.8724783126299, "reach_rel": 3.0, "reach_sin": 1.6364911476659261, "reach_slo": 0.00061844544737299999, "len_units": "Metre", "layer": "Panchganga_River_network", "path": "E:\\Manasi_intern\\HMS_Shp\\Panchganga_River_network.shp" }, "geometry": { "type": "MultiLineString", "coordinates": [ [ [ 406121.860371466726065, 1842298.352789336815476, 0.0 ], [ 406121.860371466726065, 1842268.131105253705755, 0.0 ], [ 406121.860371466726065, 1842237.909421170828864, 0.0 ], [ 406121.860371466726065, 1842207.687737087951973, 0.0 ], [ 406121.860371466726065, 1842177.466053004842252, 0.0 ], [ 406121.860371466726065, 1842147.244368921965361, 0.0 ], [ 406121.860371466726065, 1842117.022684838855639, 0.0 ], [ 406091.638687383732758, 1842086.801000755978748, 0.0 ], [ 406061.41700330079766, 1842056.579316673101857, 0.0 ], [ 406031.195319217804354, 1842026.357632589992136, 0.0 ], [ 406000.973635134869255, 1841996.135948507115245, 0.0 ], [ 405970.751951051875949, 1841965.914264424005523, 0.0 ], [ 405940.530266968882643, 1841935.692580341128632, 0.0 ], [ 405910.308582885947544, 1841905.470896258251742, 0.0 ], [ 405880.086898802954238, 1841875.24921217514202, 0.0 ], [ 405849.865214720019139, 1841845.027528092265129, 0.0 ], [ 405880.086898802954238, 1841814.805844009155408, 0.0 ], [ 405880.086898802954238, 1841784.584159926278517, 0.0 ], [ 405910.308582885947544, 1841754.362475843401626, 0.0 ], [ 405940.530266968882643, 1841724.140791760291904, 0.0 ], [ 405970.751951051875949, 1841693.919107677415013, 0.0 ], [ 405970.751951051875949, 1841663.697423594305292, 0.0 ], [ 405970.751951051875949, 1841633.475739511428401, 0.0 ], [ 405970.751951051875949, 1841603.25405542855151, 0.0 ], [ 406000.973635134869255, 1841573.032371345441788, 0.0 ], [ 406031.195319217804354, 1841542.810687262564898, 0.0 ], [ 406061.41700330079766, 1841542.810687262564898, 0.0 ], [ 406091.638687383732758, 1841512.589003179688007, 0.0 ], [ 406121.860371466726065, 1841482.367319096578285, 0.0 ], [ 406152.082055549719371, 1841452.145635013701394, 0.0 ], [ 406182.303739632654469, 1841421.923950930591673, 0.0 ], [ 406212.525423715647776, 1841391.702266847714782, 0.0 ], [ 406242.747107798582874, 1841391.702266847714782, 0.0 ], [ 406272.96879188157618, 1841391.702266847714782, 0.0 ], [ 406303.190475964511279, 1841391.702266847714782, 0.0 ], [ 406333.412160047504585, 1841391.702266847714782, 0.0 ], [ 406363.633844130439684, 1841391.702266847714782, 0.0 ], [ 406393.85552821343299, 1841391.702266847714782, 0.0 ], [ 406424.077212296426296, 1841421.923950930591673, 0.0 ], [ 406454.298896379361395, 1841452.145635013701394, 0.0 ], [ 406484.520580462354701, 1841452.145635013701394, 0.0 ], [ 406514.7422645452898, 1841482.367319096578285, 0.0 ], [ 406544.963948628283106, 1841512.589003179688007, 0.0 ], [ 406575.185632711276412, 1841542.810687262564898, 0.0 ], [ 406605.407316794211511, 1841542.810687262564898, 0.0 ], [ 406635.629000877204817, 1841542.810687262564898, 0.0 ], [ 406665.850684960139915, 1841573.032371345441788, 0.0 ], [ 406696.072369043133222, 1841603.25405542855151, 0.0 ], [ 406726.294053126126528, 1841603.25405542855151, 0.0 ], [ 406756.515737209061626, 1841603.25405542855151, 0.0 ], [ 406786.737421292054933, 1841603.25405542855151, 0.0 ], [ 406816.959105374990031, 1841603.25405542855151, 0.0 ], [ 406847.180789457983337, 1841603.25405542855151, 0.0 ], [ 406877.402473540976644, 1841603.25405542855151, 0.0 ], [ 406907.624157623911742, 1841603.25405542855151, 0.0 ], [ 406937.845841706905048, 1841603.25405542855151, 0.0 ], [ 406968.067525789840147, 1841633.475739511428401, 0.0 ], [ 406998.289209872833453, 1841663.697423594305292, 0.0 ], [ 407028.510893955768552, 1841663.697423594305292, 0.0 ], [ 407058.732578038761858, 1841663.697423594305292, 0.0 ], [ 407088.954262121696956, 1841663.697423594305292, 0.0 ], [ 407119.175946204690263, 1841693.919107677415013, 0.0 ], [ 407149.397630287683569, 1841724.140791760291904, 0.0 ], [ 407179.619314370618667, 1841724.140791760291904, 0.0 ], [ 407209.840998453611974, 1841754.362475843401626, 0.0 ], [ 407240.062682536547072, 1841754.362475843401626, 0.0 ], [ 407270.284366619540378, 1841754.362475843401626, 0.0 ], [ 407300.506050702533685, 1841754.362475843401626, 0.0 ], [ 407330.727734785468783, 1841784.584159926278517, 0.0 ], [ 407360.949418868462089, 1841784.584159926278517, 0.0 ], [ 407391.171102951397188, 1841784.584159926278517, 0.0 ], [ 407421.392787034390494, 1841784.584159926278517, 0.0 ], [ 407451.6144711173838, 1841784.584159926278517, 0.0 ], [ 407481.836155200318899, 1841784.584159926278517, 0.0 ], [ 407512.057839283312205, 1841784.584159926278517, 0.0 ], [ 407542.279523366247304, 1841784.584159926278517, 0.0 ], [ 407572.50120744924061, 1841754.362475843401626, 0.0 ], [ 407602.722891532233916, 1841724.140791760291904, 0.0 ], [ 407632.944575615169015, 1841693.919107677415013, 0.0 ], [ 407663.166259698162321, 1841663.697423594305292, 0.0 ], [ 407663.166259698162321, 1841633.475739511428401, 0.0 ], [ 407693.38794378109742, 1841603.25405542855151, 0.0 ], [ 407723.609627864090726, 1841573.032371345441788, 0.0 ], [ 407753.831311947025824, 1841542.810687262564898, 0.0 ], [ 407784.052996030019131, 1841512.589003179688007, 0.0 ], [ 407814.274680112954229, 1841482.367319096578285, 0.0 ], [ 407844.496364195947535, 1841452.145635013701394, 0.0 ], [ 407874.718048278940842, 1841421.923950930591673, 0.0 ], [ 407874.718048278940842, 1841391.702266847714782, 0.0 ], [ 407904.93973236187594, 1841361.480582764837891, 0.0 ], [ 407935.161416444869246, 1841331.258898681728169, 0.0 ], [ 407965.383100527804345, 1841301.037214598851278, 0.0 ], [ 407965.383100527804345, 1841270.815530515741557, 0.0 ], [ 407995.604784610797651, 1841240.593846432864666, 0.0 ], [ 407995.604784610797651, 1841210.372162349987775, 0.0 ], [ 407995.604784610797651, 1841180.150478266878054, 0.0 ], [ 407995.604784610797651, 1841149.928794184001163, 0.0 ], [ 407995.604784610797651, 1841119.707110100891441, 0.0 ], [ 408025.826468693790957, 1841089.48542601801455, 0.0 ], [ 408056.048152776726056, 1841059.263741935137659, 0.0 ], [ 408086.269836859719362, 1841029.042057852027938, 0.0 ], [ 408116.491520942654461, 1840998.820373769151047, 0.0 ], [ 408146.713205025647767, 1840968.598689686041325, 0.0 ], [ 408146.713205025647767, 1840938.377005603164434, 0.0 ], [ 408116.491520942654461, 1840908.155321520287544, 0.0 ], [ 408086.269836859719362, 1840877.933637437177822, 0.0 ], [ 408056.048152776726056, 1840847.711953354300931, 0.0 ], [ 408025.826468693790957, 1840817.49026927119121, 0.0 ], [ 408025.826468693790957, 1840787.268585188314319, 0.0 ], [ 408056.048152776726056, 1840757.046901105437428, 0.0 ], [ 408056.048152776726056, 1840726.825217022327706, 0.0 ], [ 408056.048152776726056, 1840696.603532939450815, 0.0 ], [ 408056.048152776726056, 1840666.381848856341094, 0.0 ], [ 408056.048152776726056, 1840636.160164773464203, 0.0 ], [ 408025.826468693790957, 1840605.938480690587312, 0.0 ], [ 408025.826468693790957, 1840575.71679660747759, 0.0 ], [ 408025.826468693790957, 1840545.4951125246007, 0.0 ], [ 408025.826468693790957, 1840515.273428441490978, 0.0 ], [ 408025.826468693790957, 1840485.051744358614087, 0.0 ], [ 408025.826468693790957, 1840454.830060275737196, 0.0 ], [ 408025.826468693790957, 1840424.608376192627475, 0.0 ], [ 408056.048152776726056, 1840394.386692109750584, 0.0 ], [ 408086.269836859719362, 1840364.165008026640862, 0.0 ], [ 408086.269836859719362, 1840333.943323943763971, 0.0 ], [ 408086.269836859719362, 1840303.72163986088708, 0.0 ], [ 408086.269836859719362, 1840273.499955777777359, 0.0 ], [ 408086.269836859719362, 1840243.278271694900468, 0.0 ], [ 408086.269836859719362, 1840213.056587611790746, 0.0 ], [ 408086.269836859719362, 1840182.834903528913856, 0.0 ], [ 408086.269836859719362, 1840152.613219446036965, 0.0 ], [ 408056.048152776726056, 1840122.391535362927243, 0.0 ], [ 408025.826468693790957, 1840092.169851280050352, 0.0 ], [ 408025.826468693790957, 1840061.948167196940631, 0.0 ], [ 408025.826468693790957, 1840031.72648311406374, 0.0 ], [ 407995.604784610797651, 1840001.504799031186849, 0.0 ] ] ] } },
{ "type": "Feature", "properties": { "subbasin": null, "name": "R2", "reach_len": 14189.58872361562, "reach_rel": 2.0, "reach_sin": 1.408715965852116, "reach_slo": 0.00014094841217399999, "len_units": "Metre", "layer": "Panchganga_River_network", "path": "E:\\Manasi_intern\\HMS_Shp\\Panchganga_River_network.shp" }, "geometry": { "type": "MultiLineString", "coordinates": [ [ [ 412498.635712973191403, 1850095.547282742802054, 0.0 ], [ 412468.414028890198097, 1850125.768966825678945, 0.0 ], [ 412438.192344807262998, 1850155.990650908788666, 0.0 ], [ 412438.192344807262998, 1850186.212334991665557, 0.0 ], [ 412438.192344807262998, 1850216.434019074542448, 0.0 ], [ 412407.970660724269692, 1850246.655703157652169, 0.0 ], [ 412407.970660724269692, 1850276.87738724052906, 0.0 ], [ 412407.970660724269692, 1850307.099071323638782, 0.0 ], [ 412377.748976641334593, 1850337.320755406515673, 0.0 ], [ 412347.527292558341287, 1850367.542439489392564, 0.0 ], [ 412317.305608475347981, 1850397.764123572502285, 0.0 ], [ 412287.083924392412882, 1850427.985807655379176, 0.0 ], [ 412256.862240309419576, 1850458.207491738488898, 0.0 ], [ 412226.640556226484478, 1850488.429175821365789, 0.0 ], [ 412196.418872143491171, 1850518.650859904242679, 0.0 ], [ 412166.197188060497865, 1850518.650859904242679, 0.0 ], [ 412135.975503977562767, 1850518.650859904242679, 0.0 ], [ 412105.75381989456946, 1850518.650859904242679, 0.0 ], [ 412075.532135811634362, 1850518.650859904242679, 0.0 ], [ 412045.310451728641056, 1850518.650859904242679, 0.0 ], [ 412015.088767645647749, 1850518.650859904242679, 0.0 ], [ 411984.867083562712651, 1850518.650859904242679, 0.0 ], [ 411954.645399479719345, 1850518.650859904242679, 0.0 ], [ 411924.423715396784246, 1850518.650859904242679, 0.0 ], [ 411894.20203131379094, 1850518.650859904242679, 0.0 ], [ 411863.980347230797634, 1850518.650859904242679, 0.0 ], [ 411833.758663147862535, 1850518.650859904242679, 0.0 ], [ 411803.536979064927436, 1850518.650859904242679, 0.0 ], [ 411773.31529498193413, 1850518.650859904242679, 0.0 ], [ 411743.093610898940824, 1850518.650859904242679, 0.0 ], [ 411712.871926816005725, 1850518.650859904242679, 0.0 ], [ 411682.650242733012419, 1850518.650859904242679, 0.0 ], [ 411652.428558650077321, 1850518.650859904242679, 0.0 ], [ 411622.206874567084014, 1850518.650859904242679, 0.0 ], [ 411591.985190484090708, 1850518.650859904242679, 0.0 ], [ 411561.76350640115561, 1850488.429175821365789, 0.0 ], [ 411531.541822318162303, 1850488.429175821365789, 0.0 ], [ 411501.320138235227205, 1850458.207491738488898, 0.0 ], [ 411471.098454152233899, 1850427.985807655379176, 0.0 ], [ 411440.876770069240592, 1850397.764123572502285, 0.0 ], [ 411410.655085986305494, 1850367.542439489392564, 0.0 ], [ 411380.433401903312188, 1850337.320755406515673, 0.0 ], [ 411350.211717820377089, 1850307.099071323638782, 0.0 ], [ 411319.990033737383783, 1850307.099071323638782, 0.0 ], [ 411289.768349654390477, 1850307.099071323638782, 0.0 ], [ 411259.546665571455378, 1850276.87738724052906, 0.0 ], [ 411229.324981488462072, 1850246.655703157652169, 0.0 ], [ 411199.103297405526973, 1850216.434019074542448, 0.0 ], [ 411168.881613322533667, 1850186.212334991665557, 0.0 ], [ 411138.659929239540361, 1850155.990650908788666, 0.0 ], [ 411108.438245156605262, 1850155.990650908788666, 0.0 ], [ 411078.216561073670164, 1850125.768966825678945, 0.0 ], [ 411047.994876990676858, 1850095.547282742802054, 0.0 ], [ 411017.773192907683551, 1850065.325598659692332, 0.0 ], [ 410987.551508824748453, 1850065.325598659692332, 0.0 ], [ 410957.329824741755147, 1850035.103914576815441, 0.0 ], [ 410927.108140658820048, 1850004.88223049393855, 0.0 ], [ 410927.108140658820048, 1849974.660546410828829, 0.0 ], [ 410896.886456575826742, 1849944.438862327951938, 0.0 ], [ 410866.664772492833436, 1849914.217178245075047, 0.0 ], [ 410836.443088409898337, 1849883.995494161965325, 0.0 ], [ 410806.221404326905031, 1849853.773810079088435, 0.0 ], [ 410775.999720243969932, 1849823.552125995978713, 0.0 ], [ 410775.999720243969932, 1849793.330441913101822, 0.0 ], [ 410745.778036160976626, 1849763.108757830224931, 0.0 ], [ 410715.55635207798332, 1849732.88707374711521, 0.0 ], [ 410685.334667995048221, 1849732.88707374711521, 0.0 ], [ 410655.112983912054915, 1849732.88707374711521, 0.0 ], [ 410624.891299829119816, 1849732.88707374711521, 0.0 ], [ 410594.66961574612651, 1849732.88707374711521, 0.0 ], [ 410564.447931663133204, 1849732.88707374711521, 0.0 ], [ 410534.226247580198105, 1849702.665389664238319, 0.0 ], [ 410504.004563497204799, 1849672.443705581128597, 0.0 ], [ 410473.782879414269701, 1849642.222021498251706, 0.0 ], [ 410473.782879414269701, 1849612.000337415374815, 0.0 ], [ 410473.782879414269701, 1849581.778653332265094, 0.0 ], [ 410473.782879414269701, 1849551.556969249388203, 0.0 ], [ 410504.004563497204799, 1849521.335285166278481, 0.0 ], [ 410504.004563497204799, 1849491.113601083401591, 0.0 ], [ 410504.004563497204799, 1849460.8919170005247, 0.0 ], [ 410504.004563497204799, 1849430.670232917414978, 0.0 ], [ 410504.004563497204799, 1849400.448548834538087, 0.0 ], [ 410504.004563497204799, 1849370.226864751428366, 0.0 ], [ 410534.226247580198105, 1849340.005180668551475, 0.0 ], [ 410564.447931663133204, 1849309.783496585674584, 0.0 ], [ 410594.66961574612651, 1849279.561812502564862, 0.0 ], [ 410594.66961574612651, 1849249.340128419687971, 0.0 ], [ 410594.66961574612651, 1849219.11844433657825, 0.0 ], [ 410594.66961574612651, 1849188.896760253701359, 0.0 ], [ 410564.447931663133204, 1849158.675076170824468, 0.0 ], [ 410564.447931663133204, 1849128.453392087714747, 0.0 ], [ 410564.447931663133204, 1849098.231708004837856, 0.0 ], [ 410564.447931663133204, 1849068.010023921728134, 0.0 ], [ 410564.447931663133204, 1849037.788339838851243, 0.0 ], [ 410594.66961574612651, 1849007.566655755974352, 0.0 ], [ 410624.891299829119816, 1848977.344971672864631, 0.0 ], [ 410624.891299829119816, 1848947.12328758998774, 0.0 ], [ 410655.112983912054915, 1848916.901603506878018, 0.0 ], [ 410685.334667995048221, 1848886.679919424001127, 0.0 ], [ 410715.55635207798332, 1848856.458235341124237, 0.0 ], [ 410745.778036160976626, 1848826.236551258014515, 0.0 ], [ 410745.778036160976626, 1848796.014867175137624, 0.0 ], [ 410775.999720243969932, 1848765.793183092027903, 0.0 ], [ 410775.999720243969932, 1848735.571499009151012, 0.0 ], [ 410806.221404326905031, 1848705.349814926274121, 0.0 ], [ 410806.221404326905031, 1848675.128130843164399, 0.0 ], [ 410836.443088409898337, 1848644.906446760287508, 0.0 ], [ 410836.443088409898337, 1848614.684762677177787, 0.0 ], [ 410866.664772492833436, 1848584.463078594300896, 0.0 ], [ 410896.886456575826742, 1848554.241394511424005, 0.0 ], [ 410927.108140658820048, 1848524.019710428314283, 0.0 ], [ 410927.108140658820048, 1848493.798026345437393, 0.0 ], [ 410927.108140658820048, 1848463.576342262327671, 0.0 ], [ 410957.329824741755147, 1848433.35465817945078, 0.0 ], [ 410987.551508824748453, 1848403.132974096573889, 0.0 ], [ 410987.551508824748453, 1848372.911290013464168, 0.0 ], [ 410987.551508824748453, 1848342.689605930587277, 0.0 ], [ 411017.773192907683551, 1848312.467921847477555, 0.0 ], [ 411047.994876990676858, 1848282.246237764600664, 0.0 ], [ 411047.994876990676858, 1848252.024553681723773, 0.0 ], [ 411078.216561073670164, 1848221.802869598614052, 0.0 ], [ 411108.438245156605262, 1848191.581185515737161, 0.0 ], [ 411138.659929239540361, 1848161.359501432627439, 0.0 ], [ 411168.881613322533667, 1848131.137817349750549, 0.0 ], [ 411199.103297405526973, 1848100.916133266873658, 0.0 ], [ 411229.324981488462072, 1848070.694449183763936, 0.0 ], [ 411259.546665571455378, 1848040.472765100887045, 0.0 ], [ 411259.546665571455378, 1848010.251081018010154, 0.0 ], [ 411259.546665571455378, 1847980.029396934900433, 0.0 ], [ 411259.546665571455378, 1847949.807712852023542, 0.0 ], [ 411259.546665571455378, 1847919.58602876891382, 0.0 ], [ 411289.768349654390477, 1847889.364344686036929, 0.0 ], [ 411289.768349654390477, 1847859.142660603160039, 0.0 ], [ 411289.768349654390477, 1847828.920976520050317, 0.0 ], [ 411289.768349654390477, 1847798.699292437173426, 0.0 ], [ 411289.768349654390477, 1847768.477608354063705, 0.0 ], [ 411289.768349654390477, 1847738.255924271186814, 0.0 ], [ 411289.768349654390477, 1847708.034240188309923, 0.0 ], [ 411289.768349654390477, 1847677.812556105200201, 0.0 ], [ 411289.768349654390477, 1847647.59087202232331, 0.0 ], [ 411289.768349654390477, 1847617.369187939213589, 0.0 ], [ 411289.768349654390477, 1847587.147503856336698, 0.0 ], [ 411289.768349654390477, 1847556.925819773459807, 0.0 ], [ 411289.768349654390477, 1847526.704135690350085, 0.0 ], [ 411289.768349654390477, 1847496.482451607473195, 0.0 ], [ 411289.768349654390477, 1847466.260767524363473, 0.0 ], [ 411289.768349654390477, 1847436.039083441486582, 0.0 ], [ 411289.768349654390477, 1847405.817399358609691, 0.0 ], [ 411259.546665571455378, 1847375.59571527549997, 0.0 ], [ 411259.546665571455378, 1847345.374031192623079, 0.0 ], [ 411259.546665571455378, 1847315.152347109513357, 0.0 ], [ 411259.546665571455378, 1847284.930663026636466, 0.0 ], [ 411259.546665571455378, 1847254.708978943759575, 0.0 ], [ 411259.546665571455378, 1847224.487294860649854, 0.0 ], [ 411259.546665571455378, 1847194.265610777772963, 0.0 ], [ 411229.324981488462072, 1847164.043926694896072, 0.0 ], [ 411229.324981488462072, 1847133.822242611786351, 0.0 ], [ 411229.324981488462072, 1847103.60055852890946, 0.0 ], [ 411229.324981488462072, 1847073.378874445799738, 0.0 ], [ 411199.103297405526973, 1847043.157190362922847, 0.0 ], [ 411199.103297405526973, 1847012.935506280045956, 0.0 ], [ 411199.103297405526973, 1846982.713822196936235, 0.0 ], [ 411199.103297405526973, 1846952.492138114059344, 0.0 ], [ 411199.103297405526973, 1846922.270454030949622, 0.0 ], [ 411199.103297405526973, 1846892.048769948072731, 0.0 ], [ 411199.103297405526973, 1846861.827085865195841, 0.0 ], [ 411199.103297405526973, 1846831.605401782086119, 0.0 ], [ 411199.103297405526973, 1846801.383717699209228, 0.0 ], [ 411199.103297405526973, 1846771.162033616099507, 0.0 ], [ 411168.881613322533667, 1846740.940349533222616, 0.0 ], [ 411168.881613322533667, 1846710.718665450345725, 0.0 ], [ 411168.881613322533667, 1846680.496981367236003, 0.0 ], [ 411199.103297405526973, 1846650.275297284359112, 0.0 ], [ 411229.324981488462072, 1846620.053613201249391, 0.0 ], [ 411259.546665571455378, 1846589.8319291183725, 0.0 ], [ 411259.546665571455378, 1846559.610245035495609, 0.0 ], [ 411259.546665571455378, 1846529.388560952385888, 0.0 ], [ 411259.546665571455378, 1846499.166876869508997, 0.0 ], [ 411229.324981488462072, 1846468.945192786399275, 0.0 ], [ 411199.103297405526973, 1846438.723508703522384, 0.0 ], [ 411168.881613322533667, 1846408.501824620645493, 0.0 ], [ 411168.881613322533667, 1846378.280140537535772, 0.0 ], [ 411168.881613322533667, 1846348.058456454658881, 0.0 ], [ 411168.881613322533667, 1846317.836772371549159, 0.0 ], [ 411138.659929239540361, 1846287.615088288672268, 0.0 ], [ 411108.438245156605262, 1846257.393404205795377, 0.0 ], [ 411108.438245156605262, 1846227.171720122685656, 0.0 ], [ 411108.438245156605262, 1846196.950036039808765, 0.0 ], [ 411108.438245156605262, 1846166.728351956699044, 0.0 ], [ 411108.438245156605262, 1846136.506667873822153, 0.0 ], [ 411108.438245156605262, 1846106.284983790945262, 0.0 ], [ 411108.438245156605262, 1846076.06329970783554, 0.0 ], [ 411108.438245156605262, 1846045.841615624958649, 0.0 ], [ 411108.438245156605262, 1846015.619931541848928, 0.0 ], [ 411108.438245156605262, 1845985.398247458972037, 0.0 ], [ 411108.438245156605262, 1845955.176563376095146, 0.0 ], [ 411108.438245156605262, 1845924.954879292985424, 0.0 ], [ 411108.438245156605262, 1845894.733195210108534, 0.0 ], [ 411108.438245156605262, 1845864.511511126998812, 0.0 ], [ 411078.216561073670164, 1845834.289827044121921, 0.0 ], [ 411078.216561073670164, 1845804.06814296124503, 0.0 ], [ 411078.216561073670164, 1845773.846458878135309, 0.0 ], [ 411078.216561073670164, 1845743.624774795258418, 0.0 ], [ 411047.994876990676858, 1845713.403090712148696, 0.0 ], [ 411017.773192907683551, 1845683.181406629271805, 0.0 ], [ 411017.773192907683551, 1845652.959722546394914, 0.0 ], [ 411017.773192907683551, 1845622.738038463285193, 0.0 ], [ 411017.773192907683551, 1845592.516354380408302, 0.0 ], [ 411017.773192907683551, 1845562.29467029729858, 0.0 ], [ 411017.773192907683551, 1845532.07298621442169, 0.0 ], [ 410987.551508824748453, 1845501.851302131544799, 0.0 ], [ 410987.551508824748453, 1845471.629618048435077, 0.0 ], [ 410957.329824741755147, 1845441.407933965558186, 0.0 ], [ 410927.108140658820048, 1845441.407933965558186, 0.0 ], [ 410927.108140658820048, 1845411.186249882448465, 0.0 ], [ 410927.108140658820048, 1845380.964565799571574, 0.0 ], [ 410896.886456575826742, 1845350.742881716694683, 0.0 ], [ 410896.886456575826742, 1845320.521197633584961, 0.0 ], [ 410896.886456575826742, 1845290.29951355070807, 0.0 ], [ 410896.886456575826742, 1845260.077829467831179, 0.0 ], [ 410896.886456575826742, 1845229.856145384721458, 0.0 ], [ 410896.886456575826742, 1845199.634461301844567, 0.0 ], [ 410866.664772492833436, 1845169.412777218734846, 0.0 ], [ 410836.443088409898337, 1845139.191093135857955, 0.0 ], [ 410836.443088409898337, 1845108.969409052981064, 0.0 ], [ 410806.221404326905031, 1845078.747724969871342, 0.0 ], [ 410775.999720243969932, 1845048.526040886994451, 0.0 ], [ 410775.999720243969932, 1845018.30435680388473, 0.0 ], [ 410775.999720243969932, 1844988.082672721007839, 0.0 ], [ 410775.999720243969932, 1844957.860988638130948, 0.0 ], [ 410745.778036160976626, 1844927.639304555021226, 0.0 ], [ 410745.778036160976626, 1844897.417620472144336, 0.0 ], [ 410715.55635207798332, 1844867.195936389034614, 0.0 ], [ 410715.55635207798332, 1844836.974252306157723, 0.0 ], [ 410715.55635207798332, 1844806.752568223280832, 0.0 ], [ 410685.334667995048221, 1844776.530884140171111, 0.0 ], [ 410655.112983912054915, 1844746.30920005729422, 0.0 ], [ 410624.891299829119816, 1844716.087515974184498, 0.0 ], [ 410624.891299829119816, 1844685.865831891307607, 0.0 ], [ 410624.891299829119816, 1844655.644147808430716, 0.0 ], [ 410594.66961574612651, 1844625.422463725320995, 0.0 ], [ 410594.66961574612651, 1844595.200779642444104, 0.0 ], [ 410564.447931663133204, 1844595.200779642444104, 0.0 ], [ 410534.226247580198105, 1844564.979095559334382, 0.0 ], [ 410504.004563497204799, 1844534.757411476457492, 0.0 ], [ 410473.782879414269701, 1844504.535727393580601, 0.0 ], [ 410443.561195331276394, 1844474.314043310470879, 0.0 ], [ 410413.339511248341296, 1844474.314043310470879, 0.0 ], [ 410413.339511248341296, 1844444.092359227593988, 0.0 ], [ 410413.339511248341296, 1844413.870675144484267, 0.0 ], [ 410413.339511248341296, 1844383.648991061607376, 0.0 ], [ 410413.339511248341296, 1844353.427306978730485, 0.0 ], [ 410413.339511248341296, 1844323.205622895620763, 0.0 ], [ 410383.11782716534799, 1844292.983938812743872, 0.0 ], [ 410383.11782716534799, 1844262.762254729866982, 0.0 ], [ 410383.11782716534799, 1844232.54057064675726, 0.0 ], [ 410413.339511248341296, 1844202.318886563880369, 0.0 ], [ 410443.561195331276394, 1844172.097202480770648, 0.0 ], [ 410443.561195331276394, 1844141.875518397893757, 0.0 ], [ 410443.561195331276394, 1844111.653834315016866, 0.0 ], [ 410413.339511248341296, 1844081.432150231907144, 0.0 ], [ 410383.11782716534799, 1844051.210466149030253, 0.0 ], [ 410352.896143082412891, 1844020.988782065920532, 0.0 ], [ 410322.674458999419585, 1843990.767097983043641, 0.0 ], [ 410292.452774916426279, 1843990.767097983043641, 0.0 ], [ 410262.23109083349118, 1843990.767097983043641, 0.0 ], [ 410232.009406750497874, 1843990.767097983043641, 0.0 ], [ 410201.787722667562775, 1843990.767097983043641, 0.0 ], [ 410171.566038584569469, 1843990.767097983043641, 0.0 ], [ 410141.344354501576163, 1843990.767097983043641, 0.0 ], [ 410111.122670418641064, 1843990.767097983043641, 0.0 ], [ 410080.900986335647758, 1843960.54541390016675, 0.0 ], [ 410050.67930225271266, 1843930.323729817057028, 0.0 ], [ 410020.457618169719353, 1843930.323729817057028, 0.0 ], [ 409990.235934086726047, 1843930.323729817057028, 0.0 ], [ 409960.014250003790949, 1843930.323729817057028, 0.0 ], [ 409929.792565920797642, 1843930.323729817057028, 0.0 ], [ 409899.570881837862544, 1843930.323729817057028, 0.0 ], [ 409869.349197754869238, 1843930.323729817057028, 0.0 ], [ 409839.127513671875931, 1843900.102045734180138, 0.0 ], [ 409808.905829588940833, 1843869.880361651070416, 0.0 ], [ 409778.684145505947527, 1843869.880361651070416, 0.0 ], [ 409748.462461423012428, 1843869.880361651070416, 0.0 ], [ 409718.240777340019122, 1843839.658677568193525, 0.0 ], [ 409688.019093257084023, 1843809.436993485316634, 0.0 ], [ 409657.797409174090717, 1843779.215309402206913, 0.0 ], [ 409627.575725091155618, 1843779.215309402206913, 0.0 ], [ 409597.354041008162312, 1843748.993625319330022, 0.0 ], [ 409567.132356925169006, 1843748.993625319330022, 0.0 ], [ 409536.910672842233907, 1843748.993625319330022, 0.0 ], [ 409506.688988759240601, 1843748.993625319330022, 0.0 ], [ 409476.467304676305503, 1843748.993625319330022, 0.0 ], [ 409446.245620593312196, 1843748.993625319330022, 0.0 ], [ 409416.02393651031889, 1843748.993625319330022, 0.0 ], [ 409385.802252427383792, 1843718.7719412362203, 0.0 ], [ 409355.580568344390485, 1843718.7719412362203, 0.0 ], [ 409325.358884261455387, 1843718.7719412362203, 0.0 ], [ 409295.137200178462081, 1843718.7719412362203, 0.0 ], [ 409264.915516095468774, 1843718.7719412362203, 0.0 ], [ 409234.693832012533676, 1843688.550257153343409, 0.0 ], [ 409204.47214792954037, 1843658.328573070466518, 0.0 ], [ 409174.250463846605271, 1843628.106888987356797, 0.0 ], [ 409144.028779763611965, 1843597.885204904479906, 0.0 ], [ 409113.807095680676866, 1843597.885204904479906, 0.0 ], [ 409083.58541159768356, 1843597.885204904479906, 0.0 ], [ 409053.363727514690254, 1843567.663520821370184, 0.0 ], [ 409023.142043431755155, 1843567.663520821370184, 0.0 ], [ 408992.920359348761849, 1843567.663520821370184, 0.0 ], [ 408962.698675265826751, 1843567.663520821370184, 0.0 ], [ 408932.476991182833444, 1843567.663520821370184, 0.0 ], [ 408902.255307099898346, 1843567.663520821370184, 0.0 ], [ 408872.03362301690504, 1843567.663520821370184, 0.0 ], [ 408841.811938933911733, 1843567.663520821370184, 0.0 ], [ 408811.590254850976635, 1843537.441836738493294, 0.0 ], [ 408781.368570767983329, 1843537.441836738493294, 0.0 ], [ 408751.14688668504823, 1843507.220152655616403, 0.0 ], [ 408720.925202602054924, 1843507.220152655616403, 0.0 ], [ 408690.703518519061618, 1843507.220152655616403, 0.0 ], [ 408660.481834436126519, 1843507.220152655616403, 0.0 ], [ 408630.260150353133213, 1843507.220152655616403, 0.0 ], [ 408600.038466270198114, 1843507.220152655616403, 0.0 ], [ 408569.816782187204808, 1843507.220152655616403, 0.0 ], [ 408539.595098104211502, 1843507.220152655616403, 0.0 ], [ 408509.373414021276403, 1843507.220152655616403, 0.0 ], [ 408479.151729938283097, 1843507.220152655616403, 0.0 ], [ 408448.930045855347998, 1843507.220152655616403, 0.0 ], [ 408418.708361772354692, 1843507.220152655616403, 0.0 ], [ 408388.486677689419594, 1843507.220152655616403, 0.0 ], [ 408358.264993606426287, 1843476.998468572506681, 0.0 ], [ 408328.043309523432981, 1843446.77678448962979, 0.0 ], [ 408297.821625440497883, 1843446.77678448962979, 0.0 ], [ 408267.599941357504576, 1843446.77678448962979, 0.0 ], [ 408237.378257274569478, 1843416.555100406520069, 0.0 ], [ 408207.156573191576172, 1843386.333416323643178, 0.0 ], [ 408176.934889108641073, 1843356.111732240766287, 0.0 ], [ 408146.713205025647767, 1843356.111732240766287, 0.0 ], [ 408116.491520942654461, 1843356.111732240766287, 0.0 ], [ 408086.269836859719362, 1843356.111732240766287, 0.0 ], [ 408056.048152776726056, 1843356.111732240766287, 0.0 ], [ 408025.826468693790957, 1843325.890048157656565, 0.0 ], [ 407995.604784610797651, 1843295.668364074779674, 0.0 ], [ 407965.383100527804345, 1843265.446679991669953, 0.0 ], [ 407935.161416444869246, 1843235.224995908793062, 0.0 ], [ 407904.93973236187594, 1843205.003311825916171, 0.0 ], [ 407874.718048278940842, 1843174.78162774280645, 0.0 ], [ 407844.496364195947535, 1843144.559943659929559, 0.0 ], [ 407814.274680112954229, 1843144.559943659929559, 0.0 ], [ 407784.052996030019131, 1843114.338259576819837, 0.0 ], [ 407753.831311947025824, 1843084.116575493942946, 0.0 ], [ 407723.609627864090726, 1843053.894891411066055, 0.0 ], [ 407693.38794378109742, 1843023.673207327956334, 0.0 ], [ 407663.166259698162321, 1842993.451523245079443, 0.0 ], [ 407632.944575615169015, 1842993.451523245079443, 0.0 ], [ 407602.722891532233916, 1842993.451523245079443, 0.0 ], [ 407572.50120744924061, 1842993.451523245079443, 0.0 ], [ 407542.279523366247304, 1842963.229839161969721, 0.0 ], [ 407512.057839283312205, 1842963.229839161969721, 0.0 ], [ 407481.836155200318899, 1842933.00815507909283, 0.0 ], [ 407451.6144711173838, 1842933.00815507909283, 0.0 ], [ 407421.392787034390494, 1842933.00815507909283, 0.0 ], [ 407391.171102951397188, 1842902.78647099621594, 0.0 ], [ 407360.949418868462089, 1842872.564786913106218, 0.0 ], [ 407330.727734785468783, 1842842.343102830229327, 0.0 ], [ 407300.506050702533685, 1842812.121418747119606, 0.0 ], [ 407270.284366619540378, 1842781.899734664242715, 0.0 ], [ 407240.062682536547072, 1842781.899734664242715, 0.0 ], [ 407209.840998453611974, 1842751.678050581365824, 0.0 ], [ 407179.619314370618667, 1842751.678050581365824, 0.0 ], [ 407149.397630287683569, 1842751.678050581365824, 0.0 ], [ 407119.175946204690263, 1842751.678050581365824, 0.0 ], [ 407088.954262121696956, 1842721.456366498256102, 0.0 ], [ 407058.732578038761858, 1842721.456366498256102, 0.0 ], [ 407028.510893955768552, 1842721.456366498256102, 0.0 ], [ 406998.289209872833453, 1842721.456366498256102, 0.0 ], [ 406968.067525789840147, 1842721.456366498256102, 0.0 ], [ 406937.845841706905048, 1842751.678050581365824, 0.0 ], [ 406907.624157623911742, 1842751.678050581365824, 0.0 ], [ 406877.402473540976644, 1842751.678050581365824, 0.0 ], [ 406847.180789457983337, 1842721.456366498256102, 0.0 ], [ 406816.959105374990031, 1842691.234682415379211, 0.0 ], [ 406786.737421292054933, 1842691.234682415379211, 0.0 ], [ 406756.515737209061626, 1842661.01299833226949, 0.0 ], [ 406726.294053126126528, 1842630.791314249392599, 0.0 ], [ 406696.072369043133222, 1842630.791314249392599, 0.0 ], [ 406665.850684960139915, 1842600.569630166515708, 0.0 ], [ 406635.629000877204817, 1842600.569630166515708, 0.0 ], [ 406605.407316794211511, 1842570.347946083405986, 0.0 ], [ 406575.185632711276412, 1842540.126262000529096, 0.0 ], [ 406544.963948628283106, 1842540.126262000529096, 0.0 ], [ 406514.7422645452898, 1842540.126262000529096, 0.0 ], [ 406484.520580462354701, 1842540.126262000529096, 0.0 ], [ 406454.298896379361395, 1842540.126262000529096, 0.0 ], [ 406424.077212296426296, 1842540.126262000529096, 0.0 ], [ 406393.85552821343299, 1842509.904577917652205, 0.0 ], [ 406363.633844130439684, 1842509.904577917652205, 0.0 ], [ 406333.412160047504585, 1842479.682893834542483, 0.0 ], [ 406303.190475964511279, 1842479.682893834542483, 0.0 ], [ 406272.96879188157618, 1842449.461209751665592, 0.0 ], [ 406242.747107798582874, 1842419.239525668555871, 0.0 ], [ 406212.525423715647776, 1842389.01784158567898, 0.0 ], [ 406182.303739632654469, 1842358.796157502802089, 0.0 ], [ 406152.082055549719371, 1842328.574473419692367, 0.0 ], [ 406121.860371466726065, 1842298.352789336815476, 0.0 ] ] ] } },
{ "type": "Feature", "properties": { "subbasin": null, "name": "R3", "reach_len": 39872.808784252717, "reach_rel": 11.0, "reach_sin": 1.8104748927277881, "reach_slo": 0.00027587722900400001, "len_units": "Metre", "layer": "Panchganga_River_network", "path": "E:\\Manasi_intern\\HMS_Shp\\Panchganga_River_network.shp" }, "geometry": { "type": "MultiLineString", "coordinates": [ [ [ 412498.635712973191403, 1850095.547282742802054, 0.0 ], [ 412528.857397056184709, 1850125.768966825678945, 0.0 ], [ 412528.857397056184709, 1850155.990650908788666, 0.0 ], [ 412528.857397056184709, 1850186.212334991665557, 0.0 ], [ 412528.857397056184709, 1850216.434019074542448, 0.0 ], [ 412528.857397056184709, 1850246.655703157652169, 0.0 ], [ 412528.857397056184709, 1850276.87738724052906, 0.0 ], [ 412559.079081139119808, 1850307.099071323638782, 0.0 ], [ 412589.300765222054906, 1850337.320755406515673, 0.0 ], [ 412619.522449305048212, 1850367.542439489392564, 0.0 ], [ 412649.744133388041519, 1850397.764123572502285, 0.0 ], [ 412679.965817470976617, 1850427.985807655379176, 0.0 ], [ 412679.965817470976617, 1850458.207491738488898, 0.0 ], [ 412679.965817470976617, 1850488.429175821365789, 0.0 ], [ 412679.965817470976617, 1850518.650859904242679, 0.0 ], [ 412679.965817470976617, 1850548.872543987352401, 0.0 ], [ 412679.965817470976617, 1850579.094228070229292, 0.0 ], [ 412649.744133388041519, 1850609.315912153339013, 0.0 ], [ 412649.744133388041519, 1850639.537596236215904, 0.0 ], [ 412649.744133388041519, 1850669.759280319092795, 0.0 ], [ 412649.744133388041519, 1850699.980964402202517, 0.0 ], [ 412619.522449305048212, 1850730.202648485079408, 0.0 ], [ 412619.522449305048212, 1850760.424332568189129, 0.0 ], [ 412619.522449305048212, 1850790.64601665106602, 0.0 ], [ 412589.300765222054906, 1850820.867700733942911, 0.0 ], [ 412559.079081139119808, 1850851.089384817052633, 0.0 ], [ 412528.857397056184709, 1850881.311068899929523, 0.0 ], [ 412528.857397056184709, 1850911.532752983039245, 0.0 ], [ 412528.857397056184709, 1850941.754437065916136, 0.0 ], [ 412528.857397056184709, 1850971.976121148793027, 0.0 ], [ 412498.635712973191403, 1851002.197805231902748, 0.0 ], [ 412468.414028890198097, 1851032.419489314779639, 0.0 ], [ 412468.414028890198097, 1851062.64117339765653, 0.0 ], [ 412468.414028890198097, 1851092.862857480766252, 0.0 ], [ 412498.635712973191403, 1851123.084541563643143, 0.0 ], [ 412498.635712973191403, 1851153.306225646752864, 0.0 ], [ 412468.414028890198097, 1851183.527909729629755, 0.0 ], [ 412468.414028890198097, 1851213.749593812506646, 0.0 ], [ 412438.192344807262998, 1851243.971277895616367, 0.0 ], [ 412407.970660724269692, 1851274.192961978493258, 0.0 ], [ 412377.748976641334593, 1851304.41464606160298, 0.0 ], [ 412347.527292558341287, 1851334.636330144479871, 0.0 ], [ 412317.305608475347981, 1851334.636330144479871, 0.0 ], [ 412287.083924392412882, 1851364.858014227356762, 0.0 ], [ 412287.083924392412882, 1851395.079698310466483, 0.0 ], [ 412287.083924392412882, 1851425.301382393343374, 0.0 ], [ 412287.083924392412882, 1851455.523066476453096, 0.0 ], [ 412317.305608475347981, 1851485.744750559329987, 0.0 ], [ 412347.527292558341287, 1851515.966434642206877, 0.0 ], [ 412347.527292558341287, 1851546.188118725316599, 0.0 ], [ 412347.527292558341287, 1851576.40980280819349, 0.0 ], [ 412347.527292558341287, 1851606.631486891303211, 0.0 ], [ 412347.527292558341287, 1851636.853170974180102, 0.0 ], [ 412317.305608475347981, 1851667.074855057056993, 0.0 ], [ 412317.305608475347981, 1851697.296539140166715, 0.0 ], [ 412317.305608475347981, 1851727.518223223043606, 0.0 ], [ 412317.305608475347981, 1851757.739907306153327, 0.0 ], [ 412317.305608475347981, 1851787.961591389030218, 0.0 ], [ 412347.527292558341287, 1851818.183275471907109, 0.0 ], [ 412347.527292558341287, 1851848.404959555016831, 0.0 ], [ 412347.527292558341287, 1851878.626643637893721, 0.0 ], [ 412347.527292558341287, 1851908.848327721003443, 0.0 ], [ 412347.527292558341287, 1851939.070011803880334, 0.0 ], [ 412317.305608475347981, 1851969.291695886757225, 0.0 ], [ 412287.083924392412882, 1851999.513379969866946, 0.0 ], [ 412256.862240309419576, 1852029.735064052743837, 0.0 ], [ 412226.640556226484478, 1852059.956748135853559, 0.0 ], [ 412226.640556226484478, 1852090.17843221873045, 0.0 ], [ 412226.640556226484478, 1852120.400116301607341, 0.0 ], [ 412196.418872143491171, 1852150.621800384717062, 0.0 ], [ 412166.197188060497865, 1852180.843484467593953, 0.0 ], [ 412135.975503977562767, 1852211.065168550703675, 0.0 ], [ 412135.975503977562767, 1852241.286852633580565, 0.0 ], [ 412105.75381989456946, 1852271.508536716457456, 0.0 ], [ 412075.532135811634362, 1852271.508536716457456, 0.0 ], [ 412045.310451728641056, 1852301.730220799567178, 0.0 ], [ 412015.088767645647749, 1852301.730220799567178, 0.0 ], [ 411984.867083562712651, 1852331.951904882444069, 0.0 ], [ 411954.645399479719345, 1852362.17358896555379, 0.0 ], [ 411924.423715396784246, 1852392.395273048430681, 0.0 ], [ 411894.20203131379094, 1852392.395273048430681, 0.0 ], [ 411863.980347230797634, 1852392.395273048430681, 0.0 ], [ 411833.758663147862535, 1852392.395273048430681, 0.0 ], [ 411803.536979064927436, 1852392.395273048430681, 0.0 ], [ 411773.31529498193413, 1852422.616957131307572, 0.0 ], [ 411743.093610898940824, 1852422.616957131307572, 0.0 ], [ 411712.871926816005725, 1852452.838641214417294, 0.0 ], [ 411682.650242733012419, 1852483.060325297294185, 0.0 ], [ 411652.428558650077321, 1852513.282009380403906, 0.0 ], [ 411622.206874567084014, 1852543.503693463280797, 0.0 ], [ 411622.206874567084014, 1852573.725377546157688, 0.0 ], [ 411591.985190484090708, 1852603.947061629267409, 0.0 ], [ 411561.76350640115561, 1852634.1687457121443, 0.0 ], [ 411531.541822318162303, 1852634.1687457121443, 0.0 ], [ 411501.320138235227205, 1852664.390429795254022, 0.0 ], [ 411471.098454152233899, 1852664.390429795254022, 0.0 ], [ 411440.876770069240592, 1852634.1687457121443, 0.0 ], [ 411410.655085986305494, 1852603.947061629267409, 0.0 ], [ 411380.433401903312188, 1852573.725377546157688, 0.0 ], [ 411350.211717820377089, 1852543.503693463280797, 0.0 ], [ 411319.990033737383783, 1852543.503693463280797, 0.0 ], [ 411289.768349654390477, 1852513.282009380403906, 0.0 ], [ 411259.546665571455378, 1852483.060325297294185, 0.0 ], [ 411229.324981488462072, 1852483.060325297294185, 0.0 ], [ 411199.103297405526973, 1852452.838641214417294, 0.0 ], [ 411168.881613322533667, 1852422.616957131307572, 0.0 ], [ 411138.659929239540361, 1852392.395273048430681, 0.0 ], [ 411108.438245156605262, 1852362.17358896555379, 0.0 ], [ 411078.216561073670164, 1852331.951904882444069, 0.0 ], [ 411047.994876990676858, 1852331.951904882444069, 0.0 ], [ 411017.773192907683551, 1852331.951904882444069, 0.0 ], [ 410987.551508824748453, 1852331.951904882444069, 0.0 ], [ 410957.329824741755147, 1852331.951904882444069, 0.0 ], [ 410927.108140658820048, 1852362.17358896555379, 0.0 ], [ 410896.886456575826742, 1852392.395273048430681, 0.0 ], [ 410866.664772492833436, 1852422.616957131307572, 0.0 ], [ 410836.443088409898337, 1852452.838641214417294, 0.0 ], [ 410806.221404326905031, 1852483.060325297294185, 0.0 ], [ 410775.999720243969932, 1852513.282009380403906, 0.0 ], [ 410745.778036160976626, 1852513.282009380403906, 0.0 ], [ 410715.55635207798332, 1852543.503693463280797, 0.0 ], [ 410685.334667995048221, 1852573.725377546157688, 0.0 ], [ 410655.112983912054915, 1852603.947061629267409, 0.0 ], [ 410624.891299829119816, 1852634.1687457121443, 0.0 ], [ 410594.66961574612651, 1852664.390429795254022, 0.0 ], [ 410564.447931663133204, 1852664.390429795254022, 0.0 ], [ 410534.226247580198105, 1852664.390429795254022, 0.0 ], [ 410504.004563497204799, 1852694.612113878130913, 0.0 ], [ 410473.782879414269701, 1852724.833797961007804, 0.0 ], [ 410443.561195331276394, 1852755.055482044117525, 0.0 ], [ 410413.339511248341296, 1852785.277166126994416, 0.0 ], [ 410383.11782716534799, 1852785.277166126994416, 0.0 ], [ 410352.896143082412891, 1852785.277166126994416, 0.0 ], [ 410322.674458999419585, 1852785.277166126994416, 0.0 ], [ 410292.452774916426279, 1852785.277166126994416, 0.0 ], [ 410262.23109083349118, 1852785.277166126994416, 0.0 ], [ 410232.009406750497874, 1852785.277166126994416, 0.0 ], [ 410201.787722667562775, 1852815.498850209871307, 0.0 ], [ 410171.566038584569469, 1852815.498850209871307, 0.0 ], [ 410141.344354501576163, 1852815.498850209871307, 0.0 ], [ 410111.122670418641064, 1852785.277166126994416, 0.0 ], [ 410080.900986335647758, 1852755.055482044117525, 0.0 ], [ 410050.67930225271266, 1852755.055482044117525, 0.0 ], [ 410020.457618169719353, 1852755.055482044117525, 0.0 ], [ 409990.235934086726047, 1852755.055482044117525, 0.0 ], [ 409960.014250003790949, 1852755.055482044117525, 0.0 ], [ 409929.792565920797642, 1852755.055482044117525, 0.0 ], [ 409899.570881837862544, 1852755.055482044117525, 0.0 ], [ 409869.349197754869238, 1852755.055482044117525, 0.0 ], [ 409839.127513671875931, 1852724.833797961007804, 0.0 ], [ 409808.905829588940833, 1852694.612113878130913, 0.0 ], [ 409778.684145505947527, 1852694.612113878130913, 0.0 ], [ 409748.462461423012428, 1852694.612113878130913, 0.0 ], [ 409718.240777340019122, 1852664.390429795254022, 0.0 ], [ 409688.019093257084023, 1852634.1687457121443, 0.0 ], [ 409657.797409174090717, 1852603.947061629267409, 0.0 ], [ 409627.575725091155618, 1852603.947061629267409, 0.0 ], [ 409597.354041008162312, 1852573.725377546157688, 0.0 ], [ 409567.132356925169006, 1852573.725377546157688, 0.0 ], [ 409536.910672842233907, 1852543.503693463280797, 0.0 ], [ 409506.688988759240601, 1852513.282009380403906, 0.0 ], [ 409476.467304676305503, 1852483.060325297294185, 0.0 ], [ 409446.245620593312196, 1852452.838641214417294, 0.0 ], [ 409416.02393651031889, 1852452.838641214417294, 0.0 ], [ 409385.802252427383792, 1852422.616957131307572, 0.0 ], [ 409385.802252427383792, 1852392.395273048430681, 0.0 ], [ 409355.580568344390485, 1852392.395273048430681, 0.0 ], [ 409325.358884261455387, 1852362.17358896555379, 0.0 ], [ 409295.137200178462081, 1852331.951904882444069, 0.0 ], [ 409264.915516095468774, 1852301.730220799567178, 0.0 ], [ 409234.693832012533676, 1852271.508536716457456, 0.0 ], [ 409204.47214792954037, 1852271.508536716457456, 0.0 ], [ 409174.250463846605271, 1852241.286852633580565, 0.0 ], [ 409144.028779763611965, 1852211.065168550703675, 0.0 ], [ 409113.807095680676866, 1852211.065168550703675, 0.0 ], [ 409083.58541159768356, 1852211.065168550703675, 0.0 ], [ 409053.363727514690254, 1852180.843484467593953, 0.0 ], [ 409023.142043431755155, 1852150.621800384717062, 0.0 ], [ 408992.920359348761849, 1852120.400116301607341, 0.0 ], [ 408962.698675265826751, 1852120.400116301607341, 0.0 ], [ 408932.476991182833444, 1852090.17843221873045, 0.0 ], [ 408902.255307099898346, 1852059.956748135853559, 0.0 ], [ 408902.255307099898346, 1852029.735064052743837, 0.0 ], [ 408902.255307099898346, 1851999.513379969866946, 0.0 ], [ 408902.255307099898346, 1851969.291695886757225, 0.0 ], [ 408872.03362301690504, 1851969.291695886757225, 0.0 ], [ 408841.811938933911733, 1851939.070011803880334, 0.0 ], [ 408811.590254850976635, 1851908.848327721003443, 0.0 ], [ 408781.368570767983329, 1851878.626643637893721, 0.0 ], [ 408751.14688668504823, 1851848.404959555016831, 0.0 ], [ 408751.14688668504823, 1851818.183275471907109, 0.0 ], [ 408720.925202602054924, 1851787.961591389030218, 0.0 ], [ 408690.703518519061618, 1851757.739907306153327, 0.0 ], [ 408660.481834436126519, 1851727.518223223043606, 0.0 ], [ 408630.260150353133213, 1851697.296539140166715, 0.0 ], [ 408600.038466270198114, 1851667.074855057056993, 0.0 ], [ 408569.816782187204808, 1851636.853170974180102, 0.0 ], [ 408539.595098104211502, 1851606.631486891303211, 0.0 ], [ 408509.373414021276403, 1851576.40980280819349, 0.0 ], [ 408479.151729938283097, 1851546.188118725316599, 0.0 ], [ 408448.930045855347998, 1851515.966434642206877, 0.0 ], [ 408418.708361772354692, 1851485.744750559329987, 0.0 ], [ 408388.486677689419594, 1851455.523066476453096, 0.0 ], [ 408358.264993606426287, 1851425.301382393343374, 0.0 ], [ 408328.043309523432981, 1851395.079698310466483, 0.0 ], [ 408297.821625440497883, 1851364.858014227356762, 0.0 ], [ 408267.599941357504576, 1851334.636330144479871, 0.0 ], [ 408237.378257274569478, 1851304.41464606160298, 0.0 ], [ 408207.156573191576172, 1851274.192961978493258, 0.0 ], [ 408176.934889108641073, 1851243.971277895616367, 0.0 ], [ 408146.713205025647767, 1851213.749593812506646, 0.0 ], [ 408116.491520942654461, 1851213.749593812506646, 0.0 ], [ 408086.269836859719362, 1851213.749593812506646, 0.0 ], [ 408056.048152776726056, 1851243.971277895616367, 0.0 ], [ 408025.826468693790957, 1851274.192961978493258, 0.0 ], [ 407995.604784610797651, 1851304.41464606160298, 0.0 ], [ 407965.383100527804345, 1851304.41464606160298, 0.0 ], [ 407935.161416444869246, 1851304.41464606160298, 0.0 ], [ 407904.93973236187594, 1851274.192961978493258, 0.0 ], [ 407874.718048278940842, 1851274.192961978493258, 0.0 ], [ 407844.496364195947535, 1851243.971277895616367, 0.0 ], [ 407814.274680112954229, 1851213.749593812506646, 0.0 ], [ 407784.052996030019131, 1851213.749593812506646, 0.0 ], [ 407753.831311947025824, 1851213.749593812506646, 0.0 ], [ 407723.609627864090726, 1851213.749593812506646, 0.0 ], [ 407693.38794378109742, 1851213.749593812506646, 0.0 ], [ 407663.166259698162321, 1851183.527909729629755, 0.0 ], [ 407632.944575615169015, 1851213.749593812506646, 0.0 ], [ 407602.722891532233916, 1851243.971277895616367, 0.0 ], [ 407572.50120744924061, 1851274.192961978493258, 0.0 ], [ 407542.279523366247304, 1851304.41464606160298, 0.0 ], [ 407512.057839283312205, 1851334.636330144479871, 0.0 ], [ 407481.836155200318899, 1851364.858014227356762, 0.0 ], [ 407451.6144711173838, 1851364.858014227356762, 0.0 ], [ 407421.392787034390494, 1851395.079698310466483, 0.0 ], [ 407391.171102951397188, 1851395.079698310466483, 0.0 ], [ 407360.949418868462089, 1851395.079698310466483, 0.0 ], [ 407330.727734785468783, 1851395.079698310466483, 0.0 ], [ 407300.506050702533685, 1851395.079698310466483, 0.0 ], [ 407270.284366619540378, 1851395.079698310466483, 0.0 ], [ 407240.062682536547072, 1851425.301382393343374, 0.0 ], [ 407209.840998453611974, 1851455.523066476453096, 0.0 ], [ 407179.619314370618667, 1851485.744750559329987, 0.0 ], [ 407149.397630287683569, 1851515.966434642206877, 0.0 ], [ 407119.175946204690263, 1851546.188118725316599, 0.0 ], [ 407088.954262121696956, 1851546.188118725316599, 0.0 ], [ 407058.732578038761858, 1851515.966434642206877, 0.0 ], [ 407028.510893955768552, 1851485.744750559329987, 0.0 ], [ 406998.289209872833453, 1851485.744750559329987, 0.0 ], [ 406968.067525789840147, 1851515.966434642206877, 0.0 ], [ 406937.845841706905048, 1851515.966434642206877, 0.0 ], [ 406907.624157623911742, 1851515.966434642206877, 0.0 ], [ 406877.402473540976644, 1851546.188118725316599, 0.0 ], [ 406847.180789457983337, 1851576.40980280819349, 0.0 ], [ 406816.959105374990031, 1851546.188118725316599, 0.0 ], [ 406786.737421292054933, 1851546.188118725316599, 0.0 ], [ 406756.515737209061626, 1851546.188118725316599, 0.0 ], [ 406726.294053126126528, 1851576.40980280819349, 0.0 ], [ 406696.072369043133222, 1851576.40980280819349, 0.0 ], [ 406665.850684960139915, 1851606.631486891303211, 0.0 ], [ 406635.629000877204817, 1851606.631486891303211, 0.0 ], [ 406605.407316794211511, 1851606.631486891303211, 0.0 ], [ 406575.185632711276412, 1851606.631486891303211, 0.0 ], [ 406544.963948628283106, 1851636.853170974180102, 0.0 ], [ 406514.7422645452898, 1851667.074855057056993, 0.0 ], [ 406484.520580462354701, 1851697.296539140166715, 0.0 ], [ 406454.298896379361395, 1851727.518223223043606, 0.0 ], [ 406424.077212296426296, 1851757.739907306153327, 0.0 ], [ 406424.077212296426296, 1851787.961591389030218, 0.0 ], [ 406424.077212296426296, 1851818.183275471907109, 0.0 ], [ 406424.077212296426296, 1851848.404959555016831, 0.0 ], [ 406393.85552821343299, 1851878.626643637893721, 0.0 ], [ 406363.633844130439684, 1851908.848327721003443, 0.0 ], [ 406363.633844130439684, 1851939.070011803880334, 0.0 ], [ 406363.633844130439684, 1851969.291695886757225, 0.0 ], [ 406363.633844130439684, 1851999.513379969866946, 0.0 ], [ 406333.412160047504585, 1852029.735064052743837, 0.0 ], [ 406303.190475964511279, 1852059.956748135853559, 0.0 ], [ 406272.96879188157618, 1852090.17843221873045, 0.0 ], [ 406242.747107798582874, 1852120.400116301607341, 0.0 ], [ 406212.525423715647776, 1852150.621800384717062, 0.0 ], [ 406182.303739632654469, 1852180.843484467593953, 0.0 ], [ 406152.082055549719371, 1852180.843484467593953, 0.0 ], [ 406121.860371466726065, 1852211.065168550703675, 0.0 ], [ 406121.860371466726065, 1852241.286852633580565, 0.0 ], [ 406091.638687383732758, 1852271.508536716457456, 0.0 ], [ 406061.41700330079766, 1852301.730220799567178, 0.0 ], [ 406061.41700330079766, 1852331.951904882444069, 0.0 ], [ 406031.195319217804354, 1852362.17358896555379, 0.0 ], [ 406031.195319217804354, 1852392.395273048430681, 0.0 ], [ 406000.973635134869255, 1852422.616957131307572, 0.0 ], [ 405970.751951051875949, 1852452.838641214417294, 0.0 ], [ 405940.530266968882643, 1852483.060325297294185, 0.0 ], [ 405910.308582885947544, 1852483.060325297294185, 0.0 ], [ 405880.086898802954238, 1852483.060325297294185, 0.0 ], [ 405849.865214720019139, 1852513.282009380403906, 0.0 ], [ 405819.643530637025833, 1852543.503693463280797, 0.0 ], [ 405789.421846554032527, 1852573.725377546157688, 0.0 ], [ 405759.200162471097428, 1852603.947061629267409, 0.0 ], [ 405759.200162471097428, 1852634.1687457121443, 0.0 ], [ 405759.200162471097428, 1852664.390429795254022, 0.0 ], [ 405759.200162471097428, 1852694.612113878130913, 0.0 ], [ 405789.421846554032527, 1852724.833797961007804, 0.0 ], [ 405819.643530637025833, 1852755.055482044117525, 0.0 ], [ 405819.643530637025833, 1852785.277166126994416, 0.0 ], [ 405819.643530637025833, 1852815.498850209871307, 0.0 ], [ 405819.643530637025833, 1852845.720534292981029, 0.0 ], [ 405789.421846554032527, 1852875.942218375857919, 0.0 ], [ 405789.421846554032527, 1852906.163902458967641, 0.0 ], [ 405789.421846554032527, 1852936.385586541844532, 0.0 ], [ 405789.421846554032527, 1852966.607270624721423, 0.0 ], [ 405789.421846554032527, 1852996.828954707831144, 0.0 ], [ 405789.421846554032527, 1853027.050638790708035, 0.0 ], [ 405789.421846554032527, 1853057.272322873817757, 0.0 ], [ 405789.421846554032527, 1853087.494006956694648, 0.0 ], [ 405759.200162471097428, 1853117.715691039571539, 0.0 ], [ 405728.978478388104122, 1853147.93737512268126, 0.0 ], [ 405698.756794305169024, 1853178.159059205558151, 0.0 ], [ 405668.535110222175717, 1853208.380743288667873, 0.0 ], [ 405638.313426139240619, 1853238.602427371544763, 0.0 ], [ 405638.313426139240619, 1853268.824111454421654, 0.0 ], [ 405638.313426139240619, 1853299.045795537531376, 0.0 ], [ 405638.313426139240619, 1853329.267479620408267, 0.0 ], [ 405608.091742056247313, 1853359.489163703517988, 0.0 ], [ 405577.870057973254006, 1853389.710847786394879, 0.0 ], [ 405547.648373890318908, 1853419.93253186927177, 0.0 ], [ 405547.648373890318908, 1853450.154215952381492, 0.0 ], [ 405547.648373890318908, 1853480.375900035258383, 0.0 ], [ 405547.648373890318908, 1853510.597584118368104, 0.0 ], [ 405547.648373890318908, 1853540.819268201244995, 0.0 ], [ 405517.426689807325602, 1853571.040952284121886, 0.0 ], [ 405487.205005724390503, 1853601.262636367231607, 0.0 ], [ 405487.205005724390503, 1853631.484320450108498, 0.0 ], [ 405456.983321641397197, 1853661.70600453321822, 0.0 ], [ 405456.983321641397197, 1853691.927688616095111, 0.0 ], [ 405426.761637558462098, 1853722.149372698972002, 0.0 ], [ 405426.761637558462098, 1853752.371056782081723, 0.0 ], [ 405426.761637558462098, 1853782.592740864958614, 0.0 ], [ 405426.761637558462098, 1853812.814424947835505, 0.0 ], [ 405426.761637558462098, 1853843.036109030945227, 0.0 ], [ 405426.761637558462098, 1853873.257793113822117, 0.0 ], [ 405396.539953475468792, 1853903.479477196931839, 0.0 ], [ 405366.318269392475486, 1853933.70116127980873, 0.0 ], [ 405336.096585309540387, 1853963.922845362685621, 0.0 ], [ 405305.874901226547081, 1853994.144529445795342, 0.0 ], [ 405336.096585309540387, 1854024.366213528672233, 0.0 ], [ 405336.096585309540387, 1854054.587897611781955, 0.0 ], [ 405305.874901226547081, 1854084.809581694658846, 0.0 ], [ 405275.653217143611982, 1854115.031265777535737, 0.0 ], [ 405245.431533060618676, 1854145.252949860645458, 0.0 ], [ 405215.20984897762537, 1854175.474633943522349, 0.0 ], [ 405184.988164894690271, 1854175.474633943522349, 0.0 ], [ 405184.988164894690271, 1854205.696318026632071, 0.0 ], [ 405184.988164894690271, 1854235.918002109508961, 0.0 ], [ 405184.988164894690271, 1854266.139686192385852, 0.0 ], [ 405184.988164894690271, 1854296.361370275495574, 0.0 ], [ 405184.988164894690271, 1854326.583054358372465, 0.0 ], [ 405184.988164894690271, 1854356.804738441482186, 0.0 ], [ 405215.20984897762537, 1854387.026422524359077, 0.0 ], [ 405245.431533060618676, 1854417.248106607235968, 0.0 ], [ 405275.653217143611982, 1854447.46979069034569, 0.0 ], [ 405275.653217143611982, 1854477.691474773222581, 0.0 ], [ 405275.653217143611982, 1854507.913158856332302, 0.0 ], [ 405245.431533060618676, 1854538.134842939209193, 0.0 ], [ 405245.431533060618676, 1854568.356527022086084, 0.0 ], [ 405275.653217143611982, 1854598.578211105195805, 0.0 ], [ 405275.653217143611982, 1854628.799895188072696, 0.0 ], [ 405305.874901226547081, 1854659.021579271182418, 0.0 ], [ 405305.874901226547081, 1854689.243263354059309, 0.0 ], [ 405305.874901226547081, 1854719.4649474369362, 0.0 ], [ 405305.874901226547081, 1854749.686631520045921, 0.0 ], [ 405275.653217143611982, 1854779.908315602922812, 0.0 ], [ 405245.431533060618676, 1854810.129999686032534, 0.0 ], [ 405215.20984897762537, 1854840.351683768909425, 0.0 ], [ 405184.988164894690271, 1854870.573367851786315, 0.0 ], [ 405154.766480811696965, 1854900.795051934896037, 0.0 ], [ 405124.544796728761867, 1854931.016736017772928, 0.0 ], [ 405094.32311264576856, 1854931.016736017772928, 0.0 ], [ 405064.101428562775254, 1854961.238420100882649, 0.0 ], [ 405033.879744479840156, 1854961.238420100882649, 0.0 ], [ 405003.658060396846849, 1854961.238420100882649, 0.0 ], [ 404973.436376313911751, 1854961.238420100882649, 0.0 ], [ 404943.214692230918445, 1854961.238420100882649, 0.0 ], [ 404912.993008147983346, 1854991.46010418375954, 0.0 ], [ 404882.77132406499004, 1855021.681788266636431, 0.0 ], [ 404852.549639981996734, 1855051.903472349746153, 0.0 ], [ 404822.327955899061635, 1855082.125156432623044, 0.0 ], [ 404792.106271816068329, 1855112.346840515732765, 0.0 ], [ 404761.88458773313323, 1855142.568524598609656, 0.0 ], [ 404731.662903650139924, 1855172.790208681486547, 0.0 ], [ 404701.441219567204826, 1855142.568524598609656, 0.0 ], [ 404671.219535484211519, 1855142.568524598609656, 0.0 ], [ 404640.997851401218213, 1855142.568524598609656, 0.0 ], [ 404610.776167318283115, 1855112.346840515732765, 0.0 ], [ 404580.554483235289808, 1855112.346840515732765, 0.0 ], [ 404550.33279915235471, 1855112.346840515732765, 0.0 ], [ 404520.111115069361404, 1855112.346840515732765, 0.0 ], [ 404489.889430986368097, 1855142.568524598609656, 0.0 ], [ 404459.667746903432999, 1855172.790208681486547, 0.0 ], [ 404429.446062820439693, 1855203.011892764596269, 0.0 ], [ 404399.224378737504594, 1855233.233576847473159, 0.0 ], [ 404369.002694654511288, 1855263.455260930582881, 0.0 ], [ 404338.781010571517982, 1855293.676945013459772, 0.0 ], [ 404308.559326488582883, 1855293.676945013459772, 0.0 ], [ 404278.337642405589577, 1855293.676945013459772, 0.0 ], [ 404248.115958322654478, 1855293.676945013459772, 0.0 ], [ 404217.894274239661172, 1855323.898629096336663, 0.0 ], [ 404187.672590156726073, 1855354.120313179446384, 0.0 ], [ 404157.450906073732767, 1855384.341997262323275, 0.0 ], [ 404127.229221990797669, 1855384.341997262323275, 0.0 ], [ 404097.007537907804362, 1855354.120313179446384, 0.0 ], [ 404066.785853824811056, 1855354.120313179446384, 0.0 ], [ 404036.564169741875958, 1855384.341997262323275, 0.0 ], [ 404006.342485658882651, 1855414.563681345432997, 0.0 ], [ 403976.120801575947553, 1855444.785365428309888, 0.0 ], [ 403945.899117492954247, 1855475.007049511186779, 0.0 ], [ 403915.67743340996094, 1855475.007049511186779, 0.0 ], [ 403885.455749327025842, 1855475.007049511186779, 0.0 ], [ 403855.234065244032536, 1855505.2287335942965, 0.0 ], [ 403825.012381161097437, 1855505.2287335942965, 0.0 ], [ 403794.790697078104131, 1855505.2287335942965, 0.0 ], [ 403764.569012995110825, 1855505.2287335942965, 0.0 ], [ 403734.347328912175726, 1855535.450417677173391, 0.0 ], [ 403704.12564482918242, 1855535.450417677173391, 0.0 ], [ 403673.903960746247321, 1855505.2287335942965, 0.0 ], [ 403643.682276663254015, 1855475.007049511186779, 0.0 ], [ 403613.460592580260709, 1855475.007049511186779, 0.0 ], [ 403583.23890849732561, 1855444.785365428309888, 0.0 ], [ 403553.017224414332304, 1855444.785365428309888, 0.0 ], [ 403522.795540331397206, 1855444.785365428309888, 0.0 ], [ 403492.573856248403899, 1855444.785365428309888, 0.0 ], [ 403462.352172165468801, 1855475.007049511186779, 0.0 ], [ 403432.130488082475495, 1855505.2287335942965, 0.0 ], [ 403401.908803999540396, 1855535.450417677173391, 0.0 ], [ 403401.908803999540396, 1855565.672101760050282, 0.0 ], [ 403432.130488082475495, 1855595.893785843160003, 0.0 ], [ 403401.908803999540396, 1855626.115469926036894, 0.0 ], [ 403401.908803999540396, 1855656.337154009146616, 0.0 ], [ 403401.908803999540396, 1855686.558838092023507, 0.0 ], [ 403371.68711991654709, 1855716.780522174900398, 0.0 ], [ 403371.68711991654709, 1855747.002206258010119, 0.0 ], [ 403341.465435833553784, 1855777.22389034088701, 0.0 ], [ 403311.243751750618685, 1855777.22389034088701, 0.0 ], [ 403281.022067667625379, 1855777.22389034088701, 0.0 ], [ 403250.80038358469028, 1855807.445574423996732, 0.0 ], [ 403220.578699501696974, 1855807.445574423996732, 0.0 ], [ 403190.357015418703668, 1855807.445574423996732, 0.0 ], [ 403160.135331335768569, 1855807.445574423996732, 0.0 ], [ 403129.913647252775263, 1855807.445574423996732, 0.0 ], [ 403099.691963169840164, 1855807.445574423996732, 0.0 ], [ 403069.470279086846858, 1855807.445574423996732, 0.0 ], [ 403039.248595003853552, 1855807.445574423996732, 0.0 ], [ 403009.026910920918453, 1855807.445574423996732, 0.0 ], [ 402978.805226837925147, 1855777.22389034088701, 0.0 ], [ 402948.583542754990049, 1855777.22389034088701, 0.0 ], [ 402918.361858671996742, 1855747.002206258010119, 0.0 ], [ 402888.140174589061644, 1855747.002206258010119, 0.0 ], [ 402857.918490506068338, 1855747.002206258010119, 0.0 ], [ 402827.696806423075031, 1855747.002206258010119, 0.0 ], [ 402797.475122340139933, 1855747.002206258010119, 0.0 ], [ 402767.253438257146627, 1855716.780522174900398, 0.0 ], [ 402737.031754174211528, 1855686.558838092023507, 0.0 ], [ 402706.810070091218222, 1855656.337154009146616, 0.0 ], [ 402676.588386008283123, 1855626.115469926036894, 0.0 ], [ 402646.366701925289817, 1855595.893785843160003, 0.0 ], [ 402616.145017842296511, 1855595.893785843160003, 0.0 ], [ 402585.923333759361412, 1855565.672101760050282, 0.0 ], [ 402585.923333759361412, 1855535.450417677173391, 0.0 ], [ 402555.701649676368106, 1855505.2287335942965, 0.0 ], [ 402525.479965593433008, 1855475.007049511186779, 0.0 ], [ 402495.258281510439701, 1855475.007049511186779, 0.0 ], [ 402465.036597427446395, 1855444.785365428309888, 0.0 ], [ 402434.814913344511297, 1855414.563681345432997, 0.0 ], [ 402404.59322926151799, 1855384.341997262323275, 0.0 ], [ 402404.59322926151799, 1855354.120313179446384, 0.0 ], [ 402374.371545178582892, 1855323.898629096336663, 0.0 ], [ 402344.149861095589586, 1855293.676945013459772, 0.0 ], [ 402313.928177012596279, 1855263.455260930582881, 0.0 ], [ 402313.928177012596279, 1855233.233576847473159, 0.0 ], [ 402344.149861095589586, 1855203.011892764596269, 0.0 ], [ 402344.149861095589586, 1855172.790208681486547, 0.0 ], [ 402374.371545178582892, 1855142.568524598609656, 0.0 ], [ 402374.371545178582892, 1855112.346840515732765, 0.0 ], [ 402374.371545178582892, 1855082.125156432623044, 0.0 ], [ 402374.371545178582892, 1855051.903472349746153, 0.0 ], [ 402374.371545178582892, 1855021.681788266636431, 0.0 ], [ 402344.149861095589586, 1854991.46010418375954, 0.0 ], [ 402344.149861095589586, 1854961.238420100882649, 0.0 ], [ 402344.149861095589586, 1854931.016736017772928, 0.0 ], [ 402344.149861095589586, 1854900.795051934896037, 0.0 ], [ 402344.149861095589586, 1854870.573367851786315, 0.0 ], [ 402344.149861095589586, 1854840.351683768909425, 0.0 ], [ 402374.371545178582892, 1854810.129999686032534, 0.0 ], [ 402404.59322926151799, 1854779.908315602922812, 0.0 ], [ 402404.59322926151799, 1854749.686631520045921, 0.0 ], [ 402404.59322926151799, 1854719.4649474369362, 0.0 ], [ 402404.59322926151799, 1854689.243263354059309, 0.0 ], [ 402404.59322926151799, 1854659.021579271182418, 0.0 ], [ 402434.814913344511297, 1854628.799895188072696, 0.0 ], [ 402465.036597427446395, 1854598.578211105195805, 0.0 ], [ 402465.036597427446395, 1854568.356527022086084, 0.0 ], [ 402465.036597427446395, 1854538.134842939209193, 0.0 ], [ 402465.036597427446395, 1854507.913158856332302, 0.0 ], [ 402465.036597427446395, 1854477.691474773222581, 0.0 ], [ 402465.036597427446395, 1854447.46979069034569, 0.0 ], [ 402465.036597427446395, 1854417.248106607235968, 0.0 ], [ 402495.258281510439701, 1854387.026422524359077, 0.0 ], [ 402495.258281510439701, 1854356.804738441482186, 0.0 ], [ 402495.258281510439701, 1854326.583054358372465, 0.0 ], [ 402495.258281510439701, 1854296.361370275495574, 0.0 ], [ 402465.036597427446395, 1854266.139686192385852, 0.0 ], [ 402465.036597427446395, 1854235.918002109508961, 0.0 ], [ 402465.036597427446395, 1854205.696318026632071, 0.0 ], [ 402465.036597427446395, 1854175.474633943522349, 0.0 ], [ 402434.814913344511297, 1854145.252949860645458, 0.0 ], [ 402434.814913344511297, 1854115.031265777535737, 0.0 ], [ 402404.59322926151799, 1854084.809581694658846, 0.0 ], [ 402374.371545178582892, 1854054.587897611781955, 0.0 ], [ 402344.149861095589586, 1854024.366213528672233, 0.0 ], [ 402313.928177012596279, 1854024.366213528672233, 0.0 ], [ 402283.706492929661181, 1854024.366213528672233, 0.0 ], [ 402253.484808846667875, 1854024.366213528672233, 0.0 ], [ 402223.263124763732776, 1853994.144529445795342, 0.0 ], [ 402193.04144068073947, 1853963.922845362685621, 0.0 ], [ 402162.819756597804371, 1853963.922845362685621, 0.0 ], [ 402132.598072514811065, 1853994.144529445795342, 0.0 ], [ 402102.376388431817759, 1854024.366213528672233, 0.0 ], [ 402072.15470434888266, 1854024.366213528672233, 0.0 ], [ 402041.933020265889354, 1854054.587897611781955, 0.0 ], [ 402011.711336182954255, 1854054.587897611781955, 0.0 ], [ 401981.489652099960949, 1854084.809581694658846, 0.0 ], [ 401951.267968017025851, 1854115.031265777535737, 0.0 ], [ 401921.046283934032544, 1854115.031265777535737, 0.0 ], [ 401890.824599851039238, 1854115.031265777535737, 0.0 ], [ 401860.60291576810414, 1854115.031265777535737, 0.0 ], [ 401830.381231685110833, 1854115.031265777535737, 0.0 ], [ 401800.159547602175735, 1854084.809581694658846, 0.0 ], [ 401769.937863519182429, 1854084.809581694658846, 0.0 ], [ 401739.716179436189122, 1854084.809581694658846, 0.0 ], [ 401709.494495353254024, 1854054.587897611781955, 0.0 ], [ 401679.272811270260718, 1854024.366213528672233, 0.0 ], [ 401649.051127187325619, 1853994.144529445795342, 0.0 ], [ 401618.829443104332313, 1853994.144529445795342, 0.0 ], [ 401588.607759021339007, 1853963.922845362685621, 0.0 ], [ 401558.386074938403908, 1853933.70116127980873, 0.0 ], [ 401528.164390855410602, 1853903.479477196931839, 0.0 ], [ 401528.164390855410602, 1853873.257793113822117, 0.0 ], [ 401528.164390855410602, 1853843.036109030945227, 0.0 ], [ 401528.164390855410602, 1853812.814424947835505, 0.0 ], [ 401497.942706772475503, 1853782.592740864958614, 0.0 ], [ 401467.721022689482197, 1853752.371056782081723, 0.0 ], [ 401437.499338606547099, 1853722.149372698972002, 0.0 ], [ 401407.277654523553792, 1853691.927688616095111, 0.0 ], [ 401377.055970440560486, 1853661.70600453321822, 0.0 ], [ 401346.834286357625388, 1853631.484320450108498, 0.0 ], [ 401316.612602274632081, 1853601.262636367231607, 0.0 ], [ 401316.612602274632081, 1853571.040952284121886, 0.0 ], [ 401316.612602274632081, 1853540.819268201244995, 0.0 ], [ 401286.390918191696983, 1853540.819268201244995, 0.0 ], [ 401256.169234108703677, 1853510.597584118368104, 0.0 ], [ 401225.947550025768578, 1853480.375900035258383, 0.0 ], [ 401195.725865942775272, 1853450.154215952381492, 0.0 ], [ 401165.504181859781966, 1853450.154215952381492, 0.0 ], [ 401135.282497776846867, 1853450.154215952381492, 0.0 ], [ 401105.060813693853561, 1853450.154215952381492, 0.0 ], [ 401074.839129610918462, 1853450.154215952381492, 0.0 ], [ 401044.617445527925156, 1853419.93253186927177, 0.0 ], [ 401014.39576144493185, 1853389.710847786394879, 0.0 ], [ 400984.174077361996751, 1853359.489163703517988, 0.0 ], [ 400953.952393279003445, 1853329.267479620408267, 0.0 ], [ 400953.952393279003445, 1853299.045795537531376, 0.0 ], [ 400984.174077361996751, 1853268.824111454421654, 0.0 ], [ 401014.39576144493185, 1853238.602427371544763, 0.0 ], [ 401044.617445527925156, 1853208.380743288667873, 0.0 ], [ 401074.839129610918462, 1853178.159059205558151, 0.0 ], [ 401105.060813693853561, 1853147.93737512268126, 0.0 ], [ 401135.282497776846867, 1853117.715691039571539, 0.0 ], [ 401165.504181859781966, 1853087.494006956694648, 0.0 ], [ 401195.725865942775272, 1853057.272322873817757, 0.0 ], [ 401225.947550025768578, 1853027.050638790708035, 0.0 ], [ 401225.947550025768578, 1852996.828954707831144, 0.0 ], [ 401256.169234108703677, 1852966.607270624721423, 0.0 ], [ 401286.390918191696983, 1852936.385586541844532, 0.0 ], [ 401316.612602274632081, 1852906.163902458967641, 0.0 ], [ 401346.834286357625388, 1852875.942218375857919, 0.0 ], [ 401377.055970440560486, 1852845.720534292981029, 0.0 ], [ 401377.055970440560486, 1852815.498850209871307, 0.0 ], [ 401407.277654523553792, 1852785.277166126994416, 0.0 ], [ 401437.499338606547099, 1852755.055482044117525, 0.0 ], [ 401437.499338606547099, 1852724.833797961007804, 0.0 ], [ 401467.721022689482197, 1852694.612113878130913, 0.0 ], [ 401467.721022689482197, 1852664.390429795254022, 0.0 ], [ 401467.721022689482197, 1852634.1687457121443, 0.0 ], [ 401497.942706772475503, 1852603.947061629267409, 0.0 ], [ 401528.164390855410602, 1852573.725377546157688, 0.0 ], [ 401528.164390855410602, 1852543.503693463280797, 0.0 ], [ 401528.164390855410602, 1852513.282009380403906, 0.0 ], [ 401497.942706772475503, 1852513.282009380403906, 0.0 ], [ 401467.721022689482197, 1852483.060325297294185, 0.0 ], [ 401437.499338606547099, 1852452.838641214417294, 0.0 ], [ 401407.277654523553792, 1852452.838641214417294, 0.0 ], [ 401377.055970440560486, 1852422.616957131307572, 0.0 ], [ 401346.834286357625388, 1852422.616957131307572, 0.0 ], [ 401316.612602274632081, 1852392.395273048430681, 0.0 ], [ 401286.390918191696983, 1852362.17358896555379, 0.0 ], [ 401286.390918191696983, 1852331.951904882444069, 0.0 ], [ 401256.169234108703677, 1852301.730220799567178, 0.0 ], [ 401256.169234108703677, 1852271.508536716457456, 0.0 ], [ 401225.947550025768578, 1852241.286852633580565, 0.0 ], [ 401195.725865942775272, 1852211.065168550703675, 0.0 ], [ 401195.725865942775272, 1852180.843484467593953, 0.0 ], [ 401165.504181859781966, 1852150.621800384717062, 0.0 ], [ 401135.282497776846867, 1852150.621800384717062, 0.0 ], [ 401105.060813693853561, 1852150.621800384717062, 0.0 ], [ 401074.839129610918462, 1852120.400116301607341, 0.0 ], [ 401044.617445527925156, 1852090.17843221873045, 0.0 ], [ 401014.39576144493185, 1852059.956748135853559, 0.0 ], [ 400984.174077361996751, 1852059.956748135853559, 0.0 ], [ 400953.952393279003445, 1852029.735064052743837, 0.0 ], [ 400923.730709196068347, 1852029.735064052743837, 0.0 ], [ 400893.50902511307504, 1852029.735064052743837, 0.0 ], [ 400863.287341030081734, 1852029.735064052743837, 0.0 ], [ 400833.065656947146636, 1851999.513379969866946, 0.0 ], [ 400802.843972864153329, 1851999.513379969866946, 0.0 ], [ 400772.622288781218231, 1851999.513379969866946, 0.0 ], [ 400742.400604698224925, 1851999.513379969866946, 0.0 ], [ 400712.178920615289826, 1851999.513379969866946, 0.0 ], [ 400681.95723653229652, 1851969.291695886757225, 0.0 ], [ 400651.735552449361421, 1851969.291695886757225, 0.0 ], [ 400621.513868366368115, 1851999.513379969866946, 0.0 ], [ 400591.292184283374809, 1852029.735064052743837, 0.0 ], [ 400561.07050020043971, 1852059.956748135853559, 0.0 ], [ 400530.848816117446404, 1852059.956748135853559, 0.0 ], [ 400500.627132034511305, 1852059.956748135853559, 0.0 ], [ 400470.405447951517999, 1852059.956748135853559, 0.0 ], [ 400440.183763868524693, 1852029.735064052743837, 0.0 ], [ 400409.962079785589594, 1852029.735064052743837, 0.0 ], [ 400379.740395702596288, 1852029.735064052743837, 0.0 ], [ 400349.51871161966119, 1851999.513379969866946, 0.0 ], [ 400319.297027536667883, 1851969.291695886757225, 0.0 ], [ 400289.075343453674577, 1851969.291695886757225, 0.0 ], [ 400258.853659370739479, 1851969.291695886757225, 0.0 ], [ 400228.631975287746172, 1851969.291695886757225, 0.0 ], [ 400198.410291204811074, 1851969.291695886757225, 0.0 ], [ 400168.188607121817768, 1851969.291695886757225, 0.0 ], [ 400137.966923038824461, 1851999.513379969866946, 0.0 ], [ 400107.745238955889363, 1851999.513379969866946, 0.0 ], [ 400077.523554872896057, 1851999.513379969866946, 0.0 ], [ 400047.301870789960958, 1851969.291695886757225, 0.0 ], [ 400017.080186706967652, 1851969.291695886757225, 0.0 ], [ 399986.858502624032553, 1851969.291695886757225, 0.0 ], [ 399956.636818541039247, 1851969.291695886757225, 0.0 ], [ 399926.415134458104149, 1851939.070011803880334, 0.0 ], [ 399896.193450375110842, 1851908.848327721003443, 0.0 ], [ 399865.971766292117536, 1851908.848327721003443, 0.0 ], [ 399835.750082209182438, 1851939.070011803880334, 0.0 ], [ 399805.528398126189131, 1851939.070011803880334, 0.0 ], [ 399775.306714043254033, 1851939.070011803880334, 0.0 ], [ 399745.085029960260727, 1851939.070011803880334, 0.0 ], [ 399714.86334587726742, 1851939.070011803880334, 0.0 ], [ 399684.641661794332322, 1851969.291695886757225, 0.0 ], [ 399654.419977711339016, 1851999.513379969866946, 0.0 ], [ 399624.198293628403917, 1851999.513379969866946, 0.0 ], [ 399593.976609545410611, 1851999.513379969866946, 0.0 ], [ 399563.754925462417305, 1852029.735064052743837, 0.0 ], [ 399533.533241379482206, 1852059.956748135853559, 0.0 ], [ 399503.3115572964889, 1852090.17843221873045, 0.0 ], [ 399473.089873213553801, 1852120.400116301607341, 0.0 ], [ 399442.868189130560495, 1852150.621800384717062, 0.0 ], [ 399412.646505047625396, 1852180.843484467593953, 0.0 ], [ 399382.42482096463209, 1852211.065168550703675, 0.0 ], [ 399352.203136881638784, 1852241.286852633580565, 0.0 ], [ 399321.981452798703685, 1852271.508536716457456, 0.0 ], [ 399291.759768715710379, 1852301.730220799567178, 0.0 ], [ 399261.538084632775281, 1852331.951904882444069, 0.0 ], [ 399231.316400549781974, 1852331.951904882444069, 0.0 ], [ 399201.094716466846876, 1852331.951904882444069, 0.0 ], [ 399170.87303238385357, 1852331.951904882444069, 0.0 ], [ 399140.651348300860263, 1852331.951904882444069, 0.0 ], [ 399110.429664217925165, 1852331.951904882444069, 0.0 ], [ 399080.207980134931859, 1852331.951904882444069, 0.0 ], [ 399049.98629605199676, 1852362.17358896555379, 0.0 ], [ 399019.764611969003454, 1852362.17358896555379, 0.0 ], [ 398989.542927886010148, 1852392.395273048430681, 0.0 ], [ 398959.321243803075049, 1852392.395273048430681, 0.0 ], [ 398929.099559720081743, 1852392.395273048430681, 0.0 ], [ 398898.877875637146644, 1852392.395273048430681, 0.0 ], [ 398868.656191554153338, 1852392.395273048430681, 0.0 ], [ 398838.434507471160032, 1852392.395273048430681, 0.0 ], [ 398808.212823388224933, 1852422.616957131307572, 0.0 ], [ 398777.991139305231627, 1852422.616957131307572, 0.0 ], [ 398747.769455222296529, 1852392.395273048430681, 0.0 ], [ 398717.547771139303222, 1852362.17358896555379, 0.0 ], [ 398687.326087056368124, 1852331.951904882444069, 0.0 ], [ 398657.104402973374818, 1852331.951904882444069, 0.0 ], [ 398626.882718890381511, 1852331.951904882444069, 0.0 ], [ 398596.661034807446413, 1852362.17358896555379, 0.0 ], [ 398566.439350724453107, 1852392.395273048430681, 0.0 ], [ 398536.217666641518008, 1852422.616957131307572, 0.0 ], [ 398505.995982558524702, 1852422.616957131307572, 0.0 ], [ 398475.774298475589603, 1852422.616957131307572, 0.0 ], [ 398445.552614392596297, 1852422.616957131307572, 0.0 ], [ 398415.330930309602991, 1852422.616957131307572, 0.0 ], [ 398385.109246226667892, 1852452.838641214417294, 0.0 ], [ 398354.887562143674586, 1852483.060325297294185, 0.0 ], [ 398324.665878060739487, 1852513.282009380403906, 0.0 ], [ 398294.444193977746181, 1852543.503693463280797, 0.0 ], [ 398264.222509894752875, 1852573.725377546157688, 0.0 ], [ 398234.000825811817776, 1852603.947061629267409, 0.0 ], [ 398203.77914172882447, 1852634.1687457121443, 0.0 ], [ 398173.557457645889372, 1852664.390429795254022, 0.0 ], [ 398143.335773562896065, 1852664.390429795254022, 0.0 ], [ 398113.114089479902759, 1852694.612113878130913, 0.0 ], [ 398082.892405396967661, 1852694.612113878130913, 0.0 ], [ 398052.670721313974354, 1852724.833797961007804, 0.0 ], [ 398022.449037231039256, 1852724.833797961007804, 0.0 ], [ 397992.22735314804595, 1852724.833797961007804, 0.0 ], [ 397962.005669065110851, 1852724.833797961007804, 0.0 ], [ 397931.783984982117545, 1852724.833797961007804, 0.0 ], [ 397901.562300899182446, 1852724.833797961007804, 0.0 ], [ 397871.34061681618914, 1852724.833797961007804, 0.0 ], [ 397841.118932733195834, 1852724.833797961007804, 0.0 ], [ 397810.897248650260735, 1852694.612113878130913, 0.0 ], [ 397780.675564567267429, 1852664.390429795254022, 0.0 ], [ 397750.453880484332331, 1852664.390429795254022, 0.0 ], [ 397720.232196401339024, 1852664.390429795254022, 0.0 ], [ 397690.010512318345718, 1852664.390429795254022, 0.0 ], [ 397659.78882823541062, 1852664.390429795254022, 0.0 ], [ 397629.567144152417313, 1852664.390429795254022, 0.0 ], [ 397599.345460069482215, 1852664.390429795254022, 0.0 ], [ 397569.123775986488909, 1852694.612113878130913, 0.0 ], [ 397538.902091903495602, 1852694.612113878130913, 0.0 ], [ 397508.680407820560504, 1852724.833797961007804, 0.0 ], [ 397478.458723737567198, 1852724.833797961007804, 0.0 ], [ 397448.237039654632099, 1852755.055482044117525, 0.0 ], [ 397418.015355571638793, 1852785.277166126994416, 0.0 ], [ 397387.793671488645487, 1852785.277166126994416, 0.0 ], [ 397357.571987405710388, 1852785.277166126994416, 0.0 ], [ 397327.350303322717082, 1852785.277166126994416, 0.0 ], [ 397297.128619239781983, 1852815.498850209871307, 0.0 ], [ 397266.906935156788677, 1852845.720534292981029, 0.0 ], [ 397236.685251073853578, 1852875.942218375857919, 0.0 ], [ 397206.463566990860272, 1852906.163902458967641, 0.0 ], [ 397176.241882907925174, 1852936.385586541844532, 0.0 ], [ 397146.020198824931867, 1852966.607270624721423, 0.0 ], [ 397115.798514741938561, 1852996.828954707831144, 0.0 ], [ 397085.576830659003463, 1852996.828954707831144, 0.0 ], [ 397055.355146576010156, 1853027.050638790708035, 0.0 ], [ 397025.133462493075058, 1853057.272322873817757, 0.0 ], [ 396994.911778410081752, 1853087.494006956694648, 0.0 ], [ 396964.690094327088445, 1853117.715691039571539, 0.0 ], [ 396964.690094327088445, 1853147.93737512268126, 0.0 ], [ 396934.468410244153347, 1853178.159059205558151, 0.0 ], [ 396904.246726161160041, 1853208.380743288667873, 0.0 ], [ 396874.025042078224942, 1853208.380743288667873, 0.0 ], [ 396843.803357995231636, 1853208.380743288667873, 0.0 ], [ 396813.58167391223833, 1853208.380743288667873, 0.0 ], [ 396783.359989829303231, 1853238.602427371544763, 0.0 ], [ 396753.138305746309925, 1853268.824111454421654, 0.0 ], [ 396753.138305746309925, 1853299.045795537531376, 0.0 ], [ 396753.138305746309925, 1853329.267479620408267, 0.0 ], [ 396722.916621663374826, 1853359.489163703517988, 0.0 ], [ 396692.69493758038152, 1853389.710847786394879, 0.0 ], [ 396662.473253497388214, 1853419.93253186927177, 0.0 ], [ 396632.251569414453115, 1853450.154215952381492, 0.0 ], [ 396602.029885331459809, 1853480.375900035258383, 0.0 ], [ 396571.808201248524711, 1853480.375900035258383, 0.0 ], [ 396541.586517165531404, 1853510.597584118368104, 0.0 ], [ 396511.364833082596306, 1853510.597584118368104, 0.0 ], [ 396481.143148999603, 1853540.819268201244995, 0.0 ], [ 396450.921464916667901, 1853571.040952284121886, 0.0 ], [ 396420.699780833674595, 1853571.040952284121886, 0.0 ], [ 396390.478096750681289, 1853601.262636367231607, 0.0 ], [ 396360.25641266774619, 1853631.484320450108498, 0.0 ], [ 396360.25641266774619, 1853661.70600453321822, 0.0 ], [ 396330.034728584752884, 1853691.927688616095111, 0.0 ], [ 396299.813044501817785, 1853722.149372698972002, 0.0 ], [ 396269.591360418824479, 1853722.149372698972002, 0.0 ], [ 396269.591360418824479, 1853752.371056782081723, 0.0 ], [ 396269.591360418824479, 1853782.592740864958614, 0.0 ], [ 396239.369676335831173, 1853812.814424947835505, 0.0 ], [ 396209.147992252896074, 1853843.036109030945227, 0.0 ], [ 396209.147992252896074, 1853873.257793113822117, 0.0 ], [ 396178.926308169902768, 1853873.257793113822117, 0.0 ], [ 396148.704624086967669, 1853903.479477196931839, 0.0 ], [ 396118.482940003974363, 1853903.479477196931839, 0.0 ], [ 396088.261255920981057, 1853903.479477196931839, 0.0 ], [ 396058.039571838045958, 1853933.70116127980873, 0.0 ], [ 396027.817887755052652, 1853933.70116127980873, 0.0 ], [ 395997.596203672117554, 1853933.70116127980873, 0.0 ], [ 395967.374519589124247, 1853963.922845362685621, 0.0 ], [ 395937.152835506189149, 1853963.922845362685621, 0.0 ], [ 395906.931151423195843, 1853994.144529445795342, 0.0 ], [ 395876.709467340202536, 1854024.366213528672233, 0.0 ], [ 395846.487783257267438, 1854054.587897611781955, 0.0 ], [ 395816.266099174274132, 1854054.587897611781955, 0.0 ], [ 395786.044415091339033, 1854054.587897611781955, 0.0 ], [ 395755.822731008345727, 1854054.587897611781955, 0.0 ], [ 395725.601046925410628, 1854024.366213528672233, 0.0 ], [ 395695.379362842417322, 1854024.366213528672233, 0.0 ], [ 395665.157678759424016, 1854024.366213528672233, 0.0 ], [ 395634.935994676488917, 1854024.366213528672233, 0.0 ], [ 395604.714310593495611, 1854024.366213528672233, 0.0 ], [ 395574.492626510560513, 1854024.366213528672233, 0.0 ], [ 395544.270942427567206, 1854024.366213528672233, 0.0 ], [ 395514.0492583445739, 1854054.587897611781955, 0.0 ], [ 395483.827574261638802, 1854084.809581694658846, 0.0 ], [ 395453.605890178645495, 1854084.809581694658846, 0.0 ], [ 395423.384206095710397, 1854084.809581694658846, 0.0 ], [ 395393.162522012717091, 1854115.031265777535737, 0.0 ], [ 395362.940837929723784, 1854145.252949860645458, 0.0 ], [ 395332.719153846788686, 1854175.474633943522349, 0.0 ], [ 395302.49746976379538, 1854205.696318026632071, 0.0 ], [ 395272.275785680860281, 1854235.918002109508961, 0.0 ], [ 395242.054101597866975, 1854266.139686192385852, 0.0 ], [ 395211.832417514931876, 1854296.361370275495574, 0.0 ], [ 395181.61073343193857, 1854326.583054358372465, 0.0 ], [ 395151.389049348945264, 1854356.804738441482186, 0.0 ], [ 395151.389049348945264, 1854387.026422524359077, 0.0 ], [ 395151.389049348945264, 1854417.248106607235968, 0.0 ], [ 395151.389049348945264, 1854447.46979069034569, 0.0 ], [ 395151.389049348945264, 1854477.691474773222581, 0.0 ], [ 395151.389049348945264, 1854507.913158856332302, 0.0 ], [ 395151.389049348945264, 1854538.134842939209193, 0.0 ], [ 395151.389049348945264, 1854568.356527022086084, 0.0 ], [ 395151.389049348945264, 1854598.578211105195805, 0.0 ], [ 395121.167365266010165, 1854628.799895188072696, 0.0 ], [ 395121.167365266010165, 1854659.021579271182418, 0.0 ], [ 395121.167365266010165, 1854689.243263354059309, 0.0 ], [ 395090.945681183016859, 1854719.4649474369362, 0.0 ], [ 395060.72399710008176, 1854719.4649474369362, 0.0 ], [ 395060.72399710008176, 1854749.686631520045921, 0.0 ], [ 395030.502313017088454, 1854779.908315602922812, 0.0 ], [ 395000.280628934153356, 1854810.129999686032534, 0.0 ], [ 395000.280628934153356, 1854840.351683768909425, 0.0 ], [ 394970.058944851160049, 1854870.573367851786315, 0.0 ], [ 394970.058944851160049, 1854900.795051934896037, 0.0 ], [ 394970.058944851160049, 1854931.016736017772928, 0.0 ], [ 394970.058944851160049, 1854961.238420100882649, 0.0 ], [ 394970.058944851160049, 1854991.46010418375954, 0.0 ], [ 395000.280628934153356, 1855021.681788266636431, 0.0 ], [ 395030.502313017088454, 1855051.903472349746153, 0.0 ], [ 395030.502313017088454, 1855082.125156432623044, 0.0 ], [ 395000.280628934153356, 1855112.346840515732765, 0.0 ], [ 394970.058944851160049, 1855142.568524598609656, 0.0 ], [ 394939.837260768166743, 1855172.790208681486547, 0.0 ], [ 394909.615576685231645, 1855203.011892764596269, 0.0 ], [ 394879.393892602238338, 1855203.011892764596269, 0.0 ], [ 394849.17220851930324, 1855172.790208681486547, 0.0 ], [ 394818.950524436309934, 1855172.790208681486547, 0.0 ], [ 394788.728840353316627, 1855142.568524598609656, 0.0 ], [ 394758.507156270381529, 1855142.568524598609656, 0.0 ], [ 394728.285472187388223, 1855112.346840515732765, 0.0 ], [ 394698.063788104453124, 1855112.346840515732765, 0.0 ], [ 394667.842104021459818, 1855112.346840515732765, 0.0 ], [ 394637.620419938466512, 1855112.346840515732765, 0.0 ], [ 394607.398735855531413, 1855082.125156432623044, 0.0 ], [ 394577.177051772538107, 1855051.903472349746153, 0.0 ], [ 394546.955367689603008, 1855051.903472349746153, 0.0 ], [ 394516.733683606609702, 1855021.681788266636431, 0.0 ], [ 394486.511999523674604, 1854991.46010418375954, 0.0 ], [ 394456.290315440681297, 1854961.238420100882649, 0.0 ], [ 394426.068631357746199, 1854961.238420100882649, 0.0 ], [ 394395.846947274752893, 1854961.238420100882649, 0.0 ], [ 394365.625263191759586, 1854961.238420100882649, 0.0 ], [ 394335.403579108824488, 1854961.238420100882649, 0.0 ], [ 394305.181895025831182, 1854961.238420100882649, 0.0 ], [ 394274.960210942896083, 1854931.016736017772928, 0.0 ], [ 394244.738526859902777, 1854900.795051934896037, 0.0 ], [ 394214.516842776909471, 1854870.573367851786315, 0.0 ], [ 394184.295158693974372, 1854840.351683768909425, 0.0 ], [ 394154.073474610981066, 1854810.129999686032534, 0.0 ], [ 394154.073474610981066, 1854779.908315602922812, 0.0 ], [ 394123.851790528045967, 1854749.686631520045921, 0.0 ], [ 394123.851790528045967, 1854719.4649474369362, 0.0 ], [ 394093.630106445052661, 1854689.243263354059309, 0.0 ], [ 394063.408422362059355, 1854659.021579271182418, 0.0 ], [ 394063.408422362059355, 1854628.799895188072696, 0.0 ], [ 394063.408422362059355, 1854598.578211105195805, 0.0 ], [ 394063.408422362059355, 1854568.356527022086084, 0.0 ], [ 394033.186738279124256, 1854538.134842939209193, 0.0 ], [ 394002.96505419613095, 1854507.913158856332302, 0.0 ], [ 394002.96505419613095, 1854477.691474773222581, 0.0 ], [ 394033.186738279124256, 1854447.46979069034569, 0.0 ], [ 394033.186738279124256, 1854417.248106607235968, 0.0 ], [ 394033.186738279124256, 1854387.026422524359077, 0.0 ], [ 394033.186738279124256, 1854356.804738441482186, 0.0 ], [ 394002.96505419613095, 1854326.583054358372465, 0.0 ], [ 394002.96505419613095, 1854296.361370275495574, 0.0 ], [ 394002.96505419613095, 1854266.139686192385852, 0.0 ], [ 394002.96505419613095, 1854235.918002109508961, 0.0 ], [ 394002.96505419613095, 1854205.696318026632071, 0.0 ], [ 394002.96505419613095, 1854175.474633943522349, 0.0 ], [ 393972.743370113195851, 1854145.252949860645458, 0.0 ], [ 393942.521686030202545, 1854115.031265777535737, 0.0 ], [ 393942.521686030202545, 1854084.809581694658846, 0.0 ], [ 393942.521686030202545, 1854054.587897611781955, 0.0 ], [ 393942.521686030202545, 1854024.366213528672233, 0.0 ], [ 393972.743370113195851, 1853994.144529445795342, 0.0 ], [ 393972.743370113195851, 1853963.922845362685621, 0.0 ], [ 393972.743370113195851, 1853933.70116127980873, 0.0 ], [ 393972.743370113195851, 1853903.479477196931839, 0.0 ], [ 393972.743370113195851, 1853873.257793113822117, 0.0 ], [ 393942.521686030202545, 1853843.036109030945227, 0.0 ], [ 393942.521686030202545, 1853812.814424947835505, 0.0 ], [ 393912.300001947209239, 1853782.592740864958614, 0.0 ], [ 393912.300001947209239, 1853752.371056782081723, 0.0 ], [ 393912.300001947209239, 1853722.149372698972002, 0.0 ], [ 393882.07831786427414, 1853691.927688616095111, 0.0 ], [ 393851.856633781280834, 1853661.70600453321822, 0.0 ], [ 393821.634949698345736, 1853631.484320450108498, 0.0 ], [ 393791.413265615352429, 1853631.484320450108498, 0.0 ], [ 393761.191581532417331, 1853601.262636367231607, 0.0 ], [ 393730.969897449424025, 1853601.262636367231607, 0.0 ], [ 393700.748213366488926, 1853571.040952284121886, 0.0 ], [ 393670.52652928349562, 1853540.819268201244995, 0.0 ], [ 393640.304845200502314, 1853510.597584118368104, 0.0 ], [ 393610.083161117567215, 1853480.375900035258383, 0.0 ], [ 393579.861477034573909, 1853450.154215952381492, 0.0 ], [ 393549.63979295163881, 1853419.93253186927177, 0.0 ], [ 393519.418108868645504, 1853389.710847786394879, 0.0 ], [ 393489.196424785652198, 1853389.710847786394879, 0.0 ], [ 393458.974740702717099, 1853389.710847786394879, 0.0 ], [ 393428.753056619723793, 1853389.710847786394879, 0.0 ], [ 393398.531372536788695, 1853389.710847786394879, 0.0 ], [ 393368.309688453795388, 1853419.93253186927177, 0.0 ], [ 393338.088004370802082, 1853419.93253186927177, 0.0 ], [ 393307.866320287866984, 1853419.93253186927177, 0.0 ], [ 393277.644636204873677, 1853419.93253186927177, 0.0 ], [ 393247.422952121938579, 1853389.710847786394879, 0.0 ], [ 393217.201268038945273, 1853359.489163703517988, 0.0 ], [ 393186.979583955951966, 1853359.489163703517988, 0.0 ], [ 393156.757899873016868, 1853329.267479620408267, 0.0 ], [ 393126.536215790023562, 1853329.267479620408267, 0.0 ], [ 393096.314531707088463, 1853299.045795537531376, 0.0 ], [ 393066.092847624095157, 1853268.824111454421654, 0.0 ], [ 393035.871163541160058, 1853238.602427371544763, 0.0 ], [ 393005.649479458166752, 1853208.380743288667873, 0.0 ], [ 392975.427795375231653, 1853208.380743288667873, 0.0 ], [ 392945.206111292238347, 1853208.380743288667873, 0.0 ], [ 392914.984427209245041, 1853208.380743288667873, 0.0 ], [ 392884.762743126309942, 1853208.380743288667873, 0.0 ], [ 392854.541059043316636, 1853208.380743288667873, 0.0 ], [ 392824.319374960381538, 1853238.602427371544763, 0.0 ], [ 392794.097690877388231, 1853268.824111454421654, 0.0 ], [ 392763.876006794394925, 1853299.045795537531376, 0.0 ], [ 392733.654322711459827, 1853299.045795537531376, 0.0 ], [ 392703.43263862846652, 1853329.267479620408267, 0.0 ], [ 392673.210954545531422, 1853329.267479620408267, 0.0 ], [ 392642.989270462538116, 1853359.489163703517988, 0.0 ], [ 392612.767586379544809, 1853389.710847786394879, 0.0 ], [ 392582.545902296609711, 1853419.93253186927177, 0.0 ], [ 392552.324218213616405, 1853450.154215952381492, 0.0 ], [ 392522.102534130681306, 1853480.375900035258383, 0.0 ], [ 392491.880850047688, 1853510.597584118368104, 0.0 ], [ 392461.659165964752901, 1853540.819268201244995, 0.0 ], [ 392431.437481881759595, 1853540.819268201244995, 0.0 ], [ 392401.215797798766289, 1853571.040952284121886, 0.0 ], [ 392370.99411371583119, 1853601.262636367231607, 0.0 ], [ 392370.99411371583119, 1853631.484320450108498, 0.0 ], [ 392340.772429632837884, 1853661.70600453321822, 0.0 ], [ 392310.550745549902786, 1853691.927688616095111, 0.0 ], [ 392280.329061466909479, 1853722.149372698972002, 0.0 ], [ 392280.329061466909479, 1853752.371056782081723, 0.0 ], [ 392280.329061466909479, 1853782.592740864958614, 0.0 ], [ 392280.329061466909479, 1853812.814424947835505, 0.0 ], [ 392250.107377383974381, 1853843.036109030945227, 0.0 ], [ 392219.885693300981075, 1853843.036109030945227, 0.0 ], [ 392189.664009217987768, 1853873.257793113822117, 0.0 ], [ 392159.44232513505267, 1853903.479477196931839, 0.0 ], [ 392129.220641052059364, 1853903.479477196931839, 0.0 ], [ 392098.998956969124265, 1853933.70116127980873, 0.0 ], [ 392068.777272886130959, 1853963.922845362685621, 0.0 ], [ 392038.555588803137653, 1853994.144529445795342, 0.0 ], [ 392008.333904720202554, 1854024.366213528672233, 0.0 ], [ 391978.112220637209248, 1854024.366213528672233, 0.0 ], [ 391947.890536554274149, 1854054.587897611781955, 0.0 ], [ 391947.890536554274149, 1854084.809581694658846, 0.0 ], [ 391917.668852471280843, 1854115.031265777535737, 0.0 ], [ 391917.668852471280843, 1854145.252949860645458, 0.0 ], [ 391887.447168388287537, 1854145.252949860645458, 0.0 ], [ 391857.225484305352438, 1854145.252949860645458, 0.0 ], [ 391827.003800222359132, 1854115.031265777535737, 0.0 ], [ 391796.782116139424033, 1854115.031265777535737, 0.0 ], [ 391766.560432056430727, 1854115.031265777535737, 0.0 ], [ 391736.338747973495629, 1854115.031265777535737, 0.0 ], [ 391706.117063890502322, 1854115.031265777535737, 0.0 ], [ 391675.895379807509016, 1854115.031265777535737, 0.0 ], [ 391645.673695724573918, 1854115.031265777535737, 0.0 ], [ 391615.452011641580611, 1854115.031265777535737, 0.0 ], [ 391585.230327558645513, 1854115.031265777535737, 0.0 ], [ 391555.008643475652207, 1854115.031265777535737, 0.0 ], [ 391524.786959392717108, 1854084.809581694658846, 0.0 ], [ 391494.565275309723802, 1854054.587897611781955, 0.0 ], [ 391464.343591226730496, 1854024.366213528672233, 0.0 ], [ 391434.121907143795397, 1853994.144529445795342, 0.0 ], [ 391403.900223060802091, 1853963.922845362685621, 0.0 ], [ 391373.678538977866992, 1853963.922845362685621, 0.0 ], [ 391343.456854894873686, 1853933.70116127980873, 0.0 ], [ 391343.456854894873686, 1853903.479477196931839, 0.0 ], [ 391313.23517081188038, 1853873.257793113822117, 0.0 ], [ 391283.013486728945281, 1853843.036109030945227, 0.0 ], [ 391252.791802645951975, 1853812.814424947835505, 0.0 ], [ 391222.570118563016877, 1853782.592740864958614, 0.0 ], [ 391222.570118563016877, 1853752.371056782081723, 0.0 ], [ 391222.570118563016877, 1853722.149372698972002, 0.0 ], [ 391192.34843448002357, 1853691.927688616095111, 0.0 ], [ 391162.126750397030264, 1853661.70600453321822, 0.0 ], [ 391131.905066314095166, 1853631.484320450108498, 0.0 ], [ 391101.683382231101859, 1853601.262636367231607, 0.0 ], [ 391071.461698148166761, 1853571.040952284121886, 0.0 ], [ 391041.240014065173455, 1853540.819268201244995, 0.0 ], [ 391041.240014065173455, 1853510.597584118368104, 0.0 ], [ 391041.240014065173455, 1853480.375900035258383, 0.0 ], [ 391071.461698148166761, 1853450.154215952381492, 0.0 ], [ 391101.683382231101859, 1853419.93253186927177, 0.0 ], [ 391131.905066314095166, 1853389.710847786394879, 0.0 ], [ 391162.126750397030264, 1853359.489163703517988, 0.0 ], [ 391192.34843448002357, 1853329.267479620408267, 0.0 ], [ 391222.570118563016877, 1853299.045795537531376, 0.0 ], [ 391252.791802645951975, 1853268.824111454421654, 0.0 ], [ 391283.013486728945281, 1853238.602427371544763, 0.0 ], [ 391313.23517081188038, 1853208.380743288667873, 0.0 ], [ 391343.456854894873686, 1853178.159059205558151, 0.0 ], [ 391373.678538977866992, 1853147.93737512268126, 0.0 ], [ 391403.900223060802091, 1853147.93737512268126, 0.0 ], [ 391434.121907143795397, 1853117.715691039571539, 0.0 ], [ 391434.121907143795397, 1853087.494006956694648, 0.0 ], [ 391434.121907143795397, 1853057.272322873817757, 0.0 ], [ 391434.121907143795397, 1853027.050638790708035, 0.0 ], [ 391434.121907143795397, 1852996.828954707831144, 0.0 ], [ 391434.121907143795397, 1852966.607270624721423, 0.0 ], [ 391464.343591226730496, 1852936.385586541844532, 0.0 ], [ 391494.565275309723802, 1852906.163902458967641, 0.0 ], [ 391524.786959392717108, 1852875.942218375857919, 0.0 ], [ 391555.008643475652207, 1852845.720534292981029, 0.0 ], [ 391555.008643475652207, 1852815.498850209871307, 0.0 ], [ 391555.008643475652207, 1852785.277166126994416, 0.0 ], [ 391555.008643475652207, 1852755.055482044117525, 0.0 ], [ 391555.008643475652207, 1852724.833797961007804, 0.0 ], [ 391524.786959392717108, 1852694.612113878130913, 0.0 ], [ 391494.565275309723802, 1852664.390429795254022, 0.0 ], [ 391464.343591226730496, 1852634.1687457121443, 0.0 ], [ 391434.121907143795397, 1852634.1687457121443, 0.0 ], [ 391434.121907143795397, 1852603.947061629267409, 0.0 ], [ 391403.900223060802091, 1852573.725377546157688, 0.0 ], [ 391403.900223060802091, 1852543.503693463280797, 0.0 ], [ 391403.900223060802091, 1852513.282009380403906, 0.0 ], [ 391403.900223060802091, 1852483.060325297294185, 0.0 ], [ 391373.678538977866992, 1852452.838641214417294, 0.0 ], [ 391373.678538977866992, 1852422.616957131307572, 0.0 ], [ 391343.456854894873686, 1852392.395273048430681, 0.0 ], [ 391313.23517081188038, 1852362.17358896555379, 0.0 ], [ 391283.013486728945281, 1852331.951904882444069, 0.0 ], [ 391252.791802645951975, 1852301.730220799567178, 0.0 ], [ 391252.791802645951975, 1852271.508536716457456, 0.0 ], [ 391252.791802645951975, 1852241.286852633580565, 0.0 ], [ 391252.791802645951975, 1852211.065168550703675, 0.0 ], [ 391222.570118563016877, 1852180.843484467593953, 0.0 ], [ 391192.34843448002357, 1852150.621800384717062, 0.0 ], [ 391162.126750397030264, 1852120.400116301607341, 0.0 ], [ 391131.905066314095166, 1852090.17843221873045, 0.0 ], [ 391131.905066314095166, 1852059.956748135853559, 0.0 ], [ 391101.683382231101859, 1852029.735064052743837, 0.0 ], [ 391071.461698148166761, 1851999.513379969866946, 0.0 ], [ 391041.240014065173455, 1851969.291695886757225, 0.0 ], [ 391011.018329982238356, 1851939.070011803880334, 0.0 ], [ 390980.79664589924505, 1851908.848327721003443, 0.0 ], [ 390950.574961816309951, 1851878.626643637893721, 0.0 ], [ 390920.353277733316645, 1851848.404959555016831, 0.0 ], [ 390920.353277733316645, 1851818.183275471907109, 0.0 ], [ 390890.131593650323339, 1851787.961591389030218, 0.0 ], [ 390859.90990956738824, 1851757.739907306153327, 0.0 ], [ 390829.688225484394934, 1851757.739907306153327, 0.0 ], [ 390799.466541401459835, 1851787.961591389030218, 0.0 ], [ 390769.244857318466529, 1851818.183275471907109, 0.0 ], [ 390739.023173235473223, 1851848.404959555016831, 0.0 ], [ 390708.801489152538124, 1851878.626643637893721, 0.0 ], [ 390678.579805069544818, 1851878.626643637893721, 0.0 ], [ 390648.35812098660972, 1851908.848327721003443, 0.0 ], [ 390618.136436903616413, 1851939.070011803880334, 0.0 ], [ 390587.914752820623107, 1851969.291695886757225, 0.0 ], [ 390557.693068737688009, 1851999.513379969866946, 0.0 ] ] ] } },
{ "type": "Feature", "properties": { "subbasin": null, "name": "R1", "reach_len": 10806.539392954641, "reach_rel": 7.0, "reach_sin": 1.789377657704073, "reach_slo": 0.00064775593235399996, "len_units": "Metre", "layer": "Panchganga_River_network", "path": "E:\\Manasi_intern\\HMS_Shp\\Panchganga_River_network.shp" }, "geometry": { "type": "MultiLineString", "coordinates": [ [ [ 418482.529161401034798, 1850911.532752983039245, 0.0 ], [ 418482.529161401034798, 1850881.311068899929523, 0.0 ], [ 418482.529161401034798, 1850851.089384817052633, 0.0 ], [ 418482.529161401034798, 1850820.867700733942911, 0.0 ], [ 418482.529161401034798, 1850790.64601665106602, 0.0 ], [ 418482.529161401034798, 1850760.424332568189129, 0.0 ], [ 418482.529161401034798, 1850730.202648485079408, 0.0 ], [ 418452.3074773180997, 1850699.980964402202517, 0.0 ], [ 418452.3074773180997, 1850669.759280319092795, 0.0 ], [ 418452.3074773180997, 1850639.537596236215904, 0.0 ], [ 418452.3074773180997, 1850609.315912153339013, 0.0 ], [ 418452.3074773180997, 1850579.094228070229292, 0.0 ], [ 418422.085793235106394, 1850548.872543987352401, 0.0 ], [ 418422.085793235106394, 1850518.650859904242679, 0.0 ], [ 418422.085793235106394, 1850488.429175821365789, 0.0 ], [ 418422.085793235106394, 1850458.207491738488898, 0.0 ], [ 418422.085793235106394, 1850427.985807655379176, 0.0 ], [ 418422.085793235106394, 1850397.764123572502285, 0.0 ], [ 418422.085793235106394, 1850367.542439489392564, 0.0 ], [ 418422.085793235106394, 1850337.320755406515673, 0.0 ], [ 418391.864109152113087, 1850307.099071323638782, 0.0 ], [ 418361.642425069177989, 1850276.87738724052906, 0.0 ], [ 418361.642425069177989, 1850246.655703157652169, 0.0 ], [ 418331.420740986184683, 1850216.434019074542448, 0.0 ], [ 418301.199056903249584, 1850186.212334991665557, 0.0 ], [ 418270.977372820256278, 1850155.990650908788666, 0.0 ], [ 418240.755688737262972, 1850125.768966825678945, 0.0 ], [ 418210.534004654327873, 1850125.768966825678945, 0.0 ], [ 418180.312320571334567, 1850095.547282742802054, 0.0 ], [ 418180.312320571334567, 1850065.325598659692332, 0.0 ], [ 418150.090636488399468, 1850035.103914576815441, 0.0 ], [ 418119.868952405406162, 1850004.88223049393855, 0.0 ], [ 418089.647268322412856, 1849974.660546410828829, 0.0 ], [ 418059.425584239477757, 1849944.438862327951938, 0.0 ], [ 418029.203900156542659, 1849914.217178245075047, 0.0 ], [ 417998.982216073549353, 1849883.995494161965325, 0.0 ], [ 417968.760531990556046, 1849853.773810079088435, 0.0 ], [ 417938.538847907620948, 1849823.552125995978713, 0.0 ], [ 417908.317163824627642, 1849793.330441913101822, 0.0 ], [ 417878.095479741692543, 1849763.108757830224931, 0.0 ], [ 417878.095479741692543, 1849732.88707374711521, 0.0 ], [ 417878.095479741692543, 1849702.665389664238319, 0.0 ], [ 417847.873795658699237, 1849672.443705581128597, 0.0 ], [ 417817.652111575705931, 1849642.222021498251706, 0.0 ], [ 417787.430427492770832, 1849612.000337415374815, 0.0 ], [ 417787.430427492770832, 1849581.778653332265094, 0.0 ], [ 417757.208743409777526, 1849551.556969249388203, 0.0 ], [ 417726.987059326842427, 1849551.556969249388203, 0.0 ], [ 417696.765375243849121, 1849521.335285166278481, 0.0 ], [ 417666.543691160855815, 1849491.113601083401591, 0.0 ], [ 417636.322007077920716, 1849491.113601083401591, 0.0 ], [ 417606.10032299492741, 1849491.113601083401591, 0.0 ], [ 417575.878638911992311, 1849460.8919170005247, 0.0 ], [ 417545.656954828999005, 1849430.670232917414978, 0.0 ], [ 417515.435270746005699, 1849400.448548834538087, 0.0 ], [ 417485.2135866630706, 1849370.226864751428366, 0.0 ], [ 417454.991902580077294, 1849340.005180668551475, 0.0 ], [ 417424.770218497142196, 1849309.783496585674584, 0.0 ], [ 417394.548534414148889, 1849279.561812502564862, 0.0 ], [ 417364.326850331155583, 1849249.340128419687971, 0.0 ], [ 417334.105166248220485, 1849219.11844433657825, 0.0 ], [ 417303.883482165285386, 1849188.896760253701359, 0.0 ], [ 417303.883482165285386, 1849158.675076170824468, 0.0 ], [ 417273.66179808229208, 1849128.453392087714747, 0.0 ], [ 417303.883482165285386, 1849098.231708004837856, 0.0 ], [ 417303.883482165285386, 1849068.010023921728134, 0.0 ], [ 417303.883482165285386, 1849037.788339838851243, 0.0 ], [ 417303.883482165285386, 1849007.566655755974352, 0.0 ], [ 417273.66179808229208, 1848977.344971672864631, 0.0 ], [ 417243.440113999298774, 1848947.12328758998774, 0.0 ], [ 417243.440113999298774, 1848916.901603506878018, 0.0 ], [ 417243.440113999298774, 1848886.679919424001127, 0.0 ], [ 417213.218429916363675, 1848856.458235341124237, 0.0 ], [ 417182.996745833370369, 1848826.236551258014515, 0.0 ], [ 417152.77506175043527, 1848796.014867175137624, 0.0 ], [ 417122.553377667441964, 1848765.793183092027903, 0.0 ], [ 417092.331693584448658, 1848735.571499009151012, 0.0 ], [ 417092.331693584448658, 1848705.349814926274121, 0.0 ], [ 417062.110009501513559, 1848675.128130843164399, 0.0 ], [ 417062.110009501513559, 1848644.906446760287508, 0.0 ], [ 417031.888325418520253, 1848614.684762677177787, 0.0 ], [ 417031.888325418520253, 1848584.463078594300896, 0.0 ], [ 417031.888325418520253, 1848554.241394511424005, 0.0 ], [ 417001.666641335585155, 1848524.019710428314283, 0.0 ], [ 416971.444957252591848, 1848493.798026345437393, 0.0 ], [ 416941.223273169598542, 1848463.576342262327671, 0.0 ], [ 416911.001589086663444, 1848433.35465817945078, 0.0 ], [ 416880.779905003670137, 1848433.35465817945078, 0.0 ], [ 416850.558220920735039, 1848403.132974096573889, 0.0 ], [ 416850.558220920735039, 1848372.911290013464168, 0.0 ], [ 416850.558220920735039, 1848342.689605930587277, 0.0 ], [ 416850.558220920735039, 1848312.467921847477555, 0.0 ], [ 416850.558220920735039, 1848282.246237764600664, 0.0 ], [ 416820.336536837741733, 1848252.024553681723773, 0.0 ], [ 416790.114852754748426, 1848221.802869598614052, 0.0 ], [ 416790.114852754748426, 1848191.581185515737161, 0.0 ], [ 416820.336536837741733, 1848161.359501432627439, 0.0 ], [ 416850.558220920735039, 1848131.137817349750549, 0.0 ], [ 416820.336536837741733, 1848100.916133266873658, 0.0 ], [ 416820.336536837741733, 1848070.694449183763936, 0.0 ], [ 416790.114852754748426, 1848040.472765100887045, 0.0 ], [ 416759.893168671813328, 1848010.251081018010154, 0.0 ], [ 416729.671484588878229, 1847980.029396934900433, 0.0 ], [ 416729.671484588878229, 1847949.807712852023542, 0.0 ], [ 416729.671484588878229, 1847919.58602876891382, 0.0 ], [ 416729.671484588878229, 1847889.364344686036929, 0.0 ], [ 416729.671484588878229, 1847859.142660603160039, 0.0 ], [ 416729.671484588878229, 1847828.920976520050317, 0.0 ], [ 416729.671484588878229, 1847798.699292437173426, 0.0 ], [ 416729.671484588878229, 1847768.477608354063705, 0.0 ], [ 416699.449800505884923, 1847738.255924271186814, 0.0 ], [ 416669.228116422891617, 1847708.034240188309923, 0.0 ], [ 416639.006432339956518, 1847677.812556105200201, 0.0 ], [ 416639.006432339956518, 1847647.59087202232331, 0.0 ], [ 416639.006432339956518, 1847617.369187939213589, 0.0 ], [ 416639.006432339956518, 1847587.147503856336698, 0.0 ], [ 416608.784748256963212, 1847556.925819773459807, 0.0 ], [ 416578.563064174028113, 1847526.704135690350085, 0.0 ], [ 416578.563064174028113, 1847496.482451607473195, 0.0 ], [ 416548.341380091034807, 1847466.260767524363473, 0.0 ], [ 416548.341380091034807, 1847436.039083441486582, 0.0 ], [ 416548.341380091034807, 1847405.817399358609691, 0.0 ], [ 416548.341380091034807, 1847375.59571527549997, 0.0 ], [ 416548.341380091034807, 1847345.374031192623079, 0.0 ], [ 416518.119696008041501, 1847315.152347109513357, 0.0 ], [ 416487.898011925106402, 1847284.930663026636466, 0.0 ], [ 416457.676327842113096, 1847254.708978943759575, 0.0 ], [ 416457.676327842113096, 1847224.487294860649854, 0.0 ], [ 416427.454643759177998, 1847194.265610777772963, 0.0 ], [ 416397.232959676184691, 1847164.043926694896072, 0.0 ], [ 416367.011275593191385, 1847133.822242611786351, 0.0 ], [ 416336.789591510256287, 1847133.822242611786351, 0.0 ], [ 416306.56790742726298, 1847103.60055852890946, 0.0 ], [ 416276.346223344327882, 1847103.60055852890946, 0.0 ], [ 416246.124539261334576, 1847103.60055852890946, 0.0 ], [ 416215.902855178341269, 1847103.60055852890946, 0.0 ], [ 416185.681171095406171, 1847133.822242611786351, 0.0 ], [ 416155.459487012412865, 1847164.043926694896072, 0.0 ], [ 416125.237802929477766, 1847194.265610777772963, 0.0 ], [ 416095.01611884648446, 1847194.265610777772963, 0.0 ], [ 416064.794434763491154, 1847194.265610777772963, 0.0 ], [ 416034.572750680556055, 1847194.265610777772963, 0.0 ], [ 416004.351066597620957, 1847194.265610777772963, 0.0 ], [ 415974.12938251462765, 1847194.265610777772963, 0.0 ], [ 415943.907698431634344, 1847194.265610777772963, 0.0 ], [ 415913.686014348699246, 1847164.043926694896072, 0.0 ], [ 415883.464330265705939, 1847164.043926694896072, 0.0 ], [ 415853.242646182770841, 1847164.043926694896072, 0.0 ], [ 415823.020962099777535, 1847194.265610777772963, 0.0 ], [ 415792.799278016784228, 1847224.487294860649854, 0.0 ], [ 415762.57759393384913, 1847254.708978943759575, 0.0 ], [ 415732.355909850855824, 1847284.930663026636466, 0.0 ], [ 415702.134225767920725, 1847315.152347109513357, 0.0 ], [ 415671.912541684927419, 1847345.374031192623079, 0.0 ], [ 415641.690857601934113, 1847375.59571527549997, 0.0 ], [ 415611.469173518999014, 1847405.817399358609691, 0.0 ], [ 415581.247489436005708, 1847436.039083441486582, 0.0 ], [ 415551.025805353070609, 1847436.039083441486582, 0.0 ], [ 415520.804121270077303, 1847466.260767524363473, 0.0 ], [ 415490.582437187083997, 1847496.482451607473195, 0.0 ], [ 415490.582437187083997, 1847526.704135690350085, 0.0 ], [ 415460.360753104148898, 1847556.925819773459807, 0.0 ], [ 415430.139069021155592, 1847556.925819773459807, 0.0 ], [ 415399.917384938220493, 1847587.147503856336698, 0.0 ], [ 415369.695700855227187, 1847587.147503856336698, 0.0 ], [ 415339.474016772233881, 1847587.147503856336698, 0.0 ], [ 415309.252332689298782, 1847587.147503856336698, 0.0 ], [ 415279.030648606363684, 1847587.147503856336698, 0.0 ], [ 415248.808964523370378, 1847617.369187939213589, 0.0 ], [ 415218.587280440377071, 1847617.369187939213589, 0.0 ], [ 415188.365596357441973, 1847647.59087202232331, 0.0 ], [ 415158.143912274448667, 1847677.812556105200201, 0.0 ], [ 415127.922228191513568, 1847677.812556105200201, 0.0 ], [ 415097.700544108520262, 1847708.034240188309923, 0.0 ], [ 415067.478860025526956, 1847708.034240188309923, 0.0 ], [ 415037.257175942591857, 1847738.255924271186814, 0.0 ], [ 415007.035491859598551, 1847738.255924271186814, 0.0 ], [ 414976.813807776663452, 1847738.255924271186814, 0.0 ], [ 414946.592123693670146, 1847768.477608354063705, 0.0 ], [ 414916.37043961067684, 1847798.699292437173426, 0.0 ], [ 414886.148755527741741, 1847828.920976520050317, 0.0 ], [ 414855.927071444748435, 1847859.142660603160039, 0.0 ], [ 414825.705387361813337, 1847859.142660603160039, 0.0 ], [ 414795.48370327882003, 1847889.364344686036929, 0.0 ], [ 414765.262019195826724, 1847919.58602876891382, 0.0 ], [ 414735.040335112891626, 1847919.58602876891382, 0.0 ], [ 414704.818651029898319, 1847919.58602876891382, 0.0 ], [ 414674.596966946963221, 1847919.58602876891382, 0.0 ], [ 414644.375282863969915, 1847919.58602876891382, 0.0 ], [ 414614.153598780976608, 1847949.807712852023542, 0.0 ], [ 414583.93191469804151, 1847980.029396934900433, 0.0 ], [ 414553.710230615106411, 1847980.029396934900433, 0.0 ], [ 414523.488546532113105, 1847980.029396934900433, 0.0 ], [ 414493.266862449119799, 1847980.029396934900433, 0.0 ], [ 414463.0451783661847, 1848010.251081018010154, 0.0 ], [ 414432.823494283191394, 1848010.251081018010154, 0.0 ], [ 414402.601810200256296, 1848010.251081018010154, 0.0 ], [ 414372.380126117262989, 1848010.251081018010154, 0.0 ], [ 414342.158442034269683, 1848010.251081018010154, 0.0 ], [ 414311.936757951334585, 1848010.251081018010154, 0.0 ], [ 414281.715073868341278, 1848010.251081018010154, 0.0 ], [ 414251.49338978540618, 1848010.251081018010154, 0.0 ], [ 414221.271705702412874, 1848040.472765100887045, 0.0 ], [ 414191.050021619419567, 1848070.694449183763936, 0.0 ], [ 414160.828337536484469, 1848100.916133266873658, 0.0 ], [ 414130.606653453491163, 1848131.137817349750549, 0.0 ], [ 414100.384969370556064, 1848161.359501432627439, 0.0 ], [ 414070.163285287562758, 1848161.359501432627439, 0.0 ], [ 414039.941601204569452, 1848161.359501432627439, 0.0 ], [ 414009.719917121634353, 1848161.359501432627439, 0.0 ], [ 413979.498233038641047, 1848191.581185515737161, 0.0 ], [ 413949.276548955705948, 1848191.581185515737161, 0.0 ], [ 413919.054864872712642, 1848191.581185515737161, 0.0 ], [ 413888.833180789719336, 1848191.581185515737161, 0.0 ], [ 413858.611496706784237, 1848221.802869598614052, 0.0 ], [ 413828.389812623849139, 1848252.024553681723773, 0.0 ], [ 413798.168128540855832, 1848252.024553681723773, 0.0 ], [ 413767.946444457862526, 1848282.246237764600664, 0.0 ], [ 413737.724760374927428, 1848282.246237764600664, 0.0 ], [ 413707.503076291934121, 1848312.467921847477555, 0.0 ], [ 413677.281392208999023, 1848342.689605930587277, 0.0 ], [ 413647.059708126005717, 1848372.911290013464168, 0.0 ], [ 413616.83802404301241, 1848372.911290013464168, 0.0 ], [ 413586.616339960077312, 1848403.132974096573889, 0.0 ], [ 413556.394655877084006, 1848403.132974096573889, 0.0 ], [ 413526.172971794148907, 1848403.132974096573889, 0.0 ], [ 413495.951287711155601, 1848403.132974096573889, 0.0 ], [ 413465.729603628162295, 1848403.132974096573889, 0.0 ], [ 413435.507919545227196, 1848403.132974096573889, 0.0 ], [ 413405.28623546223389, 1848403.132974096573889, 0.0 ], [ 413375.064551379298791, 1848403.132974096573889, 0.0 ], [ 413344.842867296305485, 1848403.132974096573889, 0.0 ], [ 413314.621183213312179, 1848403.132974096573889, 0.0 ], [ 413284.39949913037708, 1848403.132974096573889, 0.0 ], [ 413254.177815047441982, 1848403.132974096573889, 0.0 ], [ 413223.956130964448676, 1848403.132974096573889, 0.0 ], [ 413193.734446881455369, 1848403.132974096573889, 0.0 ], [ 413163.512762798520271, 1848403.132974096573889, 0.0 ], [ 413133.291078715526965, 1848433.35465817945078, 0.0 ], [ 413103.069394632591866, 1848433.35465817945078, 0.0 ], [ 413072.84771054959856, 1848433.35465817945078, 0.0 ], [ 413042.626026466605254, 1848433.35465817945078, 0.0 ], [ 413012.404342383670155, 1848463.576342262327671, 0.0 ], [ 412982.182658300676849, 1848463.576342262327671, 0.0 ], [ 412951.96097421774175, 1848463.576342262327671, 0.0 ], [ 412921.739290134748444, 1848463.576342262327671, 0.0 ], [ 412891.517606051755138, 1848463.576342262327671, 0.0 ], [ 412861.295921968820039, 1848493.798026345437393, 0.0 ], [ 412831.074237885826733, 1848524.019710428314283, 0.0 ], [ 412800.852553802891634, 1848554.241394511424005, 0.0 ], [ 412770.630869719898328, 1848584.463078594300896, 0.0 ], [ 412740.409185636905022, 1848614.684762677177787, 0.0 ], [ 412710.187501553969923, 1848644.906446760287508, 0.0 ], [ 412679.965817470976617, 1848675.128130843164399, 0.0 ], [ 412649.744133388041519, 1848705.349814926274121, 0.0 ], [ 412619.522449305048212, 1848735.571499009151012, 0.0 ], [ 412589.300765222054906, 1848765.793183092027903, 0.0 ], [ 412559.079081139119808, 1848796.014867175137624, 0.0 ], [ 412528.857397056184709, 1848826.236551258014515, 0.0 ], [ 412498.635712973191403, 1848856.458235341124237, 0.0 ], [ 412498.635712973191403, 1848886.679919424001127, 0.0 ], [ 412468.414028890198097, 1848916.901603506878018, 0.0 ], [ 412468.414028890198097, 1848947.12328758998774, 0.0 ], [ 412468.414028890198097, 1848977.344971672864631, 0.0 ], [ 412468.414028890198097, 1849007.566655755974352, 0.0 ], [ 412468.414028890198097, 1849037.788339838851243, 0.0 ], [ 412438.192344807262998, 1849068.010023921728134, 0.0 ], [ 412407.970660724269692, 1849098.231708004837856, 0.0 ], [ 412407.970660724269692, 1849128.453392087714747, 0.0 ], [ 412377.748976641334593, 1849158.675076170824468, 0.0 ], [ 412377.748976641334593, 1849188.896760253701359, 0.0 ], [ 412377.748976641334593, 1849219.11844433657825, 0.0 ], [ 412377.748976641334593, 1849249.340128419687971, 0.0 ], [ 412407.970660724269692, 1849279.561812502564862, 0.0 ], [ 412407.970660724269692, 1849309.783496585674584, 0.0 ], [ 412407.970660724269692, 1849340.005180668551475, 0.0 ], [ 412407.970660724269692, 1849370.226864751428366, 0.0 ], [ 412407.970660724269692, 1849400.448548834538087, 0.0 ], [ 412407.970660724269692, 1849430.670232917414978, 0.0 ], [ 412407.970660724269692, 1849460.8919170005247, 0.0 ], [ 412407.970660724269692, 1849491.113601083401591, 0.0 ], [ 412407.970660724269692, 1849521.335285166278481, 0.0 ], [ 412407.970660724269692, 1849551.556969249388203, 0.0 ], [ 412407.970660724269692, 1849581.778653332265094, 0.0 ], [ 412407.970660724269692, 1849612.000337415374815, 0.0 ], [ 412407.970660724269692, 1849642.222021498251706, 0.0 ], [ 412407.970660724269692, 1849672.443705581128597, 0.0 ], [ 412407.970660724269692, 1849702.665389664238319, 0.0 ], [ 412407.970660724269692, 1849732.88707374711521, 0.0 ], [ 412407.970660724269692, 1849763.108757830224931, 0.0 ], [ 412407.970660724269692, 1849793.330441913101822, 0.0 ], [ 412438.192344807262998, 1849823.552125995978713, 0.0 ], [ 412438.192344807262998, 1849853.773810079088435, 0.0 ], [ 412438.192344807262998, 1849883.995494161965325, 0.0 ], [ 412438.192344807262998, 1849914.217178245075047, 0.0 ], [ 412468.414028890198097, 1849944.438862327951938, 0.0 ], [ 412468.414028890198097, 1849974.660546410828829, 0.0 ], [ 412498.635712973191403, 1850004.88223049393855, 0.0 ], [ 412498.635712973191403, 1850035.103914576815441, 0.0 ], [ 412498.635712973191403, 1850065.325598659692332, 0.0 ], [ 412498.635712973191403, 1850095.547282742802054, 0.0 ] ] ] } }
]
}
