{"type": "FeatureCollection", "name": "Panchganga_RJKT_Flowpath", "features": [{"type": "Feature", "properties": {"subbasin": "S1", "name": null, "reach_len": null, "reach_rel": null, "reach_sin": null, "reach_slo": null, "len_units": null, "layer": "longest_flowpath_network", "path": "E:\\Manasi_intern\\HMS_Shp\\longest_flowpath_network.shp"}, "geometry": {"type": "MultiLineString", "coordinates": [[[74.235236, 16.739792, 534.5], [74.235237, 16.739656, 534.0], [74.235238, 16.739383, 535.0], [74.235239, 16.739109, 533.0], [74.23524, 16.738836, 534.0], [74.235241, 16.738563, 537.0], [74.235242, 16.73829, 539.0], [74.235243, 16.738017, 537.0], [74.234961, 16.737743, 536.0], [74.234962, 16.737469, 536.0], [74.234963, 16.737196, 535.0], [74.234964, 16.736923, 534.0], [74.234965, 16.73665, 535.0], [74.234683, 16.736376, 537.0], [74.234684, 16.736102, 537.0], [74.234685, 16.735829, 536.0], [74.234686, 16.735556, 536.0], [74.234687, 16.735283, 535.0], [74.234688, 16.73501, 536.0], [74.234689, 16.734737, 538.0], [74.23469, 16.734463, 538.0], [74.234408, 16.734189, 540.0], [74.234126, 16.733915, 541.0], [74.234127, 16.733642, 540.0], [74.233844, 16.733368, 541.0], [74.233562, 16.733093, 539.0], [74.233279, 16.732819, 535.0], [74.232997, 16.732545, 535.0], [74.232714, 16.732544, 537.0], [74.232431, 16.73227, 539.0], [74.232432, 16.731996, 539.0], [74.23215, 16.731722, 541.0], [74.231867, 16.731448, 542.0], [74.231585, 16.731174, 541.0], [74.231303, 16.7309, 538.0], [74.23102, 16.730625, 536.0], [74.230738, 16.730351, 538.0], [74.230455, 16.730077, 540.0], [74.230173, 16.729803, 533.0], [74.229891, 16.729528, 530.0], [74.229608, 16.729254, 534.0], [74.229609, 16.728981, 535.0], [74.22961, 16.728708, 538.0], [74.229328, 16.728434, 542.0], [74.229046, 16.728159, 541.0], [74.228763, 16.727885, 540.0], [74.228764, 16.727612, 540.0], [74.228482, 16.727338, 540.0], [74.228198, 16.727337, 539.0], [74.227916, 16.727062, 540.0], [74.227634, 16.726788, 541.0], [74.22735, 16.726787, 542.0], [74.227067, 16.726786, 542.0], [74.226784, 16.726512, 541.0], [74.226502, 16.726238, 542.0], [74.22622, 16.725963, 540.0], [74.225937, 16.725689, 537.0], [74.225655, 16.725415, 538.0], [74.225372, 16.725141, 541.0], [74.22509, 16.724866, 542.0], [74.224808, 16.724592, 540.0], [74.224525, 16.724318, 539.0], [74.224243, 16.724044, 540.0], [74.224244, 16.723771, 540.0], [74.223962, 16.723496, 540.0], [74.224246, 16.723224, 542.0], [74.224247, 16.722951, 541.0], [74.224248, 16.722678, 540.0], [74.224249, 16.722405, 540.0], [74.223967, 16.72213, 542.0], [74.223685, 16.721856, 542.0], [74.223686, 16.721583, 542.0], [74.223687, 16.72131, 540.0], [74.223405, 16.721036, 538.0], [74.223122, 16.720761, 539.0], [74.22284, 16.720487, 538.0], [74.222557, 16.720213, 537.0], [74.222275, 16.719939, 537.0], [74.222276, 16.719666, 536.0], [74.221994, 16.719391, 536.0], [74.221995, 16.719118, 537.0], [74.221713, 16.718844, 540.0], [74.221714, 16.718571, 540.0], [74.221715, 16.718298, 541.0], [74.221432, 16.718023, 542.0], [74.22115, 16.717749, 542.0], [74.220868, 16.717475, 542.0], [74.220585, 16.717201, 542.0], [74.220302, 16.7172, 541.0], [74.220019, 16.716925, 540.0], [74.220021, 16.716652, 541.0], [74.220022, 16.716379, 542.0], [74.220023, 16.716106, 541.0], [74.220024, 16.715833, 541.0], [74.219742, 16.715558, 542.0], [74.219459, 16.715284, 542.0], [74.21946, 16.715011, 541.0], [74.219745, 16.714739, 542.0], [74.220029, 16.714467, 539.0], [74.219747, 16.714192, 539.0], [74.219748, 16.713919, 537.0], [74.219749, 16.713646, 541.0], [74.21975, 16.713373, 542.0], [74.220035, 16.713101, 542.0], [74.220036, 16.712828, 542.0], [74.220321, 16.712556, 542.0], [74.220605, 16.712283, 542.0], [74.22089, 16.712011, 541.0], [74.221174, 16.711739, 542.0], [74.221458, 16.71174, 543.0], [74.221741, 16.711741, 543.0], [74.222024, 16.712016, 543.0], [74.222306, 16.71229, 543.0], [74.22259, 16.712291, 542.0], [74.222874, 16.712019, 542.0], [74.223158, 16.71202, 543.0], [74.223442, 16.711748, 544.0], [74.223443, 16.711475, 543.0], [74.223161, 16.7112, 544.0], [74.222879, 16.710926, 544.0], [74.222596, 16.710652, 544.0], [74.222314, 16.710378, 543.0], [74.222315, 16.710104, 543.0], [74.222599, 16.709832, 544.0], [74.222884, 16.70956, 544.0], [74.223169, 16.709288, 543.0], [74.22317, 16.709015, 542.0], [74.223454, 16.708743, 544.0], [74.223739, 16.708471, 543.0], [74.224023, 16.708199, 544.0], [74.224308, 16.707927, 544.0], [74.224593, 16.707654, 542.0], [74.224877, 16.707382, 542.0], [74.225162, 16.70711, 544.0], [74.225446, 16.706838, 543.0], [74.225447, 16.706565, 542.0], [74.225732, 16.706293, 544.0], [74.225733, 16.70602, 544.0], [74.226018, 16.705748, 544.0], [74.2263, 16.706022, 544.0], [74.226583, 16.706023, 543.0], [74.226867, 16.706024, 544.0], [74.227149, 16.706298, 545.0], [74.227432, 16.706572, 545.0], [74.227715, 16.706573, 544.0], [74.227998, 16.706574, 544.0], [74.228282, 16.706576, 544.0], [74.228566, 16.706303, 545.0], [74.228851, 16.706031, 545.0], [74.229136, 16.705759, 543.0], [74.22942, 16.705487, 542.0], [74.229705, 16.705215, 541.0], [74.229988, 16.705216, 542.0], [74.230273, 16.704944, 543.0], [74.230274, 16.704671, 544.0], [74.230275, 16.704398, 544.0], [74.230276, 16.704124, 543.0], [74.230277, 16.703851, 542.0], [74.230278, 16.703578, 542.0], [74.230279, 16.703305, 545.0], [74.229997, 16.703031, 547.0], [74.229998, 16.702757, 546.0], [74.229999, 16.702484, 547.0], [74.23, 16.702211, 548.0], [74.230285, 16.701939, 547.0], [74.230569, 16.701667, 545.0], [74.230854, 16.701395, 546.0], [74.231137, 16.701396, 547.0], [74.231421, 16.701397, 548.0], [74.231705, 16.701125, 548.0], [74.231706, 16.700852, 550.0], [74.231707, 16.700578, 551.0], [74.231992, 16.700306, 551.0], [74.231993, 16.700033, 551.0], [74.231994, 16.69976, 550.0], [74.231995, 16.699487, 550.0], [74.231996, 16.699214, 549.0], [74.231997, 16.69894, 549.0], [74.231999, 16.698667, 549.0], [74.232, 16.698394, 550.0], [74.232284, 16.698122, 550.0], [74.232285, 16.697849, 551.0], [74.232286, 16.697576, 554.0], [74.232571, 16.697303, 556.0], [74.232572, 16.69703, 556.0], [74.232573, 16.696757, 555.0], [74.232574, 16.696484, 554.0], [74.232575, 16.696211, 554.0], [74.232576, 16.695938, 555.0], [74.232577, 16.695664, 556.0], [74.232579, 16.695391, 556.0], [74.232295, 16.69539, 557.0], [74.232013, 16.695116, 558.0], [74.23173, 16.694842, 556.0], [74.231448, 16.694568, 555.0], [74.231449, 16.694294, 555.0], [74.231167, 16.69402, 556.0], [74.230883, 16.694019, 557.0], [74.230601, 16.693745, 557.0], [74.230318, 16.693744, 558.0], [74.230035, 16.69347, 558.0], [74.230036, 16.693196, 558.0], [74.230037, 16.692923, 558.0], [74.230322, 16.692651, 558.0], [74.230606, 16.692379, 557.0], [74.230891, 16.692107, 558.0], [74.230892, 16.691834, 558.0], [74.231177, 16.691562, 559.0], [74.231461, 16.691289, 560.0], [74.231746, 16.691017, 558.0], [74.23203, 16.690745, 558.0], [74.232315, 16.690473, 559.0], [74.232599, 16.690201, 561.0], [74.232884, 16.689929, 561.0], [74.233168, 16.689657, 559.0], [74.233169, 16.689384, 559.0], [74.233171, 16.68911, 560.0], [74.232888, 16.688836, 559.0], [74.232889, 16.688563, 557.0], [74.23289, 16.68829, 556.0], [74.232891, 16.688017, 557.0], [74.232609, 16.687742, 558.0], [74.232327, 16.687468, 557.0], [74.232044, 16.687194, 559.0], [74.231761, 16.687193, 560.0], [74.231479, 16.686919, 560.0], [74.231196, 16.686644, 560.0], [74.231197, 16.686371, 559.0], [74.231198, 16.686098, 558.0], [74.2312, 16.685825, 559.0], [74.231201, 16.685552, 560.0], [74.231202, 16.685279, 559.0], [74.231203, 16.685005, 557.0], [74.231204, 16.684732, 557.0], [74.231205, 16.684459, 559.0], [74.231206, 16.684186, 561.0], [74.231207, 16.683913, 560.0], [74.231492, 16.683641, 560.0], [74.231493, 16.683367, 560.0], [74.231494, 16.683094, 560.0], [74.231495, 16.682821, 560.0], [74.231496, 16.682548, 561.0], [74.231781, 16.682276, 561.0], [74.231782, 16.682003, 561.0], [74.231499, 16.681728, 561.0], [74.231217, 16.681454, 561.0], [74.230935, 16.68118, 561.0], [74.230652, 16.680906, 558.0], [74.230653, 16.680632, 558.0], [74.230655, 16.680359, 558.0], [74.230372, 16.680085, 559.0], [74.230373, 16.679812, 560.0], [74.230374, 16.679539, 560.0], [74.230092, 16.679265, 558.0], [74.229809, 16.679263, 558.0], [74.22981, 16.67899, 558.0], [74.229811, 16.678717, 559.0], [74.229812, 16.678444, 560.0], [74.229813, 16.678171, 561.0], [74.229814, 16.677898, 561.0], [74.229815, 16.677624, 560.0], [74.229816, 16.677351, 561.0], [74.229817, 16.677078, 562.0], [74.229819, 16.676805, 562.0], [74.22982, 16.676532, 562.0], [74.229821, 16.676259, 562.0], [74.229538, 16.675984, 564.0], [74.229256, 16.67571, 564.0], [74.228973, 16.675709, 563.0], [74.228689, 16.675708, 563.0], [74.228406, 16.675707, 564.0], [74.228124, 16.675433, 565.0], [74.22784, 16.675432, 566.0], [74.227557, 16.675431, 567.0], [74.227273, 16.67543, 567.0], [74.226991, 16.675155, 567.0], [74.226708, 16.675154, 567.0], [74.226424, 16.675153, 566.0], [74.226142, 16.674879, 567.0], [74.225859, 16.674605, 568.0], [74.225576, 16.674604, 567.0], [74.225294, 16.674329, 565.0], [74.225295, 16.674056, 565.0], [74.225013, 16.673782, 566.0], [74.225014, 16.673509, 567.0], [74.225015, 16.673236, 567.0], [74.224732, 16.672961, 568.0], [74.224734, 16.672688, 568.0], [74.224451, 16.672414, 568.0], [74.224169, 16.67214, 568.0], [74.223887, 16.671866, 566.0], [74.223604, 16.671591, 566.0], [74.223322, 16.671317, 568.0], [74.223323, 16.671044, 568.0], [74.223324, 16.670771, 569.0], [74.223325, 16.670498, 569.0], [74.223326, 16.670224, 569.0], [74.223328, 16.669951, 568.0], [74.223045, 16.669677, 569.0], [74.223046, 16.669404, 570.0], [74.222764, 16.66913, 573.0], [74.222482, 16.668855, 573.0], [74.222766, 16.668583, 572.0], [74.222767, 16.66831, 570.0], [74.222768, 16.668037, 571.0], [74.222486, 16.667763, 573.0], [74.222487, 16.667489, 573.0], [74.222204, 16.667488, 574.0], [74.221922, 16.667214, 575.0], [74.221639, 16.66694, 571.0], [74.221357, 16.666666, 570.0], [74.221075, 16.666391, 572.0], [74.220792, 16.666117, 574.0], [74.220793, 16.665844, 574.0], [74.220795, 16.665571, 574.0], [74.220512, 16.665297, 575.0], [74.22023, 16.665022, 576.0], [74.219948, 16.664748, 574.0], [74.219664, 16.664747, 573.0], [74.219382, 16.664473, 574.0], [74.219383, 16.6642, 575.0], [74.219101, 16.663925, 574.0], [74.218819, 16.663651, 576.0], [74.218536, 16.663377, 576.0], [74.218254, 16.663103, 576.0], [74.217971, 16.663102, 576.0], [74.217688, 16.662827, 576.0], [74.217689, 16.662554, 577.0], [74.21769, 16.662281, 579.0], [74.217408, 16.662007, 581.0], [74.217126, 16.661733, 582.0], [74.217127, 16.661459, 582.0], [74.216845, 16.661185, 584.0], [74.216562, 16.660911, 584.0], [74.21628, 16.660637, 583.0], [74.216281, 16.660363, 583.0], [74.216282, 16.66009, 583.0], [74.216284, 16.659817, 582.0], [74.216285, 16.659544, 583.0], [74.216286, 16.659271, 583.0], [74.216287, 16.658998, 583.0], [74.216005, 16.658723, 584.0], [74.215722, 16.658449, 584.0], [74.21544, 16.658175, 585.0], [74.215157, 16.658174, 586.0], [74.214874, 16.6579, 588.0], [74.214592, 16.657625, 589.0], [74.214309, 16.657624, 591.0], [74.214025, 16.657623, 592.0], [74.213742, 16.657622, 593.0], [74.213459, 16.657621, 593.0], [74.213175, 16.65762, 592.0], [74.213176, 16.657347, 595.0], [74.212894, 16.657072, 596.0], [74.212612, 16.656798, 596.0], [74.212329, 16.656524, 596.0], [74.212047, 16.65625, 596.0], [74.211765, 16.655975, 596.0], [74.211483, 16.655701, 596.0], [74.211484, 16.655428, 596.0], [74.211485, 16.655155, 596.0], [74.211486, 16.654882, 596.0], [74.211204, 16.654607, 596.0], [74.210922, 16.654333, 596.0], [74.210923, 16.65406, 596.0], [74.21064, 16.653786, 596.0], [74.210358, 16.653512, 596.0], [74.210359, 16.653238, 596.0], [74.210077, 16.652964, 596.0], [74.209795, 16.65269, 596.0], [74.209511, 16.652689, 596.0], [74.209512, 16.652416, 596.0], [74.20923, 16.652141, 596.0], [74.208948, 16.651867, 596.0], [74.208949, 16.651594, 596.0], [74.20895, 16.651321, 596.0], [74.208951, 16.651048, 597.0], [74.208669, 16.650773, 598.0], [74.208387, 16.650499, 598.0], [74.208388, 16.650226, 599.0], [74.208389, 16.649953, 600.0], [74.20839, 16.64968, 599.0], [74.208391, 16.649406, 598.0], [74.208392, 16.649133, 599.0], [74.208394, 16.64886, 599.0], [74.208395, 16.648587, 599.0], [74.208112, 16.648313, 600.0], [74.208114, 16.648039, 602.0], [74.208115, 16.647766, 602.0], [74.208116, 16.647493, 602.0], [74.208117, 16.64722, 603.0], [74.208118, 16.646947, 604.0], [74.208119, 16.646674, 603.0], [74.207837, 16.646399, 603.0], [74.207555, 16.646125, 603.0], [74.207272, 16.645851, 604.0], [74.207273, 16.645578, 604.0], [74.207275, 16.645304, 603.0], [74.207276, 16.645031, 603.0], [74.206992, 16.64503, 604.0], [74.20671, 16.644756, 604.0], [74.206427, 16.644755, 604.0], [74.206145, 16.644481, 605.0], [74.206146, 16.644207, 606.0], [74.206147, 16.643934, 606.0], [74.206148, 16.643661, 606.0], [74.206149, 16.643388, 606.0], [74.206434, 16.643116, 607.0], [74.206435, 16.642843, 608.0], [74.206436, 16.642569, 608.0], [74.206437, 16.642296, 608.0], [74.206438, 16.642023, 607.0], [74.206722, 16.641751, 609.0], [74.206724, 16.641478, 609.0], [74.206441, 16.641204, 609.0], [74.206159, 16.640929, 609.0], [74.20616, 16.640656, 609.0], [74.205878, 16.640382, 610.0], [74.205596, 16.640108, 610.0], [74.20588, 16.639836, 611.0], [74.206165, 16.639563, 610.0], [74.206449, 16.639291, 611.0], [74.206734, 16.639019, 611.0], [74.207018, 16.638747, 611.0], [74.207303, 16.638475, 611.0], [74.207304, 16.638202, 610.0], [74.207305, 16.637929, 610.0], [74.207306, 16.637656, 611.0], [74.207307, 16.637382, 613.0], [74.207592, 16.63711, 614.0], [74.207876, 16.636838, 614.0], [74.208159, 16.636839, 614.0], [74.208161, 16.636566, 615.0], [74.208162, 16.636293, 615.0], [74.208163, 16.63602, 614.0], [74.208164, 16.635747, 613.0], [74.208165, 16.635473, 614.0], [74.208166, 16.6352, 615.0], [74.208167, 16.634927, 616.0], [74.208168, 16.634654, 617.0], [74.207886, 16.63438, 618.0], [74.207604, 16.634105, 618.0], [74.207605, 16.633832, 618.0], [74.207606, 16.633559, 620.0], [74.207607, 16.633286, 621.0], [74.207608, 16.633013, 622.0], [74.20761, 16.63274, 622.0], [74.207611, 16.632466, 623.0], [74.207612, 16.632193, 625.0], [74.207896, 16.631921, 626.0], [74.207897, 16.631648, 626.0], [74.208182, 16.631376, 625.0], [74.208183, 16.631103, 623.0], [74.208184, 16.630829, 622.0], [74.207902, 16.630555, 624.0], [74.20762, 16.630281, 626.0], [74.207621, 16.630008, 627.0], [74.207622, 16.629735, 627.0], [74.20734, 16.62946, 628.0], [74.207341, 16.629187, 628.0], [74.207342, 16.628914, 628.0], [74.207343, 16.628641, 629.0], [74.207628, 16.628369, 630.0], [74.207629, 16.628096, 630.0], [74.207913, 16.627823, 633.0], [74.208198, 16.627551, 635.0], [74.208482, 16.627279, 637.0], [74.208767, 16.627007, 639.0], [74.209051, 16.626735, 642.0], [74.209335, 16.626463, 643.0], [74.20962, 16.626191, 643.0], [74.209904, 16.625919, 644.0], [74.210189, 16.625647, 645.0], [74.210473, 16.625375, 648.0], [74.210758, 16.625103, 649.0], [74.211041, 16.625104, 650.0], [74.211324, 16.625105, 652.0], [74.211608, 16.625106, 655.0], [74.211891, 16.625107, 658.0], [74.212176, 16.624835, 660.0], [74.21246, 16.624563, 660.0], [74.212461, 16.624289, 661.0], [74.212746, 16.624017, 661.0], [74.212747, 16.623744, 660.0], [74.212748, 16.623471, 661.0], [74.213032, 16.623199, 665.0], [74.213317, 16.622927, 668.0], [74.213601, 16.622655, 669.0], [74.213602, 16.622382, 671.0], [74.213887, 16.622109, 674.0], [74.214171, 16.621837, 679.0], [74.214456, 16.621565, 684.0], [74.21474, 16.621293, 686.0], [74.215024, 16.621021, 688.0], [74.215309, 16.620749, 692.0], [74.21531, 16.620476, 695.0], [74.215594, 16.620204, 697.0], [74.215879, 16.619932, 698.0], [74.21588, 16.619658, 698.0], [74.215881, 16.619385, 699.0], [74.216166, 16.619113, 701.0], [74.21645, 16.618841, 703.0], [74.216734, 16.618569, 704.0], [74.216736, 16.618296, 704.0], [74.21702, 16.618024, 706.0], [74.217304, 16.617751, 709.0], [74.217589, 16.617479, 712.0], [74.217873, 16.617207, 714.0], [74.218158, 16.616935, 715.0], [74.218159, 16.616662, 716.0], [74.21816, 16.616389, 716.0], [74.218161, 16.616116, 717.0], [74.218162, 16.615842, 719.0], [74.218163, 16.615569, 722.0], [74.218164, 16.615296, 725.0], [74.217882, 16.615022, 726.0], [74.217883, 16.614749, 727.0], [74.217884, 16.614476, 729.0], [74.217885, 16.614202, 731.0], [74.217887, 16.613929, 731.0], [74.217888, 16.613656, 731.0], [74.217889, 16.613383, 732.0], [74.21789, 16.61311, 735.0], [74.217891, 16.612836, 735.0], [74.217892, 16.612563, 738.0], [74.217893, 16.61229, 741.0], [74.217611, 16.612016, 742.0], [74.217612, 16.611743, 742.0], [74.21733, 16.611468, 742.0], [74.217047, 16.611467, 743.0], [74.216763, 16.611466, 744.0], [74.21648, 16.611465, 745.0], [74.216195, 16.611737, 747.0], [74.215912, 16.611736, 748.0], [74.215629, 16.611735, 748.0], [74.215628, 16.612008, 750.0]]]}}, {"type": "Feature", "properties": {"subbasin": "S3", "name": null, "reach_len": null, "reach_rel": null, "reach_sin": null, "reach_slo": null, "len_units": null, "layer": "longest_flowpath_network", "path": "E:\\Manasi_intern\\HMS_Shp\\longest_flowpath_network.shp"}, "geometry": {"type": "MultiLineString", "coordinates": [[[74.179275, 16.732202, 541.5], [74.179416, 16.732339, 542.0], [74.179415, 16.732612, 542.0], [74.179414, 16.732885, 543.0], [74.179413, 16.733158, 543.0], [74.179412, 16.733432, 541.0], [74.17941, 16.733705, 540.0], [74.179693, 16.733979, 541.0], [74.179975, 16.734253, 543.0], [74.180257, 16.734528, 540.0], [74.18054, 16.734802, 539.0], [74.180822, 16.735076, 539.0], [74.180821, 16.735349, 540.0], [74.18082, 16.735623, 541.0], [74.180819, 16.735896, 540.0], [74.180817, 16.736169, 538.0], [74.180816, 16.736442, 538.0], [74.180532, 16.736714, 538.0], [74.18053, 16.736987, 538.0], [74.180529, 16.737261, 538.0], [74.180528, 16.737534, 538.0], [74.180243, 16.737806, 537.0], [74.180242, 16.738079, 538.0], [74.180241, 16.738352, 541.0], [74.179956, 16.738624, 542.0], [74.179672, 16.738896, 540.0], [74.179387, 16.739168, 540.0], [74.179386, 16.739441, 539.0], [74.179385, 16.739715, 539.0], [74.179383, 16.739988, 539.0], [74.179099, 16.74026, 541.0], [74.178814, 16.740532, 541.0], [74.178813, 16.740805, 540.0], [74.178812, 16.741078, 541.0], [74.179094, 16.741352, 543.0], [74.179093, 16.741626, 543.0], [74.178808, 16.741898, 542.0], [74.178807, 16.742171, 540.0], [74.178522, 16.742443, 541.0], [74.178238, 16.742715, 543.0], [74.177953, 16.742987, 543.0], [74.177668, 16.743259, 542.0], [74.177385, 16.743258, 543.0], [74.1771, 16.74353, 543.0], [74.177099, 16.743803, 542.0], [74.177098, 16.744076, 542.0], [74.177097, 16.744349, 542.0], [74.177379, 16.744624, 542.0], [74.177661, 16.744898, 539.0], [74.17766, 16.745171, 540.0], [74.177659, 16.745444, 541.0], [74.177658, 16.745718, 541.0], [74.177657, 16.745991, 540.0], [74.177372, 16.746263, 539.0], [74.177371, 16.746536, 539.0], [74.17737, 16.746809, 539.0], [74.177368, 16.747082, 540.0], [74.177367, 16.747355, 540.0], [74.17765, 16.74763, 540.0], [74.177648, 16.747903, 542.0], [74.177647, 16.748176, 543.0], [74.177646, 16.748449, 543.0], [74.177645, 16.748722, 542.0], [74.17736, 16.748994, 543.0], [74.177076, 16.749266, 542.0], [74.176791, 16.749538, 540.0], [74.176506, 16.749811, 541.0], [74.176505, 16.750084, 541.0], [74.176504, 16.750357, 541.0], [74.176219, 16.750629, 541.0], [74.175934, 16.750901, 541.0], [74.17565, 16.751173, 543.0], [74.175649, 16.751446, 542.0], [74.175364, 16.751718, 540.0], [74.17508, 16.751717, 541.0], [74.174796, 16.751989, 538.0], [74.174512, 16.751988, 539.0], [74.174227, 16.75226, 540.0], [74.173943, 16.752532, 543.0], [74.173658, 16.752804, 542.0], [74.173374, 16.752803, 540.0], [74.173091, 16.752802, 541.0], [74.172807, 16.752801, 541.0], [74.172524, 16.752799, 540.0], [74.172239, 16.753072, 541.0], [74.171956, 16.75307, 543.0], [74.171671, 16.753342, 544.0], [74.171386, 16.753614, 540.0], [74.171102, 16.753886, 539.0], [74.170817, 16.754158, 540.0], [74.170816, 16.754432, 542.0], [74.170531, 16.754704, 542.0], [74.170246, 16.754976, 543.0], [74.169963, 16.754975, 543.0], [74.169678, 16.755247, 544.0], [74.169394, 16.755245, 544.0], [74.169112, 16.754971, 544.0], [74.16883, 16.754697, 541.0], [74.168547, 16.754423, 539.0], [74.168265, 16.754148, 542.0], [74.167982, 16.754147, 542.0], [74.167699, 16.753873, 542.0], [74.167417, 16.753598, 543.0], [74.167133, 16.753597, 542.0], [74.166851, 16.753323, 543.0], [74.166569, 16.753049, 543.0], [74.166286, 16.752774, 541.0], [74.166004, 16.7525, 542.0], [74.165722, 16.752226, 542.0], [74.165438, 16.752225, 543.0], [74.165155, 16.752223, 544.0], [74.164871, 16.752222, 544.0], [74.164588, 16.752221, 544.0], [74.164303, 16.752493, 545.0], [74.164018, 16.752765, 545.0], [74.163733, 16.753037, 543.0], [74.163449, 16.753309, 542.0], [74.163164, 16.753581, 541.0], [74.162879, 16.753853, 541.0], [74.162596, 16.753852, 542.0], [74.162311, 16.754124, 542.0], [74.162026, 16.754396, 541.0], [74.161742, 16.754668, 541.0], [74.161457, 16.75494, 542.0], [74.161172, 16.755212, 543.0], [74.160889, 16.755211, 544.0], [74.160605, 16.75521, 545.0], [74.16032, 16.755482, 543.0], [74.160036, 16.755754, 543.0], [74.159751, 16.756026, 544.0], [74.159466, 16.756298, 543.0], [74.159183, 16.756297, 542.0], [74.158899, 16.756296, 542.0], [74.158616, 16.756294, 542.0], [74.158332, 16.756293, 542.0], [74.158049, 16.756292, 543.0], [74.157765, 16.756291, 543.0], [74.15748, 16.756563, 543.0], [74.157197, 16.756562, 543.0], [74.156913, 16.756561, 543.0], [74.156631, 16.756286, 543.0], [74.156349, 16.756012, 543.0], [74.156065, 16.756011, 544.0], [74.155782, 16.75601, 543.0], [74.155498, 16.756009, 542.0], [74.155214, 16.756007, 542.0], [74.154931, 16.756006, 542.0], [74.154647, 16.756005, 542.0], [74.154364, 16.756004, 543.0], [74.154082, 16.75573, 544.0], [74.153799, 16.755455, 543.0], [74.153516, 16.755454, 543.0], [74.153232, 16.755453, 541.0], [74.15295, 16.755179, 540.0], [74.152668, 16.754904, 541.0], [74.152385, 16.75463, 542.0], [74.152102, 16.754629, 543.0], [74.151819, 16.754354, 543.0], [74.151536, 16.754353, 543.0], [74.151254, 16.754079, 545.0], [74.150971, 16.753805, 545.0], [74.150689, 16.75353, 543.0], [74.150407, 16.753256, 543.0], [74.150123, 16.753255, 544.0], [74.149841, 16.75298, 545.0], [74.149842, 16.752707, 544.0], [74.149559, 16.752706, 544.0], [74.149276, 16.752432, 544.0], [74.148994, 16.752157, 545.0], [74.148712, 16.751883, 545.0], [74.148429, 16.751609, 544.0], [74.148146, 16.751608, 544.0], [74.147863, 16.751333, 545.0], [74.147581, 16.751059, 544.0], [74.147298, 16.751058, 543.0], [74.147014, 16.751057, 542.0], [74.146732, 16.750782, 543.0], [74.14645, 16.750508, 542.0], [74.146167, 16.750234, 543.0], [74.145884, 16.750232, 544.0], [74.145601, 16.749958, 545.0], [74.145319, 16.749684, 545.0], [74.14532, 16.749411, 544.0], [74.145322, 16.749137, 544.0], [74.145323, 16.748864, 542.0], [74.145039, 16.748863, 541.0], [74.144757, 16.748589, 541.0], [74.144475, 16.748314, 542.0], [74.144192, 16.74804, 543.0], [74.14391, 16.747766, 540.0], [74.143911, 16.747492, 540.0], [74.143629, 16.747218, 540.0], [74.143347, 16.746944, 539.0], [74.143064, 16.746669, 541.0], [74.142782, 16.746395, 542.0], [74.1425, 16.746121, 542.0], [74.142218, 16.745846, 545.0], [74.141935, 16.745572, 544.0], [74.141653, 16.745298, 542.0], [74.141371, 16.745023, 543.0], [74.141088, 16.744749, 544.0], [74.140806, 16.744475, 544.0], [74.140524, 16.7442, 545.0], [74.140242, 16.743926, 544.0], [74.139959, 16.743652, 543.0], [74.139677, 16.743377, 544.0], [74.139395, 16.743103, 543.0], [74.139112, 16.742829, 545.0], [74.13883, 16.742554, 544.0], [74.138548, 16.74228, 543.0], [74.138266, 16.742006, 542.0], [74.137982, 16.742004, 544.0], [74.137699, 16.742003, 544.0], [74.137414, 16.742275, 542.0], [74.137129, 16.742547, 542.0], [74.136844, 16.742819, 543.0], [74.136561, 16.742818, 543.0], [74.136277, 16.742817, 542.0], [74.135995, 16.742542, 543.0], [74.135712, 16.742541, 543.0], [74.135429, 16.742267, 543.0], [74.135147, 16.741993, 543.0], [74.134863, 16.741991, 542.0], [74.13458, 16.74199, 542.0], [74.134296, 16.741989, 542.0], [74.134013, 16.741988, 542.0], [74.133731, 16.741713, 541.0], [74.133446, 16.741985, 542.0], [74.133161, 16.742257, 544.0], [74.132876, 16.742529, 544.0], [74.132592, 16.742801, 545.0], [74.132307, 16.743073, 545.0], [74.132022, 16.743345, 545.0], [74.131739, 16.743344, 544.0], [74.131454, 16.743616, 544.0], [74.13117, 16.743615, 544.0], [74.130887, 16.743614, 543.0], [74.130603, 16.743612, 542.0], [74.13032, 16.743611, 543.0], [74.130036, 16.74361, 544.0], [74.129752, 16.743882, 543.0], [74.129467, 16.744154, 542.0], [74.129182, 16.744426, 543.0], [74.128897, 16.744698, 544.0], [74.128613, 16.74497, 544.0], [74.128329, 16.744969, 544.0], [74.128047, 16.744694, 544.0], [74.127765, 16.74442, 542.0], [74.127481, 16.744419, 541.0], [74.127196, 16.744691, 541.0], [74.126913, 16.74469, 543.0], [74.126629, 16.744688, 545.0], [74.126345, 16.74496, 546.0], [74.12606, 16.745232, 545.0], [74.125778, 16.744958, 545.0], [74.125494, 16.744957, 543.0], [74.125211, 16.744956, 542.0], [74.124926, 16.745227, 543.0], [74.124642, 16.745226, 544.0], [74.124358, 16.745498, 544.0], [74.124074, 16.745497, 545.0], [74.123791, 16.745496, 545.0], [74.123507, 16.745495, 545.0], [74.123222, 16.745767, 545.0], [74.122938, 16.746039, 546.0], [74.122653, 16.746311, 546.0], [74.122368, 16.746582, 546.0], [74.122083, 16.746854, 546.0], [74.122082, 16.747128, 546.0], [74.122081, 16.747401, 546.0], [74.122079, 16.747674, 545.0], [74.121795, 16.747946, 543.0], [74.12151, 16.748218, 541.0], [74.121509, 16.748491, 540.0], [74.121507, 16.748764, 541.0], [74.121506, 16.749037, 542.0], [74.121221, 16.749309, 543.0], [74.120937, 16.749581, 544.0], [74.120652, 16.749853, 543.0], [74.120367, 16.750125, 542.0], [74.120082, 16.750397, 544.0], [74.119798, 16.750669, 545.0], [74.119514, 16.750668, 544.0], [74.119229, 16.75094, 543.0], [74.119228, 16.751213, 543.0], [74.118943, 16.751485, 545.0], [74.118658, 16.751757, 545.0], [74.118657, 16.75203, 544.0], [74.118372, 16.752302, 543.0], [74.118371, 16.752575, 544.0], [74.118086, 16.752847, 544.0], [74.117802, 16.753119, 544.0], [74.117517, 16.753391, 543.0], [74.117233, 16.75339, 543.0], [74.11695, 16.753389, 543.0], [74.116665, 16.753661, 544.0], [74.11638, 16.753932, 545.0], [74.116095, 16.754204, 546.0], [74.115811, 16.754476, 545.0], [74.115809, 16.75475, 545.0], [74.115808, 16.755023, 543.0], [74.115807, 16.755296, 541.0], [74.116089, 16.75557, 542.0], [74.116371, 16.755845, 544.0], [74.11637, 16.756118, 544.0], [74.116369, 16.756391, 545.0], [74.116368, 16.756664, 545.0], [74.116083, 16.756936, 544.0], [74.116082, 16.757209, 543.0], [74.11608, 16.757482, 544.0], [74.116079, 16.757756, 545.0], [74.116078, 16.758029, 545.0], [74.116077, 16.758302, 545.0], [74.116075, 16.758575, 544.0], [74.116074, 16.758848, 542.0], [74.115789, 16.75912, 541.0], [74.115504, 16.759392, 541.0], [74.11522, 16.759664, 542.0], [74.114935, 16.759936, 543.0], [74.11465, 16.760208, 543.0], [74.114649, 16.760481, 544.0], [74.114648, 16.760754, 546.0], [74.114646, 16.761027, 546.0], [74.114361, 16.761299, 545.0], [74.114077, 16.761571, 545.0], [74.113792, 16.761843, 545.0], [74.113791, 16.762116, 543.0], [74.113789, 16.76239, 543.0], [74.113788, 16.762663, 544.0], [74.113787, 16.762936, 545.0], [74.113502, 16.763208, 545.0], [74.113217, 16.76348, 545.0], [74.113216, 16.763753, 545.0], [74.112931, 16.764025, 545.0], [74.11293, 16.764298, 545.0], [74.112645, 16.76457, 545.0], [74.112644, 16.764843, 546.0], [74.112643, 16.765116, 546.0], [74.112641, 16.76539, 546.0], [74.11264, 16.765663, 545.0], [74.112639, 16.765936, 545.0], [74.112354, 16.766208, 545.0], [74.112069, 16.76648, 546.0], [74.111784, 16.766752, 546.0], [74.1115, 16.767024, 546.0], [74.111782, 16.767298, 546.0], [74.111781, 16.767571, 545.0], [74.111496, 16.767843, 545.0], [74.111211, 16.768115, 545.0], [74.110926, 16.768387, 546.0], [74.110641, 16.768659, 545.0], [74.110358, 16.768658, 545.0], [74.110356, 16.768931, 545.0], [74.110355, 16.769204, 546.0], [74.110354, 16.769477, 546.0], [74.110353, 16.76975, 546.0], [74.110351, 16.770024, 546.0], [74.11035, 16.770297, 546.0], [74.110632, 16.770571, 545.0], [74.110915, 16.770845, 545.0], [74.111197, 16.77112, 545.0], [74.111196, 16.771393, 545.0], [74.111194, 16.771666, 544.0], [74.11091, 16.771938, 545.0], [74.110908, 16.772211, 546.0], [74.111191, 16.772486, 542.0], [74.111189, 16.772759, 540.0], [74.111472, 16.773033, 543.0], [74.11147, 16.773306, 546.0], [74.111469, 16.77358, 546.0], [74.111468, 16.773853, 544.0], [74.111183, 16.774125, 545.0], [74.110898, 16.774397, 545.0], [74.110613, 16.774669, 544.0], [74.110329, 16.77494, 543.0], [74.110044, 16.775212, 544.0], [74.109759, 16.775484, 544.0], [74.109475, 16.775483, 545.0], [74.10919, 16.775755, 545.0], [74.108907, 16.775754, 544.0], [74.108623, 16.775753, 543.0], [74.10834, 16.775751, 544.0], [74.108056, 16.77575, 545.0], [74.107771, 16.776022, 545.0], [74.107487, 16.776294, 546.0], [74.107202, 16.776566, 546.0], [74.106917, 16.776838, 545.0], [74.106632, 16.77711, 543.0], [74.106347, 16.777382, 544.0], [74.106062, 16.777654, 545.0], [74.10578, 16.777379, 545.0], [74.105497, 16.777378, 545.0], [74.105213, 16.777377, 544.0], [74.104931, 16.777102, 544.0], [74.104647, 16.777101, 544.0], [74.104364, 16.7771, 544.0], [74.10408, 16.777099, 545.0], [74.103795, 16.777371, 545.0], [74.10351, 16.777643, 546.0], [74.103226, 16.777915, 545.0], [74.102941, 16.778186, 545.0], [74.102656, 16.778458, 546.0], [74.102371, 16.77873, 546.0], [74.102088, 16.778729, 545.0], [74.101804, 16.778728, 544.0], [74.10152, 16.778727, 544.0], [74.101236, 16.778999, 546.0], [74.100951, 16.77927, 547.0], [74.100666, 16.779542, 545.0], [74.100382, 16.779541, 545.0], [74.1001, 16.779267, 545.0], [74.099817, 16.779266, 545.0], [74.099532, 16.779537, 544.0], [74.099247, 16.779809, 544.0], [74.098962, 16.780081, 545.0], [74.098677, 16.780353, 546.0], [74.098394, 16.780352, 547.0], [74.09811, 16.780351, 545.0], [74.097825, 16.780623, 545.0], [74.097542, 16.780621, 546.0], [74.097258, 16.78062, 546.0], [74.096974, 16.780619, 545.0], [74.09669, 16.780891, 544.0], [74.096406, 16.78089, 544.0], [74.096124, 16.780615, 543.0], [74.095842, 16.780341, 544.0], [74.095558, 16.78034, 544.0], [74.095276, 16.780065, 546.0], [74.094992, 16.780064, 545.0], [74.094709, 16.780063, 547.0], [74.094425, 16.780061, 547.0], [74.09414, 16.780333, 546.0], [74.093855, 16.780605, 546.0], [74.09357, 16.780877, 546.0], [74.093569, 16.78115, 546.0], [74.093851, 16.781425, 545.0], [74.093567, 16.781697, 543.0], [74.093565, 16.78197, 543.0], [74.093564, 16.782243, 545.0], [74.093279, 16.782515, 547.0], [74.093278, 16.782788, 547.0], [74.092993, 16.78306, 547.0], [74.092709, 16.783059, 547.0], [74.092426, 16.783057, 546.0], [74.092141, 16.783329, 545.0], [74.091857, 16.783328, 545.0], [74.091574, 16.783327, 545.0], [74.09129, 16.783326, 546.0], [74.091007, 16.783324, 545.0], [74.090723, 16.783323, 544.0], [74.09044, 16.783322, 544.0], [74.090156, 16.783321, 545.0], [74.089872, 16.783319, 546.0], [74.08959, 16.783045, 544.0], [74.089307, 16.783044, 545.0], [74.089024, 16.782769, 545.0], [74.088741, 16.782768, 546.0], [74.088457, 16.782767, 547.0], [74.088174, 16.782766, 547.0], [74.08789, 16.782764, 546.0], [74.087608, 16.78249, 546.0], [74.087326, 16.782215, 547.0], [74.087043, 16.781941, 546.0], [74.086761, 16.781667, 545.0], [74.086479, 16.781392, 542.0], [74.086195, 16.781391, 542.0], [74.085913, 16.781116, 543.0], [74.085914, 16.780843, 544.0], [74.085632, 16.780569, 545.0], [74.08535, 16.780294, 546.0], [74.085066, 16.780293, 545.0], [74.084784, 16.780019, 544.0], [74.084502, 16.779744, 542.0], [74.08422, 16.77947, 543.0], [74.084221, 16.779197, 546.0], [74.083939, 16.778922, 547.0], [74.083656, 16.778648, 544.0], [74.083374, 16.778374, 543.0], [74.083375, 16.7781, 546.0], [74.08366, 16.777828, 546.0], [74.083662, 16.777555, 546.0], [74.083946, 16.777283, 544.0], [74.083948, 16.77701, 544.0], [74.083949, 16.776737, 545.0], [74.08395, 16.776464, 547.0], [74.083952, 16.776191, 547.0], [74.083669, 16.775916, 547.0], [74.083671, 16.775643, 546.0], [74.083672, 16.77537, 546.0], [74.083673, 16.775097, 545.0], [74.083675, 16.774824, 545.0], [74.083676, 16.774551, 547.0], [74.083961, 16.774279, 547.0], [74.084246, 16.774007, 547.0], [74.084247, 16.773734, 547.0], [74.084248, 16.77346, 547.0], [74.08425, 16.773187, 547.0], [74.084251, 16.772914, 546.0], [74.084536, 16.772642, 545.0], [74.084821, 16.77237, 544.0], [74.084822, 16.772097, 545.0], [74.084823, 16.771824, 546.0], [74.084825, 16.771551, 545.0], [74.084826, 16.771278, 543.0], [74.084827, 16.771004, 541.0], [74.084829, 16.770731, 541.0], [74.085113, 16.770459, 544.0], [74.085115, 16.770186, 544.0], [74.085116, 16.769913, 543.0], [74.085117, 16.76964, 544.0], [74.084835, 16.769366, 544.0], [74.084836, 16.769092, 543.0], [74.084838, 16.768819, 543.0], [74.084839, 16.768546, 543.0], [74.084557, 16.768272, 544.0], [74.084558, 16.767998, 544.0], [74.084276, 16.767724, 546.0], [74.083994, 16.76745, 547.0], [74.083711, 16.767175, 547.0], [74.083428, 16.767174, 548.0], [74.083144, 16.767173, 549.0], [74.082861, 16.767171, 549.0], [74.082578, 16.766897, 549.0], [74.082296, 16.766623, 548.0], [74.082013, 16.766621, 548.0], [74.081728, 16.766893, 548.0], [74.081443, 16.767165, 548.0], [74.081159, 16.767164, 547.0], [74.080875, 16.767436, 547.0], [74.080591, 16.767434, 548.0], [74.080306, 16.767706, 547.0], [74.080021, 16.767978, 545.0], [74.079738, 16.767977, 545.0], [74.079454, 16.767976, 545.0], [74.079171, 16.767974, 544.0], [74.078887, 16.767973, 546.0], [74.078605, 16.767699, 549.0], [74.078321, 16.767697, 547.0], [74.078038, 16.767696, 547.0], [74.077756, 16.767422, 548.0], [74.077473, 16.767147, 549.0], [74.077191, 16.766873, 549.0], [74.076908, 16.766872, 547.0], [74.076626, 16.766597, 549.0], [74.076343, 16.766323, 549.0], [74.076061, 16.766048, 548.0], [74.076062, 16.765775, 548.0], [74.076064, 16.765502, 549.0], [74.076065, 16.765229, 549.0], [74.075783, 16.764954, 549.0], [74.075501, 16.76468, 549.0], [74.075218, 16.764406, 549.0], [74.074936, 16.764131, 548.0], [74.074654, 16.763857, 547.0], [74.074372, 16.763582, 547.0], [74.07409, 16.763308, 548.0], [74.074091, 16.763035, 548.0], [74.074092, 16.762762, 548.0], [74.073809, 16.76276, 549.0], [74.073526, 16.762486, 549.0], [74.073244, 16.762211, 549.0], [74.072962, 16.761937, 549.0], [74.072678, 16.761936, 548.0], [74.072395, 16.761934, 547.0], [74.072111, 16.761933, 547.0], [74.071828, 16.761932, 546.0], [74.071546, 16.761657, 547.0], [74.071263, 16.761383, 549.0], [74.070981, 16.761109, 549.0], [74.070699, 16.760834, 547.0], [74.0707, 16.760561, 548.0], [74.070985, 16.760289, 549.0], [74.07127, 16.760017, 549.0], [74.071555, 16.759745, 547.0], [74.07184, 16.759473, 547.0], [74.072125, 16.759202, 548.0], [74.07241, 16.75893, 549.0], [74.072694, 16.758658, 549.0], [74.072979, 16.758386, 549.0], [74.073264, 16.758114, 548.0], [74.073265, 16.757841, 547.0], [74.07355, 16.757569, 549.0], [74.073835, 16.757297, 549.0], [74.07412, 16.757025, 549.0], [74.074405, 16.756753, 548.0], [74.07469, 16.756481, 549.0], [74.074691, 16.756208, 548.0], [74.074976, 16.755936, 545.0], [74.075261, 16.755664, 545.0], [74.075262, 16.755391, 546.0], [74.075547, 16.755119, 548.0], [74.075548, 16.754846, 549.0], [74.075549, 16.754573, 550.0], [74.075834, 16.754301, 550.0], [74.076119, 16.754029, 548.0], [74.07612, 16.753756, 548.0], [74.076122, 16.753483, 548.0], [74.075838, 16.753482, 549.0], [74.075556, 16.753207, 548.0], [74.075274, 16.752933, 548.0], [74.07499, 16.752932, 549.0], [74.074708, 16.752657, 549.0], [74.074425, 16.752656, 550.0], [74.074142, 16.752381, 549.0], [74.07386, 16.752107, 549.0], [74.073862, 16.751834, 549.0], [74.073579, 16.751559, 549.0], [74.073581, 16.751286, 548.0], [74.073298, 16.751012, 548.0], [74.073016, 16.750737, 549.0], [74.073018, 16.750464, 549.0], [74.072735, 16.75019, 549.0], [74.072452, 16.750188, 547.0], [74.072168, 16.750187, 547.0], [74.071886, 16.749913, 547.0], [74.071604, 16.749638, 548.0], [74.071322, 16.749364, 549.0], [74.071038, 16.749363, 548.0], [74.070756, 16.749088, 546.0], [74.070473, 16.749087, 546.0], [74.070189, 16.749086, 546.0], [74.069906, 16.749084, 548.0], [74.069623, 16.74881, 549.0], [74.06934, 16.748809, 548.0], [74.069056, 16.748807, 548.0], [74.068773, 16.748806, 548.0], [74.068489, 16.748805, 549.0], [74.068207, 16.74853, 548.0], [74.067924, 16.748529, 548.0], [74.067639, 16.748801, 548.0], [74.067354, 16.749073, 547.0], [74.067069, 16.749345, 548.0], [74.066786, 16.749343, 547.0], [74.066502, 16.749342, 545.0], [74.066219, 16.749341, 545.0], [74.065936, 16.749066, 547.0], [74.065653, 16.749065, 548.0], [74.065369, 16.749064, 549.0], [74.065087, 16.748789, 550.0], [74.064805, 16.748515, 550.0], [74.064522, 16.748514, 550.0], [74.064238, 16.748512, 550.0], [74.063955, 16.748511, 550.0], [74.063671, 16.74851, 550.0], [74.063387, 16.748509, 550.0], [74.063103, 16.74878, 550.0], [74.062819, 16.748779, 550.0], [74.062536, 16.748778, 550.0], [74.062253, 16.748503, 550.0], [74.06197, 16.748502, 549.0], [74.061686, 16.748501, 550.0], [74.061403, 16.7485, 550.0], [74.061121, 16.748225, 550.0], [74.060839, 16.747951, 549.0], [74.060555, 16.747949, 550.0], [74.06027, 16.748221, 550.0], [74.059987, 16.74822, 548.0], [74.059703, 16.748219, 548.0], [74.05942, 16.748217, 548.0], [74.059136, 16.748216, 548.0], [74.058851, 16.748488, 548.0], [74.058566, 16.74876, 546.0], [74.058283, 16.748758, 544.0], [74.057999, 16.748757, 545.0], [74.057715, 16.749029, 547.0], [74.05743, 16.749301, 547.0], [74.057145, 16.749573, 546.0], [74.05686, 16.749845, 545.0], [74.056575, 16.750116, 546.0], [74.05629, 16.750388, 548.0], [74.056005, 16.75066, 547.0], [74.055721, 16.750932, 546.0], [74.055436, 16.751204, 547.0], [74.055151, 16.751476, 547.0], [74.054866, 16.751748, 546.0], [74.054583, 16.751746, 546.0], [74.054299, 16.751745, 545.0], [74.054016, 16.751744, 544.0], [74.053732, 16.751742, 545.0], [74.053448, 16.751741, 546.0], [74.053165, 16.75174, 546.0], [74.05288, 16.752012, 547.0], [74.052597, 16.75201, 547.0], [74.052312, 16.752282, 548.0], [74.052028, 16.752281, 549.0], [74.051745, 16.75228, 549.0], [74.051461, 16.752278, 549.0], [74.051178, 16.752277, 548.0], [74.050894, 16.752276, 548.0], [74.050609, 16.752548, 546.0], [74.050326, 16.752546, 547.0], [74.050044, 16.752272, 549.0], [74.049761, 16.751997, 548.0], [74.049479, 16.751723, 549.0], [74.049196, 16.751722, 550.0], [74.048912, 16.75172, 550.0], [74.048627, 16.751992, 548.0], [74.048343, 16.752264, 546.0], [74.048058, 16.752536, 547.0], [74.047774, 16.752535, 547.0], [74.047491, 16.752533, 547.0], [74.047207, 16.752532, 547.0], [74.046924, 16.752531, 547.0], [74.046639, 16.752802, 546.0], [74.046354, 16.753074, 547.0], [74.046069, 16.753346, 545.0], [74.045784, 16.753618, 547.0], [74.045499, 16.75389, 550.0], [74.045214, 16.754162, 548.0], [74.044929, 16.754434, 548.0], [74.044645, 16.754705, 546.0], [74.044361, 16.754704, 545.0], [74.044076, 16.754976, 547.0], [74.043793, 16.754975, 548.0], [74.043508, 16.755246, 548.0], [74.043224, 16.755245, 548.0], [74.042941, 16.755244, 547.0], [74.042657, 16.755243, 546.0], [74.042374, 16.755241, 546.0], [74.04209, 16.75524, 547.0], [74.041807, 16.755239, 547.0], [74.041523, 16.755237, 548.0], [74.041241, 16.754963, 547.0], [74.040959, 16.754688, 547.0], [74.040675, 16.754687, 546.0], [74.040392, 16.754686, 546.0], [74.040108, 16.754684, 547.0], [74.039825, 16.754683, 546.0], [74.039541, 16.754682, 546.0], [74.039258, 16.75468, 546.0], [74.038973, 16.754952, 548.0], [74.038689, 16.754951, 546.0], [74.038404, 16.755223, 546.0], [74.038121, 16.755221, 548.0], [74.037836, 16.755493, 550.0], [74.037551, 16.755765, 550.0], [74.037268, 16.755764, 548.0], [74.036984, 16.755762, 549.0], [74.036701, 16.755761, 550.0], [74.036416, 16.756033, 551.0], [74.036131, 16.756305, 551.0], [74.035846, 16.756577, 548.0], [74.035561, 16.756848, 547.0], [74.035276, 16.75712, 547.0], [74.034991, 16.757392, 545.0], [74.034706, 16.757664, 546.0], [74.034423, 16.757663, 546.0], [74.034138, 16.757934, 548.0], [74.033853, 16.758206, 551.0], [74.033568, 16.758478, 551.0], [74.033283, 16.75875, 551.0], [74.033282, 16.759023, 550.0], [74.032997, 16.759295, 550.0], [74.032712, 16.759567, 551.0], [74.032429, 16.759565, 551.0], [74.032145, 16.759564, 551.0], [74.031861, 16.759563, 551.0], [74.031577, 16.759835, 551.0], [74.031292, 16.760106, 551.0], [74.03129, 16.76038, 551.0], [74.031289, 16.760653, 551.0], [74.031004, 16.760925, 551.0], [74.030719, 16.761196, 549.0], [74.030434, 16.761468, 549.0], [74.030149, 16.76174, 551.0], [74.029864, 16.762012, 551.0], [74.029581, 16.762011, 549.0], [74.029296, 16.762282, 550.0], [74.029012, 16.762281, 551.0], [74.028727, 16.762553, 551.0], [74.028443, 16.762825, 551.0], [74.028159, 16.762823, 548.0], [74.027874, 16.763095, 548.0], [74.027589, 16.763367, 548.0], [74.027588, 16.76364, 549.0], [74.027303, 16.763912, 548.0], [74.027018, 16.764184, 548.0], [74.026734, 16.764182, 548.0], [74.026733, 16.764456, 549.0], [74.026732, 16.764729, 549.0], [74.026447, 16.765001, 551.0], [74.026162, 16.765272, 551.0], [74.02616, 16.765546, 549.0], [74.025877, 16.765544, 549.0], [74.025592, 16.765816, 551.0], [74.025308, 16.765815, 550.0], [74.025025, 16.765813, 549.0], [74.02474, 16.766085, 549.0], [74.024456, 16.766084, 550.0], [74.024173, 16.766082, 550.0], [74.023888, 16.766354, 551.0], [74.023604, 16.766353, 550.0], [74.02332, 16.766625, 549.0], [74.023035, 16.766897, 547.0], [74.02275, 16.767168, 546.0], [74.022466, 16.767167, 546.0], [74.022183, 16.767166, 547.0], [74.021899, 16.767164, 548.0], [74.021617, 16.76689, 548.0], [74.021333, 16.766888, 548.0], [74.02105, 16.766887, 547.0], [74.020766, 16.766886, 548.0], [74.020483, 16.766884, 548.0], [74.020199, 16.766883, 547.0], [74.019916, 16.766882, 547.0], [74.019631, 16.767154, 546.0], [74.019346, 16.767425, 546.0], [74.019062, 16.767424, 545.0], [74.018779, 16.767423, 545.0], [74.018494, 16.767694, 548.0], [74.018209, 16.767966, 551.0], [74.017924, 16.768238, 551.0], [74.017639, 16.76851, 550.0], [74.017354, 16.768782, 549.0], [74.017069, 16.769053, 549.0], [74.016784, 16.769325, 550.0], [74.016499, 16.769597, 550.0], [74.016214, 16.769869, 548.0], [74.016213, 16.770142, 547.0], [74.016212, 16.770415, 548.0], [74.01621, 16.770688, 548.0], [74.016209, 16.770962, 546.0], [74.016207, 16.771235, 545.0], [74.016206, 16.771508, 545.0], [74.016205, 16.771781, 546.0], [74.016203, 16.772054, 547.0], [74.015918, 16.772326, 547.0], [74.015917, 16.772599, 547.0], [74.015915, 16.772872, 547.0], [74.01563, 16.773144, 548.0], [74.015347, 16.773143, 549.0], [74.015345, 16.773416, 549.0], [74.015061, 16.773688, 551.0], [74.014776, 16.773959, 551.0], [74.014774, 16.774233, 551.0], [74.014489, 16.774504, 551.0], [74.014488, 16.774778, 550.0], [74.014486, 16.775051, 551.0], [74.014485, 16.775324, 551.0], [74.014484, 16.775597, 549.0], [74.014766, 16.775872, 549.0], [74.015048, 16.776146, 550.0], [74.015046, 16.776419, 548.0], [74.014762, 16.776691, 550.0], [74.014477, 16.776963, 550.0], [74.014192, 16.777235, 550.0], [74.013907, 16.777506, 548.0], [74.013623, 16.777505, 547.0], [74.013341, 16.777231, 546.0], [74.013057, 16.777229, 546.0], [74.012775, 16.776955, 548.0], [74.012492, 16.776953, 550.0], [74.01221, 16.776679, 551.0], [74.011926, 16.776677, 550.0], [74.011642, 16.776676, 550.0], [74.011359, 16.776675, 549.0], [74.011077, 16.7764, 549.0], [74.010795, 16.776126, 550.0], [74.010511, 16.776124, 550.0], [74.010229, 16.77585, 551.0], [74.009947, 16.775575, 551.0], [74.009665, 16.775301, 551.0], [74.009381, 16.775299, 551.0], [74.009098, 16.775298, 551.0], [74.008814, 16.775297, 550.0], [74.008531, 16.775295, 549.0], [74.008247, 16.775294, 550.0], [74.007965, 16.775019, 551.0], [74.007683, 16.774745, 551.0], [74.007401, 16.77447, 548.0], [74.007119, 16.774196, 547.0], [74.006836, 16.773921, 547.0], [74.006838, 16.773648, 548.0], [74.006556, 16.773374, 549.0], [74.006557, 16.773101, 549.0], [74.006275, 16.772826, 550.0], [74.005993, 16.772551, 549.0], [74.005994, 16.772278, 549.0], [74.005996, 16.772005, 548.0], [74.005997, 16.771732, 547.0], [74.005715, 16.771457, 549.0], [74.005433, 16.771183, 551.0], [74.005434, 16.77091, 551.0], [74.005719, 16.770638, 549.0], [74.005721, 16.770365, 548.0], [74.005722, 16.770092, 547.0], [74.005724, 16.769819, 548.0], [74.005441, 16.769544, 547.0], [74.005443, 16.769271, 547.0], [74.005444, 16.768998, 548.0], [74.005446, 16.768725, 548.0], [74.005447, 16.768451, 547.0], [74.005449, 16.768178, 547.0], [74.005166, 16.767904, 548.0], [74.004884, 16.767629, 549.0], [74.004886, 16.767356, 549.0], [74.004887, 16.767083, 549.0], [74.004889, 16.76681, 547.0], [74.005173, 16.766538, 546.0], [74.005175, 16.766265, 546.0], [74.005176, 16.765992, 547.0], [74.005178, 16.765718, 548.0], [74.005179, 16.765445, 550.0], [74.004897, 16.765171, 551.0], [74.004898, 16.764898, 550.0], [74.004616, 16.764623, 549.0], [74.004618, 16.76435, 549.0], [74.004619, 16.764077, 549.0], [74.004337, 16.763802, 549.0], [74.004055, 16.763528, 547.0], [74.003773, 16.763253, 549.0], [74.003489, 16.763252, 550.0], [74.003207, 16.762977, 549.0], [74.002924, 16.762976, 549.0], [74.002642, 16.762701, 550.0], [74.00236, 16.762427, 551.0], [74.002077, 16.762152, 551.0], [74.001795, 16.761878, 550.0], [74.001513, 16.761603, 549.0], [74.001231, 16.761329, 550.0], [74.000949, 16.761054, 551.0], [74.000666, 16.761053, 550.0], [74.000382, 16.761052, 551.0], [74.000098, 16.76105, 552.0], [73.999815, 16.761049, 552.0], [73.99953, 16.761321, 552.0], [73.999246, 16.761319, 550.0], [73.998963, 16.761318, 550.0], [73.998679, 16.761316, 551.0], [73.998397, 16.761042, 549.0], [73.998115, 16.760767, 550.0], [73.997832, 16.760766, 549.0], [73.99755, 16.760491, 550.0], [73.997266, 16.76049, 550.0], [73.996984, 16.760216, 550.0], [73.996702, 16.759941, 550.0], [73.99642, 16.759666, 551.0], [73.996138, 16.759392, 550.0], [73.995854, 16.759391, 550.0], [73.995571, 16.759389, 549.0], [73.995287, 16.759388, 549.0], [73.995004, 16.759386, 549.0], [73.99472, 16.759385, 550.0], [73.994435, 16.759657, 552.0], [73.99415, 16.759929, 552.0], [73.993865, 16.7602, 552.0], [73.993582, 16.760199, 551.0], [73.993297, 16.760471, 551.0], [73.993013, 16.760469, 549.0], [73.992728, 16.760741, 550.0], [73.992443, 16.761013, 552.0], [73.992158, 16.761285, 553.0], [73.991873, 16.761556, 553.0], [73.991588, 16.761828, 551.0], [73.991304, 16.7621, 549.0], [73.991019, 16.762372, 548.0], [73.990735, 16.76237, 550.0], [73.99045, 16.762642, 551.0], [73.990165, 16.762914, 551.0], [73.990164, 16.763187, 552.0], [73.989879, 16.763459, 551.0], [73.989594, 16.763731, 550.0], [73.989309, 16.764002, 551.0], [73.989307, 16.764275, 551.0], [73.989306, 16.764549, 551.0], [73.989304, 16.764822, 552.0], [73.989019, 16.765094, 551.0], [73.988736, 16.765092, 549.0], [73.988451, 16.765364, 549.0], [73.988166, 16.765636, 549.0], [73.987882, 16.765634, 549.0], [73.987597, 16.765906, 547.0], [73.987313, 16.766178, 548.0], [73.987028, 16.76645, 549.0], [73.986743, 16.766721, 550.0], [73.986459, 16.76672, 550.0], [73.986174, 16.766992, 553.0], [73.986173, 16.767265, 553.0], [73.985888, 16.767537, 549.0], [73.985886, 16.76781, 549.0], [73.98617, 16.767811, 550.0], [73.986452, 16.768086, 551.0], [73.986734, 16.76836, 551.0], [73.987016, 16.768635, 552.0], [73.987298, 16.768909, 553.0], [73.98758, 16.769184, 553.0], [73.987579, 16.769457, 553.0], [73.987577, 16.76973, 553.0], [73.987576, 16.770003, 552.0], [73.987574, 16.770277, 550.0], [73.987573, 16.77055, 549.0], [73.987571, 16.770823, 549.0], [73.98757, 16.771096, 550.0], [73.987569, 16.771369, 551.0], [73.987567, 16.771642, 551.0], [73.987566, 16.771915, 552.0], [73.987564, 16.772189, 552.0], [73.987846, 16.772463, 553.0], [73.988128, 16.772738, 553.0], [73.988411, 16.773012, 553.0], [73.988409, 16.773285, 553.0], [73.988408, 16.773559, 553.0], [73.98869, 16.773833, 553.0], [73.988405, 16.774105, 553.0], [73.98812, 16.774377, 553.0], [73.987835, 16.774648, 552.0], [73.987551, 16.774647, 551.0], [73.987266, 16.774919, 550.0], [73.987265, 16.775192, 550.0], [73.987547, 16.775466, 551.0], [73.987829, 16.775741, 553.0], [73.987828, 16.776014, 552.0], [73.987826, 16.776287, 552.0], [73.987825, 16.77656, 551.0], [73.98754, 16.776832, 552.0], [73.987255, 16.777104, 551.0], [73.987253, 16.777377, 551.0], [73.987252, 16.77765, 552.0], [73.98725, 16.777923, 553.0], [73.987249, 16.778197, 553.0], [73.986965, 16.778195, 554.0], [73.98668, 16.778467, 555.0], [73.986395, 16.778739, 554.0], [73.98611, 16.77901, 555.0], [73.985825, 16.779282, 553.0], [73.98554, 16.779554, 552.0], [73.985255, 16.779826, 552.0], [73.98497, 16.780097, 551.0], [73.984685, 16.780369, 551.0], [73.984402, 16.780368, 552.0], [73.984117, 16.78064, 553.0], [73.983832, 16.780911, 553.0], [73.983548, 16.78091, 554.0], [73.983265, 16.780909, 554.0], [73.98298, 16.78118, 554.0], [73.982695, 16.781452, 554.0], [73.982411, 16.781451, 554.0], [73.982128, 16.781449, 554.0], [73.981844, 16.781448, 553.0], [73.98156, 16.781446, 554.0], [73.981275, 16.781718, 555.0], [73.98099, 16.78199, 555.0], [73.980705, 16.782262, 554.0], [73.980422, 16.78226, 554.0], [73.980138, 16.782259, 554.0], [73.979853, 16.782531, 555.0], [73.97957, 16.782529, 556.0], [73.979286, 16.782528, 556.0], [73.979001, 16.7828, 556.0], [73.978716, 16.783071, 556.0], [73.978431, 16.783343, 556.0], [73.978148, 16.783342, 554.0], [73.977864, 16.78334, 553.0], [73.977581, 16.783339, 554.0], [73.977296, 16.783611, 556.0], [73.977011, 16.783882, 556.0], [73.976725, 16.784154, 554.0], [73.97644, 16.784426, 553.0], [73.976155, 16.784698, 556.0], [73.97587, 16.784969, 556.0], [73.975585, 16.785241, 554.0], [73.9753, 16.785513, 554.0], [73.975017, 16.785511, 554.0], [73.974733, 16.78551, 554.0], [73.974448, 16.785782, 555.0], [73.974165, 16.78578, 555.0], [73.973881, 16.785779, 555.0], [73.973596, 16.786051, 556.0], [73.973311, 16.786322, 555.0], [73.973026, 16.786594, 556.0], [73.973025, 16.786867, 556.0], [73.97274, 16.787139, 557.0], [73.972456, 16.787138, 557.0], [73.972171, 16.787409, 557.0], [73.971886, 16.787681, 557.0], [73.971601, 16.787953, 556.0], [73.971316, 16.788225, 557.0], [73.971314, 16.788498, 557.0], [73.971313, 16.788771, 558.0], [73.971028, 16.789043, 558.0], [73.970743, 16.789314, 558.0], [73.970459, 16.789313, 558.0], [73.970174, 16.789585, 558.0], [73.969889, 16.789856, 557.0], [73.969604, 16.790128, 557.0], [73.969321, 16.790127, 557.0], [73.969039, 16.789852, 558.0], [73.968755, 16.789851, 558.0], [73.968471, 16.789849, 557.0], [73.968188, 16.789848, 558.0], [73.967904, 16.789846, 558.0], [73.967622, 16.789572, 559.0], [73.967339, 16.78957, 559.0], [73.967055, 16.789569, 558.0], [73.96677, 16.789841, 559.0], [73.966485, 16.790112, 558.0], [73.9662, 16.790384, 559.0], [73.966199, 16.790657, 559.0], [73.965913, 16.790929, 560.0], [73.96563, 16.790928, 560.0], [73.965346, 16.790926, 560.0], [73.965064, 16.790652, 561.0], [73.964781, 16.79065, 561.0], [73.964497, 16.790649, 562.0], [73.964212, 16.79092, 563.0], [73.963927, 16.791192, 561.0], [73.963642, 16.791464, 562.0], [73.963357, 16.791736, 563.0], [73.963072, 16.792007, 562.0], [73.962787, 16.792279, 562.0], [73.962785, 16.792552, 561.0], [73.962784, 16.792825, 561.0], [73.962782, 16.793099, 561.0], [73.962781, 16.793372, 562.0], [73.962497, 16.79337, 564.0], [73.962212, 16.793642, 565.0], [73.961929, 16.793641, 564.0], [73.961644, 16.793912, 565.0], [73.961359, 16.794184, 565.0], [73.961074, 16.794456, 564.0], [73.96079, 16.794454, 563.0], [73.960505, 16.794726, 566.0], [73.960503, 16.794999, 567.0], [73.960218, 16.795271, 566.0], [73.959933, 16.795543, 567.0], [73.959932, 16.795816, 565.0], [73.95993, 16.796089, 565.0], [73.959929, 16.796362, 566.0], [73.960211, 16.796637, 567.0], [73.960493, 16.796911, 567.0], [73.960492, 16.797184, 566.0], [73.96049, 16.797458, 568.0], [73.960205, 16.797729, 569.0], [73.95992, 16.798001, 568.0], [73.959918, 16.798274, 567.0], [73.959633, 16.798546, 568.0], [73.959348, 16.798818, 569.0], [73.959063, 16.799089, 569.0], [73.958778, 16.799361, 568.0], [73.958493, 16.799633, 566.0], [73.95821, 16.799631, 566.0], [73.957926, 16.79963, 566.0], [73.957641, 16.799902, 568.0], [73.957356, 16.800173, 570.0], [73.957071, 16.800445, 568.0], [73.956786, 16.800717, 567.0], [73.956504, 16.800442, 569.0], [73.95622, 16.800441, 570.0], [73.955935, 16.800712, 572.0], [73.95565, 16.800984, 573.0], [73.955365, 16.801256, 572.0], [73.95508, 16.801528, 573.0], [73.954796, 16.801526, 573.0], [73.954511, 16.801798, 572.0], [73.954226, 16.802069, 572.0], [73.953941, 16.802341, 573.0], [73.953657, 16.80234, 573.0], [73.953374, 16.802338, 573.0], [73.95309, 16.802337, 574.0], [73.952807, 16.802335, 575.0], [73.952522, 16.802607, 576.0], [73.952238, 16.802606, 575.0], [73.951954, 16.802604, 576.0], [73.951671, 16.802603, 576.0], [73.951387, 16.802601, 573.0], [73.951104, 16.8026, 575.0], [73.950819, 16.802872, 575.0], [73.950535, 16.80287, 576.0], [73.950251, 16.802869, 576.0], [73.949966, 16.80314, 576.0], [73.949683, 16.803139, 575.0], [73.949399, 16.803138, 575.0], [73.949116, 16.803136, 578.0], [73.948832, 16.803135, 579.0], [73.948548, 16.803133, 579.0], [73.948265, 16.803132, 579.0], [73.94798, 16.803403, 580.0], [73.947696, 16.803402, 581.0], [73.947413, 16.803401, 581.0], [73.947129, 16.803399, 581.0], [73.946845, 16.803398, 582.0], [73.946562, 16.803396, 583.0], [73.946277, 16.803668, 583.0], [73.945992, 16.80394, 583.0], [73.945708, 16.803938, 583.0], [73.945425, 16.803937, 583.0], [73.945142, 16.803662, 583.0], [73.944859, 16.803661, 582.0], [73.944575, 16.803659, 583.0], [73.944292, 16.803658, 584.0], [73.944007, 16.803929, 586.0], [73.943723, 16.803928, 588.0], [73.943439, 16.803926, 589.0], [73.943156, 16.803925, 588.0], [73.942872, 16.803924, 587.0], [73.942589, 16.803922, 586.0], [73.942304, 16.804194, 586.0], [73.94202, 16.804192, 588.0], [73.941736, 16.804191, 590.0], [73.941451, 16.804463, 591.0], [73.941166, 16.804734, 590.0], [73.940881, 16.805006, 590.0], [73.940596, 16.805278, 593.0], [73.940311, 16.805549, 594.0], [73.940026, 16.805821, 593.0], [73.939741, 16.806093, 594.0], [73.939457, 16.806091, 593.0], [73.939172, 16.806363, 595.0], [73.938888, 16.806361, 596.0], [73.938603, 16.806633, 597.0], [73.938318, 16.806905, 598.0], [73.938035, 16.806903, 600.0], [73.93775, 16.807175, 601.0], [73.937466, 16.807174, 600.0], [73.937181, 16.807445, 601.0], [73.936896, 16.807717, 600.0], [73.936611, 16.807989, 601.0], [73.936326, 16.80826, 604.0], [73.93604, 16.808532, 606.0], [73.935755, 16.808804, 606.0], [73.93547, 16.809075, 607.0], [73.935185, 16.809347, 607.0], [73.9349, 16.809619, 607.0], [73.934616, 16.809617, 607.0], [73.934333, 16.809616, 608.0], [73.934048, 16.809887, 610.0], [73.933763, 16.810159, 611.0], [73.933477, 16.810431, 611.0], [73.933476, 16.810704, 611.0], [73.933191, 16.810976, 612.0], [73.933189, 16.811249, 612.0], [73.933188, 16.811522, 612.0], [73.932904, 16.81152, 613.0], [73.932621, 16.811519, 613.0], [73.932335, 16.811791, 614.0], [73.93205, 16.812062, 616.0], [73.931765, 16.812334, 618.0], [73.931764, 16.812607, 619.0], [73.931479, 16.812879, 621.0], [73.931193, 16.813151, 625.0], [73.931192, 16.813424, 628.0], [73.930907, 16.813695, 628.0], [73.930905, 16.813968, 629.0], [73.930904, 16.814242, 630.0], [73.930619, 16.814513, 629.0], [73.930617, 16.814786, 633.0], [73.930332, 16.815058, 643.0], [73.93033, 16.815331, 649.0], [73.930329, 16.815604, 658.0], [73.930044, 16.815876, 674.0], [73.929759, 16.816148, 683.0], [73.929474, 16.816419, 691.0], [73.929188, 16.816691, 691.0], [73.928905, 16.81669, 685.0], [73.92862, 16.816961, 685.0], [73.928336, 16.81696, 684.0], [73.928052, 16.816958, 688.0], [73.928051, 16.817231, 694.0], [73.927766, 16.817503, 709.0], [73.927481, 16.817775, 707.0], [73.927197, 16.817773, 710.0], [73.927196, 16.818046, 714.0], [73.92691, 16.818318, 721.0], [73.926625, 16.81859, 728.0], [73.926624, 16.818863, 733.0], [73.926339, 16.819135, 736.0], [73.926053, 16.819406, 746.0], [73.925768, 16.819678, 762.0], [73.925767, 16.819951, 773.0], [73.925765, 16.820224, 784.0], [73.925764, 16.820497, 790.0], [73.925762, 16.820771, 797.0], [73.925761, 16.821044, 802.0], [73.925759, 16.821317, 804.0], [73.925758, 16.82159, 804.0], [73.925756, 16.821863, 804.0], [73.925471, 16.822135, 806.0], [73.925187, 16.822133, 809.0], [73.924904, 16.822132, 813.0], [73.92462, 16.82213, 818.0], [73.924336, 16.822129, 823.0], [73.924051, 16.822401, 825.0], [73.923766, 16.822672, 826.0], [73.923482, 16.822671, 828.0], [73.923197, 16.822942, 833.0], [73.922912, 16.823214, 841.0], [73.922627, 16.823486, 851.0], [73.922342, 16.823757, 860.0], [73.922057, 16.824029, 868.0], [73.921772, 16.824301, 878.0], [73.921486, 16.824572, 888.0], [73.921201, 16.824844, 892.0], [73.9212, 16.825117, 895.0], [73.920915, 16.825389, 901.0], [73.920629, 16.82566, 904.0], [73.920628, 16.825934, 905.0], [73.920343, 16.826205, 907.0], [73.920341, 16.826478, 910.0], [73.920056, 16.82675, 912.0], [73.920054, 16.827023, 913.0], [73.920053, 16.827296, 914.0], [73.919768, 16.827568, 914.0], [73.919483, 16.82784, 915.0], [73.919481, 16.828113, 915.0], [73.919196, 16.828384, 915.0], [73.918912, 16.828383, 916.0], [73.918629, 16.828381, 917.0], [73.918343, 16.828653, 917.0], [73.91806, 16.828652, 917.0], [73.917776, 16.82865, 918.0], [73.917493, 16.828649, 918.0], [73.917209, 16.828647, 918.0], [73.916925, 16.828646, 918.0], [73.916642, 16.828644, 919.0], [73.916358, 16.828643, 920.0], [73.916075, 16.828641, 920.0], [73.915791, 16.82864, 919.0], [73.915507, 16.828638, 920.0], [73.915506, 16.828911, 921.0], [73.915221, 16.829183, 922.0], [73.914935, 16.829455, 924.0], [73.91465, 16.829726, 926.0], [73.914365, 16.829998, 925.0], [73.91408, 16.83027, 924.0], [73.914078, 16.830543, 925.0], [73.914077, 16.830816, 927.0], [73.913792, 16.831087, 931.0], [73.913506, 16.831359, 932.0], [73.913505, 16.831632, 932.0], [73.913503, 16.831905, 931.0], [73.913502, 16.832179, 931.0], [73.9135, 16.832452, 931.0], [73.913499, 16.832725, 931.0], [73.913497, 16.832998, 933.0], [73.913496, 16.833271, 934.0], [73.91321, 16.833543, 935.0], [73.912927, 16.833541, 938.0], [73.912642, 16.833813, 940.0], [73.912356, 16.834085, 942.0], [73.912071, 16.834356, 943.0], [73.911786, 16.834628, 943.0], [73.911784, 16.834901, 944.0], [73.911783, 16.835174, 945.0], [73.911498, 16.835446, 946.0], [73.911213, 16.835717, 947.0], [73.911211, 16.835991, 950.0], [73.911209, 16.836264, 956.0], [73.910924, 16.836535, 961.0], [73.910639, 16.836807, 966.0], [73.910354, 16.837079, 968.0], [73.91007, 16.837077, 969.0], [73.909787, 16.837076, 971.0], [73.909501, 16.837347, 972.0], [73.909218, 16.837346, 973.0], [73.908936, 16.837071, 979.0], [73.908654, 16.836796, 989.0], [73.90837, 16.836795, 994.0], [73.908086, 16.836793, 996.0], [73.907803, 16.836792, 996.0], [73.907519, 16.83679, 996.0], [73.907235, 16.836789, 996.0], [73.906953, 16.836514, 997.0], [73.906671, 16.83624, 997.0], [73.906388, 16.836238, 997.0], [73.906104, 16.836237, 998.0], [73.905819, 16.836508, 999.0], [73.905534, 16.83678, 998.0], [73.905249, 16.837052, 999.0], [73.904965, 16.83705, 999.0], [73.904963, 16.837323, 1001.0], [73.904962, 16.837596, 1002.0], [73.904677, 16.837868, 1003.0], [73.904393, 16.837866, 1005.0]]]}}, {"type": "Feature", "properties": {"subbasin": "S5", "name": null, "reach_len": null, "reach_rel": null, "reach_sin": null, "reach_slo": null, "len_units": null, "layer": "longest_flowpath_network", "path": "E:\\Manasi_intern\\HMS_Shp\\longest_flowpath_network.shp"}, "geometry": {"type": "MultiLineString", "coordinates": [[[73.97309, 16.748352, 552.5], [73.972948, 16.748351, 553.0], [73.972664, 16.74835, 553.0], [73.972382, 16.748075, 553.0], [73.9721, 16.747801, 553.0], [73.971818, 16.747526, 553.0], [73.971536, 16.747252, 553.0], [73.971538, 16.746979, 553.0], [73.971256, 16.746704, 553.0], [73.970974, 16.746429, 551.0], [73.970692, 16.746155, 550.0], [73.970408, 16.746153, 550.0], [73.970126, 16.745879, 551.0], [73.969844, 16.745604, 553.0], [73.969562, 16.74533, 553.0], [73.969563, 16.745057, 553.0], [73.969281, 16.744782, 553.0], [73.968999, 16.744507, 552.0], [73.969001, 16.744234, 552.0], [73.969002, 16.743961, 552.0], [73.969004, 16.743688, 552.0], [73.969005, 16.743415, 552.0], [73.969007, 16.743142, 552.0], [73.968725, 16.742867, 553.0], [73.968443, 16.742593, 553.0], [73.968161, 16.742318, 552.0], [73.968162, 16.742045, 552.0], [73.96788, 16.74177, 553.0], [73.967598, 16.741496, 553.0], [73.967313, 16.741767, 553.0], [73.967028, 16.742039, 552.0], [73.966743, 16.742311, 552.0], [73.96646, 16.742309, 551.0], [73.966458, 16.742583, 552.0], [73.966173, 16.742854, 552.0], [73.965888, 16.743126, 550.0], [73.965603, 16.743398, 549.0], [73.965318, 16.74367, 552.0], [73.965035, 16.743668, 552.0], [73.964751, 16.743667, 553.0], [73.964469, 16.743392, 552.0], [73.964186, 16.743391, 552.0], [73.963902, 16.743389, 552.0], [73.963619, 16.743388, 552.0], [73.963335, 16.743386, 552.0], [73.963053, 16.743112, 553.0], [73.962771, 16.742837, 553.0], [73.962488, 16.742836, 554.0], [73.962204, 16.742834, 553.0], [73.961922, 16.74256, 554.0], [73.96164, 16.742285, 554.0], [73.961358, 16.742011, 553.0], [73.961076, 16.741736, 554.0], [73.960794, 16.741462, 553.0], [73.960512, 16.741187, 551.0], [73.96023, 16.740912, 550.0], [73.959948, 16.740638, 551.0], [73.95995, 16.740365, 551.0], [73.959951, 16.740091, 551.0], [73.959953, 16.739818, 552.0], [73.959954, 16.739545, 554.0], [73.959956, 16.739272, 553.0], [73.960241, 16.739, 553.0], [73.960242, 16.738727, 553.0], [73.960244, 16.738454, 552.0], [73.960245, 16.738181, 552.0], [73.96053, 16.737909, 553.0], [73.960815, 16.737637, 554.0], [73.960817, 16.737364, 554.0], [73.960818, 16.737091, 554.0], [73.96082, 16.736818, 554.0], [73.960821, 16.736545, 553.0], [73.960539, 16.73627, 553.0], [73.96054, 16.735997, 552.0], [73.960542, 16.735724, 552.0], [73.960543, 16.735451, 551.0], [73.960545, 16.735178, 551.0], [73.960546, 16.734904, 553.0], [73.960264, 16.73463, 554.0], [73.960266, 16.734357, 554.0], [73.959984, 16.734082, 554.0], [73.959702, 16.733808, 554.0], [73.95942, 16.733533, 554.0], [73.959138, 16.733258, 553.0], [73.958856, 16.732984, 553.0], [73.958857, 16.732711, 553.0], [73.958859, 16.732437, 554.0], [73.95886, 16.732164, 554.0], [73.958862, 16.731891, 554.0], [73.95858, 16.731617, 554.0], [73.958298, 16.731342, 555.0], [73.958016, 16.731067, 554.0], [73.957732, 16.731066, 553.0], [73.957734, 16.730793, 554.0], [73.957452, 16.730518, 555.0], [73.95717, 16.730244, 555.0], [73.956888, 16.729969, 556.0], [73.956606, 16.729695, 554.0], [73.956322, 16.729693, 553.0], [73.956039, 16.729692, 554.0], [73.955757, 16.729417, 556.0], [73.955475, 16.729142, 556.0], [73.955193, 16.728868, 555.0], [73.954911, 16.728593, 555.0], [73.954628, 16.728592, 554.0], [73.954629, 16.728319, 554.0], [73.954347, 16.728044, 554.0], [73.954065, 16.72777, 554.0], [73.953783, 16.727495, 555.0], [73.953501, 16.72722, 556.0], [73.953503, 16.726947, 555.0], [73.953504, 16.726674, 554.0], [73.953789, 16.726402, 555.0], [73.953791, 16.726129, 556.0], [73.953509, 16.725855, 555.0], [73.95351, 16.725581, 555.0], [73.953512, 16.725308, 555.0], [73.95323, 16.725034, 555.0], [73.952948, 16.724759, 555.0], [73.952666, 16.724485, 555.0], [73.952384, 16.72421, 556.0], [73.952385, 16.723937, 556.0], [73.952103, 16.723662, 556.0], [73.952105, 16.723389, 556.0], [73.952106, 16.723116, 556.0], [73.951824, 16.722841, 555.0], [73.951826, 16.722568, 554.0], [73.951827, 16.722295, 553.0], [73.951829, 16.722022, 554.0], [73.95183, 16.721749, 555.0], [73.951548, 16.721474, 556.0], [73.95155, 16.721201, 555.0], [73.951268, 16.720926, 554.0], [73.950986, 16.720652, 554.0], [73.950987, 16.720379, 554.0], [73.950705, 16.720104, 554.0], [73.950707, 16.719831, 554.0], [73.950425, 16.719556, 554.0], [73.950143, 16.719282, 555.0], [73.949861, 16.719007, 556.0], [73.949579, 16.718733, 556.0], [73.949297, 16.718458, 556.0], [73.949298, 16.718185, 556.0], [73.949015, 16.718183, 557.0], [73.948732, 16.718182, 557.0], [73.948448, 16.71818, 557.0], [73.948165, 16.718179, 557.0], [73.947881, 16.718178, 557.0], [73.947599, 16.717903, 557.0], [73.947316, 16.717902, 556.0], [73.947034, 16.717627, 556.0], [73.946752, 16.717352, 555.0], [73.94647, 16.717078, 555.0], [73.946186, 16.717076, 555.0], [73.945903, 16.717075, 556.0], [73.94562, 16.717073, 556.0], [73.945336, 16.717072, 556.0], [73.945054, 16.716797, 556.0], [73.944772, 16.716523, 556.0], [73.94449, 16.716248, 556.0], [73.944207, 16.716247, 556.0], [73.943923, 16.716245, 555.0], [73.943638, 16.716517, 554.0], [73.943353, 16.716789, 556.0], [73.943068, 16.71706, 557.0], [73.942784, 16.717332, 557.0], [73.942499, 16.717604, 557.0], [73.942214, 16.717876, 557.0], [73.941929, 16.718147, 556.0], [73.941644, 16.718419, 556.0], [73.94136, 16.718417, 557.0], [73.941075, 16.718689, 558.0], [73.94079, 16.718961, 557.0], [73.940505, 16.719233, 556.0], [73.940222, 16.719231, 556.0], [73.93994, 16.718956, 556.0], [73.939658, 16.718682, 554.0], [73.939376, 16.718407, 556.0], [73.939094, 16.718133, 556.0], [73.938812, 16.717858, 557.0], [73.93853, 16.717583, 558.0], [73.938247, 16.717582, 558.0], [73.937963, 16.717581, 558.0], [73.93768, 16.717579, 558.0], [73.937396, 16.717578, 558.0], [73.937111, 16.717849, 559.0], [73.936826, 16.718121, 559.0], [73.936543, 16.71812, 559.0], [73.93626, 16.718118, 559.0], [73.935975, 16.71839, 558.0], [73.93569, 16.718661, 556.0], [73.935405, 16.718933, 556.0], [73.935121, 16.718932, 557.0], [73.934836, 16.719203, 557.0], [73.934551, 16.719475, 557.0], [73.934266, 16.719747, 559.0], [73.933981, 16.720018, 560.0], [73.933696, 16.72029, 560.0], [73.933411, 16.720562, 558.0], [73.933126, 16.720834, 559.0], [73.932843, 16.720832, 558.0], [73.932558, 16.721104, 556.0], [73.932275, 16.721102, 557.0], [73.931991, 16.721101, 558.0], [73.931708, 16.721099, 558.0], [73.931423, 16.721371, 559.0], [73.931139, 16.72137, 557.0], [73.930856, 16.721368, 555.0], [73.930572, 16.721367, 555.0], [73.930289, 16.721365, 558.0], [73.930007, 16.721091, 557.0], [73.929725, 16.720816, 557.0], [73.929441, 16.720814, 557.0], [73.929158, 16.720813, 556.0], [73.928875, 16.720812, 556.0], [73.928591, 16.72081, 556.0], [73.928308, 16.720809, 557.0], [73.928023, 16.72108, 558.0], [73.927738, 16.721352, 560.0], [73.927453, 16.721624, 560.0], [73.927168, 16.721895, 560.0], [73.926883, 16.722167, 559.0], [73.926598, 16.722439, 558.0], [73.92688, 16.722713, 558.0], [73.926878, 16.722986, 558.0], [73.926877, 16.72326, 558.0], [73.927159, 16.723534, 558.0], [73.92744, 16.723809, 558.0], [73.927439, 16.724082, 558.0], [73.927721, 16.724357, 560.0], [73.927719, 16.72463, 560.0], [73.928001, 16.724904, 560.0], [73.928, 16.725178, 559.0], [73.927998, 16.725451, 558.0], [73.927713, 16.725722, 557.0], [73.92743, 16.725721, 557.0], [73.927145, 16.725993, 559.0], [73.92686, 16.726264, 558.0], [73.926858, 16.726537, 559.0], [73.926857, 16.726811, 559.0], [73.926572, 16.727082, 559.0], [73.926288, 16.727081, 560.0], [73.926003, 16.727352, 560.0], [73.92572, 16.727351, 559.0], [73.925435, 16.727623, 558.0], [73.925151, 16.727621, 557.0], [73.924868, 16.72762, 558.0], [73.924584, 16.727618, 558.0], [73.924302, 16.727344, 557.0], [73.924019, 16.727342, 557.0], [73.923736, 16.727341, 558.0], [73.923452, 16.727339, 560.0], [73.92317, 16.727064, 561.0], [73.922888, 16.72679, 561.0], [73.922606, 16.726515, 560.0], [73.922324, 16.726241, 559.0], [73.922041, 16.726239, 560.0], [73.921756, 16.726511, 560.0], [73.921471, 16.726782, 559.0], [73.921186, 16.727054, 559.0], [73.920901, 16.727326, 559.0], [73.920616, 16.727597, 560.0], [73.920332, 16.727596, 561.0], [73.920049, 16.727595, 561.0], [73.919765, 16.727593, 561.0], [73.91948, 16.727865, 561.0], [73.919195, 16.728136, 561.0], [73.918912, 16.728135, 561.0], [73.918627, 16.728407, 561.0], [73.918344, 16.728405, 563.0], [73.918059, 16.728677, 563.0], [73.917774, 16.728948, 562.0], [73.917489, 16.72922, 561.0], [73.917487, 16.729493, 560.0], [73.917485, 16.729766, 558.0], [73.917484, 16.73004, 559.0], [73.917199, 16.730311, 562.0], [73.916915, 16.73031, 563.0], [73.91663, 16.730581, 563.0], [73.916345, 16.730853, 562.0], [73.91606, 16.731125, 562.0], [73.915775, 16.731396, 560.0], [73.915492, 16.731395, 559.0], [73.915208, 16.731393, 561.0], [73.914925, 16.731392, 562.0], [73.914641, 16.73139, 562.0], [73.91436, 16.731116, 562.0], [73.914076, 16.731114, 563.0], [73.913794, 16.73084, 562.0], [73.913511, 16.730838, 561.0], [73.913229, 16.730563, 560.0], [73.912947, 16.730289, 561.0], [73.912665, 16.730014, 562.0], [73.912383, 16.72974, 561.0], [73.9121, 16.729738, 561.0], [73.911818, 16.729463, 560.0], [73.911534, 16.729462, 560.0], [73.911252, 16.729187, 561.0], [73.91097, 16.728913, 563.0], [73.910687, 16.728911, 562.0], [73.910403, 16.72891, 561.0], [73.91012, 16.728908, 561.0], [73.909836, 16.728907, 561.0], [73.909553, 16.728905, 561.0], [73.90927, 16.728904, 562.0], [73.908986, 16.728902, 562.0], [73.908701, 16.729174, 562.0], [73.908418, 16.729172, 563.0], [73.908134, 16.729171, 562.0], [73.907851, 16.729169, 561.0], [73.907569, 16.728895, 562.0], [73.907287, 16.72862, 562.0], [73.907003, 16.728619, 563.0], [73.90672, 16.728617, 563.0], [73.906436, 16.728616, 562.0], [73.906153, 16.728614, 562.0], [73.905869, 16.728613, 562.0], [73.905586, 16.728611, 562.0], [73.905303, 16.72861, 563.0], [73.905019, 16.728608, 563.0], [73.904737, 16.728333, 563.0], [73.904454, 16.728332, 560.0], [73.90417, 16.72833, 558.0], [73.903888, 16.728056, 559.0], [73.903606, 16.727781, 561.0], [73.903325, 16.727506, 560.0], [73.903043, 16.727232, 559.0], [73.903044, 16.726959, 560.0], [73.903329, 16.726687, 560.0], [73.903331, 16.726414, 560.0], [73.903332, 16.726141, 561.0], [73.903617, 16.725869, 563.0], [73.903902, 16.725597, 562.0], [73.904187, 16.725326, 563.0], [73.904472, 16.725054, 562.0], [73.904474, 16.724781, 563.0], [73.904192, 16.724506, 563.0], [73.904194, 16.724233, 563.0], [73.90391, 16.724232, 562.0], [73.903628, 16.723957, 563.0], [73.90363, 16.723684, 563.0], [73.903346, 16.723682, 564.0], [73.903063, 16.723681, 564.0], [73.902779, 16.723679, 565.0], [73.902496, 16.723678, 565.0], [73.902213, 16.723676, 565.0], [73.901929, 16.723675, 563.0], [73.901646, 16.723673, 561.0], [73.901362, 16.723672, 562.0], [73.901079, 16.72367, 564.0], [73.900797, 16.723396, 565.0], [73.900515, 16.723121, 565.0], [73.900231, 16.723119, 564.0], [73.89995, 16.722845, 564.0], [73.899668, 16.72257, 565.0], [73.899386, 16.722296, 563.0], [73.899104, 16.722021, 564.0], [73.898822, 16.721746, 564.0], [73.89854, 16.721472, 565.0], [73.898258, 16.721197, 564.0], [73.897976, 16.720922, 563.0], [73.897694, 16.720648, 563.0], [73.897413, 16.720373, 563.0], [73.897131, 16.720098, 563.0], [73.896849, 16.719824, 564.0], [73.896567, 16.719549, 564.0], [73.896285, 16.719274, 564.0], [73.896003, 16.719, 563.0], [73.896005, 16.718726, 564.0], [73.895723, 16.718452, 564.0], [73.895441, 16.718177, 564.0], [73.895158, 16.718176, 564.0], [73.894876, 16.717901, 565.0], [73.894592, 16.717899, 565.0], [73.89431, 16.717625, 565.0], [73.894027, 16.717623, 564.0], [73.893745, 16.717349, 565.0], [73.893747, 16.717075, 566.0], [73.893748, 16.716802, 566.0], [73.89375, 16.716529, 567.0], [73.893751, 16.716256, 566.0], [73.893753, 16.715983, 566.0], [73.893754, 16.71571, 567.0], [73.893756, 16.715437, 567.0], [73.893758, 16.715163, 567.0], [73.894043, 16.714892, 568.0], [73.894044, 16.714619, 568.0], [73.894046, 16.714345, 568.0], [73.894047, 16.714072, 568.0], [73.894049, 16.713799, 569.0], [73.893767, 16.713525, 569.0], [73.893485, 16.71325, 569.0], [73.893487, 16.712977, 568.0], [73.893205, 16.712702, 569.0], [73.892923, 16.712427, 569.0], [73.892641, 16.712153, 569.0], [73.892359, 16.711878, 568.0], [73.892361, 16.711605, 568.0], [73.892079, 16.71133, 569.0], [73.891797, 16.711056, 570.0], [73.891799, 16.710782, 570.0], [73.8918, 16.710509, 569.0], [73.891802, 16.710236, 569.0], [73.891803, 16.709963, 568.0], [73.891805, 16.70969, 568.0], [73.891807, 16.709417, 568.0], [73.891808, 16.709144, 568.0], [73.89181, 16.70887, 567.0], [73.891811, 16.708597, 567.0], [73.891813, 16.708324, 567.0], [73.891814, 16.708051, 569.0], [73.891533, 16.707776, 570.0], [73.891251, 16.707502, 569.0], [73.890969, 16.707227, 570.0], [73.890684, 16.707499, 570.0], [73.8904, 16.707497, 569.0], [73.890117, 16.707496, 569.0], [73.889835, 16.707221, 569.0], [73.889552, 16.707219, 568.0], [73.889268, 16.707218, 568.0], [73.888985, 16.707216, 568.0], [73.888703, 16.706942, 570.0], [73.88842, 16.70694, 570.0], [73.888138, 16.706665, 570.0], [73.887856, 16.706391, 570.0], [73.887574, 16.706116, 570.0], [73.887292, 16.705841, 569.0], [73.88701, 16.705567, 569.0], [73.886729, 16.705292, 570.0], [73.886447, 16.705017, 569.0], [73.886165, 16.704743, 569.0], [73.885883, 16.704468, 568.0], [73.885885, 16.704195, 567.0], [73.885603, 16.70392, 570.0], [73.885321, 16.703646, 570.0], [73.885036, 16.703917, 570.0], [73.884752, 16.703916, 569.0], [73.884469, 16.703914, 568.0], [73.884186, 16.703913, 569.0], [73.883902, 16.703911, 571.0], [73.883619, 16.70391, 570.0], [73.883337, 16.703635, 571.0], [73.883055, 16.70336, 571.0], [73.882773, 16.703086, 571.0], [73.882775, 16.702812, 572.0], [73.882776, 16.702539, 571.0], [73.882495, 16.702265, 572.0], [73.882213, 16.70199, 572.0], [73.881931, 16.701715, 571.0], [73.881932, 16.701442, 571.0], [73.881651, 16.701167, 571.0], [73.881367, 16.701166, 571.0], [73.881085, 16.700891, 571.0], [73.880804, 16.700616, 571.0], [73.88052, 16.700615, 572.0], [73.880237, 16.700613, 572.0], [73.879953, 16.700612, 572.0], [73.879668, 16.700884, 572.0], [73.879385, 16.700882, 572.0], [73.879101, 16.70088, 572.0], [73.878818, 16.700879, 572.0], [73.878535, 16.700877, 573.0], [73.878251, 16.700876, 572.0], [73.877968, 16.700874, 571.0], [73.877686, 16.7006, 573.0], [73.877402, 16.700598, 572.0], [73.877121, 16.700323, 572.0], [73.876837, 16.700322, 571.0], [73.876554, 16.70032, 573.0], [73.876272, 16.700046, 573.0], [73.87599, 16.699771, 572.0], [73.875707, 16.699769, 571.0], [73.875423, 16.699768, 572.0], [73.87514, 16.699766, 574.0], [73.874856, 16.699765, 576.0], [73.874573, 16.699763, 576.0], [73.87429, 16.699762, 576.0], [73.874008, 16.699487, 575.0], [73.873726, 16.699212, 575.0], [73.873443, 16.699211, 576.0], [73.873159, 16.699209, 577.0], [73.872876, 16.699208, 577.0], [73.872591, 16.699479, 577.0], [73.872306, 16.699751, 575.0], [73.872021, 16.700022, 574.0], [73.871737, 16.700021, 574.0], [73.871454, 16.700019, 576.0], [73.87117, 16.700018, 577.0], [73.870887, 16.700016, 577.0], [73.870605, 16.699742, 578.0], [73.870322, 16.69974, 578.0], [73.87004, 16.699465, 579.0], [73.869757, 16.699464, 579.0], [73.869475, 16.699189, 579.0], [73.869191, 16.699188, 580.0], [73.868908, 16.699186, 582.0], [73.868626, 16.698911, 582.0], [73.868343, 16.69891, 582.0], [73.868059, 16.698908, 583.0], [73.867776, 16.698907, 583.0], [73.867494, 16.698632, 580.0], [73.867212, 16.698357, 582.0], [73.866929, 16.698356, 581.0], [73.866647, 16.698081, 583.0], [73.866364, 16.698079, 580.0], [73.86608, 16.698078, 580.0], [73.865797, 16.698076, 580.0], [73.865513, 16.698075, 582.0], [73.86523, 16.698073, 582.0], [73.864946, 16.698072, 583.0], [73.864663, 16.69807, 584.0], [73.86438, 16.698069, 584.0], [73.864095, 16.69834, 585.0], [73.863811, 16.698339, 585.0], [73.863529, 16.698064, 585.0], [73.863248, 16.697789, 583.0], [73.862966, 16.697515, 583.0], [73.862682, 16.697513, 584.0], [73.862397, 16.697785, 584.0], [73.862114, 16.697783, 584.0], [73.86183, 16.697781, 584.0], [73.861547, 16.69778, 584.0], [73.861264, 16.697778, 585.0], [73.86098, 16.697777, 585.0], [73.860697, 16.697775, 585.0], [73.860413, 16.697774, 586.0], [73.86013, 16.697772, 586.0], [73.859847, 16.697771, 587.0], [73.859563, 16.697769, 587.0], [73.85928, 16.697767, 587.0], [73.858995, 16.698039, 588.0], [73.85871, 16.698311, 588.0], [73.858426, 16.698309, 586.0], [73.858143, 16.698307, 585.0], [73.857861, 16.698033, 587.0], [73.857578, 16.698031, 589.0], [73.857296, 16.697756, 591.0], [73.857014, 16.697482, 587.0], [73.856731, 16.69748, 586.0], [73.856447, 16.697479, 587.0], [73.856164, 16.697477, 589.0], [73.85588, 16.697475, 588.0], [73.855599, 16.697201, 588.0], [73.855315, 16.697199, 588.0], [73.855032, 16.697198, 589.0], [73.854748, 16.697196, 590.0], [73.854463, 16.697468, 591.0], [73.85418, 16.697466, 591.0], [73.853895, 16.697738, 593.0], [73.85361, 16.698009, 593.0], [73.853326, 16.698008, 593.0], [73.853045, 16.697733, 592.0], [73.852763, 16.697458, 592.0], [73.852479, 16.697457, 592.0], [73.852196, 16.697455, 592.0], [73.851914, 16.69718, 594.0], [73.851632, 16.696906, 594.0], [73.851349, 16.696904, 593.0], [73.851066, 16.696902, 593.0], [73.850781, 16.697174, 593.0], [73.850497, 16.697172, 593.0], [73.850212, 16.697444, 594.0], [73.849929, 16.697442, 595.0], [73.849644, 16.697714, 596.0], [73.849359, 16.697986, 594.0], [73.849074, 16.698257, 594.0], [73.84879, 16.698256, 595.0], [73.848507, 16.698254, 595.0], [73.848225, 16.697979, 596.0], [73.847941, 16.697978, 596.0], [73.847658, 16.697976, 596.0], [73.847375, 16.697975, 596.0], [73.847091, 16.697973, 596.0], [73.846808, 16.697971, 597.0], [73.846524, 16.69797, 597.0], [73.846239, 16.698241, 598.0], [73.846238, 16.698515, 599.0], [73.846236, 16.698788, 599.0], [73.846234, 16.699061, 599.0], [73.845949, 16.699332, 600.0], [73.845664, 16.699604, 601.0], [73.845381, 16.699602, 602.0], [73.845097, 16.699601, 602.0], [73.844814, 16.699599, 602.0], [73.844531, 16.699598, 602.0], [73.844529, 16.699871, 604.0], [73.844244, 16.700142, 606.0], [73.843959, 16.700414, 609.0], [73.843675, 16.700412, 613.0], [73.843392, 16.700411, 616.0], [73.843107, 16.700682, 618.0], [73.842822, 16.700954, 617.0], [73.842537, 16.701225, 617.0], [73.842252, 16.701497, 617.0], [73.841967, 16.701768, 617.0], [73.841682, 16.70204, 617.0], [73.841397, 16.702312, 617.0], [73.841112, 16.702583, 617.0], [73.840826, 16.702855, 617.0], [73.840543, 16.702853, 617.0], [73.840258, 16.703125, 617.0], [73.839973, 16.703396, 617.0], [73.839688, 16.703668, 617.0], [73.839403, 16.703939, 617.0], [73.839118, 16.704211, 617.0], [73.838833, 16.704482, 617.0], [73.838548, 16.704754, 617.0], [73.838262, 16.705026, 617.0], [73.837977, 16.705297, 617.0], [73.837692, 16.705569, 618.0], [73.837407, 16.70584, 620.0], [73.837122, 16.706112, 621.0], [73.836837, 16.706383, 620.0], [73.836835, 16.706656, 620.0], [73.836834, 16.70693, 620.0], [73.836832, 16.707203, 622.0], [73.83683, 16.707476, 623.0], [73.836829, 16.707749, 625.0], [73.836827, 16.708022, 624.0], [73.836825, 16.708295, 623.0], [73.83654, 16.708567, 625.0], [73.836539, 16.70884, 627.0], [73.836254, 16.709111, 630.0], [73.835969, 16.709383, 631.0], [73.835967, 16.709656, 631.0], [73.835965, 16.709929, 631.0], [73.835682, 16.709928, 632.0], [73.835397, 16.710199, 634.0], [73.835112, 16.710471, 635.0], [73.83511, 16.710744, 635.0], [73.834825, 16.711015, 636.0], [73.83454, 16.711287, 639.0], [73.834538, 16.71156, 642.0], [73.834253, 16.711832, 643.0], [73.834251, 16.712105, 643.0], [73.83425, 16.712378, 643.0], [73.834248, 16.712651, 646.0], [73.834246, 16.712924, 649.0], [73.834245, 16.713197, 650.0], [73.834243, 16.713471, 649.0], [73.834241, 16.713744, 650.0], [73.833956, 16.714015, 652.0], [73.833671, 16.714287, 652.0], [73.833386, 16.714558, 651.0], [73.833101, 16.71483, 654.0], [73.833099, 16.715103, 655.0], [73.833098, 16.715376, 657.0], [73.832813, 16.715648, 659.0], [73.832811, 16.715921, 661.0], [73.832809, 16.716194, 666.0], [73.833091, 16.716469, 669.0], [73.833089, 16.716742, 669.0], [73.833088, 16.717015, 668.0], [73.833086, 16.717288, 668.0], [73.833084, 16.717561, 668.0], [73.833083, 16.717834, 670.0], [73.832798, 16.718106, 673.0], [73.832796, 16.718379, 673.0], [73.832511, 16.718651, 677.0], [73.832509, 16.718924, 682.0], [73.832508, 16.719197, 687.0], [73.832506, 16.71947, 690.0], [73.832788, 16.719745, 693.0], [73.832786, 16.720018, 696.0], [73.832784, 16.720291, 700.0], [73.832783, 16.720564, 702.0], [73.833065, 16.720839, 704.0], [73.833063, 16.721112, 707.0], [73.833345, 16.721387, 719.0], [73.833343, 16.72166, 731.0], [73.833341, 16.721933, 738.0], [73.833623, 16.722208, 752.0], [73.833905, 16.722483, 769.0], [73.834187, 16.722757, 780.0], [73.83447, 16.722759, 792.0], [73.834754, 16.722761, 806.0], [73.835037, 16.722762, 817.0], [73.835319, 16.723037, 826.0], [73.835602, 16.723038, 832.0], [73.835884, 16.723313, 839.0], [73.836166, 16.723588, 843.0], [73.836448, 16.723863, 846.0], [73.836446, 16.724136, 852.0], [73.836728, 16.724411, 863.0], [73.83701, 16.724685, 871.0], [73.837291, 16.72496, 875.0], [73.837573, 16.725235, 878.0], [73.837855, 16.72551, 883.0], [73.837853, 16.725783, 892.0], [73.837852, 16.726056, 903.0], [73.83785, 16.726329, 913.0], [73.837848, 16.726602, 925.0], [73.837847, 16.726875, 936.0], [73.837845, 16.727148, 944.0], [73.837843, 16.727422, 952.0], [73.838125, 16.727696, 963.0], [73.838407, 16.727971, 970.0]]]}}, {"type": "Feature", "properties": {"subbasin": "S4", "name": null, "reach_len": null, "reach_rel": null, "reach_sin": null, "reach_slo": null, "len_units": null, "layer": "longest_flowpath_network", "path": "E:\\Manasi_intern\\HMS_Shp\\longest_flowpath_network.shp"}, "geometry": {"type": "MultiLineString", "coordinates": [[[73.973089, 16.748489, 552.0], [73.972946, 16.748625, 552.0], [73.972663, 16.748623, 551.0], [73.972379, 16.748622, 552.0], [73.972096, 16.74862, 552.0], [73.971811, 16.748892, 553.0], [73.971809, 16.749165, 553.0], [73.971524, 16.749437, 553.0], [73.971241, 16.749435, 554.0], [73.970956, 16.749707, 554.0], [73.970671, 16.749979, 554.0], [73.970386, 16.750251, 554.0], [73.970101, 16.750522, 554.0], [73.969816, 16.750794, 556.0], [73.969531, 16.751066, 557.0], [73.969246, 16.751338, 554.0], [73.968963, 16.751336, 552.0], [73.968678, 16.751608, 554.0], [73.968393, 16.75188, 556.0], [73.968391, 16.752153, 557.0], [73.968106, 16.752425, 557.0], [73.967823, 16.752423, 556.0], [73.967538, 16.752695, 557.0], [73.967254, 16.752693, 556.0], [73.966969, 16.752965, 557.0], [73.966686, 16.752964, 555.0], [73.966401, 16.753236, 554.0], [73.966399, 16.753509, 555.0], [73.966114, 16.75378, 556.0], [73.965831, 16.753779, 554.0], [73.965547, 16.753778, 552.0], [73.965264, 16.753776, 552.0], [73.964979, 16.754048, 553.0], [73.964694, 16.75432, 552.0], [73.964409, 16.754591, 552.0], [73.964407, 16.754864, 552.0], [73.964406, 16.755138, 552.0], [73.964404, 16.755411, 551.0], [73.964119, 16.755683, 552.0], [73.964118, 16.755956, 552.0], [73.964116, 16.756229, 552.0], [73.963831, 16.756501, 553.0], [73.96383, 16.756774, 552.0], [73.963545, 16.757045, 552.0], [73.96326, 16.757317, 553.0], [73.962975, 16.757589, 554.0], [73.96269, 16.757861, 554.0], [73.962405, 16.758132, 553.0], [73.96212, 16.758404, 552.0], [73.961838, 16.758129, 552.0], [73.961553, 16.758401, 553.0], [73.961268, 16.758673, 554.0], [73.960983, 16.758945, 552.0], [73.960698, 16.759216, 553.0], [73.960413, 16.759488, 554.0], [73.960412, 16.759761, 553.0], [73.96041, 16.760034, 551.0], [73.960125, 16.760306, 550.0], [73.959841, 16.760305, 550.0], [73.959556, 16.760576, 549.0], [73.959271, 16.760848, 550.0], [73.958986, 16.76112, 550.0], [73.958701, 16.761392, 550.0], [73.958416, 16.761663, 551.0], [73.958131, 16.761935, 554.0], [73.957846, 16.762207, 555.0], [73.957563, 16.762205, 553.0], [73.957278, 16.762477, 550.0], [73.956996, 16.762202, 550.0], [73.956714, 16.761928, 551.0], [73.95643, 16.761926, 552.0], [73.956147, 16.761925, 552.0], [73.955863, 16.761924, 552.0], [73.95558, 16.761922, 553.0], [73.955296, 16.761921, 553.0], [73.955011, 16.762192, 554.0], [73.954728, 16.762191, 553.0], [73.954444, 16.76219, 554.0], [73.954159, 16.762461, 554.0], [73.953874, 16.762733, 553.0], [73.953589, 16.763005, 554.0], [73.953304, 16.763276, 555.0], [73.953022, 16.763002, 554.0], [73.952739, 16.763, 553.0], [73.952455, 16.762999, 552.0], [73.952172, 16.762997, 551.0], [73.951888, 16.762996, 551.0], [73.951605, 16.762995, 552.0], [73.951321, 16.762993, 552.0], [73.951037, 16.762992, 551.0], [73.950754, 16.76299, 551.0], [73.950472, 16.762716, 552.0], [73.950188, 16.762714, 552.0], [73.949905, 16.762713, 552.0], [73.949621, 16.762711, 552.0], [73.949338, 16.76271, 552.0], [73.949054, 16.762708, 551.0], [73.948771, 16.762707, 552.0], [73.948487, 16.762706, 552.0], [73.948204, 16.762704, 554.0], [73.947919, 16.762976, 554.0], [73.947634, 16.763247, 554.0], [73.947349, 16.763519, 555.0], [73.947064, 16.763791, 557.0], [73.946779, 16.764063, 556.0], [73.946495, 16.764061, 556.0], [73.946212, 16.76406, 556.0], [73.945928, 16.764058, 556.0], [73.945645, 16.764057, 556.0], [73.945361, 16.764055, 556.0], [73.945076, 16.764327, 556.0], [73.944791, 16.764599, 555.0], [73.944506, 16.76487, 555.0], [73.944221, 16.765142, 554.0], [73.943936, 16.765414, 552.0], [73.943651, 16.765686, 551.0], [73.943367, 16.765684, 551.0], [73.943082, 16.765956, 550.0], [73.942799, 16.765954, 549.0], [73.942514, 16.766226, 551.0], [73.942229, 16.766498, 551.0], [73.941944, 16.766769, 554.0], [73.94166, 16.766768, 555.0], [73.941377, 16.766767, 555.0], [73.941092, 16.767038, 555.0], [73.940808, 16.767037, 554.0], [73.940526, 16.766762, 554.0], [73.940244, 16.766488, 553.0], [73.939961, 16.766486, 552.0], [73.939677, 16.766485, 553.0], [73.939395, 16.76621, 554.0], [73.939113, 16.765935, 553.0], [73.938831, 16.765661, 552.0], [73.938547, 16.765659, 553.0], [73.938264, 16.765658, 551.0], [73.93798, 16.765656, 551.0], [73.937697, 16.765655, 552.0], [73.937413, 16.765653, 553.0], [73.93713, 16.765652, 553.0], [73.936846, 16.765651, 553.0], [73.936563, 16.765649, 554.0], [73.936279, 16.765648, 556.0], [73.935996, 16.765646, 557.0], [73.935712, 16.765645, 556.0], [73.935429, 16.765643, 553.0], [73.935145, 16.765642, 552.0], [73.934862, 16.76564, 553.0], [73.93458, 16.765366, 554.0], [73.934298, 16.765091, 555.0], [73.934014, 16.76509, 555.0], [73.933731, 16.765088, 554.0], [73.933449, 16.764814, 554.0], [73.933165, 16.764812, 553.0], [73.932882, 16.764811, 554.0], [73.932598, 16.764809, 555.0], [73.932314, 16.764808, 554.0], [73.932031, 16.764806, 553.0], [73.931749, 16.764532, 551.0], [73.931465, 16.76453, 552.0], [73.931182, 16.764529, 554.0], [73.930898, 16.764527, 555.0], [73.930615, 16.764526, 554.0], [73.930331, 16.764524, 551.0], [73.930048, 16.764523, 551.0], [73.929763, 16.764794, 554.0], [73.929479, 16.764793, 553.0], [73.929196, 16.764792, 553.0], [73.928914, 16.764517, 554.0], [73.92863, 16.764515, 554.0], [73.928348, 16.764241, 553.0], [73.928065, 16.764239, 552.0], [73.927781, 16.764238, 553.0], [73.927496, 16.76451, 553.0], [73.927213, 16.764508, 554.0], [73.926928, 16.76478, 554.0], [73.926644, 16.764778, 551.0], [73.926359, 16.76505, 552.0], [73.926074, 16.765322, 554.0], [73.92579, 16.76532, 552.0], [73.925507, 16.765319, 553.0], [73.925223, 16.765317, 552.0], [73.92494, 16.765316, 552.0], [73.924656, 16.765314, 553.0], [73.924373, 16.765313, 553.0], [73.924088, 16.765584, 552.0], [73.923803, 16.765856, 551.0], [73.923518, 16.766128, 552.0], [73.923233, 16.766399, 553.0], [73.922947, 16.766671, 556.0], [73.922664, 16.76667, 555.0], [73.92238, 16.766668, 554.0], [73.922097, 16.766667, 554.0], [73.921813, 16.766665, 553.0], [73.92153, 16.766664, 552.0], [73.921246, 16.766662, 553.0], [73.920964, 16.766388, 553.0], [73.920682, 16.766113, 554.0], [73.920399, 16.766111, 554.0], [73.920117, 16.765837, 554.0], [73.919833, 16.765835, 555.0], [73.91955, 16.765834, 555.0], [73.919266, 16.765832, 555.0], [73.918983, 16.765831, 555.0], [73.918701, 16.765556, 554.0], [73.918417, 16.765555, 555.0], [73.918134, 16.765553, 555.0], [73.91785, 16.765552, 555.0], [73.917567, 16.76555, 555.0], [73.917285, 16.765276, 554.0], [73.917001, 16.765274, 556.0], [73.916718, 16.765273, 555.0], [73.916434, 16.765271, 554.0], [73.916151, 16.76527, 552.0], [73.915867, 16.765268, 551.0], [73.915584, 16.765267, 551.0], [73.915299, 16.765538, 550.0], [73.915013, 16.76581, 552.0], [73.914728, 16.766082, 554.0], [73.914445, 16.76608, 555.0], [73.914161, 16.766079, 555.0], [73.913878, 16.766077, 555.0], [73.913594, 16.766076, 556.0], [73.913311, 16.766074, 556.0], [73.913027, 16.766073, 555.0], [73.912744, 16.766071, 555.0], [73.91246, 16.76607, 555.0], [73.912177, 16.766068, 556.0], [73.911892, 16.76634, 557.0], [73.911607, 16.766611, 557.0], [73.911323, 16.76661, 557.0], [73.91104, 16.766608, 557.0], [73.910754, 16.76688, 557.0], [73.910469, 16.767152, 555.0], [73.910186, 16.76715, 552.0], [73.909901, 16.767422, 552.0], [73.909899, 16.767695, 552.0], [73.909614, 16.767967, 552.0], [73.909613, 16.76824, 552.0], [73.909611, 16.768513, 553.0], [73.909609, 16.768786, 553.0], [73.909608, 16.769059, 553.0], [73.909606, 16.769332, 553.0], [73.909605, 16.769606, 553.0], [73.909603, 16.769879, 552.0], [73.909602, 16.770152, 552.0], [73.9096, 16.770425, 552.0], [73.909599, 16.770698, 552.0], [73.909597, 16.770971, 552.0], [73.909312, 16.771243, 554.0], [73.90931, 16.771516, 554.0], [73.909025, 16.771788, 556.0], [73.90874, 16.772059, 556.0], [73.908455, 16.772331, 556.0], [73.90817, 16.772603, 555.0], [73.907886, 16.772601, 556.0], [73.907603, 16.7726, 555.0], [73.907319, 16.772598, 554.0], [73.907037, 16.772324, 555.0], [73.906755, 16.772049, 556.0], [73.906472, 16.772047, 553.0], [73.90619, 16.771773, 553.0], [73.905908, 16.771498, 556.0], [73.905626, 16.771223, 557.0], [73.905342, 16.771222, 556.0], [73.905061, 16.770947, 557.0], [73.904779, 16.770673, 556.0], [73.904497, 16.770398, 553.0], [73.904213, 16.770396, 553.0], [73.90393, 16.770395, 553.0], [73.903646, 16.770393, 554.0], [73.903362, 16.770392, 555.0], [73.903079, 16.77039, 556.0], [73.902797, 16.770116, 556.0], [73.902515, 16.769841, 556.0], [73.902233, 16.769566, 557.0], [73.90195, 16.769565, 553.0], [73.901666, 16.769563, 553.0], [73.901382, 16.769562, 552.0], [73.901099, 16.76956, 550.0], [73.900815, 16.769559, 552.0], [73.900532, 16.769557, 554.0], [73.900247, 16.769829, 556.0], [73.899962, 16.770101, 557.0], [73.899677, 16.770372, 557.0], [73.899392, 16.770644, 555.0], [73.899106, 16.770916, 553.0], [73.898821, 16.771187, 553.0], [73.899103, 16.771462, 553.0], [73.899102, 16.771735, 554.0], [73.899384, 16.77201, 554.0], [73.899666, 16.772284, 556.0], [73.899948, 16.772559, 555.0], [73.90023, 16.772834, 555.0], [73.900228, 16.773107, 555.0], [73.900226, 16.77338, 556.0], [73.900508, 16.773655, 557.0], [73.900507, 16.773928, 556.0], [73.900505, 16.774201, 555.0], [73.900504, 16.774474, 555.0], [73.900786, 16.774749, 556.0], [73.900784, 16.775022, 556.0], [73.900782, 16.775295, 556.0], [73.900781, 16.775568, 557.0], [73.900779, 16.775841, 555.0], [73.900494, 16.776113, 554.0], [73.900209, 16.776385, 553.0], [73.899926, 16.776383, 554.0], [73.89964, 16.776655, 555.0], [73.899357, 16.776653, 556.0], [73.899073, 16.776652, 557.0], [73.898791, 16.776377, 557.0], [73.898508, 16.776375, 557.0], [73.898224, 16.776374, 556.0], [73.897941, 16.776372, 554.0], [73.897657, 16.776371, 553.0], [73.897372, 16.776643, 555.0], [73.897087, 16.776914, 557.0], [73.896804, 16.776913, 557.0], [73.89652, 16.776911, 557.0], [73.896236, 16.77691, 556.0], [73.895953, 16.776908, 555.0], [73.895669, 16.776907, 554.0], [73.895386, 16.776905, 554.0], [73.895102, 16.776904, 554.0], [73.894819, 16.776902, 555.0], [73.894535, 16.7769, 555.0], [73.894252, 16.776899, 553.0], [73.893968, 16.776897, 553.0], [73.893685, 16.776896, 553.0], [73.893401, 16.776894, 552.0], [73.893118, 16.776893, 553.0], [73.892834, 16.776891, 553.0], [73.892552, 16.776617, 556.0], [73.892269, 16.776615, 557.0], [73.891985, 16.776614, 557.0], [73.891703, 16.776339, 556.0], [73.89142, 16.776337, 555.0], [73.891136, 16.776336, 554.0], [73.890854, 16.776061, 554.0], [73.89057, 16.77606, 556.0], [73.890287, 16.776058, 556.0], [73.890003, 16.776057, 556.0], [73.889718, 16.776328, 555.0], [73.889433, 16.7766, 556.0], [73.88915, 16.776598, 556.0], [73.888866, 16.776597, 556.0], [73.888583, 16.776595, 557.0], [73.888297, 16.776867, 557.0], [73.888014, 16.776865, 557.0], [73.887729, 16.777137, 558.0], [73.887444, 16.777409, 557.0], [73.887159, 16.77768, 557.0], [73.886873, 16.777952, 557.0], [73.886588, 16.778223, 558.0], [73.886303, 16.778495, 557.0], [73.886302, 16.778768, 555.0], [73.886018, 16.778767, 556.0], [73.885733, 16.779038, 557.0], [73.885449, 16.779037, 556.0], [73.885166, 16.779035, 556.0], [73.884882, 16.779034, 557.0], [73.884597, 16.779305, 558.0], [73.884314, 16.779304, 558.0], [73.884028, 16.779575, 559.0], [73.883745, 16.779574, 558.0], [73.883461, 16.779572, 558.0], [73.883176, 16.779844, 558.0], [73.882893, 16.779842, 557.0], [73.882609, 16.779841, 555.0], [73.882326, 16.779839, 554.0], [73.88204, 16.780111, 554.0], [73.881755, 16.780382, 557.0], [73.88147, 16.780654, 559.0], [73.881185, 16.780926, 559.0], [73.8809, 16.781197, 559.0], [73.880615, 16.781469, 558.0], [73.880613, 16.781742, 559.0], [73.880612, 16.782015, 559.0], [73.880326, 16.782287, 559.0], [73.880325, 16.78256, 558.0], [73.880323, 16.782833, 557.0], [73.880038, 16.783105, 558.0], [73.879753, 16.783376, 557.0], [73.879469, 16.783375, 557.0], [73.879468, 16.783648, 557.0], [73.879466, 16.783921, 558.0], [73.879465, 16.784194, 557.0], [73.879463, 16.784467, 557.0], [73.879461, 16.78474, 558.0], [73.87946, 16.785014, 558.0], [73.879458, 16.785287, 557.0], [73.879457, 16.78556, 558.0], [73.879739, 16.785835, 556.0], [73.879737, 16.786108, 555.0], [73.879735, 16.786381, 555.0], [73.87945, 16.786652, 558.0], [73.879165, 16.786924, 559.0], [73.879163, 16.787197, 558.0], [73.878878, 16.787469, 559.0], [73.878593, 16.78774, 559.0], [73.878308, 16.788012, 559.0], [73.878306, 16.788285, 559.0], [73.878021, 16.788557, 560.0], [73.87802, 16.78883, 559.0], [73.877734, 16.789101, 558.0], [73.877733, 16.789375, 559.0], [73.877448, 16.789646, 560.0], [73.877163, 16.789918, 559.0], [73.876879, 16.789916, 559.0], [73.876595, 16.789915, 559.0], [73.876312, 16.789913, 557.0], [73.876028, 16.789912, 558.0], [73.875743, 16.790183, 559.0], [73.875458, 16.790455, 560.0], [73.875174, 16.790453, 559.0], [73.874889, 16.790725, 560.0], [73.874606, 16.790723, 560.0], [73.874324, 16.790449, 560.0], [73.874042, 16.790174, 560.0], [73.87376, 16.789899, 560.0], [73.873476, 16.789898, 560.0], [73.873193, 16.789896, 559.0], [73.872909, 16.789895, 560.0], [73.872908, 16.790168, 561.0], [73.872906, 16.790441, 561.0], [73.872621, 16.790712, 561.0], [73.872619, 16.790986, 560.0], [73.872334, 16.791257, 558.0], [73.872051, 16.791256, 558.0], [73.871767, 16.791254, 558.0], [73.871483, 16.791253, 557.0], [73.8712, 16.791251, 557.0], [73.870916, 16.791249, 558.0], [73.870633, 16.791248, 560.0], [73.870349, 16.791246, 559.0], [73.870067, 16.790972, 557.0], [73.869785, 16.790697, 556.0], [73.869503, 16.790422, 557.0], [73.86922, 16.790421, 558.0], [73.868936, 16.790419, 558.0], [73.868653, 16.790418, 556.0], [73.868369, 16.790416, 557.0], [73.868086, 16.790414, 559.0], [73.867802, 16.790413, 561.0], [73.867518, 16.790411, 561.0], [73.867233, 16.790683, 560.0], [73.86695, 16.790681, 560.0], [73.866666, 16.79068, 561.0], [73.866381, 16.790951, 561.0], [73.866097, 16.79095, 559.0], [73.865814, 16.790948, 559.0], [73.865529, 16.79122, 560.0], [73.865244, 16.791491, 560.0], [73.86496, 16.79149, 560.0], [73.864675, 16.791761, 561.0], [73.864391, 16.79176, 561.0], [73.864108, 16.791758, 561.0], [73.863824, 16.791757, 561.0], [73.863541, 16.791755, 561.0], [73.863257, 16.791754, 561.0], [73.862973, 16.791752, 560.0], [73.86269, 16.79175, 560.0], [73.862406, 16.791749, 559.0], [73.862123, 16.791747, 559.0], [73.861839, 16.791746, 560.0], [73.861554, 16.792017, 561.0], [73.861272, 16.791743, 561.0], [73.860989, 16.791741, 562.0], [73.860707, 16.791466, 563.0], [73.860423, 16.791465, 563.0], [73.860138, 16.791736, 563.0], [73.859854, 16.791735, 562.0], [73.859571, 16.791733, 562.0], [73.859287, 16.791732, 562.0], [73.859005, 16.791457, 562.0], [73.858722, 16.791455, 562.0], [73.858438, 16.791454, 561.0], [73.858153, 16.791725, 560.0], [73.85787, 16.791724, 559.0], [73.857586, 16.791722, 560.0], [73.857301, 16.791994, 562.0], [73.857017, 16.791992, 561.0], [73.856732, 16.792264, 561.0], [73.856448, 16.792262, 560.0], [73.856165, 16.792261, 560.0], [73.855883, 16.791986, 562.0], [73.855599, 16.791984, 562.0], [73.855316, 16.791983, 562.0], [73.855032, 16.791981, 562.0], [73.854749, 16.79198, 563.0], [73.854465, 16.791978, 562.0], [73.854182, 16.791976, 561.0], [73.853898, 16.791975, 560.0], [73.853615, 16.791973, 560.0], [73.853331, 16.791972, 560.0], [73.853047, 16.79197, 561.0], [73.852764, 16.791969, 559.0], [73.85248, 16.791967, 557.0], [73.852197, 16.791965, 557.0], [73.851913, 16.791964, 561.0], [73.85163, 16.791962, 562.0], [73.851348, 16.791687, 563.0], [73.851064, 16.791686, 561.0], [73.850782, 16.791411, 560.0], [73.850499, 16.79141, 561.0], [73.850215, 16.791408, 563.0], [73.849932, 16.791406, 562.0], [73.849648, 16.791405, 561.0], [73.849365, 16.791403, 562.0], [73.849081, 16.791402, 563.0], [73.848799, 16.791127, 563.0], [73.848517, 16.790852, 561.0], [73.848234, 16.790851, 560.0], [73.84795, 16.790849, 559.0], [73.847666, 16.790847, 560.0], [73.847385, 16.790573, 562.0], [73.847101, 16.790571, 564.0], [73.846817, 16.79057, 565.0], [73.846534, 16.790568, 565.0], [73.84625, 16.790566, 564.0], [73.845967, 16.790565, 563.0], [73.845683, 16.790563, 563.0], [73.8454, 16.790562, 564.0], [73.845116, 16.79056, 565.0], [73.844833, 16.790558, 565.0], [73.844551, 16.790284, 565.0], [73.844267, 16.790282, 565.0], [73.843982, 16.790554, 566.0], [73.843698, 16.790552, 566.0], [73.843415, 16.79055, 565.0], [73.843131, 16.790549, 564.0], [73.842848, 16.790547, 564.0], [73.842564, 16.790546, 564.0], [73.842281, 16.790544, 564.0], [73.841999, 16.790269, 563.0], [73.841717, 16.789995, 563.0], [73.841433, 16.789993, 563.0], [73.84115, 16.789991, 563.0], [73.840866, 16.78999, 564.0], [73.840584, 16.789715, 563.0], [73.840301, 16.789713, 563.0], [73.840017, 16.789712, 563.0], [73.839734, 16.78971, 562.0], [73.83945, 16.789709, 561.0], [73.839167, 16.789707, 562.0], [73.838883, 16.789706, 564.0], [73.838598, 16.789977, 566.0], [73.838313, 16.790249, 565.0], [73.838027, 16.79052, 565.0], [73.837742, 16.790792, 564.0], [73.837741, 16.791065, 563.0], [73.837455, 16.791336, 562.0], [73.837454, 16.791609, 561.0], [73.837452, 16.791883, 560.0], [73.83745, 16.792156, 560.0], [73.837449, 16.792429, 560.0], [73.837731, 16.792704, 564.0], [73.837729, 16.792977, 563.0], [73.837727, 16.79325, 562.0], [73.837442, 16.793521, 562.0], [73.837157, 16.793793, 564.0], [73.836872, 16.794065, 566.0], [73.836586, 16.794336, 565.0], [73.836301, 16.794608, 564.0], [73.836018, 16.794606, 564.0], [73.835734, 16.794604, 565.0], [73.83545, 16.794603, 565.0], [73.835169, 16.794328, 565.0], [73.834887, 16.794053, 564.0], [73.834605, 16.793779, 562.0], [73.834321, 16.793777, 562.0], [73.834039, 16.793502, 564.0], [73.833757, 16.793227, 563.0], [73.833474, 16.793226, 563.0], [73.833192, 16.792951, 564.0], [73.833194, 16.792678, 565.0], [73.832912, 16.792403, 565.0], [73.83263, 16.792128, 564.0], [73.832348, 16.791854, 564.0], [73.832064, 16.791852, 563.0], [73.831781, 16.791851, 563.0], [73.831497, 16.791849, 562.0], [73.831214, 16.791847, 563.0], [73.83093, 16.791846, 564.0], [73.830647, 16.791844, 564.0], [73.830363, 16.791842, 564.0], [73.830078, 16.792114, 566.0], [73.829794, 16.792112, 563.0], [73.829509, 16.792384, 564.0], [73.829226, 16.792382, 562.0], [73.828942, 16.792381, 562.0], [73.828657, 16.792652, 562.0], [73.828372, 16.792924, 563.0], [73.828086, 16.793195, 564.0], [73.827803, 16.793194, 563.0], [73.827518, 16.793465, 564.0], [73.827234, 16.793464, 561.0], [73.82695, 16.793462, 561.0], [73.826665, 16.793733, 563.0], [73.826382, 16.793732, 565.0], [73.826096, 16.794003, 564.0], [73.825813, 16.794002, 565.0], [73.825531, 16.793727, 566.0], [73.825247, 16.793725, 566.0], [73.824964, 16.793724, 567.0], [73.82468, 16.793722, 566.0], [73.824397, 16.793721, 564.0], [73.824113, 16.793719, 563.0], [73.823828, 16.79399, 565.0], [73.823544, 16.793989, 567.0], [73.823261, 16.793987, 567.0], [73.822977, 16.793986, 567.0], [73.822694, 16.793984, 567.0], [73.82241, 16.793982, 566.0], [73.822127, 16.793981, 565.0], [73.821841, 16.794252, 563.0], [73.821556, 16.794524, 563.0], [73.821271, 16.794795, 564.0], [73.820987, 16.794794, 564.0], [73.820702, 16.795065, 565.0], [73.820417, 16.795337, 566.0], [73.820133, 16.795335, 566.0], [73.81985, 16.795333, 566.0], [73.819566, 16.795332, 566.0], [73.819283, 16.79533, 565.0], [73.818999, 16.795329, 565.0], [73.818716, 16.795327, 565.0], [73.818434, 16.795052, 566.0], [73.81815, 16.79505, 565.0], [73.817867, 16.795049, 566.0], [73.817585, 16.794774, 567.0], [73.817301, 16.794772, 567.0], [73.817018, 16.794771, 567.0], [73.816736, 16.794496, 568.0], [73.816452, 16.794494, 567.0], [73.816169, 16.794493, 567.0], [73.815885, 16.794491, 566.0], [73.815603, 16.794216, 564.0], [73.81532, 16.794215, 565.0], [73.815036, 16.794213, 567.0], [73.814753, 16.794212, 568.0], [73.814467, 16.794483, 568.0], [73.814184, 16.794481, 567.0], [73.8139, 16.79448, 566.0], [73.813615, 16.794751, 566.0], [73.813331, 16.79475, 567.0], [73.813048, 16.794748, 568.0], [73.812763, 16.795019, 568.0], [73.812477, 16.795291, 568.0], [73.812192, 16.795562, 568.0], [73.811909, 16.795561, 568.0], [73.811625, 16.795559, 568.0], [73.811341, 16.795558, 568.0], [73.811058, 16.795556, 568.0], [73.810774, 16.795554, 567.0], [73.810491, 16.795553, 566.0], [73.810205, 16.795824, 568.0], [73.80992, 16.796096, 569.0], [73.809635, 16.796367, 567.0], [73.80935, 16.796639, 567.0], [73.809064, 16.79691, 568.0], [73.808779, 16.797182, 567.0], [73.808777, 16.797455, 567.0], [73.808492, 16.797726, 568.0], [73.808491, 16.797999, 567.0], [73.808489, 16.798273, 566.0], [73.808487, 16.798546, 567.0], [73.808485, 16.798819, 567.0], [73.808484, 16.799092, 567.0], [73.808482, 16.799365, 567.0], [73.808197, 16.799637, 565.0], [73.807911, 16.799908, 566.0], [73.807628, 16.799906, 568.0], [73.807343, 16.800178, 568.0], [73.807059, 16.800176, 568.0], [73.806774, 16.800448, 569.0], [73.806489, 16.800719, 566.0], [73.806203, 16.800991, 566.0], [73.80592, 16.800989, 566.0], [73.805634, 16.801261, 568.0], [73.805633, 16.801534, 567.0], [73.805631, 16.801807, 567.0], [73.805629, 16.80208, 569.0], [73.805346, 16.802078, 570.0], [73.80506, 16.80235, 571.0], [73.804775, 16.802621, 569.0], [73.80449, 16.802893, 568.0], [73.804488, 16.803166, 567.0], [73.804203, 16.803437, 566.0], [73.803919, 16.803436, 568.0], [73.803918, 16.803709, 567.0], [73.803632, 16.80398, 567.0], [73.803347, 16.804252, 569.0], [73.803064, 16.80425, 570.0], [73.802778, 16.804522, 571.0], [73.802777, 16.804795, 570.0], [73.802491, 16.805066, 569.0], [73.802206, 16.805338, 569.0], [73.801922, 16.805336, 570.0], [73.801637, 16.805608, 570.0], [73.801352, 16.805879, 570.0], [73.801068, 16.805878, 570.0], [73.800783, 16.806149, 570.0], [73.800781, 16.806422, 568.0], [73.800496, 16.806694, 567.0], [73.800211, 16.806965, 569.0], [73.800209, 16.807238, 570.0], [73.800207, 16.807511, 570.0], [73.800206, 16.807784, 570.0], [73.800204, 16.808058, 570.0], [73.800202, 16.808331, 570.0], [73.799917, 16.808602, 569.0], [73.799915, 16.808875, 570.0], [73.799913, 16.809149, 571.0], [73.800195, 16.809423, 572.0], [73.800477, 16.809698, 572.0], [73.800759, 16.809973, 572.0], [73.800757, 16.810246, 571.0], [73.801039, 16.810521, 570.0], [73.801037, 16.810794, 571.0], [73.800752, 16.811065, 572.0], [73.80075, 16.811339, 572.0], [73.800749, 16.811612, 572.0], [73.800747, 16.811885, 572.0], [73.800462, 16.812156, 572.0], [73.800176, 16.812428, 571.0], [73.799891, 16.812699, 570.0], [73.799889, 16.812972, 570.0], [73.799604, 16.813244, 571.0], [73.799319, 16.813515, 573.0], [73.799317, 16.813789, 573.0], [73.799032, 16.81406, 573.0], [73.79903, 16.814333, 572.0], [73.799028, 16.814606, 572.0], [73.799027, 16.814879, 573.0], [73.799025, 16.815153, 573.0], [73.799023, 16.815426, 573.0], [73.799305, 16.8157, 572.0], [73.799303, 16.815974, 571.0], [73.799301, 16.816247, 571.0], [73.7993, 16.81652, 572.0], [73.799298, 16.816793, 572.0], [73.799296, 16.817066, 572.0], [73.799295, 16.817339, 572.0], [73.799576, 16.817614, 572.0], [73.79986, 16.817616, 571.0], [73.800142, 16.81789, 570.0], [73.80014, 16.818164, 569.0], [73.800139, 16.818437, 569.0], [73.80042, 16.818712, 570.0], [73.800419, 16.818985, 570.0], [73.800701, 16.819259, 570.0], [73.800984, 16.819261, 571.0], [73.801266, 16.819536, 571.0], [73.80155, 16.819538, 571.0], [73.801831, 16.819812, 572.0], [73.802113, 16.820087, 572.0], [73.802395, 16.820362, 573.0], [73.802679, 16.820364, 573.0], [73.802962, 16.820365, 573.0], [73.803244, 16.82064, 573.0], [73.803526, 16.820915, 573.0], [73.803524, 16.821188, 572.0], [73.803523, 16.821461, 572.0], [73.803521, 16.821734, 573.0], [73.803519, 16.822007, 573.0], [73.803518, 16.82228, 572.0], [73.803516, 16.822554, 573.0], [73.803514, 16.822827, 574.0], [73.803229, 16.823098, 575.0], [73.803227, 16.823371, 575.0], [73.803225, 16.823645, 574.0], [73.803224, 16.823918, 574.0], [73.80294, 16.823916, 574.0], [73.802655, 16.824187, 574.0], [73.802653, 16.824461, 573.0], [73.802651, 16.824734, 572.0], [73.80265, 16.825007, 572.0], [73.802648, 16.82528, 573.0], [73.802646, 16.825553, 573.0], [73.802361, 16.825825, 573.0], [73.802076, 16.826096, 574.0], [73.801792, 16.826094, 574.0], [73.80179, 16.826368, 573.0], [73.801505, 16.826639, 573.0], [73.801503, 16.826912, 573.0], [73.801502, 16.827185, 573.0], [73.801216, 16.827457, 572.0], [73.800931, 16.827728, 574.0], [73.800646, 16.828, 575.0], [73.80036, 16.828271, 575.0], [73.800358, 16.828544, 575.0], [73.800073, 16.828816, 575.0], [73.800071, 16.829089, 575.0], [73.800355, 16.829091, 575.0], [73.800637, 16.829365, 575.0], [73.800635, 16.829639, 575.0], [73.800634, 16.829912, 575.0], [73.800632, 16.830185, 574.0], [73.80063, 16.830458, 573.0], [73.800628, 16.830731, 574.0], [73.800627, 16.831004, 575.0], [73.800625, 16.831277, 575.0], [73.800907, 16.831552, 575.0], [73.801189, 16.831827, 576.0], [73.801187, 16.8321, 576.0], [73.801185, 16.832373, 577.0], [73.801467, 16.832648, 578.0], [73.801749, 16.832923, 579.0], [73.801747, 16.833196, 578.0], [73.802029, 16.833471, 577.0], [73.802311, 16.833746, 576.0], [73.802595, 16.833747, 577.0], [73.802877, 16.834022, 577.0], [73.803159, 16.834297, 578.0], [73.80344, 16.834572, 578.0], [73.803722, 16.834846, 577.0], [73.804006, 16.834848, 577.0], [73.804288, 16.835123, 576.0], [73.804286, 16.835396, 576.0], [73.80457, 16.835398, 576.0], [73.804852, 16.835672, 577.0], [73.805134, 16.835947, 576.0], [73.805415, 16.836222, 577.0], [73.805414, 16.836495, 578.0], [73.805696, 16.83677, 578.0], [73.805694, 16.837043, 577.0], [73.805692, 16.837316, 577.0], [73.80569, 16.837589, 578.0], [73.805972, 16.837864, 577.0], [73.806254, 16.838139, 577.0], [73.806253, 16.838412, 578.0], [73.806251, 16.838685, 578.0], [73.806249, 16.838958, 578.0], [73.806247, 16.839231, 578.0], [73.806246, 16.839505, 578.0], [73.806528, 16.839779, 578.0], [73.806526, 16.840052, 578.0], [73.806524, 16.840326, 579.0], [73.806241, 16.840324, 580.0], [73.805955, 16.840595, 580.0], [73.805954, 16.840869, 580.0], [73.805668, 16.84114, 580.0], [73.805383, 16.841412, 577.0], [73.805098, 16.841683, 579.0], [73.804812, 16.841954, 580.0], [73.804527, 16.842226, 579.0], [73.804525, 16.842499, 580.0], [73.80424, 16.842771, 579.0], [73.804238, 16.843044, 581.0], [73.803953, 16.843315, 581.0], [73.803951, 16.843588, 581.0], [73.803666, 16.84386, 581.0], [73.80338, 16.844131, 580.0], [73.803095, 16.844403, 578.0], [73.802811, 16.844401, 581.0], [73.802528, 16.844399, 582.0], [73.802244, 16.844398, 582.0], [73.80196, 16.844396, 583.0], [73.801677, 16.844394, 582.0], [73.801392, 16.844666, 583.0], [73.801108, 16.844664, 583.0], [73.800824, 16.844663, 583.0], [73.800539, 16.844934, 583.0], [73.800254, 16.845206, 583.0], [73.800535, 16.84548, 583.0], [73.800534, 16.845754, 582.0], [73.800532, 16.846027, 582.0], [73.800816, 16.846028, 582.0], [73.801098, 16.846303, 583.0], [73.801379, 16.846578, 582.0], [73.801378, 16.846851, 582.0], [73.80166, 16.847126, 584.0], [73.801658, 16.847399, 583.0], [73.801656, 16.847672, 583.0], [73.801655, 16.847945, 584.0], [73.801936, 16.84822, 585.0], [73.801935, 16.848493, 585.0], [73.801933, 16.848766, 585.0], [73.801931, 16.849039, 585.0], [73.80193, 16.849313, 585.0], [73.801928, 16.849586, 584.0], [73.801644, 16.849584, 585.0], [73.801359, 16.849856, 585.0], [73.801073, 16.850127, 584.0], [73.800788, 16.850398, 583.0], [73.800503, 16.85067, 583.0], [73.800219, 16.850668, 584.0], [73.799934, 16.85094, 585.0], [73.799932, 16.851213, 586.0], [73.79993, 16.851486, 585.0], [73.799645, 16.851758, 583.0], [73.79936, 16.852029, 585.0], [73.799074, 16.8523, 586.0], [73.798789, 16.852572, 585.0], [73.798504, 16.852843, 585.0], [73.798218, 16.853115, 584.0], [73.797933, 16.853386, 585.0], [73.797931, 16.853659, 586.0], [73.797646, 16.853931, 586.0], [73.79736, 16.854202, 586.0], [73.797075, 16.854474, 585.0], [73.79679, 16.854745, 586.0], [73.796504, 16.855017, 586.0], [73.796786, 16.855292, 587.0], [73.796784, 16.855565, 588.0], [73.796499, 16.855836, 588.0], [73.796214, 16.856108, 586.0], [73.796212, 16.856381, 585.0], [73.795928, 16.856379, 586.0], [73.795645, 16.856378, 588.0], [73.795361, 16.856376, 593.0], [73.795077, 16.856374, 600.0], [73.794794, 16.856373, 608.0], [73.794508, 16.856644, 617.0], [73.794223, 16.856915, 620.0], [73.793938, 16.857187, 619.0], [73.793652, 16.857458, 619.0], [73.793369, 16.857457, 619.0], [73.793085, 16.857455, 619.0], [73.7928, 16.857727, 619.0], [73.792514, 16.857998, 619.0], [73.792229, 16.858269, 619.0], [73.791943, 16.858541, 619.0], [73.792225, 16.858816, 619.0], [73.79194, 16.859087, 619.0], [73.791655, 16.859359, 619.0], [73.791369, 16.85963, 619.0], [73.791367, 16.859903, 619.0], [73.791366, 16.860176, 619.0], [73.791364, 16.86045, 619.0], [73.791079, 16.860721, 619.0], [73.790793, 16.860992, 619.0], [73.790508, 16.861264, 619.0], [73.790222, 16.861535, 619.0], [73.789937, 16.861807, 619.0], [73.789652, 16.862078, 619.0], [73.78965, 16.862351, 619.0], [73.789648, 16.862625, 619.0], [73.789363, 16.862896, 619.0], [73.789361, 16.863169, 619.0], [73.789359, 16.863442, 619.0], [73.789358, 16.863715, 619.0], [73.789356, 16.863989, 619.0], [73.789354, 16.864262, 619.0], [73.789352, 16.864535, 619.0], [73.789634, 16.86481, 619.0], [73.789632, 16.865083, 619.0], [73.789631, 16.865356, 619.0], [73.789629, 16.865629, 619.0], [73.789627, 16.865902, 619.0], [73.789626, 16.866175, 619.0], [73.789624, 16.866448, 619.0], [73.789622, 16.866722, 619.0], [73.789337, 16.866993, 619.0], [73.789335, 16.867266, 619.0], [73.78905, 16.867538, 619.0], [73.789048, 16.867811, 619.0], [73.789046, 16.868084, 619.0], [73.789044, 16.868357, 619.0], [73.788759, 16.868628, 619.0], [73.788473, 16.8689, 619.0], [73.788188, 16.869171, 619.0], [73.787903, 16.869443, 619.0], [73.787617, 16.869714, 619.0], [73.787332, 16.869986, 619.0], [73.787046, 16.870257, 619.0], [73.786761, 16.870529, 619.0], [73.786477, 16.870527, 619.0], [73.786192, 16.870798, 619.0], [73.785907, 16.87107, 619.0], [73.785621, 16.871341, 619.0], [73.785336, 16.871613, 619.0], [73.785052, 16.871611, 619.0], [73.784768, 16.871609, 619.0], [73.784483, 16.871881, 619.0], [73.784199, 16.871879, 619.0], [73.783914, 16.872151, 619.0], [73.783628, 16.872422, 619.0], [73.783343, 16.872693, 619.0], [73.783058, 16.872965, 619.0], [73.782772, 16.873236, 619.0], [73.78277, 16.87351, 619.0], [73.782769, 16.873783, 619.0], [73.782483, 16.874054, 619.0], [73.782482, 16.874327, 619.0], [73.782196, 16.874599, 619.0], [73.782194, 16.874872, 619.0], [73.781909, 16.875143, 619.0], [73.781624, 16.875415, 619.0], [73.781622, 16.875688, 619.0], [73.78162, 16.875961, 619.0], [73.781618, 16.876234, 619.0], [73.781333, 16.876506, 619.0], [73.781047, 16.876777, 619.0], [73.780762, 16.877048, 619.0], [73.780477, 16.87732, 619.0], [73.780191, 16.877591, 619.0], [73.779906, 16.877863, 619.0], [73.779622, 16.877861, 619.0], [73.779337, 16.878133, 619.0], [73.779053, 16.878131, 619.0], [73.778768, 16.878402, 619.0], [73.778482, 16.878674, 619.0], [73.778197, 16.878945, 619.0], [73.777913, 16.878943, 619.0], [73.777628, 16.879215, 619.0], [73.777344, 16.879213, 619.0], [73.777058, 16.879485, 619.0], [73.776775, 16.879483, 619.0], [73.776489, 16.879754, 619.0], [73.776488, 16.880028, 619.0], [73.776202, 16.880299, 619.0], [73.775917, 16.88057, 619.0], [73.775631, 16.880842, 619.0], [73.775346, 16.881113, 619.0], [73.77506, 16.881385, 619.0], [73.774775, 16.881656, 619.0], [73.774489, 16.881928, 619.0], [73.774488, 16.882201, 619.0], [73.774486, 16.882474, 619.0], [73.77477, 16.882476, 619.0], [73.775052, 16.88275, 619.0], [73.775333, 16.883025, 619.0], [73.775615, 16.8833, 619.0], [73.775897, 16.883575, 619.0], [73.776179, 16.88385, 619.0], [73.776461, 16.884124, 619.0], [73.776743, 16.884399, 619.0], [73.777025, 16.884674, 619.0], [73.777307, 16.884949, 619.0], [73.777589, 16.885224, 619.0], [73.777871, 16.885499, 619.0], [73.778153, 16.885773, 619.0], [73.778435, 16.886048, 619.0], [73.778718, 16.88605, 619.0], [73.779, 16.886325, 619.0], [73.779282, 16.8866, 619.0], [73.779566, 16.886601, 619.0], [73.779848, 16.886876, 619.0], [73.780132, 16.886878, 619.0], [73.780413, 16.887153, 619.0], [73.780697, 16.887154, 619.0], [73.780981, 16.887156, 619.0], [73.781265, 16.887158, 619.0], [73.781548, 16.887159, 619.0], [73.781832, 16.887161, 619.0], [73.782116, 16.887163, 619.0], [73.782398, 16.887438, 619.0], [73.782679, 16.887712, 619.0], [73.782961, 16.887987, 619.0], [73.783243, 16.888262, 619.0], [73.783527, 16.888264, 619.0], [73.783809, 16.888538, 619.0], [73.784091, 16.888813, 619.0], [73.784373, 16.889088, 619.0], [73.784655, 16.889363, 619.0], [73.784937, 16.889638, 619.0], [73.785219, 16.889913, 620.0], [73.785501, 16.890187, 620.0], [73.785784, 16.890189, 619.0], [73.786066, 16.890464, 620.0], [73.786348, 16.890739, 619.0], [73.78663, 16.891014, 620.0], [73.786912, 16.891288, 622.0], [73.787194, 16.891563, 623.0], [73.787476, 16.891838, 621.0], [73.787474, 16.892111, 620.0], [73.787756, 16.892386, 621.0], [73.78804, 16.892388, 622.0], [73.788322, 16.892662, 621.0], [73.788606, 16.892664, 621.0], [73.788889, 16.892666, 621.0], [73.789171, 16.892941, 621.0], [73.789455, 16.892942, 622.0], [73.789737, 16.893217, 622.0], [73.790021, 16.893219, 623.0], [73.790306, 16.892947, 623.0], [73.79059, 16.892949, 623.0], [73.790873, 16.892951, 624.0], [73.791155, 16.893225, 625.0], [73.791437, 16.8935, 626.0], [73.791721, 16.893502, 625.0], [73.792005, 16.893504, 625.0], [73.792288, 16.893505, 627.0], [73.792574, 16.893234, 627.0], [73.792858, 16.893235, 628.0], [73.793143, 16.892964, 631.0], [73.793425, 16.893239, 632.0], [73.793707, 16.893514, 631.0], [73.793989, 16.893788, 631.0], [73.794273, 16.89379, 632.0], [73.794556, 16.893792, 633.0], [73.79484, 16.893793, 633.0], [73.795124, 16.893795, 634.0], [73.795407, 16.893797, 634.0], [73.795691, 16.893798, 634.0], [73.795973, 16.894073, 635.0], [73.796255, 16.894348, 636.0], [73.796537, 16.894623, 637.0], [73.796819, 16.894898, 637.0], [73.797103, 16.894899, 637.0], [73.797386, 16.894901, 639.0], [73.797668, 16.895176, 643.0], [73.79795, 16.895451, 645.0], [73.798232, 16.895725, 646.0], [73.798514, 16.896, 647.0], [73.798796, 16.896275, 647.0], [73.79908, 16.896277, 647.0], [73.799362, 16.896551, 649.0], [73.799646, 16.896553, 650.0], [73.799928, 16.896828, 654.0], [73.800211, 16.89683, 654.0], [73.800493, 16.897104, 655.0], [73.800775, 16.897379, 655.0], [73.801059, 16.897381, 654.0], [73.801341, 16.897656, 653.0], [73.801625, 16.897657, 651.0], [73.801623, 16.89793, 656.0], [73.801905, 16.898205, 667.0], [73.802187, 16.89848, 671.0], [73.802185, 16.898753, 670.0], [73.802469, 16.898755, 672.0], [73.802467, 16.899028, 675.0], [73.802749, 16.899303, 678.0], [73.803031, 16.899577, 682.0], [73.803029, 16.899851, 686.0], [73.803028, 16.900124, 692.0], [73.803026, 16.900397, 699.0], [73.802741, 16.900668, 706.0], [73.802739, 16.900941, 711.0], [73.802737, 16.901215, 717.0], [73.802735, 16.901488, 726.0], [73.802734, 16.901761, 735.0], [73.802732, 16.902034, 745.0], [73.80273, 16.902307, 752.0], [73.802729, 16.90258, 758.0], [73.802727, 16.902853, 761.0], [73.802725, 16.903127, 766.0], [73.803007, 16.903401, 772.0], [73.803005, 16.903674, 774.0], [73.803004, 16.903948, 775.0], [73.803002, 16.904221, 778.0], [73.803, 16.904494, 784.0], [73.803282, 16.904769, 785.0], [73.80328, 16.905042, 788.0], [73.803279, 16.905315, 792.0], [73.803561, 16.90559, 799.0], [73.803843, 16.905865, 808.0], [73.803841, 16.906138, 814.0], [73.803839, 16.906411, 819.0], [73.803838, 16.906684, 826.0], [73.803552, 16.906955, 832.0], [73.80355, 16.907229, 834.0], [73.803832, 16.907503, 836.0], [73.803831, 16.907776, 838.0], [73.803829, 16.90805, 841.0], [73.803827, 16.908323, 844.0], [73.803825, 16.908596, 846.0], [73.803824, 16.908869, 847.0], [73.803822, 16.909142, 849.0], [73.80382, 16.909415, 850.0], [73.803819, 16.909688, 850.0], [73.803817, 16.909961, 851.0], [73.803815, 16.910235, 854.0], [73.80353, 16.910506, 858.0], [73.803244, 16.910778, 860.0], [73.803243, 16.911051, 860.0], [73.803241, 16.911324, 860.0], [73.802955, 16.911595, 862.0], [73.802954, 16.911868, 864.0], [73.802952, 16.912142, 867.0], [73.80295, 16.912415, 873.0], [73.802948, 16.912688, 880.0], [73.802947, 16.912961, 886.0], [73.803229, 16.913236, 890.0], [73.803227, 16.913509, 891.0], [73.803225, 16.913782, 892.0], [73.803224, 16.914055, 895.0], [73.803222, 16.914328, 899.0], [73.80322, 16.914601, 903.0], [73.803502, 16.914876, 905.0], [73.803217, 16.915148, 908.0], [73.803215, 16.915421, 910.0], [73.803213, 16.915694, 912.0], [73.803495, 16.915969, 913.0], [73.803493, 16.916242, 916.0], [73.803492, 16.916515, 922.0], [73.80349, 16.916788, 928.0], [73.803488, 16.917061, 933.0], [73.803487, 16.917334, 939.0], [73.803769, 16.917609, 949.0], [73.803767, 16.917882, 960.0], [73.803765, 16.918155, 975.0], [73.803763, 16.918429, 986.0], [73.804045, 16.918703, 997.0], [73.804044, 16.918977, 1005.0], [73.804042, 16.91925, 1011.0], [73.804324, 16.919524, 1018.0], [73.804606, 16.919799, 1017.0], [73.804604, 16.920072, 1016.0], [73.804603, 16.920346, 1018.0], [73.804319, 16.920344, 1021.0], [73.804033, 16.920615, 1025.0], [73.803748, 16.920887, 1028.0]]]}}, {"type": "Feature", "properties": {"subbasin": "S7", "name": null, "reach_len": null, "reach_rel": null, "reach_sin": null, "reach_slo": null, "len_units": null, "layer": "longest_flowpath_network", "path": "E:\\Manasi_intern\\HMS_Shp\\longest_flowpath_network.shp"}, "geometry": {"type": "MultiLineString", "coordinates": [[[74.035177, 16.692243, 548.5], [74.035036, 16.692106, 549.0], [74.034754, 16.691831, 549.0], [74.034472, 16.691557, 548.0], [74.03419, 16.691282, 547.0], [74.033908, 16.691008, 549.0], [74.033909, 16.690735, 549.0], [74.034194, 16.690463, 549.0], [74.034196, 16.69019, 549.0], [74.034197, 16.689917, 549.0], [74.034482, 16.689645, 550.0], [74.034766, 16.689373, 550.0], [74.035051, 16.689101, 550.0], [74.035336, 16.688829, 550.0], [74.035621, 16.688557, 550.0], [74.035906, 16.688286, 549.0], [74.03619, 16.688014, 546.0], [74.036475, 16.687742, 545.0], [74.036477, 16.687469, 546.0], [74.036478, 16.687196, 547.0], [74.036479, 16.686922, 547.0], [74.036481, 16.686649, 547.0], [74.036765, 16.686377, 549.0], [74.03705, 16.686106, 549.0], [74.037335, 16.685834, 548.0], [74.037336, 16.685561, 549.0], [74.037054, 16.685286, 550.0], [74.037056, 16.685013, 550.0], [74.036774, 16.684738, 550.0], [74.036775, 16.684465, 548.0], [74.03706, 16.684193, 549.0], [74.037061, 16.68392, 549.0], [74.036778, 16.683919, 550.0], [74.036496, 16.683644, 549.0], [74.036214, 16.68337, 550.0], [74.035932, 16.683096, 550.0], [74.03565, 16.682821, 547.0], [74.035368, 16.682547, 549.0], [74.035086, 16.682272, 550.0], [74.034803, 16.681998, 550.0], [74.034521, 16.681723, 549.0], [74.034239, 16.681449, 547.0], [74.033956, 16.681447, 548.0], [74.033674, 16.681173, 550.0], [74.033675, 16.6809, 550.0], [74.033393, 16.680625, 550.0], [74.033111, 16.680351, 550.0], [74.032829, 16.680076, 550.0], [74.032547, 16.679802, 550.0], [74.032549, 16.679529, 550.0], [74.032267, 16.679254, 549.0], [74.031983, 16.679253, 550.0], [74.031701, 16.678978, 548.0], [74.031419, 16.678704, 547.0], [74.03142, 16.678431, 547.0], [74.031422, 16.678157, 548.0], [74.031423, 16.677884, 548.0], [74.031425, 16.677611, 549.0], [74.031426, 16.677338, 549.0], [74.031427, 16.677065, 548.0], [74.031429, 16.676792, 548.0], [74.03143, 16.676519, 548.0], [74.031431, 16.676245, 548.0], [74.031716, 16.675974, 548.0], [74.032001, 16.675702, 548.0], [74.032286, 16.67543, 548.0], [74.032571, 16.675158, 546.0], [74.032572, 16.674885, 548.0], [74.032573, 16.674612, 550.0], [74.032575, 16.674339, 550.0], [74.032293, 16.674064, 550.0], [74.032011, 16.67379, 549.0], [74.031729, 16.673515, 548.0], [74.031445, 16.673514, 548.0], [74.03116, 16.673786, 548.0], [74.030877, 16.673784, 549.0], [74.030594, 16.673783, 549.0], [74.030309, 16.674055, 549.0], [74.030024, 16.674327, 548.0], [74.029741, 16.674325, 548.0], [74.029457, 16.674324, 548.0], [74.029175, 16.674049, 549.0], [74.028893, 16.673775, 550.0], [74.02861, 16.673774, 550.0], [74.028328, 16.673499, 549.0], [74.028046, 16.673225, 548.0], [74.028047, 16.672952, 548.0], [74.028049, 16.672678, 548.0], [74.02805, 16.672405, 547.0], [74.027768, 16.672131, 547.0], [74.027486, 16.671856, 549.0], [74.027487, 16.671583, 549.0], [74.027205, 16.671309, 550.0], [74.027207, 16.671035, 550.0], [74.026923, 16.671034, 550.0], [74.026641, 16.67076, 550.0], [74.026359, 16.670485, 550.0], [74.026077, 16.670211, 550.0], [74.025795, 16.669936, 548.0], [74.025512, 16.669935, 549.0], [74.025513, 16.669662, 548.0], [74.025231, 16.669387, 549.0], [74.024949, 16.669113, 550.0], [74.024667, 16.668838, 550.0], [74.024385, 16.668564, 550.0], [74.024387, 16.668291, 550.0], [74.024388, 16.668017, 550.0], [74.024389, 16.667744, 549.0], [74.024107, 16.66747, 549.0], [74.023825, 16.667195, 550.0], [74.023543, 16.666921, 548.0], [74.023261, 16.666646, 550.0], [74.022979, 16.666372, 550.0], [74.022697, 16.666097, 550.0], [74.022415, 16.665823, 551.0], [74.022133, 16.665548, 550.0], [74.021851, 16.665274, 549.0], [74.021569, 16.664999, 549.0], [74.021287, 16.664725, 551.0], [74.021005, 16.66445, 551.0], [74.020723, 16.664176, 551.0], [74.020441, 16.663901, 551.0], [74.020159, 16.663627, 549.0], [74.019876, 16.663625, 549.0], [74.019593, 16.663624, 550.0], [74.019309, 16.663623, 550.0], [74.019026, 16.663621, 550.0], [74.018743, 16.66362, 550.0], [74.018461, 16.663346, 551.0], [74.018177, 16.663344, 551.0], [74.017895, 16.66307, 551.0], [74.017612, 16.663068, 548.0], [74.017328, 16.663067, 547.0], [74.017044, 16.663339, 548.0], [74.016762, 16.663064, 549.0], [74.01648, 16.66279, 551.0], [74.016198, 16.662515, 550.0], [74.016199, 16.662242, 550.0], [74.0162, 16.661969, 551.0], [74.016202, 16.661696, 551.0], [74.016487, 16.661424, 551.0], [74.016771, 16.661152, 551.0], [74.017056, 16.66088, 550.0], [74.017341, 16.660609, 550.0], [74.017342, 16.660335, 551.0], [74.01706, 16.660061, 551.0], [74.016778, 16.659786, 551.0], [74.016496, 16.659512, 550.0], [74.016214, 16.659237, 551.0], [74.015932, 16.658963, 551.0], [74.01565, 16.658688, 551.0], [74.015367, 16.658687, 552.0], [74.015084, 16.658686, 553.0], [74.014802, 16.658411, 553.0], [74.014518, 16.65841, 552.0], [74.014236, 16.658135, 553.0], [74.013953, 16.658134, 553.0], [74.013671, 16.65786, 552.0], [74.013389, 16.657585, 552.0], [74.01339, 16.657312, 552.0], [74.013109, 16.657037, 551.0], [74.01311, 16.656764, 549.0], [74.013111, 16.656491, 551.0], [74.012829, 16.656217, 551.0], [74.012547, 16.655942, 550.0], [74.012549, 16.655669, 550.0], [74.01255, 16.655396, 551.0], [74.012552, 16.655123, 551.0], [74.012553, 16.654849, 550.0], [74.012554, 16.654576, 549.0], [74.012839, 16.654304, 548.0], [74.012841, 16.654031, 550.0], [74.012842, 16.653758, 552.0], [74.012843, 16.653485, 552.0], [74.012845, 16.653212, 551.0], [74.013129, 16.65294, 551.0], [74.013131, 16.652667, 551.0], [74.013132, 16.652394, 551.0], [74.013134, 16.65212, 551.0], [74.013135, 16.651847, 552.0], [74.012853, 16.651573, 551.0], [74.01257, 16.651571, 551.0], [74.012288, 16.651297, 551.0], [74.012006, 16.651022, 551.0], [74.011724, 16.650748, 550.0], [74.011441, 16.650747, 551.0], [74.011159, 16.650472, 551.0], [74.01116, 16.650199, 550.0], [74.010877, 16.650198, 551.0], [74.010595, 16.649923, 552.0], [74.010313, 16.649649, 553.0], [74.010031, 16.649374, 553.0], [74.009749, 16.6491, 553.0], [74.009465, 16.649098, 553.0], [74.009182, 16.649097, 553.0], [74.0089, 16.648822, 553.0], [74.008618, 16.648548, 553.0], [74.008336, 16.648273, 552.0], [74.008053, 16.648272, 550.0], [74.008054, 16.647999, 551.0], [74.008056, 16.647726, 552.0], [74.00834, 16.647454, 553.0], [74.008342, 16.647181, 553.0], [74.00806, 16.646906, 554.0], [74.007778, 16.646632, 552.0], [74.007496, 16.646357, 554.0], [74.007214, 16.646083, 552.0], [74.007215, 16.645809, 552.0], [74.007217, 16.645536, 552.0], [74.007218, 16.645263, 553.0], [74.00722, 16.64499, 552.0], [74.007221, 16.644717, 551.0], [74.007222, 16.644444, 551.0], [74.006941, 16.644169, 551.0], [74.006657, 16.644168, 550.0], [74.006375, 16.643893, 552.0], [74.006093, 16.643619, 552.0], [74.005811, 16.643344, 552.0], [74.005529, 16.64307, 551.0], [74.005247, 16.642795, 551.0], [74.004966, 16.642521, 552.0], [74.004967, 16.642248, 552.0], [74.004968, 16.641974, 551.0], [74.00497, 16.641701, 550.0], [74.004971, 16.641428, 550.0], [74.004689, 16.641154, 552.0], [74.004407, 16.640879, 553.0], [74.004125, 16.640604, 553.0], [74.003843, 16.64033, 551.0], [74.003561, 16.640055, 550.0], [74.003563, 16.639782, 551.0], [74.003564, 16.639509, 552.0], [74.003566, 16.639236, 552.0], [74.00385, 16.638964, 553.0], [74.004135, 16.638692, 552.0], [74.004137, 16.638419, 552.0], [74.004138, 16.638146, 553.0], [74.003856, 16.637872, 551.0], [74.003858, 16.637598, 552.0], [74.003576, 16.637324, 552.0], [74.003577, 16.637051, 552.0], [74.003578, 16.636778, 552.0], [74.00358, 16.636504, 553.0], [74.003298, 16.63623, 554.0], [74.003016, 16.635955, 554.0], [74.003017, 16.635682, 553.0], [74.003019, 16.635409, 553.0], [74.002737, 16.635135, 553.0], [74.002455, 16.63486, 554.0], [74.002173, 16.634585, 554.0], [74.001891, 16.634311, 554.0], [74.001893, 16.634038, 552.0], [74.002177, 16.633766, 553.0], [74.002179, 16.633493, 554.0], [74.002463, 16.633221, 555.0], [74.002748, 16.632949, 554.0], [74.002466, 16.632675, 553.0], [74.002184, 16.6324, 554.0], [74.001902, 16.632126, 554.0], [74.001904, 16.631853, 554.0], [74.001622, 16.631578, 554.0], [74.00134, 16.631303, 554.0], [74.001058, 16.631029, 555.0], [74.000776, 16.630754, 555.0], [74.000778, 16.630481, 555.0], [74.001062, 16.630209, 555.0], [74.001064, 16.629936, 554.0], [74.001065, 16.629663, 554.0], [74.000783, 16.629389, 555.0], [74.000501, 16.629114, 555.0], [74.000219, 16.62884, 554.0], [73.999937, 16.628565, 553.0], [73.999656, 16.628291, 554.0], [73.999374, 16.628016, 555.0], [73.99909, 16.628015, 555.0], [73.998807, 16.628013, 555.0], [73.998525, 16.627739, 556.0], [73.998243, 16.627464, 556.0], [73.998245, 16.627191, 555.0], [73.997963, 16.626917, 556.0], [73.997681, 16.626642, 556.0], [73.997399, 16.626368, 555.0], [73.997684, 16.626096, 556.0], [73.997968, 16.625824, 556.0], [73.99797, 16.625551, 555.0], [73.998255, 16.625279, 554.0], [73.998539, 16.625007, 554.0], [73.998824, 16.624735, 553.0], [73.998542, 16.624461, 554.0], [73.99826, 16.624186, 555.0], [73.997978, 16.623912, 555.0], [73.997695, 16.62391, 556.0], [73.997413, 16.623636, 556.0], [73.997131, 16.623361, 556.0], [73.996849, 16.623087, 555.0], [73.996567, 16.622812, 556.0], [73.996285, 16.622538, 554.0], [73.996287, 16.622265, 553.0], [73.996288, 16.621992, 554.0], [73.99629, 16.621718, 554.0], [73.996291, 16.621445, 554.0], [73.996009, 16.621171, 554.0], [73.995727, 16.620896, 554.0], [73.995729, 16.620623, 554.0], [73.99573, 16.62035, 554.0], [73.995732, 16.620077, 554.0], [73.995733, 16.619804, 554.0], [73.995734, 16.61953, 553.0], [73.995736, 16.619257, 553.0], [73.995737, 16.618984, 554.0], [73.995739, 16.618711, 554.0], [73.99574, 16.618438, 554.0], [73.995742, 16.618165, 554.0], [73.99546, 16.61789, 555.0], [73.995178, 16.617615, 556.0], [73.995179, 16.617342, 556.0], [73.995181, 16.617069, 556.0], [73.995182, 16.616796, 555.0], [73.9949, 16.616521, 554.0], [73.994618, 16.616247, 554.0], [73.99462, 16.615974, 554.0], [73.994621, 16.615701, 555.0], [73.994623, 16.615427, 555.0], [73.994341, 16.615153, 555.0], [73.994059, 16.614878, 556.0], [73.99406, 16.614605, 556.0], [73.993778, 16.614331, 556.0], [73.993496, 16.614056, 556.0], [73.993215, 16.613782, 555.0], [73.992931, 16.61378, 555.0], [73.992648, 16.613779, 554.0], [73.992366, 16.613504, 553.0], [73.992084, 16.61323, 553.0], [73.991801, 16.613228, 554.0], [73.991518, 16.613227, 554.0], [73.991234, 16.613226, 554.0], [73.99095, 16.613498, 556.0], [73.990666, 16.613496, 557.0], [73.990381, 16.613768, 558.0], [73.990098, 16.613767, 557.0], [73.989815, 16.613765, 557.0], [73.989533, 16.613491, 556.0], [73.98925, 16.613489, 556.0], [73.988968, 16.613215, 556.0], [73.988685, 16.613213, 556.0], [73.988403, 16.612939, 557.0], [73.988121, 16.612664, 558.0], [73.987839, 16.61239, 557.0], [73.987557, 16.612115, 556.0], [73.987558, 16.611842, 556.0], [73.98756, 16.611569, 555.0], [73.987561, 16.611296, 554.0], [73.987563, 16.611023, 553.0], [73.987564, 16.610749, 554.0], [73.987566, 16.610476, 555.0], [73.98785, 16.610204, 556.0], [73.987852, 16.609931, 556.0], [73.988137, 16.60966, 555.0], [73.988138, 16.609386, 554.0], [73.987856, 16.609112, 555.0], [73.987574, 16.608837, 555.0], [73.987576, 16.608564, 554.0], [73.987294, 16.60829, 556.0], [73.987295, 16.608016, 556.0], [73.98758, 16.607745, 556.0], [73.987581, 16.607472, 554.0], [73.987583, 16.607198, 554.0], [73.987584, 16.606925, 554.0], [73.987586, 16.606652, 553.0], [73.987587, 16.606379, 554.0], [73.987589, 16.606106, 557.0], [73.98759, 16.605833, 558.0], [73.987591, 16.605559, 556.0], [73.987593, 16.605286, 555.0], [73.987594, 16.605013, 555.0], [73.987596, 16.60474, 554.0], [73.987597, 16.604467, 554.0], [73.987599, 16.604194, 555.0], [73.987883, 16.603922, 555.0], [73.987885, 16.603649, 555.0], [73.987603, 16.603374, 557.0], [73.987604, 16.603101, 558.0], [73.987606, 16.602828, 558.0], [73.987607, 16.602555, 557.0], [73.987609, 16.602282, 557.0], [73.98761, 16.602008, 558.0], [73.987611, 16.601735, 556.0], [73.98733, 16.601461, 555.0], [73.987046, 16.601459, 556.0], [73.986764, 16.601185, 557.0], [73.986483, 16.60091, 557.0], [73.986201, 16.600636, 556.0], [73.985919, 16.600361, 555.0], [73.985637, 16.600087, 555.0], [73.985354, 16.600085, 555.0], [73.985072, 16.599811, 555.0], [73.98479, 16.599536, 556.0], [73.984507, 16.599535, 555.0], [73.984223, 16.599533, 555.0], [73.98394, 16.599532, 556.0], [73.983657, 16.599531, 556.0], [73.983374, 16.599529, 556.0], [73.98309, 16.599528, 556.0], [73.982806, 16.5998, 556.0], [73.982521, 16.600071, 555.0], [73.982238, 16.60007, 556.0], [73.981956, 16.599795, 558.0], [73.981674, 16.599521, 558.0], [73.981392, 16.599246, 558.0], [73.981109, 16.599245, 558.0], [73.980825, 16.599244, 557.0], [73.980542, 16.599242, 556.0], [73.980259, 16.599241, 555.0], [73.979977, 16.598966, 558.0], [73.979694, 16.598965, 558.0], [73.979412, 16.59869, 558.0], [73.979129, 16.598689, 558.0], [73.978845, 16.598688, 555.0], [73.978564, 16.598413, 555.0], [73.978282, 16.598138, 558.0], [73.978, 16.597864, 559.0], [73.977718, 16.597589, 558.0], [73.977719, 16.597316, 559.0], [73.977721, 16.597043, 559.0], [73.978006, 16.596771, 559.0], [73.977724, 16.596497, 559.0], [73.977442, 16.596222, 558.0], [73.97716, 16.595948, 556.0], [73.977162, 16.595674, 556.0], [73.97688, 16.5954, 556.0], [73.976881, 16.595127, 556.0], [73.976883, 16.594854, 555.0], [73.976884, 16.59458, 554.0], [73.976886, 16.594307, 554.0], [73.976887, 16.594034, 554.0], [73.976888, 16.593761, 555.0], [73.97689, 16.593488, 555.0], [73.976891, 16.593215, 555.0], [73.976893, 16.592941, 556.0], [73.976894, 16.592668, 556.0], [73.976896, 16.592395, 555.0], [73.976897, 16.592122, 556.0], [73.977182, 16.59185, 556.0], [73.977183, 16.591577, 557.0], [73.977185, 16.591304, 557.0], [73.977186, 16.591031, 557.0], [73.977188, 16.590758, 558.0], [73.977189, 16.590484, 558.0], [73.977474, 16.590213, 558.0], [73.977475, 16.58994, 558.0], [73.977477, 16.589666, 558.0], [73.977478, 16.589393, 557.0], [73.97748, 16.58912, 555.0], [73.977198, 16.588846, 555.0], [73.976916, 16.588571, 558.0], [73.976633, 16.58857, 559.0], [73.976351, 16.588295, 556.0], [73.976069, 16.58802, 555.0], [73.975787, 16.587746, 557.0], [73.975504, 16.587745, 558.0], [73.975222, 16.58747, 558.0], [73.974939, 16.587469, 558.0], [73.97494, 16.587195, 559.0], [73.974658, 16.586921, 558.0], [73.974375, 16.586919, 556.0], [73.974092, 16.586918, 555.0], [73.973809, 16.586917, 554.0], [73.973524, 16.587188, 556.0], [73.973241, 16.587187, 556.0], [73.972956, 16.587459, 558.0], [73.972671, 16.587731, 558.0], [73.972388, 16.587729, 557.0], [73.972105, 16.587728, 556.0], [73.97182, 16.588, 555.0], [73.971537, 16.587998, 557.0], [73.971253, 16.587997, 559.0], [73.970969, 16.588268, 558.0], [73.970684, 16.58854, 556.0], [73.970401, 16.588539, 557.0], [73.970117, 16.588537, 559.0], [73.969836, 16.588263, 559.0], [73.969554, 16.587988, 558.0], [73.969271, 16.587987, 557.0], [73.968989, 16.587712, 559.0], [73.968707, 16.587438, 559.0], [73.968425, 16.587163, 559.0], [73.968143, 16.586889, 559.0], [73.967862, 16.586614, 558.0], [73.967578, 16.586613, 557.0], [73.967296, 16.586338, 557.0], [73.967015, 16.586064, 558.0], [73.966733, 16.585789, 559.0], [73.966451, 16.585514, 559.0], [73.966453, 16.585241, 560.0], [73.966454, 16.584968, 560.0], [73.966172, 16.584694, 561.0], [73.966174, 16.58442, 562.0], [73.966175, 16.584147, 562.0], [73.965893, 16.583873, 562.0], [73.965895, 16.5836, 562.0], [73.965896, 16.583326, 562.0], [73.965898, 16.583053, 561.0], [73.965899, 16.58278, 561.0], [73.965901, 16.582507, 561.0], [73.965619, 16.582232, 561.0], [73.965336, 16.582231, 559.0], [73.965054, 16.581956, 560.0], [73.96477, 16.581955, 562.0], [73.964489, 16.58168, 562.0], [73.964207, 16.581406, 562.0], [73.963925, 16.581131, 561.0], [73.963643, 16.580857, 559.0], [73.963362, 16.580582, 558.0], [73.96308, 16.580308, 558.0], [73.962796, 16.580306, 558.0], [73.962515, 16.580032, 557.0], [73.962516, 16.579758, 558.0], [73.962234, 16.579484, 562.0], [73.961953, 16.579209, 561.0], [73.961669, 16.579208, 560.0], [73.961386, 16.579206, 559.0], [73.961103, 16.579205, 560.0], [73.960821, 16.57893, 561.0], [73.960538, 16.578929, 561.0], [73.960256, 16.578655, 560.0], [73.959974, 16.57838, 562.0], [73.959692, 16.578105, 562.0], [73.959409, 16.578104, 562.0], [73.959127, 16.577829, 562.0], [73.958846, 16.577555, 559.0], [73.958564, 16.57728, 560.0], [73.958282, 16.577006, 561.0], [73.957999, 16.577004, 559.0], [73.957716, 16.577003, 561.0], [73.957432, 16.577001, 562.0], [73.957149, 16.577, 562.0], [73.956867, 16.576725, 562.0], [73.956586, 16.576451, 561.0], [73.956304, 16.576176, 559.0], [73.956305, 16.575903, 559.0], [73.956307, 16.57563, 559.0], [73.956591, 16.575358, 560.0], [73.956593, 16.575085, 561.0], [73.956594, 16.574812, 561.0], [73.956596, 16.574539, 561.0], [73.956597, 16.574266, 560.0], [73.956316, 16.573991, 562.0], [73.956317, 16.573718, 563.0], [73.956318, 16.573445, 562.0], [73.95632, 16.573172, 561.0], [73.956321, 16.572898, 561.0], [73.956323, 16.572625, 562.0], [73.956324, 16.572352, 562.0], [73.956326, 16.572079, 562.0], [73.956327, 16.571806, 562.0], [73.956329, 16.571533, 562.0], [73.95633, 16.571259, 562.0], [73.956332, 16.570986, 562.0], [73.956333, 16.570713, 560.0], [73.956335, 16.57044, 559.0], [73.956336, 16.570167, 559.0], [73.956338, 16.569894, 559.0], [73.956056, 16.569619, 561.0], [73.956057, 16.569346, 560.0], [73.956059, 16.569073, 559.0], [73.955777, 16.568798, 561.0], [73.955778, 16.568525, 562.0], [73.95578, 16.568252, 562.0], [73.955498, 16.567977, 562.0], [73.955216, 16.567703, 562.0], [73.954935, 16.567428, 563.0], [73.954653, 16.567154, 562.0], [73.954371, 16.566879, 562.0], [73.954373, 16.566606, 560.0], [73.954091, 16.566331, 560.0], [73.953809, 16.566057, 562.0], [73.953526, 16.566055, 563.0], [73.953244, 16.565781, 563.0], [73.952962, 16.565506, 561.0], [73.952679, 16.565505, 561.0], [73.952396, 16.565503, 561.0], [73.952113, 16.565502, 560.0], [73.951829, 16.5655, 560.0], [73.951546, 16.565499, 562.0], [73.951264, 16.565224, 561.0], [73.950983, 16.56495, 561.0], [73.950701, 16.564675, 562.0], [73.950419, 16.564401, 562.0], [73.950136, 16.564399, 561.0], [73.950137, 16.564126, 561.0], [73.949856, 16.563852, 563.0], [73.949572, 16.56385, 562.0], [73.949291, 16.563575, 562.0], [73.949008, 16.563574, 561.0], [73.948724, 16.563573, 560.0], [73.948443, 16.563298, 561.0], [73.948159, 16.563297, 562.0], [73.947878, 16.563022, 563.0], [73.947596, 16.562747, 564.0], [73.947314, 16.562473, 564.0], [73.947032, 16.562198, 562.0], [73.947317, 16.561927, 564.0], [73.947602, 16.561655, 564.0], [73.947603, 16.561382, 562.0], [73.947605, 16.561109, 562.0], [73.947889, 16.560837, 564.0], [73.948174, 16.560565, 564.0], [73.948176, 16.560292, 564.0], [73.948177, 16.560019, 564.0], [73.948179, 16.559746, 564.0], [73.94818, 16.559472, 565.0], [73.947898, 16.559198, 566.0], [73.947617, 16.558923, 565.0], [73.947333, 16.558922, 564.0], [73.947052, 16.558647, 565.0], [73.947053, 16.558374, 564.0], [73.946771, 16.5581, 563.0], [73.94649, 16.557825, 564.0], [73.946491, 16.557552, 565.0], [73.946209, 16.557277, 564.0], [73.946211, 16.557004, 564.0], [73.945929, 16.556729, 564.0], [73.945646, 16.556728, 565.0], [73.945364, 16.556453, 563.0], [73.945082, 16.556179, 563.0], [73.944801, 16.555904, 564.0], [73.944518, 16.555903, 564.0], [73.944236, 16.555628, 564.0], [73.944237, 16.555355, 562.0], [73.943956, 16.55508, 561.0], [73.943672, 16.555079, 563.0], [73.943391, 16.554804, 564.0], [73.943109, 16.55453, 565.0], [73.942826, 16.554528, 564.0], [73.942544, 16.554254, 565.0], [73.942261, 16.554252, 564.0], [73.941979, 16.553978, 565.0], [73.941697, 16.553703, 565.0], [73.941416, 16.553429, 566.0], [73.941134, 16.553154, 566.0], [73.940852, 16.552879, 565.0], [73.94057, 16.552605, 566.0], [73.940287, 16.552603, 565.0], [73.940005, 16.552329, 565.0], [73.939724, 16.552054, 564.0], [73.939442, 16.55178, 564.0], [73.939444, 16.551506, 565.0], [73.939445, 16.551233, 564.0], [73.939447, 16.55096, 563.0], [73.939448, 16.550687, 564.0], [73.939733, 16.550415, 566.0], [73.939734, 16.550142, 566.0], [73.939736, 16.549869, 565.0], [73.939737, 16.549596, 565.0], [73.939739, 16.549323, 565.0], [73.93974, 16.549049, 565.0], [73.939742, 16.548776, 565.0], [73.940026, 16.548505, 564.0], [73.940028, 16.548231, 563.0], [73.939746, 16.547957, 565.0], [73.939748, 16.547684, 566.0], [73.939466, 16.547409, 567.0], [73.939184, 16.547135, 566.0], [73.938903, 16.54686, 566.0], [73.938621, 16.546585, 567.0], [73.938622, 16.546312, 567.0], [73.938624, 16.546039, 567.0], [73.938342, 16.545764, 567.0], [73.93806, 16.54549, 564.0], [73.937779, 16.545215, 564.0], [73.937497, 16.544941, 565.0], [73.937498, 16.544667, 566.0], [73.937217, 16.544393, 567.0], [73.936935, 16.544118, 567.0], [73.936653, 16.543844, 564.0], [73.936372, 16.543569, 565.0], [73.93609, 16.543294, 566.0], [73.936091, 16.543021, 563.0], [73.93581, 16.542747, 562.0], [73.935527, 16.542745, 563.0], [73.935528, 16.542472, 564.0], [73.93553, 16.542199, 564.0], [73.935531, 16.541926, 565.0], [73.935533, 16.541653, 566.0], [73.935534, 16.54138, 565.0], [73.935536, 16.541106, 565.0], [73.935537, 16.540833, 565.0], [73.935255, 16.540559, 566.0], [73.935257, 16.540285, 567.0], [73.935258, 16.540012, 567.0], [73.934977, 16.539738, 568.0], [73.934695, 16.539463, 568.0], [73.934413, 16.539188, 569.0], [73.934132, 16.538914, 568.0], [73.93385, 16.538639, 568.0], [73.933568, 16.538365, 568.0], [73.93357, 16.538092, 567.0], [73.933288, 16.537817, 565.0], [73.933005, 16.537815, 566.0], [73.932723, 16.537541, 566.0], [73.932441, 16.537266, 567.0], [73.93216, 16.536992, 567.0], [73.931878, 16.536717, 566.0], [73.931596, 16.536442, 565.0], [73.931315, 16.536168, 567.0], [73.931033, 16.535893, 568.0], [73.931035, 16.53562, 568.0], [73.931036, 16.535347, 568.0], [73.931038, 16.535074, 568.0], [73.931039, 16.534801, 568.0], [73.931041, 16.534527, 568.0], [73.930759, 16.534253, 569.0], [73.931044, 16.533981, 569.0], [73.931328, 16.533709, 569.0], [73.93133, 16.533436, 568.0], [73.931331, 16.533163, 568.0], [73.93105, 16.532889, 568.0], [73.930766, 16.532887, 568.0], [73.930483, 16.532886, 568.0], [73.930202, 16.532611, 568.0], [73.930203, 16.532338, 569.0], [73.929921, 16.532063, 570.0], [73.92964, 16.531789, 569.0], [73.929641, 16.531516, 569.0], [73.929643, 16.531242, 569.0], [73.929927, 16.530971, 569.0], [73.929929, 16.530697, 569.0], [73.92993, 16.530424, 568.0], [73.930215, 16.530153, 568.0], [73.930217, 16.529879, 568.0], [73.930218, 16.529606, 568.0], [73.93022, 16.529333, 568.0], [73.930221, 16.52906, 568.0], [73.929939, 16.528785, 568.0], [73.929941, 16.528512, 569.0], [73.929942, 16.528239, 570.0], [73.929944, 16.527966, 571.0], [73.929945, 16.527693, 569.0], [73.929947, 16.52742, 568.0], [73.929948, 16.527146, 569.0], [73.929667, 16.526872, 571.0], [73.929385, 16.526597, 571.0], [73.929387, 16.526324, 570.0], [73.929388, 16.526051, 570.0], [73.92939, 16.525778, 570.0], [73.929674, 16.525506, 570.0], [73.929959, 16.525234, 569.0], [73.92996, 16.524961, 569.0], [73.929962, 16.524688, 568.0], [73.92968, 16.524413, 568.0], [73.929682, 16.52414, 568.0], [73.929683, 16.523867, 568.0], [73.929685, 16.523594, 569.0], [73.929686, 16.523321, 567.0], [73.929405, 16.523046, 569.0], [73.929123, 16.522772, 571.0], [73.928841, 16.522497, 570.0], [73.92856, 16.522222, 571.0], [73.928561, 16.521949, 570.0], [73.92828, 16.521675, 570.0], [73.927998, 16.5214, 571.0], [73.927716, 16.521125, 572.0], [73.927433, 16.521124, 572.0], [73.92715, 16.521123, 572.0], [73.926868, 16.520848, 573.0], [73.926587, 16.520573, 572.0], [73.926305, 16.520299, 571.0], [73.926023, 16.520024, 573.0], [73.92574, 16.520023, 572.0], [73.925458, 16.519748, 573.0], [73.925177, 16.519473, 571.0], [73.924895, 16.519199, 571.0], [73.924614, 16.518924, 570.0], [73.924332, 16.51865, 571.0], [73.92405, 16.518375, 571.0], [73.923769, 16.5181, 571.0], [73.923487, 16.517826, 572.0], [73.923205, 16.517551, 573.0], [73.923207, 16.517278, 573.0], [73.923491, 16.517006, 573.0], [73.923493, 16.516733, 573.0], [73.923495, 16.51646, 572.0], [73.923496, 16.516187, 573.0], [73.923498, 16.515914, 573.0], [73.923499, 16.515641, 573.0], [73.923501, 16.515367, 572.0], [73.923785, 16.515096, 573.0], [73.923787, 16.514822, 573.0], [73.923788, 16.514549, 574.0], [73.924073, 16.514278, 575.0], [73.924358, 16.514006, 575.0], [73.924359, 16.513733, 575.0], [73.924361, 16.51346, 575.0], [73.924362, 16.513186, 574.0], [73.92408, 16.512912, 575.0], [73.924082, 16.512639, 574.0], [73.924083, 16.512366, 573.0], [73.924085, 16.512092, 573.0], [73.924087, 16.511819, 574.0], [73.923805, 16.511545, 575.0], [73.923806, 16.511271, 575.0], [73.923808, 16.510998, 574.0], [73.923809, 16.510725, 573.0], [73.923811, 16.510452, 573.0], [73.923812, 16.510179, 573.0], [73.923814, 16.509906, 574.0], [73.924099, 16.509634, 574.0], [73.9241, 16.509361, 574.0], [73.924102, 16.509088, 575.0], [73.924103, 16.508815, 575.0], [73.924388, 16.508543, 574.0], [73.924672, 16.508271, 574.0], [73.924674, 16.507998, 575.0], [73.924959, 16.507726, 576.0], [73.925243, 16.507455, 576.0], [73.925528, 16.507183, 576.0], [73.925813, 16.506911, 576.0], [73.926097, 16.50664, 575.0], [73.926099, 16.506366, 576.0], [73.926383, 16.506095, 577.0], [73.926668, 16.505823, 576.0], [73.926953, 16.505551, 575.0], [73.927237, 16.50528, 576.0], [73.927522, 16.505008, 576.0], [73.927807, 16.504736, 577.0], [73.927808, 16.504463, 577.0], [73.92781, 16.50419, 579.0], [73.927811, 16.503917, 579.0], [73.927813, 16.503644, 578.0], [73.927814, 16.50337, 579.0], [73.927816, 16.503097, 578.0], [73.927534, 16.502823, 577.0], [73.927252, 16.502548, 577.0], [73.926971, 16.502273, 577.0], [73.926689, 16.501999, 578.0], [73.926406, 16.501997, 578.0], [73.926124, 16.501723, 578.0], [73.926126, 16.50145, 579.0], [73.925844, 16.501175, 579.0], [73.925563, 16.5009, 579.0], [73.925281, 16.500626, 578.0], [73.924999, 16.500351, 579.0], [73.924718, 16.500077, 579.0], [73.924435, 16.500075, 579.0], [73.924153, 16.4998, 580.0], [73.923871, 16.499526, 580.0], [73.923873, 16.499253, 580.0], [73.923874, 16.49898, 580.0], [73.924159, 16.498708, 580.0], [73.924444, 16.498436, 579.0], [73.924728, 16.498164, 579.0], [73.925013, 16.497893, 580.0], [73.925298, 16.497621, 580.0], [73.925299, 16.497348, 578.0], [73.925301, 16.497075, 579.0], [73.925302, 16.496802, 579.0], [73.925304, 16.496528, 579.0], [73.925305, 16.496255, 580.0], [73.92559, 16.495984, 581.0], [73.925591, 16.49571, 581.0], [73.925593, 16.495437, 581.0], [73.925877, 16.495166, 583.0], [73.925879, 16.494892, 583.0], [73.92588, 16.494619, 582.0], [73.926165, 16.494348, 582.0], [73.92645, 16.494076, 582.0], [73.926734, 16.493804, 583.0], [73.926736, 16.493531, 583.0], [73.92702, 16.493259, 583.0], [73.927305, 16.492988, 583.0], [73.92759, 16.492716, 582.0], [73.927874, 16.492444, 582.0], [73.928157, 16.492446, 583.0], [73.928441, 16.492447, 585.0], [73.928725, 16.492175, 586.0], [73.92901, 16.491904, 586.0], [73.929294, 16.491632, 586.0], [73.929578, 16.491633, 585.0], [73.929862, 16.491362, 587.0], [73.929864, 16.491089, 589.0], [73.929865, 16.490815, 590.0], [73.929867, 16.490542, 589.0], [73.929868, 16.490269, 585.0], [73.92987, 16.489996, 586.0], [73.929871, 16.489723, 589.0], [73.929873, 16.48945, 591.0], [73.929591, 16.489175, 591.0], [73.929593, 16.488902, 590.0], [73.929311, 16.488627, 591.0], [73.929312, 16.488354, 590.0], [73.929314, 16.488081, 590.0], [73.929315, 16.487808, 592.0], [73.929317, 16.487535, 593.0], [73.929318, 16.487261, 591.0], [73.929603, 16.48699, 592.0], [73.929605, 16.486717, 591.0], [73.929889, 16.486445, 593.0], [73.929891, 16.486172, 591.0], [73.930175, 16.4859, 592.0], [73.93046, 16.485628, 593.0], [73.930745, 16.485357, 593.0], [73.931028, 16.485358, 593.0], [73.931312, 16.485086, 595.0], [73.931597, 16.484815, 595.0], [73.931881, 16.484543, 593.0], [73.931883, 16.48427, 592.0], [73.931884, 16.483997, 592.0], [73.931886, 16.483723, 592.0], [73.931887, 16.48345, 592.0], [73.931889, 16.483177, 593.0], [73.93189, 16.482904, 595.0], [73.932175, 16.482632, 597.0], [73.932177, 16.482359, 596.0], [73.932461, 16.482087, 597.0], [73.932463, 16.481814, 597.0], [73.932464, 16.481541, 597.0], [73.932749, 16.481269, 598.0], [73.93275, 16.480996, 597.0], [73.933035, 16.480724, 598.0], [73.933319, 16.480453, 597.0], [73.933603, 16.480454, 597.0], [73.933887, 16.480182, 597.0], [73.933889, 16.479909, 598.0], [73.934173, 16.479638, 598.0], [73.934175, 16.479364, 598.0], [73.934176, 16.479091, 599.0], [73.934178, 16.478818, 599.0], [73.934179, 16.478545, 599.0], [73.934181, 16.478272, 598.0], [73.934182, 16.477999, 598.0], [73.934184, 16.477726, 599.0], [73.934185, 16.477452, 599.0], [73.933904, 16.477178, 599.0], [73.934188, 16.476906, 600.0], [73.934473, 16.476634, 600.0], [73.934474, 16.476361, 600.0], [73.934193, 16.476087, 600.0], [73.933911, 16.475812, 599.0], [73.933913, 16.475539, 600.0], [73.933914, 16.475266, 601.0], [73.933916, 16.474993, 600.0], [73.933917, 16.474719, 601.0], [73.933635, 16.474445, 602.0], [73.933354, 16.47417, 602.0], [73.933072, 16.473896, 602.0], [73.932791, 16.473621, 602.0], [73.932509, 16.473346, 605.0], [73.932227, 16.473072, 606.0], [73.931946, 16.472797, 603.0], [73.931664, 16.472523, 603.0], [73.931383, 16.472248, 605.0], [73.931101, 16.471973, 606.0], [73.930819, 16.471699, 607.0], [73.930538, 16.471424, 604.0], [73.930256, 16.47115, 606.0], [73.930258, 16.470876, 605.0], [73.929976, 16.470602, 605.0], [73.929695, 16.470327, 607.0], [73.929696, 16.470054, 606.0], [73.929415, 16.469779, 610.0], [73.929416, 16.469506, 611.0], [73.929134, 16.469232, 609.0], [73.928853, 16.468957, 609.0], [73.928571, 16.468682, 611.0], [73.928288, 16.468681, 609.0], [73.928007, 16.468406, 609.0], [73.927724, 16.468405, 608.0], [73.927442, 16.46813, 611.0], [73.927159, 16.468129, 610.0], [73.926877, 16.467854, 610.0], [73.926596, 16.46758, 611.0], [73.926314, 16.467305, 610.0], [73.926033, 16.46703, 608.0], [73.926034, 16.466757, 611.0], [73.925751, 16.466756, 612.0], [73.925469, 16.466481, 613.0], [73.925188, 16.466207, 613.0], [73.925189, 16.465933, 613.0], [73.925191, 16.46566, 614.0], [73.925192, 16.465387, 614.0], [73.925194, 16.465114, 616.0], [73.925195, 16.464841, 618.0], [73.924914, 16.464566, 619.0], [73.924915, 16.464293, 619.0], [73.924634, 16.464018, 618.0], [73.924352, 16.463744, 619.0], [73.924071, 16.463469, 621.0], [73.923789, 16.463195, 621.0], [73.923507, 16.46292, 620.0], [73.923226, 16.462645, 620.0], [73.922944, 16.462371, 621.0], [73.922663, 16.462096, 622.0], [73.922664, 16.461823, 619.0], [73.922666, 16.46155, 620.0], [73.922667, 16.461277, 622.0], [73.922669, 16.461004, 622.0], [73.92267, 16.46073, 621.0], [73.922672, 16.460457, 619.0], [73.922673, 16.460184, 620.0], [73.922675, 16.459911, 622.0], [73.922393, 16.459636, 625.0], [73.922112, 16.459362, 628.0], [73.92183, 16.459087, 629.0], [73.921548, 16.458813, 627.0], [73.921267, 16.458538, 627.0], [73.920985, 16.458263, 627.0], [73.920704, 16.457989, 626.0], [73.920705, 16.457716, 624.0], [73.920424, 16.457441, 621.0], [73.920425, 16.457168, 622.0], [73.920144, 16.456893, 625.0], [73.920145, 16.45662, 626.0], [73.919864, 16.456345, 626.0], [73.919582, 16.456071, 627.0], [73.919301, 16.455796, 629.0], [73.919019, 16.455522, 632.0], [73.918737, 16.455247, 632.0], [73.918739, 16.454974, 631.0], [73.918457, 16.454699, 633.0], [73.918176, 16.454425, 635.0], [73.918177, 16.454151, 634.0], [73.917896, 16.453877, 635.0], [73.917897, 16.453604, 635.0], [73.917899, 16.45333, 636.0], [73.917617, 16.453056, 635.0], [73.917336, 16.452781, 636.0], [73.917337, 16.452508, 636.0], [73.917056, 16.452233, 637.0], [73.917057, 16.45196, 639.0], [73.916776, 16.451686, 641.0], [73.916777, 16.451412, 643.0], [73.916779, 16.451139, 645.0], [73.91678, 16.450866, 646.0], [73.916499, 16.450592, 642.0], [73.9165, 16.450318, 642.0], [73.916502, 16.450045, 645.0], [73.916503, 16.449772, 643.0], [73.916505, 16.449499, 642.0], [73.916223, 16.449224, 644.0], [73.915942, 16.44895, 644.0], [73.91566, 16.448675, 642.0], [73.915379, 16.4484, 643.0], [73.915097, 16.448126, 646.0], [73.915099, 16.447853, 649.0], [73.914817, 16.447578, 650.0], [73.914819, 16.447305, 651.0], [73.91482, 16.447032, 652.0], [73.914822, 16.446759, 653.0], [73.914823, 16.446485, 652.0], [73.914825, 16.446212, 651.0], [73.914543, 16.445938, 653.0], [73.914545, 16.445665, 653.0], [73.914263, 16.44539, 655.0], [73.914265, 16.445117, 655.0], [73.913983, 16.444842, 655.0], [73.9137, 16.444841, 655.0], [73.913417, 16.444839, 659.0], [73.913135, 16.444565, 660.0], [73.912852, 16.444563, 661.0], [73.912571, 16.444288, 662.0], [73.912572, 16.444015, 662.0], [73.912291, 16.443741, 664.0], [73.912009, 16.443466, 664.0], [73.911728, 16.443191, 664.0], [73.911446, 16.442917, 664.0], [73.911448, 16.442644, 664.0], [73.911449, 16.442371, 667.0], [73.911451, 16.442097, 669.0], [73.911169, 16.441823, 672.0], [73.911171, 16.44155, 675.0], [73.911172, 16.441276, 678.0], [73.911174, 16.441003, 679.0], [73.910892, 16.440729, 678.0], [73.910611, 16.440454, 677.0], [73.910329, 16.440179, 676.0], [73.910048, 16.439905, 677.0], [73.909766, 16.43963, 679.0], [73.909485, 16.439356, 681.0], [73.909486, 16.439082, 682.0], [73.909205, 16.438808, 683.0], [73.908923, 16.438533, 683.0], [73.908925, 16.43826, 683.0], [73.908643, 16.437985, 689.0], [73.908362, 16.437711, 697.0], [73.90808, 16.437436, 698.0], [73.907797, 16.437435, 701.0], [73.907516, 16.43716, 702.0], [73.907234, 16.436885, 702.0], [73.906951, 16.436884, 698.0], [73.90667, 16.436609, 703.0], [73.906387, 16.436608, 711.0], [73.906105, 16.436333, 718.0], [73.905823, 16.436058, 725.0], [73.90554, 16.436057, 725.0], [73.905259, 16.435782, 727.0], [73.904976, 16.435781, 735.0], [73.904694, 16.435506, 752.0], [73.904411, 16.435505, 763.0], [73.90413, 16.43523, 767.0], [73.903847, 16.435229, 769.0], [73.903565, 16.434954, 768.0], [73.903284, 16.434679, 768.0], [73.903285, 16.434406, 768.0], [73.903002, 16.434405, 771.0], [73.902719, 16.434403, 773.0], [73.902436, 16.434402, 772.0], [73.902152, 16.434673, 775.0], [73.901867, 16.434945, 779.0], [73.901583, 16.435217, 783.0], [73.901298, 16.435489, 785.0], [73.901013, 16.43576, 787.0], [73.900729, 16.436032, 791.0], [73.900444, 16.436304, 793.0], [73.90016, 16.436575, 796.0], [73.899877, 16.436574, 799.0], [73.899594, 16.436572, 801.0], [73.899309, 16.436844, 803.0], [73.899024, 16.437116, 806.0], [73.89874, 16.437387, 808.0], [73.898738, 16.43766, 808.0], [73.898454, 16.437932, 812.0], [73.898171, 16.437931, 818.0], [73.897886, 16.438202, 824.0], [73.897602, 16.438474, 826.0], [73.897317, 16.438746, 830.0], [73.897034, 16.438744, 830.0], [73.896749, 16.439016, 828.0], [73.896466, 16.439014, 830.0], [73.896183, 16.439013, 834.0], [73.8959, 16.439011, 836.0], [73.895617, 16.43901, 838.0], [73.895334, 16.439008, 841.0], [73.895051, 16.439007, 844.0], [73.894768, 16.439005, 847.0], [73.894485, 16.439004, 847.0], [73.894202, 16.439002, 848.0], [73.893919, 16.439001, 848.0], [73.893636, 16.438999, 846.0], [73.893353, 16.438998, 844.0], [73.893071, 16.438723, 846.0], [73.892788, 16.438722, 847.0], [73.892505, 16.43872, 848.0], [73.892222, 16.438719, 850.0], [73.891939, 16.438717, 850.0], [73.891656, 16.438716, 848.0], [73.891373, 16.438714, 849.0], [73.891088, 16.438986, 851.0], [73.890805, 16.438984, 853.0], [73.890522, 16.438983, 855.0], [73.890238, 16.439255, 854.0], [73.889955, 16.439253, 852.0], [73.88967, 16.439525, 855.0], [73.889386, 16.439796, 855.0], [73.889101, 16.440068, 855.0], [73.888818, 16.440067, 853.0], [73.888533, 16.440338, 853.0], [73.888249, 16.44061, 854.0], [73.887966, 16.440608, 852.0], [73.887683, 16.440607, 854.0], [73.8874, 16.440605, 855.0], [73.887118, 16.440331, 857.0], [73.886835, 16.440329, 857.0], [73.886552, 16.440328, 858.0], [73.886269, 16.440326, 860.0], [73.885986, 16.440325, 863.0], [73.885704, 16.44005, 866.0], [73.885423, 16.439775, 868.0], [73.88514, 16.439774, 869.0], [73.884858, 16.439499, 869.0], [73.884577, 16.439225, 866.0], [73.884294, 16.439223, 867.0], [73.884012, 16.438948, 872.0], [73.883731, 16.438674, 875.0], [73.883448, 16.438672, 877.0], [73.883165, 16.438671, 877.0], [73.882882, 16.438669, 877.0], [73.882599, 16.438668, 878.0], [73.882316, 16.438666, 880.0], [73.882033, 16.438665, 880.0], [73.88175, 16.438663, 881.0], [73.881465, 16.438935, 882.0], [73.881182, 16.438933, 881.0], [73.880899, 16.438932, 881.0], [73.880616, 16.43893, 883.0], [73.880333, 16.438929, 885.0], [73.88005, 16.438927, 885.0], [73.879767, 16.438926, 884.0], [73.879484, 16.438924, 883.0], [73.879201, 16.438923, 884.0], [73.878918, 16.438921, 884.0], [73.878635, 16.43892, 885.0], [73.878353, 16.438645, 886.0], [73.878072, 16.43837, 886.0], [73.87779, 16.438096, 882.0], [73.877792, 16.437823, 883.0], [73.877793, 16.437549, 886.0], [73.877795, 16.437276, 888.0], [73.877797, 16.437003, 893.0], [73.877798, 16.43673, 897.0], [73.8778, 16.436457, 899.0], [73.877801, 16.436184, 901.0], [73.877803, 16.43591, 904.0], [73.878087, 16.435639, 906.0], [73.878089, 16.435366, 907.0], [73.878091, 16.435093, 911.0], [73.878092, 16.434819, 917.0], [73.877811, 16.434545, 922.0], [73.877812, 16.434272, 926.0], [73.877814, 16.433998, 931.0], [73.877815, 16.433725, 935.0], [73.877817, 16.433452, 938.0], [73.877819, 16.433179, 940.0], [73.877537, 16.432904, 941.0], [73.877539, 16.432631, 942.0], [73.877257, 16.432356, 946.0], [73.877259, 16.432083, 949.0], [73.876977, 16.431809, 954.0], [73.876979, 16.431535, 957.0], [73.876697, 16.431261, 961.0], [73.876699, 16.430988, 964.0], [73.876701, 16.430715, 967.0], [73.876702, 16.430441, 970.0], [73.876704, 16.430168, 971.0], [73.876705, 16.429895, 972.0], [73.876707, 16.429622, 975.0], [73.876708, 16.429349, 977.0], [73.876993, 16.429077, 980.0], [73.876995, 16.428804, 983.0], [73.876996, 16.428531, 987.0], [73.876998, 16.428258, 989.0], [73.876716, 16.427983, 991.0], [73.876718, 16.42771, 994.0], [73.876719, 16.427437, 997.0], [73.876438, 16.427162, 999.0], [73.87644, 16.426889, 1001.0], [73.876441, 16.426616, 1002.0], [73.876443, 16.426343, 1003.0], [73.876444, 16.426069, 1004.0], [73.876446, 16.425796, 1004.0], [73.87673, 16.425525, 1006.0]]]}}, {"type": "Feature", "properties": {"subbasin": "S6", "name": null, "reach_len": null, "reach_rel": null, "reach_sin": null, "reach_slo": null, "len_units": null, "layer": "longest_flowpath_network", "path": "E:\\Manasi_intern\\HMS_Shp\\longest_flowpath_network.shp"}, "geometry": {"type": "MultiLineString", "coordinates": [[[74.035177, 16.69238, 548.5], [74.035035, 16.692379, 549.0], [74.034751, 16.692378, 549.0], [74.034468, 16.692376, 549.0], [74.034185, 16.692375, 548.0], [74.0339, 16.692647, 548.0], [74.033616, 16.692646, 548.0], [74.033333, 16.692644, 547.0], [74.033049, 16.692643, 547.0], [74.032765, 16.692915, 547.0], [74.03248, 16.693187, 548.0], [74.032195, 16.693458, 547.0], [74.03191, 16.69373, 548.0], [74.031627, 16.693729, 549.0], [74.031343, 16.693728, 548.0], [74.03106, 16.693726, 547.0], [74.030777, 16.693725, 547.0], [74.030493, 16.693724, 548.0], [74.03021, 16.693722, 549.0], [74.029925, 16.693994, 550.0], [74.02964, 16.694266, 550.0], [74.029357, 16.694265, 548.0], [74.029073, 16.694263, 546.0], [74.028791, 16.693989, 547.0], [74.028508, 16.693987, 547.0], [74.028223, 16.694259, 550.0], [74.027938, 16.694531, 550.0], [74.027653, 16.694803, 548.0], [74.02737, 16.694802, 546.0], [74.027085, 16.695073, 547.0], [74.0268, 16.695345, 547.0], [74.026799, 16.695618, 547.0], [74.026514, 16.69589, 548.0], [74.026513, 16.696163, 548.0], [74.026228, 16.696435, 548.0], [74.025943, 16.696707, 548.0], [74.025658, 16.696979, 547.0], [74.025373, 16.697251, 548.0], [74.02509, 16.697249, 547.0], [74.024808, 16.696975, 548.0], [74.024526, 16.6967, 548.0], [74.024244, 16.696426, 549.0], [74.023962, 16.696151, 550.0], [74.02368, 16.695877, 550.0], [74.023398, 16.695602, 550.0], [74.023114, 16.695601, 549.0], [74.022832, 16.695327, 550.0], [74.02255, 16.695052, 549.0], [74.022268, 16.694778, 548.0], [74.021986, 16.694503, 550.0], [74.021704, 16.694229, 550.0], [74.021422, 16.693954, 550.0], [74.021139, 16.693953, 549.0], [74.020857, 16.693678, 549.0], [74.020575, 16.693404, 549.0], [74.020576, 16.693131, 549.0], [74.020577, 16.692857, 548.0], [74.020295, 16.692583, 548.0], [74.020013, 16.692308, 550.0], [74.020015, 16.692035, 550.0], [74.0203, 16.691763, 550.0], [74.020301, 16.69149, 550.0], [74.020586, 16.691218, 551.0], [74.020871, 16.690947, 550.0], [74.021155, 16.690675, 550.0], [74.02144, 16.690403, 550.0], [74.021725, 16.690131, 550.0], [74.021726, 16.689858, 549.0], [74.021444, 16.689584, 550.0], [74.021446, 16.68931, 549.0], [74.021447, 16.689037, 549.0], [74.021165, 16.688763, 549.0], [74.020883, 16.688488, 550.0], [74.020884, 16.688215, 549.0], [74.020886, 16.687942, 549.0], [74.020604, 16.687667, 549.0], [74.020605, 16.687394, 549.0], [74.020607, 16.687121, 549.0], [74.020325, 16.686847, 550.0], [74.020043, 16.686572, 551.0], [74.019761, 16.686298, 550.0], [74.019476, 16.686569, 550.0], [74.019192, 16.686568, 548.0], [74.019191, 16.686841, 550.0], [74.018906, 16.687113, 551.0], [74.018621, 16.687385, 550.0], [74.018337, 16.687657, 551.0], [74.018053, 16.687655, 551.0], [74.01777, 16.687654, 551.0], [74.017486, 16.687653, 551.0], [74.017203, 16.687651, 551.0], [74.016919, 16.68765, 551.0], [74.016636, 16.687649, 551.0], [74.016353, 16.687647, 551.0], [74.016068, 16.687919, 551.0], [74.015784, 16.687918, 550.0], [74.015502, 16.687643, 550.0], [74.015219, 16.687642, 551.0], [74.014936, 16.687641, 549.0], [74.014651, 16.687912, 550.0], [74.014367, 16.687911, 550.0], [74.014084, 16.68791, 551.0], [74.013802, 16.687635, 551.0], [74.013518, 16.687634, 550.0], [74.013235, 16.687632, 549.0], [74.012953, 16.687358, 548.0], [74.01267, 16.687357, 548.0], [74.012388, 16.687082, 549.0], [74.012106, 16.686808, 549.0], [74.011822, 16.686806, 548.0], [74.011539, 16.686805, 548.0], [74.011255, 16.686803, 548.0], [74.010972, 16.686802, 548.0], [74.010689, 16.686801, 548.0], [74.010405, 16.686799, 548.0], [74.010122, 16.686798, 548.0], [74.009838, 16.686797, 549.0], [74.009555, 16.686795, 550.0], [74.009271, 16.686794, 550.0], [74.008987, 16.687066, 551.0], [74.008703, 16.687064, 550.0], [74.00842, 16.687063, 548.0], [74.008136, 16.687062, 547.0], [74.007853, 16.68706, 547.0], [74.007568, 16.687332, 547.0], [74.007285, 16.687331, 546.0], [74.007001, 16.687329, 547.0], [74.006718, 16.687328, 548.0], [74.006435, 16.687327, 549.0], [74.006153, 16.687052, 549.0], [74.00587, 16.686778, 548.0], [74.005588, 16.686503, 547.0], [74.005306, 16.686229, 548.0], [74.005023, 16.686227, 548.0], [74.004741, 16.685953, 547.0], [74.004459, 16.685678, 547.0], [74.004177, 16.685404, 548.0], [74.003894, 16.685402, 549.0], [74.003612, 16.685128, 550.0], [74.00333, 16.684853, 549.0], [74.003048, 16.684579, 547.0], [74.002764, 16.684577, 546.0], [74.002481, 16.684576, 545.0], [74.002197, 16.684575, 545.0], [74.001914, 16.684573, 547.0], [74.001631, 16.684572, 547.0], [74.001347, 16.684571, 548.0], [74.001064, 16.684569, 549.0], [74.00078, 16.684568, 550.0], [74.000496, 16.68484, 549.0], [74.000212, 16.684838, 547.0], [73.999929, 16.684837, 548.0], [73.999644, 16.685109, 548.0], [73.999359, 16.68538, 545.0], [73.999076, 16.685379, 546.0], [73.998792, 16.685378, 549.0], [73.998509, 16.685376, 550.0], [73.998225, 16.685375, 549.0], [73.997943, 16.6851, 547.0], [73.997661, 16.684826, 548.0], [73.997379, 16.684551, 549.0], [73.997098, 16.684277, 548.0], [73.996814, 16.684276, 548.0], [73.996532, 16.684001, 547.0], [73.99625, 16.683726, 548.0], [73.995967, 16.683725, 549.0], [73.995683, 16.683724, 549.0], [73.995401, 16.683449, 549.0], [73.995118, 16.683448, 550.0], [73.994835, 16.683446, 550.0], [73.994553, 16.683172, 549.0], [73.994269, 16.683171, 549.0], [73.993986, 16.683169, 550.0], [73.993702, 16.683168, 551.0], [73.993419, 16.683166, 551.0], [73.993136, 16.683165, 551.0], [73.992852, 16.683164, 549.0], [73.992569, 16.683162, 547.0], [73.992285, 16.683161, 548.0], [73.992003, 16.682886, 548.0], [73.991721, 16.682612, 548.0], [73.991439, 16.682337, 548.0], [73.991157, 16.682063, 547.0], [73.990875, 16.681788, 547.0], [73.990592, 16.681787, 547.0], [73.99031, 16.681512, 549.0], [73.990028, 16.681238, 550.0], [73.989746, 16.680963, 548.0], [73.989463, 16.680962, 546.0], [73.989181, 16.680687, 548.0], [73.988899, 16.680413, 550.0], [73.988617, 16.680138, 551.0], [73.988335, 16.679864, 551.0], [73.988336, 16.67959, 551.0], [73.988621, 16.679319, 551.0], [73.988623, 16.679046, 550.0], [73.988624, 16.678772, 549.0], [73.988342, 16.678498, 551.0], [73.988343, 16.678225, 550.0], [73.988345, 16.677952, 549.0], [73.988063, 16.677677, 551.0], [73.987781, 16.677402, 551.0], [73.987499, 16.677128, 550.0], [73.987217, 16.676853, 548.0], [73.986935, 16.676579, 548.0], [73.986653, 16.676304, 548.0], [73.986371, 16.67603, 549.0], [73.986089, 16.675755, 549.0], [73.985807, 16.675481, 549.0], [73.985525, 16.675206, 550.0], [73.985243, 16.674932, 548.0], [73.984961, 16.674657, 550.0], [73.984679, 16.674383, 550.0], [73.984397, 16.674108, 549.0], [73.984399, 16.673835, 548.0], [73.984116, 16.673833, 548.0], [73.983832, 16.673832, 549.0], [73.98355, 16.673557, 551.0], [73.983268, 16.673283, 550.0], [73.982986, 16.673008, 548.0], [73.982703, 16.673007, 547.0], [73.982421, 16.672732, 547.0], [73.982138, 16.672731, 548.0], [73.981854, 16.67273, 549.0], [73.981571, 16.672728, 549.0], [73.981286, 16.673, 549.0], [73.981003, 16.672999, 548.0], [73.980719, 16.672997, 547.0], [73.980437, 16.672723, 548.0], [73.980154, 16.672721, 549.0], [73.979872, 16.672447, 550.0], [73.979589, 16.672445, 551.0], [73.979305, 16.672444, 552.0], [73.979022, 16.672443, 552.0], [73.97874, 16.672168, 553.0], [73.978458, 16.671893, 553.0], [73.978176, 16.671619, 551.0], [73.977894, 16.671344, 551.0], [73.977612, 16.67107, 550.0], [73.97733, 16.670795, 549.0], [73.977048, 16.670521, 547.0], [73.976766, 16.670246, 549.0], [73.976484, 16.669972, 551.0], [73.976202, 16.669697, 550.0], [73.97592, 16.669422, 550.0], [73.975638, 16.669148, 550.0], [73.975357, 16.668873, 550.0], [73.975358, 16.6686, 550.0], [73.975359, 16.668327, 550.0], [73.975361, 16.668054, 548.0], [73.975362, 16.667781, 551.0], [73.97508, 16.667506, 552.0], [73.975082, 16.667233, 551.0], [73.9748, 16.666958, 551.0], [73.974801, 16.666685, 551.0], [73.975086, 16.666414, 551.0], [73.975088, 16.66614, 551.0], [73.975089, 16.665867, 552.0], [73.975091, 16.665594, 553.0], [73.975092, 16.665321, 553.0], [73.975094, 16.665048, 553.0], [73.975095, 16.664775, 553.0], [73.975096, 16.664501, 553.0], [73.975098, 16.664228, 553.0], [73.974816, 16.663954, 553.0], [73.974534, 16.663679, 553.0], [73.974251, 16.663678, 552.0], [73.973969, 16.663403, 551.0], [73.973687, 16.663129, 551.0], [73.973405, 16.662854, 550.0], [73.973123, 16.66258, 550.0], [73.972841, 16.662305, 551.0], [73.972558, 16.662304, 552.0], [73.972276, 16.662029, 552.0], [73.971992, 16.662028, 551.0], [73.971709, 16.662026, 551.0], [73.971426, 16.662025, 552.0], [73.971144, 16.66175, 550.0], [73.970862, 16.661476, 553.0], [73.97058, 16.661201, 553.0], [73.970298, 16.660927, 551.0], [73.970016, 16.660652, 551.0], [73.969734, 16.660377, 551.0], [73.969452, 16.660103, 551.0], [73.96917, 16.659828, 552.0], [73.968888, 16.659554, 552.0], [73.968607, 16.659279, 553.0], [73.968323, 16.659278, 553.0], [73.96804, 16.659276, 553.0], [73.967755, 16.659548, 552.0], [73.967472, 16.659547, 552.0], [73.967188, 16.659545, 553.0], [73.966905, 16.659544, 553.0], [73.966621, 16.659542, 553.0], [73.966338, 16.659541, 554.0], [73.966055, 16.65954, 554.0], [73.965773, 16.659265, 554.0], [73.965491, 16.658991, 553.0], [73.965209, 16.658716, 550.0], [73.964926, 16.658715, 549.0], [73.964642, 16.658713, 550.0], [73.96436, 16.658439, 550.0], [73.964077, 16.658437, 551.0], [73.963794, 16.658436, 552.0], [73.963512, 16.658161, 552.0], [73.96323, 16.657887, 553.0], [73.962948, 16.657612, 554.0], [73.962666, 16.657337, 554.0], [73.962383, 16.657336, 554.0], [73.962101, 16.657061, 554.0], [73.961819, 16.656787, 553.0], [73.961537, 16.656512, 553.0], [73.961255, 16.656238, 553.0], [73.960973, 16.655963, 553.0], [73.961258, 16.655691, 553.0], [73.96126, 16.655418, 552.0], [73.961261, 16.655145, 551.0], [73.961263, 16.654872, 551.0], [73.961264, 16.654599, 551.0], [73.961265, 16.654326, 550.0], [73.961267, 16.654052, 549.0], [73.961268, 16.653779, 549.0], [73.96127, 16.653506, 551.0], [73.961555, 16.653234, 550.0], [73.96184, 16.652963, 550.0], [73.962124, 16.652691, 552.0], [73.962126, 16.652418, 552.0], [73.962127, 16.652145, 553.0], [73.961845, 16.65187, 553.0], [73.961847, 16.651597, 552.0], [73.961565, 16.651322, 552.0], [73.961283, 16.651048, 553.0], [73.961001, 16.650773, 553.0], [73.960719, 16.650499, 551.0], [73.960437, 16.650224, 550.0], [73.960154, 16.650223, 551.0], [73.959872, 16.649948, 551.0], [73.95959, 16.649673, 551.0], [73.959592, 16.6494, 552.0], [73.95931, 16.649126, 553.0], [73.959028, 16.648851, 553.0], [73.958746, 16.648577, 553.0], [73.958464, 16.648302, 553.0], [73.958181, 16.648301, 554.0], [73.958182, 16.648027, 554.0], [73.957901, 16.647753, 554.0], [73.957619, 16.647478, 554.0], [73.957337, 16.647204, 554.0], [73.957055, 16.646929, 552.0], [73.956772, 16.646928, 551.0], [73.956488, 16.646926, 551.0], [73.956206, 16.646652, 553.0], [73.955924, 16.646377, 554.0], [73.955643, 16.646103, 554.0], [73.955361, 16.645828, 553.0], [73.955077, 16.645827, 552.0], [73.955079, 16.645553, 553.0], [73.954797, 16.645279, 553.0], [73.954514, 16.645277, 553.0], [73.95423, 16.645276, 554.0], [73.953948, 16.645001, 554.0], [73.953667, 16.644727, 554.0], [73.953385, 16.644452, 553.0], [73.953103, 16.644178, 552.0], [73.952821, 16.643903, 551.0], [73.952539, 16.643628, 552.0], [73.952541, 16.643355, 553.0], [73.952542, 16.643082, 553.0], [73.95226, 16.642808, 551.0], [73.952262, 16.642534, 552.0], [73.952263, 16.642261, 553.0], [73.952265, 16.641988, 553.0], [73.952266, 16.641715, 553.0], [73.951984, 16.64144, 552.0], [73.951986, 16.641167, 551.0], [73.951704, 16.640893, 551.0], [73.951421, 16.640891, 551.0], [73.951139, 16.640617, 553.0], [73.950857, 16.640342, 554.0], [73.950574, 16.640341, 554.0], [73.950292, 16.640066, 554.0], [73.95001, 16.639791, 554.0], [73.949727, 16.63979, 553.0], [73.949443, 16.639789, 554.0], [73.94916, 16.639787, 555.0], [73.948876, 16.639786, 555.0], [73.948593, 16.639784, 553.0], [73.94831, 16.639783, 552.0], [73.948025, 16.640055, 554.0], [73.947742, 16.640053, 554.0], [73.947458, 16.640052, 554.0], [73.947175, 16.64005, 555.0], [73.946892, 16.640049, 554.0], [73.946607, 16.64032, 555.0], [73.946323, 16.640319, 555.0], [73.94604, 16.640318, 555.0], [73.945758, 16.640043, 555.0], [73.945475, 16.640042, 556.0], [73.945192, 16.64004, 557.0], [73.944908, 16.640039, 556.0], [73.944625, 16.640037, 554.0], [73.944342, 16.640036, 553.0], [73.944058, 16.640034, 553.0], [73.943775, 16.640033, 554.0], [73.943492, 16.640031, 554.0], [73.943208, 16.64003, 553.0], [73.942925, 16.640029, 553.0], [73.942642, 16.640027, 553.0], [73.942358, 16.640026, 554.0], [73.942075, 16.640024, 554.0], [73.941792, 16.640023, 554.0], [73.941508, 16.640021, 555.0], [73.941225, 16.64002, 556.0], [73.940942, 16.640018, 555.0], [73.940658, 16.640017, 554.0], [73.940376, 16.639742, 554.0], [73.940094, 16.639468, 553.0], [73.939813, 16.639193, 554.0], [73.939531, 16.638919, 557.0], [73.939249, 16.638644, 557.0], [73.938966, 16.638643, 557.0], [73.938684, 16.638368, 556.0], [73.938402, 16.638093, 556.0], [73.93812, 16.637819, 554.0], [73.937838, 16.637544, 554.0], [73.937556, 16.63727, 554.0], [73.937558, 16.636996, 554.0], [73.937276, 16.636722, 552.0], [73.937278, 16.636449, 554.0], [73.937279, 16.636176, 555.0], [73.937281, 16.635902, 554.0], [73.937282, 16.635629, 555.0], [73.937284, 16.635356, 555.0], [73.937285, 16.635083, 554.0], [73.937287, 16.63481, 555.0], [73.937288, 16.634537, 555.0], [73.93729, 16.634263, 555.0], [73.937291, 16.63399, 555.0], [73.937293, 16.633717, 555.0], [73.937294, 16.633444, 555.0], [73.937012, 16.633169, 555.0], [73.937014, 16.632896, 555.0], [73.937015, 16.632623, 555.0], [73.936734, 16.632348, 554.0], [73.936452, 16.632074, 554.0], [73.93617, 16.631799, 553.0], [73.935887, 16.631798, 554.0], [73.935888, 16.631525, 554.0], [73.935606, 16.63125, 555.0], [73.935324, 16.630975, 553.0], [73.935041, 16.630974, 554.0], [73.934759, 16.630699, 554.0], [73.934478, 16.630425, 554.0], [73.934196, 16.63015, 555.0], [73.933912, 16.630149, 556.0], [73.933631, 16.629874, 555.0], [73.933349, 16.6296, 556.0], [73.933067, 16.629325, 557.0], [73.932785, 16.62905, 557.0], [73.932502, 16.629049, 557.0], [73.932218, 16.629047, 556.0], [73.931937, 16.628773, 555.0], [73.931653, 16.628771, 555.0], [73.931369, 16.629043, 556.0], [73.931084, 16.629315, 557.0], [73.930799, 16.629586, 555.0], [73.930514, 16.629858, 554.0], [73.930231, 16.629857, 554.0], [73.929947, 16.629855, 554.0], [73.929666, 16.629581, 556.0], [73.929384, 16.629306, 557.0], [73.929102, 16.629031, 557.0], [73.92882, 16.628757, 555.0], [73.928537, 16.628755, 555.0], [73.928253, 16.628754, 554.0], [73.92797, 16.628752, 554.0], [73.927687, 16.628751, 555.0], [73.927405, 16.628476, 556.0], [73.927122, 16.628475, 555.0], [73.926838, 16.628473, 555.0], [73.926555, 16.628472, 554.0], [73.926273, 16.628197, 555.0], [73.92599, 16.628196, 555.0], [73.925707, 16.628194, 556.0], [73.925425, 16.62792, 557.0], [73.925143, 16.627645, 557.0], [73.92486, 16.627644, 557.0], [73.924576, 16.627642, 557.0], [73.924292, 16.627914, 556.0], [73.924008, 16.627912, 552.0], [73.923725, 16.627911, 553.0], [73.923442, 16.627909, 555.0], [73.92316, 16.627635, 557.0], [73.922876, 16.627633, 556.0], [73.922593, 16.627632, 554.0], [73.922311, 16.627357, 557.0], [73.922028, 16.627356, 558.0], [73.921746, 16.627081, 558.0], [73.921464, 16.626807, 558.0], [73.921183, 16.626532, 557.0], [73.920901, 16.626257, 556.0], [73.920618, 16.626256, 556.0], [73.920334, 16.626254, 557.0], [73.920052, 16.62598, 557.0], [73.919771, 16.625705, 557.0], [73.919487, 16.625704, 555.0], [73.919204, 16.625702, 554.0], [73.918922, 16.625428, 555.0], [73.918639, 16.625426, 557.0], [73.918356, 16.625425, 558.0], [73.918072, 16.625423, 557.0], [73.917789, 16.625422, 557.0], [73.917506, 16.62542, 557.0], [73.917222, 16.625419, 558.0], [73.916939, 16.625417, 558.0], [73.916656, 16.625416, 558.0], [73.916371, 16.625687, 558.0], [73.916088, 16.625686, 557.0], [73.915804, 16.625684, 557.0], [73.915521, 16.625683, 558.0], [73.915236, 16.625955, 559.0], [73.914951, 16.626226, 559.0], [73.914666, 16.626498, 559.0], [73.914382, 16.62677, 558.0], [73.914097, 16.627041, 558.0], [73.913813, 16.62704, 557.0], [73.913529, 16.627311, 558.0], [73.913245, 16.62731, 558.0], [73.91296, 16.627582, 559.0], [73.912677, 16.62758, 559.0], [73.912394, 16.627579, 559.0], [73.91211, 16.627577, 559.0], [73.911829, 16.627303, 559.0], [73.911547, 16.627028, 559.0], [73.911265, 16.626753, 559.0], [73.910983, 16.626479, 559.0], [73.910702, 16.626204, 558.0], [73.91042, 16.625929, 558.0], [73.910138, 16.625655, 558.0], [73.909855, 16.625653, 557.0], [73.909573, 16.625379, 558.0], [73.909291, 16.625104, 559.0], [73.909008, 16.625102, 558.0], [73.909009, 16.624829, 558.0], [73.909011, 16.624556, 559.0], [73.909012, 16.624283, 559.0], [73.908731, 16.624008, 559.0], [73.908732, 16.623735, 559.0], [73.908734, 16.623462, 559.0], [73.908735, 16.623189, 559.0], [73.908737, 16.622916, 559.0], [73.908738, 16.622643, 559.0], [73.908457, 16.622368, 559.0], [73.908175, 16.622093, 559.0], [73.907893, 16.621819, 559.0], [73.907611, 16.621544, 559.0], [73.907896, 16.621272, 558.0], [73.908181, 16.621001, 558.0], [73.908466, 16.620729, 559.0], [73.908467, 16.620456, 558.0], [73.908469, 16.620183, 557.0], [73.908187, 16.619908, 558.0], [73.908189, 16.619635, 558.0], [73.90819, 16.619362, 558.0], [73.908192, 16.619089, 559.0], [73.908193, 16.618816, 560.0], [73.908195, 16.618542, 560.0], [73.907913, 16.618268, 559.0], [73.907915, 16.617995, 560.0], [73.907633, 16.61772, 560.0], [73.907351, 16.617445, 560.0], [73.907069, 16.617171, 559.0], [73.906788, 16.616896, 558.0], [73.906504, 16.616895, 558.0], [73.906223, 16.61662, 559.0], [73.905939, 16.616618, 560.0], [73.905656, 16.616617, 560.0], [73.905373, 16.616615, 560.0], [73.905088, 16.616887, 560.0], [73.904803, 16.617159, 559.0], [73.904521, 16.616884, 560.0], [73.90424, 16.616609, 560.0], [73.903956, 16.616608, 560.0], [73.903674, 16.616333, 560.0], [73.903393, 16.616059, 558.0], [73.903394, 16.615786, 557.0], [73.903396, 16.615512, 557.0], [73.903397, 16.615239, 556.0], [73.903399, 16.614966, 556.0], [73.903117, 16.614691, 558.0], [73.902835, 16.614417, 558.0], [73.902554, 16.614142, 558.0], [73.902555, 16.613869, 558.0], [73.902273, 16.613594, 559.0], [73.901992, 16.61332, 558.0], [73.901708, 16.613318, 558.0], [73.901427, 16.613044, 560.0], [73.901428, 16.61277, 560.0], [73.90143, 16.612497, 559.0], [73.901431, 16.612224, 560.0], [73.90115, 16.611949, 560.0], [73.901151, 16.611676, 559.0], [73.900869, 16.611402, 560.0], [73.900588, 16.611127, 560.0], [73.900306, 16.610852, 560.0], [73.900024, 16.610578, 560.0], [73.899742, 16.610303, 559.0], [73.899744, 16.61003, 559.0], [73.899461, 16.610028, 558.0], [73.899179, 16.609754, 557.0], [73.898896, 16.609752, 558.0], [73.898614, 16.609478, 558.0], [73.898616, 16.609204, 557.0], [73.898334, 16.60893, 557.0], [73.898052, 16.608655, 559.0], [73.898054, 16.608382, 559.0], [73.897772, 16.608107, 560.0], [73.89749, 16.607833, 560.0], [73.897207, 16.607831, 560.0], [73.896924, 16.60783, 560.0], [73.896642, 16.607555, 560.0], [73.89636, 16.60728, 560.0], [73.896078, 16.607006, 560.0], [73.89608, 16.606733, 560.0], [73.895798, 16.606458, 561.0], [73.895517, 16.606183, 562.0], [73.895235, 16.605909, 561.0], [73.894953, 16.605634, 561.0], [73.894671, 16.605359, 561.0], [73.894388, 16.605358, 562.0], [73.89439, 16.605085, 561.0], [73.894108, 16.60481, 561.0], [73.893826, 16.604535, 561.0], [73.893544, 16.604261, 561.0], [73.893546, 16.603988, 562.0], [73.893548, 16.603714, 562.0], [73.893549, 16.603441, 562.0], [73.893834, 16.60317, 562.0], [73.893836, 16.602896, 561.0], [73.89412, 16.602625, 561.0], [73.894405, 16.602353, 562.0], [73.894407, 16.60208, 561.0], [73.894408, 16.601807, 561.0], [73.894127, 16.601532, 562.0], [73.893845, 16.601258, 562.0], [73.893563, 16.600983, 562.0], [73.893282, 16.600708, 562.0], [73.892998, 16.600707, 562.0], [73.892717, 16.600432, 562.0], [73.892718, 16.600159, 561.0], [73.892436, 16.599884, 562.0], [73.892155, 16.59961, 562.0], [73.891873, 16.599335, 561.0], [73.891591, 16.59906, 561.0], [73.89131, 16.598786, 559.0], [73.891026, 16.598784, 559.0], [73.890745, 16.598509, 562.0], [73.890463, 16.598235, 562.0], [73.890181, 16.59796, 562.0], [73.889899, 16.597685, 561.0], [73.889618, 16.597411, 561.0], [73.889619, 16.597138, 561.0], [73.889621, 16.596865, 561.0], [73.889622, 16.596591, 562.0], [73.889624, 16.596318, 562.0], [73.889342, 16.596044, 563.0], [73.889061, 16.595769, 563.0], [73.888779, 16.595494, 563.0], [73.888497, 16.59522, 562.0], [73.888216, 16.594945, 561.0], [73.887934, 16.59467, 560.0], [73.887935, 16.594397, 560.0], [73.887937, 16.594124, 560.0], [73.887939, 16.593851, 561.0], [73.88794, 16.593578, 563.0], [73.887658, 16.593303, 563.0], [73.88766, 16.59303, 563.0], [73.887662, 16.592757, 563.0], [73.887663, 16.592484, 563.0], [73.887948, 16.592212, 563.0], [73.88795, 16.591939, 563.0], [73.888234, 16.591667, 563.0], [73.888519, 16.591395, 564.0], [73.888802, 16.591397, 563.0], [73.889087, 16.591125, 564.0], [73.889089, 16.590852, 564.0], [73.88909, 16.590579, 564.0], [73.889092, 16.590306, 564.0], [73.889377, 16.590034, 564.0], [73.889662, 16.589763, 561.0], [73.889663, 16.589489, 561.0], [73.889665, 16.589216, 562.0], [73.889383, 16.588942, 563.0], [73.889385, 16.588669, 563.0], [73.889386, 16.588395, 563.0], [73.889671, 16.588124, 562.0], [73.889673, 16.587851, 563.0], [73.889674, 16.587577, 564.0], [73.889676, 16.587304, 564.0], [73.889677, 16.587031, 564.0], [73.889679, 16.586758, 564.0], [73.88968, 16.586485, 563.0], [73.889682, 16.586212, 564.0], [73.889684, 16.585939, 563.0], [73.889967, 16.58594, 566.0], [73.890252, 16.585668, 567.0], [73.890536, 16.585397, 567.0], [73.890538, 16.585124, 566.0], [73.89054, 16.58485, 564.0], [73.890541, 16.584577, 564.0], [73.890543, 16.584304, 565.0], [73.890544, 16.584031, 565.0], [73.890263, 16.583756, 567.0], [73.889981, 16.583482, 566.0], [73.889983, 16.583209, 566.0], [73.889984, 16.582935, 565.0], [73.889986, 16.582662, 564.0], [73.889987, 16.582389, 563.0], [73.889706, 16.582114, 565.0], [73.889707, 16.581841, 565.0], [73.889709, 16.581568, 565.0], [73.88971, 16.581295, 564.0], [73.889712, 16.581022, 565.0], [73.88943, 16.580747, 567.0], [73.889148, 16.580473, 566.0], [73.888867, 16.580198, 567.0], [73.888585, 16.579923, 567.0], [73.888587, 16.57965, 565.0], [73.888588, 16.579377, 564.0], [73.88859, 16.579104, 564.0], [73.888308, 16.578829, 565.0], [73.888026, 16.578554, 565.0], [73.888028, 16.578281, 564.0], [73.88803, 16.578008, 563.0], [73.888031, 16.577735, 564.0], [73.888033, 16.577462, 565.0], [73.888034, 16.577189, 565.0], [73.888036, 16.576916, 567.0], [73.888037, 16.576642, 567.0], [73.887756, 16.576368, 566.0], [73.887757, 16.576095, 567.0], [73.887759, 16.575821, 566.0], [73.88776, 16.575548, 564.0], [73.887479, 16.575274, 564.0], [73.887197, 16.574999, 565.0], [73.887199, 16.574726, 565.0], [73.8872, 16.574453, 564.0], [73.887202, 16.574179, 565.0], [73.887203, 16.573906, 566.0], [73.887205, 16.573633, 565.0], [73.887207, 16.57336, 565.0], [73.887208, 16.573087, 566.0], [73.88721, 16.572814, 567.0], [73.886928, 16.572539, 567.0], [73.886646, 16.572264, 567.0], [73.886365, 16.57199, 567.0], [73.886083, 16.571715, 567.0], [73.886085, 16.571442, 567.0], [73.885803, 16.571167, 568.0], [73.885804, 16.570894, 566.0], [73.885806, 16.570621, 566.0], [73.885524, 16.570346, 566.0], [73.885526, 16.570073, 566.0], [73.885528, 16.5698, 566.0], [73.885246, 16.569525, 567.0], [73.884963, 16.569524, 568.0], [73.884681, 16.569249, 568.0], [73.884683, 16.568976, 567.0], [73.884401, 16.568701, 567.0], [73.884119, 16.568427, 568.0], [73.884121, 16.568154, 566.0], [73.884122, 16.56788, 565.0], [73.883841, 16.567606, 567.0], [73.883842, 16.567333, 568.0], [73.883844, 16.567059, 568.0], [73.883845, 16.566786, 567.0], [73.883564, 16.566512, 567.0], [73.883565, 16.566238, 567.0], [73.883567, 16.565965, 568.0], [73.883569, 16.565692, 568.0], [73.88357, 16.565419, 568.0], [73.883287, 16.565417, 569.0], [73.883004, 16.565416, 569.0], [73.88272, 16.565414, 568.0], [73.882439, 16.56514, 568.0], [73.882157, 16.564865, 568.0], [73.881874, 16.564864, 568.0], [73.881591, 16.564862, 567.0], [73.881307, 16.564861, 567.0], [73.881024, 16.564859, 567.0], [73.880741, 16.564857, 569.0], [73.880458, 16.564856, 569.0], [73.880176, 16.564581, 570.0], [73.879893, 16.56458, 570.0], [73.87961, 16.564578, 570.0], [73.879326, 16.564577, 570.0], [73.879043, 16.564575, 570.0], [73.87876, 16.564574, 570.0], [73.878478, 16.564299, 570.0], [73.878195, 16.564297, 570.0], [73.877914, 16.564023, 571.0], [73.87763, 16.564021, 571.0], [73.877347, 16.56402, 571.0], [73.877064, 16.564018, 571.0], [73.876781, 16.564017, 571.0], [73.876499, 16.563742, 571.0], [73.876501, 16.563469, 571.0], [73.876785, 16.563197, 571.0], [73.876787, 16.562924, 571.0], [73.876789, 16.562651, 570.0], [73.877073, 16.562379, 570.0], [73.877358, 16.562108, 571.0], [73.87736, 16.561835, 571.0], [73.877645, 16.561563, 570.0], [73.877929, 16.561291, 569.0], [73.877931, 16.561018, 568.0], [73.877933, 16.560745, 568.0], [73.878217, 16.560473, 570.0], [73.878219, 16.5602, 570.0], [73.878504, 16.559929, 570.0], [73.878505, 16.559655, 571.0], [73.878507, 16.559382, 571.0], [73.878508, 16.559109, 572.0], [73.87851, 16.558836, 571.0], [73.878228, 16.558561, 571.0], [73.877947, 16.558287, 572.0], [73.877665, 16.558012, 571.0], [73.877383, 16.557737, 571.0], [73.877102, 16.557463, 572.0], [73.87682, 16.557188, 572.0], [73.876539, 16.556913, 572.0], [73.876257, 16.556639, 572.0], [73.875974, 16.556637, 574.0], [73.875692, 16.556362, 574.0], [73.87541, 16.556088, 574.0], [73.875129, 16.555813, 574.0], [73.874847, 16.555538, 574.0], [73.874566, 16.555264, 574.0], [73.874284, 16.554989, 574.0], [73.874001, 16.554988, 573.0], [73.873718, 16.554986, 571.0], [73.873434, 16.554984, 572.0], [73.873153, 16.55471, 573.0], [73.87287, 16.554708, 573.0], [73.872588, 16.554434, 574.0], [73.872306, 16.554159, 574.0], [73.872025, 16.553884, 573.0], [73.871743, 16.55361, 571.0], [73.871461, 16.553335, 573.0], [73.871178, 16.553333, 573.0], [73.870897, 16.553059, 573.0], [73.870615, 16.552784, 573.0], [73.870617, 16.552511, 574.0], [73.870335, 16.552236, 573.0], [73.870053, 16.551961, 570.0], [73.86977, 16.55196, 570.0], [73.869772, 16.551687, 572.0], [73.86949, 16.551412, 574.0], [73.869209, 16.551137, 573.0], [73.868927, 16.550863, 571.0], [73.868644, 16.550861, 571.0], [73.868362, 16.550586, 571.0], [73.868081, 16.550312, 571.0], [73.867799, 16.550037, 571.0], [73.867516, 16.550036, 571.0], [73.867234, 16.549761, 572.0], [73.867236, 16.549488, 572.0], [73.867237, 16.549215, 571.0], [73.867239, 16.548941, 571.0], [73.86724, 16.548668, 572.0], [73.867242, 16.548395, 572.0], [73.86696, 16.54812, 574.0], [73.866962, 16.547847, 575.0], [73.866964, 16.547574, 575.0], [73.866965, 16.547301, 575.0], [73.866967, 16.547028, 575.0], [73.866968, 16.546755, 575.0], [73.86697, 16.546482, 575.0], [73.866972, 16.546208, 576.0], [73.867256, 16.545937, 577.0], [73.867258, 16.545664, 575.0], [73.86726, 16.54539, 574.0], [73.867544, 16.545119, 574.0], [73.867546, 16.544846, 574.0], [73.867548, 16.544573, 574.0], [73.867832, 16.544301, 574.0], [73.867834, 16.544028, 574.0], [73.867836, 16.543755, 573.0], [73.867837, 16.543482, 573.0], [73.867556, 16.543207, 574.0], [73.867557, 16.542934, 573.0], [73.867276, 16.542659, 573.0], [73.866994, 16.542384, 575.0], [73.866996, 16.542111, 575.0], [73.866997, 16.541838, 575.0], [73.866999, 16.541565, 575.0], [73.867, 16.541292, 575.0], [73.866719, 16.541017, 575.0], [73.866437, 16.540742, 576.0], [73.866154, 16.540741, 576.0], [73.865872, 16.540466, 576.0], [73.865591, 16.540191, 577.0], [73.865309, 16.539917, 577.0], [73.865028, 16.539642, 575.0], [73.864746, 16.539367, 576.0], [73.864464, 16.539093, 576.0], [73.864183, 16.538818, 577.0], [73.863901, 16.538543, 576.0], [73.863903, 16.53827, 576.0], [73.863904, 16.537997, 576.0], [73.863623, 16.537722, 577.0], [73.863341, 16.537448, 577.0], [73.86306, 16.537173, 577.0], [73.862778, 16.536898, 576.0], [73.862495, 16.536897, 576.0], [73.862213, 16.536622, 577.0], [73.861932, 16.536347, 577.0], [73.861933, 16.536074, 577.0], [73.861935, 16.535801, 576.0], [73.86222, 16.535529, 577.0], [73.862505, 16.535258, 576.0], [73.862506, 16.534985, 575.0], [73.862508, 16.534711, 575.0], [73.862509, 16.534438, 577.0], [73.862511, 16.534165, 577.0], [73.862513, 16.533892, 577.0], [73.862231, 16.533617, 576.0], [73.861949, 16.533343, 575.0], [73.861668, 16.533068, 577.0], [73.861669, 16.532795, 578.0], [73.861671, 16.532522, 579.0], [73.861673, 16.532249, 579.0], [73.861957, 16.531977, 579.0], [73.862242, 16.531705, 579.0], [73.862244, 16.531432, 578.0], [73.862527, 16.531434, 579.0], [73.862812, 16.531162, 578.0], [73.863097, 16.53089, 578.0], [73.863098, 16.530617, 578.0], [73.8631, 16.530344, 580.0], [73.863101, 16.530071, 581.0], [73.863103, 16.529798, 582.0], [73.863388, 16.529526, 583.0], [73.863672, 16.529255, 582.0], [73.863957, 16.528983, 582.0], [73.863959, 16.52871, 580.0], [73.86396, 16.528437, 580.0], [73.863679, 16.528162, 579.0], [73.86368, 16.527889, 580.0], [73.863399, 16.527614, 580.0], [73.8634, 16.527341, 580.0], [73.863402, 16.527068, 580.0], [73.863121, 16.526793, 579.0], [73.863122, 16.52652, 578.0], [73.863124, 16.526247, 579.0], [73.863125, 16.525974, 580.0], [73.863127, 16.525701, 580.0], [73.863129, 16.525428, 580.0], [73.862847, 16.525153, 582.0], [73.862849, 16.52488, 583.0], [73.86285, 16.524607, 585.0], [73.862852, 16.524333, 586.0], [73.86257, 16.524059, 587.0], [73.862572, 16.523786, 589.0], [73.86229, 16.523511, 593.0], [73.862292, 16.523238, 593.0], [73.86201, 16.522963, 592.0], [73.861729, 16.522688, 589.0], [73.86173, 16.522415, 586.0], [73.861732, 16.522142, 583.0], [73.861733, 16.521869, 582.0], [73.861735, 16.521596, 584.0], [73.86202, 16.521324, 584.0], [73.862021, 16.521051, 585.0], [73.862023, 16.520778, 585.0], [73.862025, 16.520505, 584.0], [73.862026, 16.520232, 583.0], [73.862028, 16.519958, 584.0], [73.862029, 16.519685, 584.0], [73.862031, 16.519412, 583.0], [73.862033, 16.519139, 582.0], [73.861751, 16.518864, 586.0], [73.861753, 16.518591, 586.0], [73.861754, 16.518318, 584.0], [73.861756, 16.518045, 583.0], [73.862041, 16.517773, 584.0], [73.862042, 16.5175, 584.0], [73.862327, 16.517228, 583.0], [73.862612, 16.516957, 582.0], [73.862896, 16.516685, 582.0], [73.862898, 16.516412, 582.0], [73.8629, 16.516139, 582.0], [73.862901, 16.515866, 582.0], [73.862903, 16.515593, 582.0], [73.862621, 16.515318, 581.0], [73.86234, 16.515043, 582.0], [73.862058, 16.514769, 585.0], [73.861777, 16.514494, 585.0], [73.861495, 16.514219, 588.0], [73.861214, 16.513944, 589.0], [73.860932, 16.51367, 588.0], [73.86065, 16.513395, 587.0], [73.860652, 16.513122, 586.0], [73.860654, 16.512849, 586.0], [73.860655, 16.512576, 586.0], [73.860374, 16.512301, 585.0], [73.860375, 16.512028, 584.0], [73.860377, 16.511755, 585.0], [73.860379, 16.511481, 586.0], [73.86038, 16.511208, 587.0], [73.860382, 16.510935, 588.0], [73.860383, 16.510662, 587.0], [73.860102, 16.510387, 588.0], [73.85982, 16.510113, 588.0], [73.859822, 16.50984, 588.0], [73.859823, 16.509566, 588.0], [73.859825, 16.509293, 589.0], [73.859827, 16.50902, 590.0], [73.859828, 16.508747, 590.0], [73.860113, 16.508475, 590.0], [73.860398, 16.508204, 588.0], [73.860399, 16.507931, 587.0], [73.860684, 16.507659, 589.0], [73.860686, 16.507386, 590.0], [73.860687, 16.507113, 591.0], [73.860972, 16.506841, 591.0], [73.861257, 16.506569, 592.0], [73.861541, 16.506298, 593.0], [73.861826, 16.506026, 593.0], [73.862111, 16.505755, 593.0], [73.862396, 16.505483, 593.0], [73.86268, 16.505211, 593.0], [73.862965, 16.50494, 593.0], [73.863248, 16.504941, 591.0], [73.863531, 16.504943, 591.0], [73.863533, 16.50467, 593.0], [73.863818, 16.504398, 593.0], [73.863819, 16.504125, 593.0], [73.863821, 16.503852, 594.0], [73.863823, 16.503579, 594.0], [73.863824, 16.503306, 594.0], [73.863826, 16.503032, 594.0], [73.863544, 16.502758, 596.0], [73.863263, 16.502483, 597.0], [73.863264, 16.50221, 597.0], [73.862983, 16.501935, 596.0], [73.862984, 16.501662, 597.0], [73.863269, 16.50139, 596.0], [73.863554, 16.501119, 594.0], [73.863838, 16.500847, 594.0], [73.86384, 16.500574, 597.0], [73.864125, 16.500302, 598.0], [73.86441, 16.500031, 597.0], [73.864694, 16.499759, 598.0], [73.864979, 16.499488, 598.0], [73.865264, 16.499216, 597.0], [73.865548, 16.498944, 598.0], [73.865833, 16.498673, 599.0], [73.866118, 16.498401, 599.0], [73.866403, 16.49813, 599.0], [73.866404, 16.497856, 598.0], [73.866406, 16.497583, 600.0], [73.86669, 16.497312, 601.0], [73.866692, 16.497038, 601.0], [73.866694, 16.496765, 601.0], [73.866695, 16.496492, 602.0], [73.866697, 16.496219, 602.0], [73.866415, 16.495944, 603.0], [73.866417, 16.495671, 603.0], [73.866135, 16.495396, 603.0], [73.866137, 16.495123, 603.0], [73.866139, 16.49485, 603.0], [73.86614, 16.494577, 604.0], [73.866142, 16.494304, 604.0], [73.866143, 16.494031, 605.0], [73.866428, 16.493759, 606.0], [73.866711, 16.493761, 606.0], [73.866713, 16.493487, 607.0], [73.866997, 16.493216, 608.0], [73.867281, 16.493217, 609.0], [73.867564, 16.493219, 610.0], [73.867845, 16.493494, 611.0], [73.868128, 16.493495, 610.0], [73.868411, 16.493497, 609.0], [73.868695, 16.493498, 609.0], [73.868978, 16.4935, 611.0], [73.868976, 16.493773, 612.0], [73.869258, 16.494048, 612.0], [73.869539, 16.494322, 615.0], [73.869821, 16.494597, 617.0], [73.870104, 16.494598, 617.0], [73.870387, 16.4946, 617.0], [73.87067, 16.494602, 616.0], [73.870953, 16.494603, 616.0], [73.871236, 16.494605, 617.0], [73.871519, 16.494606, 619.0], [73.871801, 16.494881, 621.0], [73.872084, 16.494882, 623.0], [73.872367, 16.494884, 625.0], [73.87265, 16.494885, 626.0], [73.872933, 16.494887, 627.0], [73.873217, 16.494888, 627.0], [73.8735, 16.49489, 625.0], [73.873783, 16.494891, 624.0], [73.874066, 16.494893, 627.0], [73.874349, 16.494895, 631.0], [73.874631, 16.495169, 632.0], [73.874914, 16.495171, 631.0], [73.875197, 16.495172, 633.0], [73.875478, 16.495447, 636.0], [73.875761, 16.495448, 638.0], [73.876045, 16.49545, 640.0], [73.876328, 16.495451, 642.0], [73.876611, 16.495453, 644.0], [73.876892, 16.495728, 647.0], [73.877174, 16.496002, 648.0], [73.877455, 16.496277, 648.0], [73.877739, 16.496279, 649.0], [73.87802, 16.496553, 650.0], [73.878303, 16.496555, 651.0], [73.878585, 16.496829, 653.0], [73.878583, 16.497103, 655.0], [73.878865, 16.497377, 659.0], [73.878863, 16.49765, 662.0], [73.879145, 16.497925, 666.0], [73.879426, 16.4982, 671.0], [73.879708, 16.498474, 677.0], [73.879989, 16.498749, 683.0], [73.880273, 16.498751, 684.0], [73.880554, 16.499025, 692.0], [73.880837, 16.499027, 696.0], [73.881119, 16.499301, 703.0], [73.881402, 16.499303, 704.0], [73.881685, 16.499304, 711.0], [73.881967, 16.499579, 720.0], [73.882248, 16.499854, 730.0], [73.88253, 16.500128, 739.0], [73.882811, 16.500403, 748.0], [73.88281, 16.500676, 757.0], [73.882808, 16.500949, 768.0], [73.88309, 16.501224, 780.0], [73.883371, 16.501499, 786.0], [73.883653, 16.501773, 791.0], [73.883934, 16.502048, 795.0], [73.883933, 16.502321, 798.0], [73.884214, 16.502596, 805.0], [73.884496, 16.502871, 810.0], [73.884778, 16.503145, 814.0], [73.884776, 16.503418, 817.0], [73.884774, 16.503691, 821.0], [73.885056, 16.503966, 823.0], [73.885338, 16.504241, 825.0], [73.885621, 16.504242, 826.0], [73.885904, 16.504244, 827.0], [73.886187, 16.504245, 829.0], [73.886469, 16.50452, 832.0], [73.886752, 16.504522, 832.0], [73.887035, 16.504523, 835.0], [73.887316, 16.504798, 840.0], [73.887599, 16.504799, 845.0], [73.887881, 16.505074, 853.0], [73.888163, 16.505349, 859.0], [73.888446, 16.50535, 862.0], [73.888729, 16.505352, 865.0], [73.889014, 16.50508, 871.0], [73.889298, 16.504808, 878.0], [73.889581, 16.50481, 882.0], [73.889865, 16.504811, 887.0], [73.890148, 16.504813, 893.0], [73.890431, 16.504814, 900.0], [73.890712, 16.505089, 908.0], [73.890996, 16.50509, 913.0], [73.891279, 16.505092, 917.0], [73.89156, 16.505367, 922.0], [73.891842, 16.505641, 925.0], [73.89184, 16.505914, 928.0], [73.891839, 16.506188, 932.0]]]}}, {"type": "Feature", "properties": {"subbasin": "S9", "name": null, "reach_len": null, "reach_rel": null, "reach_sin": null, "reach_slo": null, "len_units": null, "layer": "longest_flowpath_network", "path": "E:\\Manasi_intern\\HMS_Shp\\longest_flowpath_network.shp"}, "geometry": {"type": "MultiLineString", "coordinates": [[[74.137304, 16.640518, 546.5], [74.137304, 16.640381, 547.0], [74.137305, 16.640108, 547.0], [74.137307, 16.639835, 547.0], [74.137308, 16.639562, 546.0], [74.137309, 16.639289, 548.0], [74.13731, 16.639015, 548.0], [74.137595, 16.638744, 548.0], [74.137879, 16.638472, 548.0], [74.137881, 16.638198, 548.0], [74.138165, 16.637926, 548.0], [74.13845, 16.637654, 548.0], [74.138451, 16.637381, 546.0], [74.138452, 16.637108, 545.0], [74.13817, 16.636834, 546.0], [74.138171, 16.636561, 546.0], [74.138456, 16.636289, 548.0], [74.13874, 16.636017, 548.0], [74.138742, 16.635743, 547.0], [74.139026, 16.635471, 547.0], [74.139027, 16.635198, 547.0], [74.139029, 16.634925, 548.0], [74.139313, 16.634653, 547.0], [74.139598, 16.634381, 547.0], [74.139599, 16.634108, 547.0], [74.139884, 16.633836, 548.0], [74.140168, 16.633564, 548.0], [74.140169, 16.633291, 547.0], [74.140454, 16.633019, 547.0], [74.140738, 16.632747, 545.0], [74.141023, 16.632475, 545.0], [74.141306, 16.632476, 545.0], [74.14159, 16.632477, 545.0], [74.141873, 16.632478, 544.0], [74.142158, 16.632206, 545.0], [74.142442, 16.631934, 546.0], [74.142727, 16.631662, 547.0], [74.143011, 16.63139, 545.0], [74.143296, 16.631118, 545.0], [74.143297, 16.630845, 546.0], [74.143582, 16.630573, 546.0], [74.143866, 16.630301, 547.0], [74.144151, 16.630029, 547.0], [74.144435, 16.629757, 546.0], [74.144437, 16.629484, 545.0], [74.144721, 16.629212, 546.0], [74.145006, 16.62894, 547.0], [74.14529, 16.628668, 544.0], [74.145291, 16.628395, 545.0], [74.145575, 16.628396, 546.0], [74.145859, 16.628124, 547.0], [74.146144, 16.627852, 548.0], [74.146428, 16.62758, 548.0], [74.146713, 16.627308, 547.0], [74.146996, 16.627309, 546.0], [74.14728, 16.62731, 546.0], [74.147563, 16.627311, 545.0], [74.147564, 16.627038, 547.0], [74.147849, 16.626766, 547.0], [74.148133, 16.626494, 543.0], [74.148418, 16.626222, 543.0], [74.148702, 16.62595, 543.0], [74.14842, 16.625676, 544.0], [74.148705, 16.625404, 544.0], [74.148989, 16.625132, 543.0], [74.149274, 16.62486, 543.0], [74.149558, 16.624588, 545.0], [74.149843, 16.624316, 546.0], [74.150127, 16.624044, 546.0], [74.150412, 16.623772, 546.0], [74.150696, 16.6235, 547.0], [74.150981, 16.623228, 546.0], [74.151264, 16.623229, 545.0], [74.151549, 16.622957, 545.0], [74.151833, 16.622685, 545.0], [74.151835, 16.622412, 546.0], [74.152119, 16.62214, 545.0], [74.152404, 16.621868, 543.0], [74.152688, 16.621596, 544.0], [74.152973, 16.621324, 547.0], [74.152974, 16.62105, 546.0], [74.152975, 16.620777, 546.0], [74.152976, 16.620504, 545.0], [74.152977, 16.620231, 543.0], [74.152695, 16.619957, 544.0], [74.152413, 16.619682, 545.0], [74.152414, 16.619409, 546.0], [74.152416, 16.619136, 546.0], [74.152417, 16.618863, 547.0], [74.152418, 16.61859, 547.0], [74.152419, 16.618316, 547.0], [74.15242, 16.618043, 545.0], [74.152705, 16.617771, 544.0], [74.152706, 16.617498, 545.0], [74.152707, 16.617225, 545.0], [74.152709, 16.616952, 545.0], [74.15271, 16.616679, 546.0], [74.152711, 16.616405, 546.0], [74.152712, 16.616132, 545.0], [74.15243, 16.615858, 544.0], [74.152148, 16.615584, 546.0], [74.152149, 16.61531, 546.0], [74.15215, 16.615037, 547.0], [74.152151, 16.614764, 547.0], [74.151869, 16.61449, 545.0], [74.151871, 16.614217, 544.0], [74.151872, 16.613943, 543.0], [74.151873, 16.61367, 544.0], [74.151591, 16.613396, 545.0], [74.151592, 16.613123, 546.0], [74.15131, 16.612848, 547.0], [74.151311, 16.612575, 546.0], [74.151312, 16.612302, 545.0], [74.151314, 16.612029, 545.0], [74.151315, 16.611756, 546.0], [74.151316, 16.611483, 545.0], [74.151317, 16.611209, 545.0], [74.151318, 16.610936, 545.0], [74.15132, 16.610663, 544.0], [74.151321, 16.61039, 544.0], [74.151322, 16.610117, 544.0], [74.151323, 16.609844, 544.0], [74.151324, 16.60957, 544.0], [74.151042, 16.609296, 544.0], [74.15076, 16.609022, 544.0], [74.151045, 16.60875, 544.0], [74.151329, 16.608478, 544.0], [74.151614, 16.608206, 544.0], [74.151898, 16.607934, 545.0], [74.152183, 16.607662, 546.0], [74.152184, 16.607388, 546.0], [74.152468, 16.607116, 546.0], [74.15247, 16.606843, 545.0], [74.152471, 16.60657, 546.0], [74.152472, 16.606297, 547.0], [74.152756, 16.606025, 545.0], [74.153041, 16.605753, 546.0], [74.153325, 16.605481, 545.0], [74.153327, 16.605208, 546.0], [74.153328, 16.604935, 547.0], [74.153329, 16.604661, 547.0], [74.15333, 16.604388, 547.0], [74.153331, 16.604115, 548.0], [74.153333, 16.603842, 547.0], [74.153334, 16.603569, 545.0], [74.153052, 16.603294, 544.0], [74.15277, 16.60302, 545.0], [74.152487, 16.602746, 544.0], [74.152205, 16.602471, 544.0], [74.151923, 16.602197, 547.0], [74.151641, 16.601923, 547.0], [74.151359, 16.601648, 548.0], [74.151077, 16.601374, 548.0], [74.150795, 16.6011, 547.0], [74.151079, 16.600828, 546.0], [74.151364, 16.600556, 545.0], [74.151365, 16.600283, 547.0], [74.151366, 16.600009, 548.0], [74.151651, 16.599737, 547.0], [74.151935, 16.599465, 548.0], [74.15222, 16.599193, 547.0], [74.152221, 16.59892, 546.0], [74.152222, 16.598647, 546.0], [74.15194, 16.598373, 548.0], [74.151658, 16.598098, 547.0], [74.151376, 16.597824, 546.0], [74.151093, 16.597823, 546.0], [74.15081, 16.597549, 545.0], [74.150528, 16.597274, 545.0], [74.150246, 16.597, 546.0], [74.149963, 16.596999, 547.0], [74.149681, 16.596724, 547.0], [74.149399, 16.59645, 545.0], [74.149117, 16.596176, 545.0], [74.148833, 16.596175, 544.0], [74.148551, 16.5959, 545.0], [74.148268, 16.595899, 546.0], [74.147986, 16.595625, 547.0], [74.147704, 16.59535, 547.0], [74.147422, 16.595076, 548.0], [74.14714, 16.594802, 547.0], [74.146858, 16.594527, 547.0], [74.146576, 16.594253, 547.0], [74.146293, 16.593979, 546.0], [74.146011, 16.593704, 544.0], [74.145729, 16.59343, 543.0], [74.145447, 16.593156, 544.0], [74.145165, 16.592881, 544.0], [74.144883, 16.592607, 544.0], [74.144884, 16.592334, 544.0], [74.144602, 16.59206, 544.0], [74.14432, 16.591785, 543.0], [74.144037, 16.591784, 542.0], [74.143755, 16.59151, 544.0], [74.143473, 16.591235, 545.0], [74.143191, 16.590961, 546.0], [74.142909, 16.590687, 547.0], [74.142626, 16.590412, 548.0], [74.142343, 16.590411, 547.0], [74.14206, 16.59041, 545.0], [74.141777, 16.590409, 544.0], [74.141493, 16.590408, 543.0], [74.141211, 16.590133, 543.0], [74.140928, 16.590132, 545.0], [74.140645, 16.590131, 544.0], [74.140361, 16.59013, 544.0], [74.140078, 16.590129, 544.0], [74.139795, 16.590128, 545.0], [74.139512, 16.590126, 545.0], [74.139227, 16.590398, 547.0], [74.138944, 16.590397, 547.0], [74.13866, 16.590396, 547.0], [74.138377, 16.590395, 548.0], [74.138094, 16.590394, 547.0], [74.137811, 16.590393, 546.0], [74.137529, 16.590118, 545.0], [74.137247, 16.589844, 547.0], [74.136963, 16.589843, 547.0], [74.13668, 16.589841, 548.0], [74.136398, 16.589567, 548.0], [74.136116, 16.589293, 548.0], [74.135834, 16.589018, 548.0], [74.135552, 16.588744, 548.0], [74.135268, 16.588743, 547.0], [74.134986, 16.588469, 548.0], [74.134704, 16.588194, 547.0], [74.134422, 16.58792, 545.0], [74.13414, 16.587646, 545.0], [74.133857, 16.587644, 545.0], [74.133575, 16.58737, 545.0], [74.133293, 16.587096, 545.0], [74.133294, 16.586822, 546.0], [74.133295, 16.586549, 547.0], [74.133013, 16.586275, 548.0], [74.132731, 16.586001, 548.0], [74.132449, 16.585726, 547.0], [74.132167, 16.585452, 547.0], [74.131885, 16.585178, 546.0], [74.131603, 16.584903, 547.0], [74.13132, 16.584902, 547.0], [74.131038, 16.584628, 547.0], [74.130756, 16.584353, 547.0], [74.130757, 16.58408, 547.0], [74.130475, 16.583806, 546.0], [74.130193, 16.583531, 548.0], [74.129911, 16.583257, 547.0], [74.129629, 16.582983, 546.0], [74.129347, 16.582708, 547.0], [74.129065, 16.582434, 548.0], [74.128783, 16.58216, 547.0], [74.1285, 16.581885, 546.0], [74.128218, 16.581611, 546.0], [74.127936, 16.581337, 546.0], [74.127654, 16.581062, 546.0], [74.127372, 16.580788, 546.0], [74.127374, 16.580515, 547.0], [74.127092, 16.58024, 547.0], [74.126809, 16.579966, 546.0], [74.126526, 16.579965, 546.0], [74.126243, 16.579964, 547.0], [74.125958, 16.580236, 547.0], [74.125675, 16.580234, 547.0], [74.125392, 16.580233, 546.0], [74.125109, 16.580232, 547.0], [74.124825, 16.580231, 547.0], [74.124542, 16.58023, 546.0], [74.124259, 16.580228, 546.0], [74.123977, 16.579954, 547.0], [74.123695, 16.57968, 548.0], [74.123412, 16.579679, 548.0], [74.123128, 16.579677, 548.0], [74.122845, 16.579676, 548.0], [74.122562, 16.579675, 548.0], [74.122277, 16.579947, 547.0], [74.121994, 16.579946, 546.0], [74.121711, 16.579945, 544.0], [74.121427, 16.579943, 543.0], [74.121144, 16.579942, 545.0], [74.120861, 16.579941, 546.0], [74.120579, 16.579667, 548.0], [74.120297, 16.579392, 547.0], [74.120014, 16.579391, 544.0], [74.120015, 16.579118, 547.0], [74.119733, 16.578843, 548.0], [74.119451, 16.578569, 547.0], [74.119169, 16.578295, 546.0], [74.118887, 16.57802, 548.0], [74.118605, 16.577746, 547.0], [74.118323, 16.577472, 547.0], [74.118041, 16.577197, 547.0], [74.117759, 16.576923, 547.0], [74.117475, 16.576922, 547.0], [74.117192, 16.576921, 547.0], [74.116909, 16.576919, 548.0], [74.116627, 16.576645, 548.0], [74.116345, 16.576371, 546.0], [74.116062, 16.576369, 546.0], [74.11578, 16.576095, 548.0], [74.115498, 16.575821, 547.0], [74.115216, 16.575546, 547.0], [74.114934, 16.575272, 548.0], [74.114652, 16.574998, 548.0], [74.11437, 16.574723, 547.0], [74.114088, 16.574449, 547.0], [74.113805, 16.574174, 547.0], [74.11409, 16.573902, 546.0], [74.114375, 16.57363, 548.0], [74.114659, 16.573359, 548.0], [74.114944, 16.573087, 547.0], [74.114945, 16.572813, 547.0], [74.114946, 16.57254, 546.0], [74.114664, 16.572266, 546.0], [74.114665, 16.571993, 546.0], [74.114383, 16.571718, 547.0], [74.114384, 16.571445, 547.0], [74.114101, 16.571444, 548.0], [74.113819, 16.57117, 548.0], [74.113537, 16.570895, 547.0], [74.113538, 16.570622, 547.0], [74.11354, 16.570349, 547.0], [74.113541, 16.570076, 546.0], [74.113259, 16.569801, 548.0], [74.112977, 16.569527, 546.0], [74.112695, 16.569253, 544.0], [74.112696, 16.568979, 543.0], [74.112697, 16.568706, 543.0], [74.112699, 16.568433, 543.0], [74.1127, 16.56816, 544.0], [74.112701, 16.567887, 545.0], [74.112702, 16.567614, 546.0], [74.112987, 16.567342, 546.0], [74.112988, 16.567068, 546.0], [74.112989, 16.566795, 546.0], [74.112991, 16.566522, 547.0], [74.112992, 16.566249, 547.0], [74.112993, 16.565976, 546.0], [74.112994, 16.565703, 545.0], [74.112996, 16.565429, 545.0], [74.112997, 16.565156, 545.0], [74.112998, 16.564883, 546.0], [74.112999, 16.56461, 547.0], [74.113001, 16.564337, 548.0], [74.113002, 16.564064, 547.0], [74.113003, 16.56379, 545.0], [74.113004, 16.563517, 545.0], [74.112723, 16.563243, 545.0], [74.112724, 16.56297, 545.0], [74.112725, 16.562696, 545.0], [74.112726, 16.562423, 546.0], [74.112728, 16.56215, 547.0], [74.113012, 16.561878, 547.0], [74.113013, 16.561605, 548.0], [74.113298, 16.561333, 547.0], [74.113299, 16.56106, 547.0], [74.1133, 16.560787, 547.0], [74.113301, 16.560514, 547.0], [74.113303, 16.56024, 547.0], [74.113304, 16.559967, 547.0], [74.113305, 16.559694, 547.0], [74.113306, 16.559421, 547.0], [74.113591, 16.559149, 546.0], [74.113875, 16.558877, 547.0], [74.113877, 16.558604, 547.0], [74.113878, 16.558331, 546.0], [74.113879, 16.558057, 545.0], [74.11388, 16.557784, 546.0], [74.113882, 16.557511, 545.0], [74.113883, 16.557238, 545.0], [74.113884, 16.556965, 547.0], [74.113885, 16.556692, 548.0], [74.113887, 16.556418, 548.0], [74.113888, 16.556145, 547.0], [74.113606, 16.555871, 548.0], [74.113607, 16.555598, 548.0], [74.113608, 16.555325, 546.0], [74.11361, 16.555051, 546.0], [74.113326, 16.55505, 548.0], [74.113044, 16.554776, 548.0], [74.112763, 16.554501, 548.0], [74.112764, 16.554228, 549.0], [74.112765, 16.553955, 547.0], [74.112483, 16.553681, 546.0], [74.112484, 16.553408, 547.0], [74.112486, 16.553134, 548.0], [74.112204, 16.55286, 547.0], [74.112205, 16.552587, 547.0], [74.111923, 16.552312, 548.0], [74.111641, 16.552038, 549.0], [74.111359, 16.551764, 547.0], [74.111077, 16.551489, 547.0], [74.111361, 16.551217, 549.0], [74.111646, 16.550945, 549.0], [74.11193, 16.550673, 548.0], [74.111932, 16.5504, 546.0], [74.111933, 16.550127, 547.0], [74.111651, 16.549853, 549.0], [74.111369, 16.549578, 549.0], [74.11137, 16.549305, 549.0], [74.111655, 16.549033, 549.0], [74.111939, 16.548761, 549.0], [74.11194, 16.548488, 548.0], [74.112225, 16.548216, 549.0], [74.112226, 16.547943, 548.0], [74.112511, 16.547671, 549.0], [74.112795, 16.547399, 549.0], [74.113079, 16.547127, 548.0], [74.113081, 16.546854, 548.0], [74.113082, 16.546581, 549.0], [74.113366, 16.546309, 549.0], [74.113651, 16.546037, 548.0], [74.113935, 16.545765, 548.0], [74.113937, 16.545492, 547.0], [74.114221, 16.54522, 547.0], [74.114222, 16.544946, 548.0], [74.114224, 16.544673, 549.0], [74.114225, 16.5444, 549.0], [74.114226, 16.544127, 547.0], [74.114227, 16.543854, 547.0], [74.114229, 16.543581, 547.0], [74.11423, 16.543307, 547.0], [74.114231, 16.543034, 548.0], [74.114232, 16.542761, 547.0], [74.114234, 16.542488, 546.0], [74.113952, 16.542214, 545.0], [74.113953, 16.54194, 547.0], [74.113954, 16.541667, 548.0], [74.113955, 16.541394, 548.0], [74.113957, 16.541121, 546.0], [74.113958, 16.540848, 546.0], [74.113959, 16.540575, 546.0], [74.113677, 16.5403, 546.0], [74.113395, 16.540026, 548.0], [74.113396, 16.539753, 549.0], [74.113398, 16.539479, 551.0], [74.113116, 16.539205, 551.0], [74.112834, 16.538931, 550.0], [74.112552, 16.538656, 550.0], [74.112553, 16.538383, 550.0], [74.112271, 16.538109, 550.0], [74.111989, 16.537834, 550.0], [74.111707, 16.53756, 550.0], [74.111425, 16.537286, 550.0], [74.111143, 16.537011, 550.0], [74.110861, 16.536737, 550.0], [74.110579, 16.536463, 550.0], [74.110296, 16.536461, 550.0], [74.110014, 16.536187, 548.0], [74.109732, 16.535913, 549.0], [74.10945, 16.535638, 550.0], [74.109168, 16.535364, 550.0], [74.108885, 16.535363, 549.0], [74.108602, 16.535361, 547.0], [74.10832, 16.535087, 549.0], [74.108037, 16.535086, 550.0], [74.107754, 16.535085, 551.0], [74.10747, 16.535083, 551.0], [74.107186, 16.535355, 551.0], [74.106901, 16.535627, 551.0], [74.106617, 16.535899, 551.0], [74.106333, 16.536171, 550.0], [74.106049, 16.53617, 551.0], [74.105766, 16.536169, 550.0], [74.105483, 16.536168, 549.0], [74.1052, 16.536166, 548.0], [74.104917, 16.536165, 547.0], [74.104632, 16.536437, 548.0], [74.104348, 16.536709, 549.0], [74.104064, 16.536708, 550.0], [74.103781, 16.536707, 551.0], [74.103498, 16.536705, 551.0], [74.103215, 16.536704, 550.0], [74.10293, 16.536976, 548.0], [74.102646, 16.537248, 548.0], [74.102363, 16.537247, 549.0], [74.102079, 16.537246, 549.0], [74.101796, 16.537244, 549.0], [74.101514, 16.53697, 550.0], [74.101231, 16.536969, 550.0], [74.100949, 16.536694, 550.0], [74.100667, 16.53642, 549.0], [74.100385, 16.536146, 550.0], [74.100103, 16.535871, 550.0], [74.09982, 16.53587, 549.0], [74.099537, 16.535869, 550.0], [74.099254, 16.535868, 550.0], [74.098971, 16.535866, 549.0], [74.098687, 16.535865, 549.0], [74.098404, 16.535864, 549.0], [74.098121, 16.535863, 549.0], [74.097838, 16.535862, 549.0], [74.097556, 16.535587, 549.0], [74.097273, 16.535586, 549.0], [74.096991, 16.535312, 549.0], [74.096708, 16.53531, 549.0], [74.096424, 16.535309, 549.0], [74.09614, 16.535581, 550.0], [74.095855, 16.535853, 550.0], [74.095572, 16.535852, 550.0], [74.095289, 16.53585, 551.0], [74.095007, 16.535576, 551.0], [74.094725, 16.535302, 551.0], [74.094442, 16.5353, 550.0], [74.09416, 16.535026, 550.0], [74.093878, 16.534752, 550.0], [74.093596, 16.534477, 550.0], [74.093313, 16.534476, 550.0], [74.093031, 16.534202, 549.0], [74.092749, 16.533927, 549.0], [74.09275, 16.533654, 548.0], [74.092752, 16.533381, 550.0], [74.092753, 16.533108, 550.0], [74.092754, 16.532835, 550.0], [74.092756, 16.532561, 551.0], [74.092757, 16.532288, 550.0], [74.092758, 16.532015, 548.0], [74.092759, 16.531742, 549.0], [74.092761, 16.531469, 550.0], [74.092762, 16.531196, 551.0], [74.092763, 16.530922, 550.0], [74.092764, 16.530649, 550.0], [74.092766, 16.530376, 550.0], [74.092484, 16.530102, 549.0], [74.092485, 16.529828, 550.0], [74.092202, 16.529827, 552.0], [74.09192, 16.529553, 552.0], [74.091638, 16.529278, 551.0], [74.091356, 16.529004, 552.0], [74.091074, 16.52873, 549.0], [74.090792, 16.528455, 549.0], [74.09051, 16.528181, 552.0], [74.090229, 16.527906, 551.0], [74.089947, 16.527632, 550.0], [74.089663, 16.527631, 550.0], [74.089382, 16.527356, 552.0], [74.0891, 16.527082, 552.0], [74.088816, 16.527081, 551.0], [74.088533, 16.52708, 550.0], [74.08825, 16.527078, 549.0], [74.087967, 16.527077, 549.0], [74.087684, 16.527076, 551.0], [74.087401, 16.527075, 550.0], [74.087117, 16.527073, 549.0], [74.086834, 16.527072, 549.0], [74.086551, 16.527071, 552.0], [74.086268, 16.52707, 552.0], [74.085986, 16.526795, 552.0], [74.085704, 16.526521, 552.0], [74.085422, 16.526246, 551.0], [74.08514, 16.525972, 549.0], [74.084857, 16.525971, 549.0], [74.084574, 16.52597, 549.0], [74.084289, 16.526241, 549.0], [74.084006, 16.52624, 549.0], [74.083723, 16.526239, 549.0], [74.083438, 16.526511, 549.0], [74.083154, 16.526783, 549.0], [74.082871, 16.526782, 549.0], [74.082588, 16.52678, 549.0], [74.082306, 16.526506, 550.0], [74.082024, 16.526232, 550.0], [74.081742, 16.525957, 550.0], [74.08146, 16.525683, 551.0], [74.081178, 16.525408, 552.0], [74.080896, 16.525134, 552.0], [74.080613, 16.525133, 552.0], [74.08033, 16.525131, 551.0], [74.080048, 16.524857, 552.0], [74.079766, 16.524583, 552.0], [74.079483, 16.524581, 552.0], [74.0792, 16.52458, 552.0], [74.078915, 16.524852, 552.0], [74.078632, 16.524851, 550.0], [74.078349, 16.524849, 550.0], [74.078067, 16.524575, 552.0], [74.077785, 16.524301, 552.0], [74.077503, 16.524026, 552.0], [74.077505, 16.523753, 551.0], [74.077506, 16.52348, 552.0], [74.077224, 16.523205, 553.0], [74.076941, 16.523204, 553.0], [74.076659, 16.52293, 553.0], [74.076377, 16.522655, 553.0], [74.076095, 16.522381, 552.0], [74.075813, 16.522107, 551.0], [74.075531, 16.521832, 551.0], [74.07525, 16.521558, 551.0], [74.074968, 16.521283, 551.0], [74.074686, 16.521009, 551.0], [74.07497, 16.520737, 552.0], [74.074972, 16.520464, 553.0], [74.074973, 16.520191, 552.0], [74.074974, 16.519917, 552.0], [74.074975, 16.519644, 553.0], [74.074977, 16.519371, 553.0], [74.074978, 16.519098, 551.0], [74.074979, 16.518825, 550.0], [74.074697, 16.51855, 549.0], [74.074416, 16.518276, 551.0], [74.074132, 16.518275, 551.0], [74.073851, 16.518, 550.0], [74.073569, 16.517726, 549.0], [74.073286, 16.517725, 549.0], [74.073287, 16.517451, 549.0], [74.073005, 16.517177, 550.0], [74.072723, 16.516903, 551.0], [74.072724, 16.516629, 551.0], [74.072443, 16.516355, 551.0], [74.072161, 16.516081, 552.0], [74.071879, 16.515806, 553.0], [74.071597, 16.515532, 553.0], [74.071598, 16.515258, 552.0], [74.0716, 16.514985, 553.0], [74.071601, 16.514712, 552.0], [74.071319, 16.514438, 552.0], [74.071037, 16.514163, 550.0], [74.071038, 16.51389, 549.0], [74.07104, 16.513617, 549.0], [74.071041, 16.513344, 551.0], [74.070759, 16.513069, 551.0], [74.070477, 16.512795, 550.0], [74.070195, 16.512521, 550.0], [74.069914, 16.512246, 551.0], [74.069632, 16.511972, 553.0], [74.06935, 16.511697, 552.0], [74.069068, 16.511423, 551.0], [74.068786, 16.511148, 552.0], [74.068787, 16.510875, 551.0], [74.068789, 16.510602, 551.0], [74.06879, 16.510329, 550.0], [74.068791, 16.510056, 551.0], [74.068793, 16.509783, 551.0], [74.068511, 16.509508, 552.0], [74.068512, 16.509235, 552.0], [74.068229, 16.509234, 552.0], [74.067947, 16.508959, 552.0], [74.067665, 16.508685, 553.0], [74.067383, 16.50841, 553.0], [74.067102, 16.508136, 553.0], [74.066818, 16.508135, 553.0], [74.066534, 16.508407, 552.0], [74.06625, 16.508679, 552.0], [74.065965, 16.50895, 553.0], [74.065681, 16.509222, 553.0], [74.065396, 16.509494, 553.0], [74.065112, 16.509766, 551.0], [74.064827, 16.510038, 553.0], [74.064545, 16.509764, 552.0], [74.064262, 16.509762, 551.0], [74.063979, 16.509761, 550.0], [74.063696, 16.50976, 550.0], [74.063413, 16.509759, 550.0], [74.06313, 16.509757, 550.0], [74.062848, 16.509483, 550.0], [74.062565, 16.509482, 551.0], [74.062281, 16.50948, 552.0], [74.062, 16.509206, 550.0], [74.061716, 16.509205, 550.0], [74.061433, 16.509203, 550.0], [74.061151, 16.508929, 552.0], [74.06087, 16.508654, 552.0], [74.060588, 16.50838, 551.0], [74.060306, 16.508106, 550.0], [74.060023, 16.508104, 550.0], [74.059741, 16.50783, 550.0], [74.059459, 16.507555, 552.0], [74.059177, 16.507281, 553.0], [74.058895, 16.507006, 553.0], [74.058614, 16.506732, 553.0], [74.058332, 16.506458, 553.0], [74.05805, 16.506183, 553.0], [74.058334, 16.505911, 553.0], [74.058336, 16.505638, 553.0], [74.05862, 16.505366, 553.0], [74.058905, 16.505094, 551.0], [74.059189, 16.504822, 552.0], [74.059474, 16.504551, 551.0], [74.059475, 16.504277, 550.0], [74.059758, 16.504279, 551.0], [74.060043, 16.504007, 551.0], [74.060044, 16.503734, 551.0], [74.060045, 16.50346, 552.0], [74.060046, 16.503187, 551.0], [74.059765, 16.502913, 552.0], [74.059483, 16.502638, 551.0], [74.059201, 16.502364, 550.0], [74.058918, 16.502363, 549.0], [74.058636, 16.502088, 548.0], [74.058353, 16.502087, 548.0], [74.058071, 16.501812, 548.0], [74.057789, 16.501538, 548.0], [74.057507, 16.501264, 548.0], [74.057226, 16.500989, 549.0], [74.056944, 16.500715, 552.0], [74.056662, 16.50044, 552.0], [74.056379, 16.500439, 551.0], [74.05638, 16.500166, 551.0], [74.056098, 16.499891, 551.0], [74.055816, 16.499617, 551.0], [74.055535, 16.499343, 551.0], [74.055253, 16.499068, 551.0], [74.054971, 16.498794, 552.0], [74.054688, 16.498792, 551.0], [74.054689, 16.498519, 551.0], [74.054407, 16.498245, 551.0], [74.054126, 16.49797, 551.0], [74.053844, 16.497696, 552.0], [74.054128, 16.497424, 552.0], [74.054413, 16.497152, 551.0], [74.054697, 16.49688, 552.0], [74.054982, 16.496608, 553.0], [74.055266, 16.496336, 551.0], [74.055267, 16.496063, 550.0], [74.055552, 16.495791, 550.0], [74.055553, 16.495518, 552.0], [74.055555, 16.495245, 552.0], [74.055556, 16.494972, 552.0], [74.055274, 16.494697, 552.0], [74.055275, 16.494424, 553.0], [74.055277, 16.494151, 553.0], [74.055278, 16.493878, 552.0], [74.054996, 16.493603, 552.0], [74.054714, 16.493329, 552.0], [74.054716, 16.493056, 553.0], [74.054434, 16.492781, 553.0], [74.054152, 16.492507, 552.0], [74.05387, 16.492233, 553.0], [74.053589, 16.491958, 553.0], [74.053307, 16.491684, 551.0], [74.053025, 16.491409, 552.0], [74.052743, 16.491135, 553.0], [74.052461, 16.49086, 552.0], [74.052463, 16.490587, 553.0], [74.052181, 16.490313, 554.0], [74.051899, 16.490038, 554.0], [74.051617, 16.489764, 554.0], [74.051335, 16.489489, 553.0], [74.051054, 16.489215, 552.0], [74.050772, 16.48894, 553.0], [74.05049, 16.488666, 554.0], [74.050207, 16.488665, 554.0], [74.049925, 16.48839, 553.0], [74.049642, 16.488389, 552.0], [74.049359, 16.488388, 552.0], [74.049076, 16.488386, 553.0], [74.048791, 16.488658, 554.0], [74.048507, 16.48893, 551.0], [74.048224, 16.488929, 550.0], [74.047941, 16.488928, 550.0], [74.047657, 16.488926, 551.0], [74.047374, 16.488925, 551.0], [74.047091, 16.488924, 552.0], [74.046808, 16.488922, 551.0], [74.046525, 16.488921, 551.0], [74.046243, 16.488647, 552.0], [74.045961, 16.488372, 552.0], [74.045678, 16.488371, 552.0], [74.045396, 16.488096, 553.0], [74.045115, 16.487822, 554.0], [74.044832, 16.487821, 554.0], [74.04455, 16.487546, 554.0], [74.044267, 16.487545, 553.0], [74.043983, 16.487544, 554.0], [74.0437, 16.487542, 554.0], [74.043419, 16.487268, 554.0], [74.043137, 16.486993, 553.0], [74.043138, 16.48672, 554.0], [74.043423, 16.486448, 553.0], [74.043424, 16.486175, 553.0], [74.043708, 16.485903, 552.0], [74.04371, 16.48563, 552.0], [74.043994, 16.485358, 554.0], [74.044279, 16.485086, 554.0], [74.044563, 16.484815, 553.0], [74.044564, 16.484541, 552.0], [74.044566, 16.484268, 551.0], [74.044567, 16.483995, 551.0], [74.044285, 16.483721, 551.0], [74.044287, 16.483447, 551.0], [74.044288, 16.483174, 552.0], [74.044289, 16.482901, 552.0], [74.044574, 16.482629, 552.0], [74.044858, 16.482357, 554.0], [74.045143, 16.482085, 554.0], [74.045427, 16.481814, 554.0], [74.045712, 16.481542, 553.0], [74.045713, 16.481269, 553.0], [74.045714, 16.480995, 553.0], [74.045716, 16.480722, 553.0], [74.046, 16.48045, 553.0], [74.046001, 16.480177, 553.0], [74.046003, 16.479904, 553.0], [74.046287, 16.479632, 554.0], [74.046572, 16.47936, 553.0], [74.046856, 16.479088, 552.0], [74.047141, 16.478817, 552.0], [74.047142, 16.478543, 552.0], [74.047425, 16.478545, 552.0], [74.047708, 16.478546, 551.0], [74.047991, 16.478547, 552.0], [74.048276, 16.478275, 554.0], [74.04856, 16.478003, 555.0], [74.048845, 16.477732, 555.0], [74.049129, 16.47746, 555.0], [74.049414, 16.477188, 553.0], [74.049698, 16.476916, 554.0], [74.049699, 16.476643, 553.0], [74.049701, 16.47637, 551.0], [74.049702, 16.476096, 549.0], [74.04942, 16.475822, 551.0], [74.049137, 16.475821, 552.0], [74.049138, 16.475548, 553.0], [74.048857, 16.475273, 553.0], [74.048575, 16.474999, 552.0], [74.048292, 16.474997, 551.0], [74.04801, 16.474723, 552.0], [74.047727, 16.474722, 554.0], [74.047445, 16.474447, 555.0], [74.047163, 16.474173, 555.0], [74.046882, 16.473898, 555.0], [74.046883, 16.473625, 555.0], [74.046884, 16.473352, 555.0], [74.046886, 16.473079, 554.0], [74.04717, 16.472807, 556.0], [74.047454, 16.472535, 555.0], [74.047739, 16.472263, 555.0], [74.048023, 16.471991, 554.0], [74.048308, 16.471719, 553.0], [74.048309, 16.471446, 552.0], [74.04831, 16.471173, 552.0], [74.048595, 16.470901, 552.0], [74.048879, 16.470629, 555.0], [74.048881, 16.470356, 555.0], [74.049165, 16.470084, 555.0], [74.049449, 16.469812, 555.0], [74.049734, 16.46954, 553.0], [74.049735, 16.469267, 553.0], [74.049737, 16.468994, 554.0], [74.049455, 16.46872, 555.0], [74.049456, 16.468446, 555.0], [74.049457, 16.468173, 555.0], [74.049459, 16.4679, 555.0], [74.04946, 16.467627, 556.0], [74.049461, 16.467354, 556.0], [74.04918, 16.467079, 556.0], [74.049181, 16.466806, 555.0], [74.048899, 16.466532, 555.0], [74.048618, 16.466257, 556.0], [74.048336, 16.465983, 556.0], [74.048337, 16.46571, 555.0], [74.048338, 16.465437, 556.0], [74.04834, 16.465163, 556.0], [74.048341, 16.46489, 555.0], [74.048342, 16.464617, 554.0], [74.048344, 16.464344, 554.0], [74.048062, 16.464069, 555.0], [74.04778, 16.463795, 556.0], [74.047498, 16.46352, 556.0], [74.0475, 16.463247, 556.0], [74.047501, 16.462974, 555.0], [74.047219, 16.4627, 556.0], [74.046938, 16.462425, 555.0], [74.046656, 16.462151, 553.0], [74.046374, 16.461876, 556.0], [74.046092, 16.461602, 556.0], [74.045811, 16.461327, 554.0], [74.045529, 16.461053, 554.0], [74.04553, 16.46078, 554.0], [74.045532, 16.460507, 555.0], [74.04525, 16.460232, 555.0], [74.045251, 16.459959, 556.0], [74.044969, 16.459685, 556.0], [74.044688, 16.45941, 556.0], [74.044406, 16.459136, 555.0], [74.044124, 16.458861, 555.0], [74.04384, 16.459133, 556.0], [74.043555, 16.459405, 556.0], [74.043272, 16.459404, 556.0], [74.042988, 16.459676, 556.0], [74.042703, 16.459947, 556.0], [74.042419, 16.460219, 556.0], [74.042135, 16.460491, 556.0], [74.042133, 16.460764, 555.0], [74.041849, 16.461036, 556.0], [74.041564, 16.461308, 556.0], [74.04128, 16.46158, 556.0], [74.040998, 16.461305, 556.0], [74.040716, 16.461031, 556.0], [74.040435, 16.460757, 556.0], [74.040152, 16.460755, 555.0], [74.03987, 16.460481, 555.0], [74.039588, 16.460206, 556.0], [74.039305, 16.460205, 555.0], [74.039022, 16.460204, 555.0], [74.038739, 16.460202, 555.0], [74.038456, 16.460201, 555.0], [74.038173, 16.4602, 555.0], [74.037888, 16.460472, 555.0], [74.037604, 16.460744, 556.0], [74.037319, 16.461015, 556.0], [74.037036, 16.461014, 556.0], [74.036752, 16.461286, 555.0], [74.03675, 16.461559, 555.0], [74.036466, 16.461831, 554.0], [74.036182, 16.462103, 555.0], [74.035897, 16.462375, 555.0], [74.035613, 16.462647, 554.0], [74.035611, 16.46292, 554.0], [74.035327, 16.463192, 555.0], [74.035043, 16.463463, 556.0], [74.034758, 16.463735, 556.0], [74.034474, 16.464007, 555.0], [74.034192, 16.463733, 555.0], [74.033909, 16.463731, 555.0], [74.033627, 16.463457, 555.0], [74.033345, 16.463182, 554.0], [74.033347, 16.462909, 554.0], [74.033348, 16.462636, 555.0], [74.033066, 16.462362, 555.0], [74.032785, 16.462087, 553.0], [74.032786, 16.461814, 553.0], [74.032787, 16.461541, 554.0], [74.032789, 16.461268, 555.0], [74.032507, 16.460993, 555.0], [74.032508, 16.46072, 556.0], [74.03251, 16.460447, 556.0], [74.032511, 16.460174, 555.0], [74.032512, 16.459901, 555.0], [74.032514, 16.459627, 554.0], [74.032798, 16.459356, 555.0], [74.033083, 16.459084, 556.0], [74.033367, 16.458812, 556.0], [74.033651, 16.45854, 554.0], [74.033936, 16.458268, 553.0], [74.03422, 16.457996, 554.0], [74.034222, 16.457723, 554.0], [74.034223, 16.45745, 553.0], [74.034224, 16.457177, 554.0], [74.033943, 16.456902, 556.0], [74.033661, 16.456628, 556.0], [74.033379, 16.456353, 556.0], [74.033097, 16.456079, 555.0], [74.032816, 16.455804, 555.0], [74.032817, 16.455531, 556.0], [74.032818, 16.455258, 556.0], [74.03282, 16.454985, 555.0], [74.032821, 16.454712, 555.0], [74.032822, 16.454439, 556.0], [74.032541, 16.454164, 557.0], [74.032259, 16.45389, 557.0], [74.031977, 16.453615, 556.0], [74.031696, 16.453341, 557.0], [74.031414, 16.453066, 557.0], [74.031132, 16.452792, 557.0], [74.03085, 16.452517, 557.0], [74.030852, 16.452244, 557.0], [74.030569, 16.452243, 558.0], [74.030286, 16.452241, 558.0], [74.030004, 16.451967, 558.0], [74.029722, 16.451693, 556.0], [74.029439, 16.451691, 555.0], [74.029157, 16.451417, 556.0], [74.028876, 16.451142, 556.0], [74.028877, 16.450869, 555.0], [74.028595, 16.450595, 553.0], [74.028314, 16.45032, 554.0], [74.028032, 16.450046, 556.0], [74.02775, 16.449771, 557.0], [74.027469, 16.449497, 557.0], [74.027187, 16.449222, 556.0], [74.026905, 16.448948, 557.0], [74.026623, 16.448673, 557.0], [74.026625, 16.4484, 555.0], [74.026626, 16.448127, 556.0], [74.026911, 16.447855, 556.0], [74.027195, 16.447583, 557.0], [74.027479, 16.447311, 557.0], [74.027481, 16.447038, 556.0], [74.027765, 16.446766, 554.0], [74.02805, 16.446495, 556.0], [74.028334, 16.446223, 558.0], [74.028618, 16.445951, 559.0], [74.028902, 16.445952, 559.0], [74.029185, 16.445953, 559.0], [74.029469, 16.445682, 559.0], [74.029752, 16.445683, 558.0], [74.030037, 16.445411, 557.0], [74.03032, 16.445412, 558.0], [74.030604, 16.44514, 558.0], [74.030888, 16.444869, 559.0], [74.03089, 16.444595, 559.0], [74.030891, 16.444322, 559.0], [74.031176, 16.44405, 559.0], [74.03146, 16.443779, 559.0], [74.031744, 16.443507, 558.0], [74.032029, 16.443235, 559.0], [74.032313, 16.442963, 559.0], [74.032598, 16.442691, 558.0], [74.032882, 16.442419, 559.0], [74.033166, 16.442147, 559.0], [74.033451, 16.441876, 557.0], [74.033452, 16.441602, 557.0], [74.033454, 16.441329, 557.0], [74.033455, 16.441056, 557.0], [74.033456, 16.440783, 557.0], [74.033458, 16.44051, 558.0], [74.033459, 16.440237, 559.0], [74.03346, 16.439963, 559.0], [74.033179, 16.439689, 559.0], [74.032897, 16.439414, 557.0], [74.032898, 16.439141, 557.0], [74.0329, 16.438868, 558.0], [74.032901, 16.438595, 558.0], [74.033185, 16.438323, 559.0], [74.03347, 16.438051, 559.0], [74.033754, 16.437779, 559.0], [74.034039, 16.437508, 558.0], [74.03404, 16.437234, 559.0], [74.034324, 16.436962, 559.0], [74.034609, 16.436691, 557.0], [74.03461, 16.436417, 557.0], [74.034611, 16.436144, 556.0], [74.03433, 16.43587, 556.0], [74.034047, 16.435869, 555.0], [74.034048, 16.435595, 557.0], [74.034049, 16.435322, 558.0], [74.034051, 16.435049, 559.0], [74.034052, 16.434776, 559.0], [74.034053, 16.434503, 558.0], [74.033772, 16.434228, 558.0], [74.03349, 16.433954, 559.0], [74.033208, 16.433679, 559.0], [74.032927, 16.433405, 558.0], [74.032645, 16.43313, 558.0], [74.032363, 16.432856, 558.0], [74.032082, 16.432581, 558.0], [74.031799, 16.43258, 558.0], [74.031517, 16.432306, 559.0], [74.031234, 16.432304, 559.0], [74.030951, 16.432303, 559.0], [74.030668, 16.432302, 558.0], [74.030386, 16.432027, 557.0], [74.030102, 16.432299, 559.0], [74.029817, 16.432571, 559.0], [74.029536, 16.432296, 559.0], [74.029252, 16.432295, 558.0], [74.028971, 16.432021, 558.0], [74.028688, 16.432019, 556.0], [74.028405, 16.432018, 556.0], [74.028122, 16.432017, 557.0], [74.02784, 16.431742, 559.0], [74.027558, 16.431468, 559.0], [74.027275, 16.431466, 558.0], [74.026992, 16.431465, 559.0], [74.026708, 16.431737, 560.0], [74.026425, 16.431736, 560.0], [74.026143, 16.431461, 560.0], [74.02586, 16.43146, 559.0], [74.025578, 16.431185, 558.0], [74.025295, 16.431184, 557.0], [74.025012, 16.431183, 558.0], [74.024729, 16.431181, 559.0], [74.024446, 16.43118, 559.0], [74.024163, 16.431179, 559.0], [74.02388, 16.431178, 560.0], [74.023597, 16.431176, 560.0], [74.023314, 16.431175, 559.0], [74.02303, 16.431447, 560.0], [74.022747, 16.431445, 560.0], [74.022462, 16.431717, 560.0], [74.022179, 16.431716, 559.0], [74.021896, 16.431715, 559.0], [74.021613, 16.431713, 559.0], [74.02133, 16.431712, 560.0], [74.021046, 16.431984, 561.0], [74.021044, 16.432257, 561.0], [74.021043, 16.43253, 561.0], [74.021041, 16.432803, 560.0], [74.02104, 16.433077, 560.0], [74.020756, 16.433348, 561.0], [74.020471, 16.43362, 560.0], [74.020187, 16.433892, 560.0], [74.019902, 16.434164, 559.0], [74.019619, 16.434163, 559.0], [74.019338, 16.433888, 559.0], [74.019055, 16.433887, 560.0], [74.018772, 16.433885, 560.0], [74.018487, 16.434157, 561.0], [74.018203, 16.434429, 561.0], [74.017918, 16.434701, 561.0], [74.017634, 16.434973, 561.0], [74.01735, 16.435245, 560.0], [74.017068, 16.43497, 561.0], [74.016786, 16.434696, 561.0], [74.016505, 16.434421, 561.0], [74.016221, 16.43442, 561.0], [74.016223, 16.434147, 561.0], [74.015941, 16.433872, 561.0], [74.01566, 16.433598, 561.0], [74.015378, 16.433323, 560.0], [74.015095, 16.433322, 559.0], [74.014812, 16.433321, 559.0], [74.014529, 16.433319, 560.0], [74.014246, 16.433318, 561.0], [74.013963, 16.433317, 561.0], [74.01368, 16.433315, 561.0], [74.013397, 16.433314, 560.0], [74.013115, 16.433039, 560.0], [74.012832, 16.433038, 560.0], [74.01255, 16.432764, 561.0], [74.012269, 16.432489, 561.0], [74.011987, 16.432215, 559.0], [74.011705, 16.43194, 557.0], [74.011424, 16.431666, 558.0], [74.011142, 16.431391, 559.0], [74.01086, 16.431117, 558.0], [74.010579, 16.430842, 558.0], [74.010296, 16.430841, 558.0], [74.010297, 16.430568, 560.0], [74.010015, 16.430293, 560.0], [74.009734, 16.430019, 558.0], [74.009735, 16.429745, 559.0], [74.009736, 16.429472, 560.0], [74.009738, 16.429199, 561.0], [74.009739, 16.428926, 561.0], [74.009457, 16.428651, 561.0], [74.009176, 16.428377, 561.0], [74.008894, 16.428102, 561.0], [74.008613, 16.427828, 561.0], [74.008328, 16.4281, 560.0], [74.008046, 16.427825, 561.0], [74.007765, 16.427551, 561.0], [74.007483, 16.427276, 560.0], [74.007202, 16.427002, 560.0], [74.00692, 16.426727, 560.0], [74.006638, 16.426453, 560.0], [74.006357, 16.426178, 561.0], [74.006075, 16.425904, 561.0], [74.005793, 16.425629, 559.0], [74.005512, 16.425355, 559.0], [74.00523, 16.42508, 560.0], [74.004948, 16.424806, 561.0], [74.004667, 16.424531, 561.0], [74.004385, 16.424257, 561.0], [74.004103, 16.423982, 561.0], [74.004105, 16.423709, 561.0], [74.003823, 16.423435, 560.0], [74.003542, 16.42316, 559.0], [74.00326, 16.422886, 560.0], [74.002977, 16.422884, 560.0], [74.002694, 16.422883, 559.0], [74.002412, 16.422608, 559.0], [74.002129, 16.422607, 560.0], [74.001846, 16.422606, 560.0], [74.001563, 16.422604, 560.0], [74.00128, 16.422603, 560.0], [74.000997, 16.422602, 559.0], [74.000713, 16.422873, 558.0], [74.000428, 16.423145, 557.0], [74.000144, 16.423417, 556.0], [73.999861, 16.423416, 557.0], [73.999578, 16.423414, 558.0], [73.999295, 16.423413, 558.0], [73.999012, 16.423412, 558.0], [73.99873, 16.423137, 558.0], [73.998447, 16.423136, 559.0], [73.998165, 16.422861, 559.0], [73.997884, 16.422587, 560.0], [73.997602, 16.422312, 561.0], [73.997321, 16.422038, 561.0], [73.997039, 16.421763, 560.0], [73.996757, 16.421489, 560.0], [73.996476, 16.421214, 561.0], [73.996194, 16.42094, 561.0], [73.995912, 16.420665, 561.0], [73.995631, 16.420391, 561.0], [73.995349, 16.420116, 559.0], [73.995066, 16.420115, 560.0], [73.994783, 16.420113, 562.0], [73.9945, 16.420112, 562.0], [73.994216, 16.420384, 562.0], [73.993933, 16.420382, 562.0], [73.99365, 16.420381, 562.0], [73.993367, 16.42038, 562.0], [73.993084, 16.420378, 561.0], [73.992799, 16.42065, 562.0], [73.992515, 16.420922, 561.0], [73.992232, 16.420921, 560.0], [73.99195, 16.420646, 562.0], [73.991668, 16.420372, 562.0], [73.991385, 16.42037, 561.0], [73.991387, 16.420097, 561.0], [73.991105, 16.419823, 562.0], [73.990824, 16.419548, 563.0], [73.990542, 16.419274, 563.0], [73.990543, 16.419, 563.0], [73.990262, 16.418726, 563.0], [73.98998, 16.418451, 562.0], [73.989982, 16.418178, 561.0], [73.989983, 16.417905, 561.0], [73.989701, 16.41763, 559.0], [73.98942, 16.417356, 559.0], [73.989138, 16.417081, 559.0], [73.988857, 16.416807, 558.0], [73.988575, 16.416532, 556.0], [73.988293, 16.416258, 557.0], [73.988012, 16.415983, 561.0], [73.98773, 16.415709, 561.0], [73.987449, 16.415434, 561.0], [73.987166, 16.415433, 560.0], [73.986884, 16.415158, 560.0], [73.986602, 16.414884, 560.0], [73.986319, 16.414882, 559.0], [73.986038, 16.414608, 560.0], [73.985753, 16.41488, 559.0], [73.985469, 16.415152, 559.0], [73.985186, 16.41515, 560.0], [73.984903, 16.415149, 561.0], [73.98462, 16.415147, 562.0], [73.984335, 16.415419, 563.0], [73.984052, 16.415418, 563.0], [73.983769, 16.415416, 563.0], [73.983488, 16.415142, 563.0], [73.983205, 16.415141, 563.0], [73.982922, 16.415139, 562.0], [73.982639, 16.415138, 560.0], [73.982357, 16.414863, 560.0], [73.982074, 16.414862, 561.0], [73.981791, 16.414861, 562.0], [73.98151, 16.414586, 562.0], [73.981226, 16.414585, 563.0], [73.980943, 16.414583, 563.0], [73.98066, 16.414582, 563.0], [73.980377, 16.414581, 562.0], [73.980094, 16.414579, 560.0], [73.97981, 16.414851, 561.0], [73.979527, 16.41485, 562.0], [73.979245, 16.414575, 562.0], [73.978964, 16.414301, 563.0], [73.978682, 16.414026, 563.0], [73.978401, 16.413751, 563.0], [73.978119, 16.413477, 563.0], [73.977837, 16.413202, 563.0], [73.977554, 16.413201, 563.0], [73.977271, 16.4132, 563.0], [73.97699, 16.412925, 563.0], [73.976708, 16.412651, 563.0], [73.976425, 16.412649, 563.0], [73.976144, 16.412375, 562.0], [73.975861, 16.412373, 561.0], [73.975579, 16.412099, 561.0], [73.975581, 16.411826, 562.0], [73.975299, 16.411551, 562.0], [73.9753, 16.411278, 561.0], [73.975302, 16.411005, 560.0], [73.975303, 16.410731, 560.0], [73.975022, 16.410457, 559.0], [73.974739, 16.410456, 559.0], [73.97474, 16.410182, 560.0], [73.974459, 16.409908, 562.0], [73.97446, 16.409635, 561.0], [73.974461, 16.409362, 560.0], [73.97418, 16.409087, 560.0], [73.973897, 16.409086, 561.0], [73.973615, 16.408811, 562.0], [73.973332, 16.40881, 563.0], [73.973051, 16.408535, 563.0], [73.972769, 16.408261, 563.0], [73.97277, 16.407987, 563.0], [73.972489, 16.407713, 563.0], [73.972207, 16.407438, 561.0], [73.971923, 16.40771, 561.0], [73.97164, 16.407709, 562.0], [73.971355, 16.407981, 563.0], [73.971071, 16.408252, 563.0], [73.970788, 16.408251, 563.0], [73.970505, 16.40825, 563.0], [73.970223, 16.407975, 563.0], [73.969942, 16.4077, 563.0], [73.969659, 16.407699, 561.0], [73.969376, 16.407698, 562.0], [73.969091, 16.407969, 562.0], [73.968808, 16.407968, 562.0], [73.968525, 16.407967, 562.0], [73.968244, 16.407692, 563.0], [73.967961, 16.407691, 563.0], [73.967678, 16.407689, 562.0], [73.967393, 16.407961, 561.0], [73.967109, 16.408233, 560.0], [73.966825, 16.408505, 559.0], [73.966542, 16.408503, 558.0], [73.96626, 16.408229, 559.0], [73.965978, 16.407954, 561.0], [73.965697, 16.40768, 563.0], [73.965415, 16.407405, 562.0], [73.965132, 16.407404, 562.0], [73.964849, 16.407402, 561.0], [73.964566, 16.407401, 561.0], [73.964285, 16.407126, 563.0], [73.964003, 16.406852, 563.0], [73.96372, 16.40685, 562.0], [73.963437, 16.406849, 560.0], [73.963154, 16.406848, 558.0], [73.962873, 16.406573, 560.0], [73.962591, 16.406298, 563.0], [73.962308, 16.406297, 563.0], [73.962025, 16.406296, 563.0], [73.961742, 16.406294, 564.0], [73.961459, 16.406293, 565.0], [73.961176, 16.406291, 565.0], [73.961178, 16.406018, 567.0], [73.960896, 16.405744, 568.0], [73.960614, 16.405469, 566.0], [73.960331, 16.405468, 564.0], [73.960048, 16.405466, 568.0], [73.959765, 16.405465, 583.0], [73.959481, 16.405737, 584.0], [73.959197, 16.406008, 584.0], [73.958912, 16.40628, 584.0], [73.958628, 16.406552, 584.0], [73.958343, 16.406824, 584.0], [73.958059, 16.407095, 584.0], [73.957774, 16.407367, 584.0], [73.95749, 16.407639, 584.0], [73.957205, 16.407911, 584.0], [73.956922, 16.407909, 584.0], [73.956639, 16.407908, 584.0], [73.956356, 16.407907, 584.0], [73.956073, 16.407905, 584.0], [73.95579, 16.407904, 584.0], [73.955507, 16.407902, 584.0], [73.955224, 16.407901, 584.0], [73.95494, 16.408173, 584.0], [73.954657, 16.408171, 584.0], [73.954374, 16.40817, 584.0], [73.954091, 16.408168, 584.0], [73.953806, 16.40844, 584.0], [73.953522, 16.408712, 584.0], [73.953237, 16.408984, 584.0], [73.953236, 16.409257, 584.0], [73.953235, 16.40953, 584.0], [73.95295, 16.409802, 584.0], [73.952949, 16.410075, 584.0], [73.952664, 16.410347, 584.0], [73.95238, 16.410618, 584.0], [73.952378, 16.410892, 584.0], [73.952377, 16.411165, 584.0], [73.952092, 16.411437, 584.0], [73.951811, 16.411162, 584.0], [73.951528, 16.411161, 584.0], [73.951246, 16.410886, 584.0], [73.950963, 16.410885, 584.0], [73.95068, 16.410883, 584.0], [73.950397, 16.410882, 584.0], [73.950114, 16.41088, 584.0], [73.949831, 16.410879, 584.0], [73.94955, 16.410604, 584.0], [73.949268, 16.41033, 584.0], [73.948985, 16.410328, 584.0], [73.948702, 16.410327, 584.0], [73.948419, 16.410325, 584.0], [73.948136, 16.410324, 584.0], [73.947855, 16.410049, 584.0], [73.947572, 16.410048, 584.0], [73.947289, 16.410047, 584.0], [73.947006, 16.410045, 584.0], [73.946723, 16.410044, 584.0], [73.94644, 16.410042, 584.0], [73.946157, 16.410041, 584.0], [73.945874, 16.41004, 584.0], [73.945589, 16.410311, 584.0], [73.945306, 16.41031, 584.0], [73.945023, 16.410308, 584.0], [73.94474, 16.410307, 584.0], [73.944457, 16.410306, 584.0], [73.944174, 16.410304, 584.0], [73.943891, 16.410303, 584.0], [73.943608, 16.410301, 584.0], [73.943325, 16.4103, 584.0], [73.943042, 16.410298, 584.0], [73.942759, 16.410297, 584.0], [73.942476, 16.410296, 584.0], [73.942193, 16.410294, 584.0], [73.94191, 16.410293, 584.0], [73.941627, 16.410291, 584.0], [73.941344, 16.41029, 584.0], [73.941061, 16.410289, 584.0], [73.940778, 16.410287, 584.0], [73.940495, 16.410286, 584.0], [73.940212, 16.410284, 584.0], [73.939929, 16.410283, 584.0], [73.939646, 16.410281, 584.0], [73.939363, 16.41028, 584.0], [73.93908, 16.410279, 584.0], [73.938795, 16.41055, 584.0], [73.938511, 16.410822, 584.0], [73.938228, 16.410821, 584.0], [73.937946, 16.410546, 584.0], [73.937665, 16.410271, 584.0], [73.937382, 16.41027, 584.0], [73.9371, 16.409995, 584.0], [73.936819, 16.409721, 584.0], [73.936537, 16.409446, 584.0], [73.936256, 16.409172, 584.0], [73.935973, 16.40917, 584.0], [73.935691, 16.408896, 584.0], [73.93541, 16.408621, 584.0], [73.935128, 16.408346, 584.0], [73.934847, 16.408072, 584.0], [73.934564, 16.40807, 584.0], [73.934281, 16.408069, 584.0], [73.933998, 16.408067, 584.0], [73.933715, 16.408066, 584.0], [73.933432, 16.408065, 584.0], [73.933149, 16.408063, 584.0], [73.932866, 16.408062, 584.0], [73.932583, 16.40806, 584.0], [73.9323, 16.408059, 584.0], [73.932017, 16.408057, 584.0], [73.931734, 16.408056, 584.0], [73.931451, 16.408055, 584.0], [73.931168, 16.408053, 584.0], [73.930885, 16.408052, 584.0], [73.930602, 16.40805, 584.0], [73.930319, 16.408049, 584.0], [73.930036, 16.408047, 584.0], [73.929753, 16.408046, 584.0], [73.92947, 16.408044, 584.0], [73.929188, 16.40777, 584.0], [73.928907, 16.407495, 584.0], [73.928625, 16.407221, 584.0], [73.928344, 16.406946, 584.0], [73.928061, 16.406945, 584.0], [73.927778, 16.406943, 584.0], [73.927496, 16.406669, 584.0], [73.927213, 16.406667, 584.0], [73.92693, 16.406666, 584.0], [73.926649, 16.406391, 584.0], [73.926367, 16.406116, 584.0], [73.926086, 16.405842, 584.0], [73.925804, 16.405567, 584.0], [73.925523, 16.405293, 584.0], [73.925241, 16.405018, 584.0], [73.924958, 16.405017, 584.0], [73.924677, 16.404742, 584.0], [73.924395, 16.404467, 584.0], [73.924114, 16.404193, 584.0], [73.923831, 16.404191, 584.0], [73.923549, 16.403917, 584.0], [73.923268, 16.403642, 584.0], [73.922986, 16.403368, 584.0], [73.922705, 16.403093, 584.0], [73.922423, 16.402818, 584.0], [73.922142, 16.402544, 584.0], [73.92186, 16.402269, 584.0], [73.921579, 16.401994, 584.0], [73.921297, 16.40172, 584.0], [73.921016, 16.401445, 584.0], [73.920734, 16.401171, 584.0], [73.920451, 16.401169, 584.0], [73.920168, 16.401168, 584.0], [73.919885, 16.401166, 584.0], [73.919604, 16.400892, 584.0], [73.919321, 16.40089, 584.0], [73.919038, 16.400889, 584.0], [73.918755, 16.400887, 584.0], [73.918472, 16.400886, 584.0], [73.918189, 16.400884, 584.0], [73.917908, 16.40061, 584.0], [73.917625, 16.400608, 584.0], [73.917342, 16.400607, 584.0], [73.917059, 16.400605, 584.0], [73.916777, 16.400331, 584.0], [73.916496, 16.400056, 584.0], [73.916214, 16.399782, 584.0], [73.915933, 16.399507, 584.0], [73.915651, 16.399232, 584.0], [73.91537, 16.398958, 584.0], [73.915087, 16.398956, 584.0], [73.914805, 16.398682, 584.0], [73.914524, 16.398407, 584.0], [73.914525, 16.398134, 584.0], [73.914527, 16.397861, 584.0], [73.914245, 16.397586, 584.0], [73.913964, 16.397311, 584.0], [73.913965, 16.397038, 584.0], [73.913967, 16.396765, 584.0], [73.913968, 16.396492, 584.0], [73.91397, 16.396219, 584.0], [73.913971, 16.395946, 584.0], [73.913973, 16.395673, 584.0], [73.913975, 16.395399, 584.0], [73.913976, 16.395126, 584.0], [73.913978, 16.394853, 584.0], [73.913979, 16.39458, 584.0], [73.913981, 16.394307, 584.0], [73.913982, 16.394034, 584.0], [73.913701, 16.393759, 584.0], [73.913419, 16.393484, 584.0], [73.913138, 16.39321, 584.0], [73.912856, 16.392935, 584.0], [73.912573, 16.392934, 584.0], [73.912292, 16.392659, 584.0], [73.91201, 16.392384, 584.0], [73.911729, 16.39211, 584.0], [73.911447, 16.391835, 584.0], [73.911449, 16.391562, 584.0], [73.91145, 16.391289, 584.0], [73.911169, 16.391014, 584.0], [73.910888, 16.39074, 584.0], [73.910606, 16.390465, 584.0], [73.910325, 16.39019, 584.0], [73.910326, 16.389917, 584.0], [73.910328, 16.389644, 584.0], [73.910329, 16.389371, 584.0], [73.910331, 16.389098, 584.0], [73.910332, 16.388825, 584.0], [73.910334, 16.388551, 584.0], [73.910052, 16.388277, 584.0], [73.909771, 16.388002, 584.0], [73.909489, 16.387728, 584.0], [73.909208, 16.387453, 584.0], [73.908926, 16.387178, 584.0], [73.908645, 16.386904, 584.0], [73.908364, 16.386629, 584.0], [73.908082, 16.386354, 584.0], [73.907801, 16.38608, 584.0], [73.907519, 16.385805, 584.0], [73.907238, 16.385531, 584.0], [73.906956, 16.385256, 584.0], [73.906673, 16.385254, 584.0], [73.906392, 16.38498, 584.0], [73.906111, 16.384705, 584.0], [73.905828, 16.384704, 584.0], [73.905546, 16.384429, 584.0], [73.905265, 16.384154, 584.0], [73.904983, 16.38388, 584.0], [73.904702, 16.383605, 584.0], [73.904703, 16.383332, 584.0], [73.904422, 16.383057, 584.0], [73.904423, 16.382784, 584.0], [73.904425, 16.382511, 584.0], [73.904144, 16.382236, 584.0], [73.903862, 16.381962, 584.0], [73.903579, 16.38196, 584.0], [73.903298, 16.381686, 584.0], [73.903016, 16.381411, 584.0], [73.902735, 16.381136, 584.0], [73.902452, 16.381135, 584.0], [73.90217, 16.38086, 584.0], [73.901889, 16.380586, 584.0], [73.901608, 16.380311, 584.0], [73.901326, 16.380036, 584.0], [73.901045, 16.379762, 584.0], [73.900763, 16.379487, 584.0], [73.900482, 16.379213, 584.0], [73.900199, 16.379211, 584.0], [73.899916, 16.37921, 584.0], [73.899633, 16.379208, 584.0], [73.89935, 16.379207, 584.0], [73.899067, 16.379205, 584.0], [73.898784, 16.379204, 584.0], [73.898501, 16.379202, 584.0], [73.898218, 16.379201, 584.0], [73.897935, 16.379199, 584.0], [73.897652, 16.379198, 584.0], [73.897369, 16.379196, 584.0], [73.897086, 16.379195, 584.0], [73.896803, 16.379193, 584.0], [73.896521, 16.379192, 584.0], [73.896239, 16.378917, 584.0], [73.895958, 16.378643, 584.0], [73.895676, 16.378368, 584.0], [73.895393, 16.378366, 584.0], [73.89511, 16.378365, 584.0], [73.894829, 16.37809, 584.0], [73.894548, 16.377816, 584.0], [73.894265, 16.377814, 584.0], [73.893982, 16.377813, 584.0], [73.8937, 16.377538, 584.0], [73.893417, 16.377537, 584.0], [73.893134, 16.377535, 584.0], [73.892851, 16.377534, 584.0], [73.892568, 16.377532, 584.0], [73.892285, 16.377531, 584.0], [73.892003, 16.377529, 584.0], [73.891718, 16.377801, 584.0], [73.891435, 16.377799, 584.0], [73.891152, 16.377798, 584.0], [73.890868, 16.378069, 584.0], [73.890585, 16.378068, 584.0], [73.890302, 16.378066, 584.0], [73.890019, 16.378065, 584.0], [73.889736, 16.378063, 584.0], [73.889453, 16.378062, 584.0], [73.889168, 16.378334, 584.0], [73.888884, 16.378605, 584.0], [73.888599, 16.378877, 584.0], [73.888315, 16.379149, 584.0], [73.888032, 16.379147, 584.0], [73.887747, 16.379419, 584.0], [73.887464, 16.379417, 584.0], [73.887181, 16.379416, 584.0], [73.886899, 16.379414, 584.0], [73.886616, 16.379413, 584.0], [73.886333, 16.379411, 584.0], [73.886048, 16.379683, 584.0], [73.885765, 16.379681, 584.0], [73.885482, 16.37968, 584.0], [73.885199, 16.379678, 584.0], [73.884916, 16.379677, 584.0], [73.884633, 16.379675, 584.0], [73.88435, 16.379674, 584.0], [73.884067, 16.379672, 584.0], [73.883783, 16.379944, 584.0], [73.883498, 16.380216, 584.0], [73.883215, 16.380214, 584.0], [73.882931, 16.380486, 584.0], [73.882648, 16.380484, 584.0], [73.882365, 16.380483, 584.0], [73.882082, 16.380481, 584.0], [73.881798, 16.380753, 584.0], [73.881513, 16.381025, 584.0], [73.88123, 16.381023, 584.0], [73.880949, 16.380749, 584.0], [73.880667, 16.380474, 584.0], [73.880386, 16.380199, 584.0], [73.880105, 16.379925, 584.0], [73.879823, 16.37965, 584.0], [73.879542, 16.379375, 584.0], [73.87926, 16.379101, 584.0], [73.878979, 16.378826, 584.0], [73.878698, 16.378551, 584.0], [73.878416, 16.378277, 584.0], [73.878133, 16.378275, 584.0], [73.877852, 16.378, 584.0], [73.877569, 16.377999, 584.0], [73.877287, 16.377724, 584.0], [73.877289, 16.377451, 584.0], [73.877008, 16.377176, 584.0], [73.876725, 16.377175, 584.0], [73.876726, 16.376902, 584.0], [73.876445, 16.376627, 584.0], [73.876162, 16.376626, 584.0], [73.875881, 16.376351, 584.0], [73.875598, 16.376349, 584.0], [73.875316, 16.376075, 584.0], [73.875035, 16.3758, 584.0], [73.874752, 16.375799, 584.0], [73.874471, 16.375524, 584.0], [73.874189, 16.375249, 584.0], [73.873908, 16.374975, 584.0], [73.873626, 16.3747, 584.0], [73.873345, 16.374425, 584.0], [73.873064, 16.374151, 584.0], [73.872781, 16.374149, 584.0], [73.872499, 16.373874, 584.0], [73.872218, 16.3736, 584.0], [73.871937, 16.373325, 584.0], [73.871938, 16.373052, 584.0], [73.871657, 16.372777, 584.0], [73.871375, 16.372503, 584.0], [73.871094, 16.372228, 584.0], [73.870813, 16.371953, 584.0], [73.870814, 16.37168, 584.0], [73.870816, 16.371407, 584.0], [73.870817, 16.371134, 584.0], [73.870819, 16.370861, 584.0], [73.87082, 16.370587, 584.0], [73.870822, 16.370314, 584.0], [73.870824, 16.370041, 584.0], [73.871108, 16.36977, 584.0], [73.87111, 16.369496, 584.0], [73.871111, 16.369223, 584.0], [73.871113, 16.36895, 584.0], [73.871114, 16.368677, 584.0], [73.871116, 16.368404, 584.0], [73.871118, 16.368131, 584.0], [73.871119, 16.367857, 584.0], [73.871121, 16.367584, 584.0], [73.871405, 16.367313, 584.0], [73.871407, 16.36704, 584.0], [73.871408, 16.366766, 584.0], [73.87141, 16.366493, 584.0], [73.871411, 16.36622, 584.0], [73.871413, 16.365947, 584.0], [73.871415, 16.365674, 584.0], [73.871416, 16.365401, 584.0], [73.871135, 16.365126, 584.0], [73.871136, 16.364853, 584.0], [73.871138, 16.36458, 584.0], [73.87114, 16.364306, 584.0], [73.871141, 16.364033, 584.0], [73.87086, 16.363759, 584.0], [73.870577, 16.363757, 584.0], [73.870295, 16.363482, 584.0], [73.870014, 16.363208, 584.0], [73.869731, 16.363206, 584.0], [73.869448, 16.363205, 584.0], [73.869167, 16.36293, 585.0], [73.868886, 16.362655, 578.0], [73.868604, 16.362381, 583.0], [73.868323, 16.362106, 587.0], [73.868041, 16.361831, 588.0], [73.86776, 16.361557, 587.0], [73.867479, 16.361282, 585.0], [73.867197, 16.361007, 584.0], [73.866916, 16.360733, 585.0], [73.866918, 16.36046, 586.0], [73.866919, 16.360186, 587.0], [73.866921, 16.359913, 587.0], [73.866639, 16.359639, 587.0], [73.866641, 16.359365, 587.0], [73.86636, 16.359091, 586.0], [73.866078, 16.358816, 582.0], [73.865797, 16.358541, 584.0], [73.865516, 16.358267, 585.0], [73.865234, 16.357992, 585.0], [73.864953, 16.357717, 587.0], [73.864955, 16.357444, 587.0], [73.864956, 16.357171, 586.0], [73.864675, 16.356896, 588.0], [73.864393, 16.356622, 589.0], [73.864111, 16.35662, 589.0], [73.863829, 16.356345, 589.0], [73.863548, 16.356071, 587.0], [73.863267, 16.355796, 586.0], [73.862985, 16.355521, 585.0], [73.862704, 16.355247, 586.0], [73.862423, 16.354972, 589.0], [73.862424, 16.354699, 591.0], [73.862143, 16.354424, 591.0], [73.861861, 16.35415, 589.0], [73.86158, 16.353875, 588.0], [73.861297, 16.353873, 588.0], [73.861014, 16.353872, 587.0], [73.860731, 16.35387, 586.0], [73.86045, 16.353596, 585.0], [73.860169, 16.353321, 586.0], [73.859887, 16.353046, 590.0], [73.859604, 16.353045, 591.0], [73.859606, 16.352772, 592.0], [73.859608, 16.352498, 593.0], [73.859609, 16.352225, 592.0], [73.859611, 16.351952, 591.0], [73.859329, 16.351677, 590.0], [73.859048, 16.351403, 589.0], [73.858767, 16.351128, 589.0], [73.858485, 16.350853, 591.0], [73.858204, 16.350579, 592.0], [73.858206, 16.350306, 589.0], [73.858207, 16.350032, 588.0], [73.858209, 16.349759, 588.0], [73.858211, 16.349486, 589.0], [73.858212, 16.349213, 591.0], [73.858214, 16.34894, 592.0], [73.858215, 16.348667, 592.0], [73.857934, 16.348392, 590.0], [73.857651, 16.34839, 590.0], [73.857653, 16.348117, 591.0], [73.857371, 16.347843, 588.0], [73.857373, 16.347569, 589.0], [73.857657, 16.347298, 592.0], [73.857659, 16.347025, 594.0], [73.857661, 16.346751, 594.0], [73.857945, 16.34648, 594.0], [73.857947, 16.346207, 594.0], [73.857948, 16.345934, 593.0], [73.85795, 16.34566, 594.0], [73.857951, 16.345387, 594.0], [73.857953, 16.345114, 593.0], [73.858237, 16.344842, 594.0], [73.858522, 16.344571, 595.0], [73.858806, 16.344299, 595.0], [73.858808, 16.344026, 596.0], [73.85881, 16.343753, 596.0], [73.859094, 16.343481, 595.0], [73.859379, 16.34321, 596.0], [73.85938, 16.342936, 595.0], [73.859665, 16.342665, 596.0], [73.859948, 16.342666, 597.0], [73.860232, 16.342395, 597.0], [73.860517, 16.342123, 595.0], [73.860801, 16.341852, 594.0], [73.861084, 16.341853, 594.0], [73.861368, 16.341581, 596.0], [73.861651, 16.341583, 597.0], [73.861653, 16.34131, 598.0], [73.861654, 16.341037, 598.0], [73.861656, 16.340764, 599.0], [73.861658, 16.34049, 599.0], [73.861659, 16.340217, 600.0], [73.861661, 16.339944, 600.0], [73.861662, 16.339671, 599.0], [73.861947, 16.339399, 600.0], [73.861948, 16.339126, 599.0], [73.86195, 16.338853, 599.0], [73.861952, 16.33858, 599.0], [73.861953, 16.338307, 598.0], [73.861955, 16.338033, 598.0], [73.861673, 16.337759, 600.0], [73.861675, 16.337486, 599.0], [73.861677, 16.337213, 598.0], [73.861678, 16.336939, 599.0], [73.86168, 16.336666, 600.0], [73.861964, 16.336395, 601.0], [73.862249, 16.336123, 602.0], [73.86225, 16.33585, 601.0], [73.862252, 16.335577, 601.0], [73.862253, 16.335303, 603.0], [73.862255, 16.33503, 602.0], [73.862257, 16.334757, 601.0], [73.862258, 16.334484, 601.0], [73.861977, 16.334209, 601.0], [73.861978, 16.333936, 603.0], [73.86198, 16.333663, 603.0], [73.862265, 16.333391, 603.0], [73.862266, 16.333118, 603.0], [73.862551, 16.332847, 604.0], [73.862835, 16.332575, 604.0], [73.862554, 16.3323, 605.0], [73.862272, 16.332026, 605.0], [73.861991, 16.331751, 604.0], [73.861993, 16.331478, 603.0], [73.861711, 16.331203, 604.0], [73.861713, 16.33093, 603.0], [73.861715, 16.330657, 602.0], [73.861716, 16.330384, 604.0], [73.861718, 16.330111, 606.0], [73.862002, 16.329839, 606.0], [73.862287, 16.329567, 606.0], [73.862571, 16.329296, 606.0], [73.862856, 16.329024, 606.0], [73.862857, 16.328751, 605.0], [73.863142, 16.328479, 606.0], [73.863426, 16.328208, 605.0], [73.863709, 16.328209, 606.0], [73.86371, 16.327936, 607.0], [73.863995, 16.327664, 608.0], [73.863997, 16.327391, 608.0], [73.864279, 16.327393, 609.0], [73.864562, 16.327394, 610.0], [73.864847, 16.327123, 610.0], [73.865131, 16.326851, 610.0], [73.865416, 16.326579, 610.0], [73.8657, 16.326308, 612.0], [73.865985, 16.326036, 614.0], [73.865986, 16.325763, 615.0], [73.865988, 16.32549, 616.0], [73.866272, 16.325218, 616.0], [73.866555, 16.32522, 617.0], [73.866838, 16.325221, 617.0], [73.867122, 16.32495, 616.0], [73.867405, 16.324951, 616.0], [73.86769, 16.324679, 617.0], [73.867973, 16.324681, 618.0], [73.868257, 16.324409, 619.0], [73.868541, 16.324138, 620.0], [73.868824, 16.324139, 620.0], [73.869107, 16.324141, 620.0], [73.86939, 16.324142, 620.0], [73.869671, 16.324417, 621.0], [73.869956, 16.324145, 622.0], [73.870239, 16.324147, 621.0], [73.870522, 16.324148, 619.0], [73.870804, 16.32415, 620.0], [73.871087, 16.324151, 620.0], [73.871369, 16.324426, 622.0], [73.871651, 16.324427, 621.0], [73.871934, 16.324429, 622.0], [73.872217, 16.32443, 624.0], [73.872499, 16.324705, 625.0], [73.872497, 16.324978, 626.0], [73.872495, 16.325251, 624.0], [73.872494, 16.325525, 626.0], [73.872492, 16.325798, 631.0], [73.872774, 16.326072, 637.0], [73.872772, 16.326346, 641.0], [73.873053, 16.32662, 644.0], [73.873052, 16.326893, 646.0], [73.873333, 16.327168, 650.0], [73.873331, 16.327441, 657.0], [73.87333, 16.327714, 666.0], [73.873328, 16.327988, 677.0], [73.873327, 16.328261, 684.0], [73.873608, 16.328535, 692.0], [73.873889, 16.32881, 697.0], [73.874171, 16.329085, 700.0], [73.874452, 16.329359, 703.0], [73.874733, 16.329634, 704.0], [73.875016, 16.329636, 705.0], [73.875299, 16.329637, 706.0], [73.875582, 16.329639, 707.0], [73.875865, 16.32964, 708.0], [73.876148, 16.329642, 708.0], [73.876146, 16.329915, 709.0], [73.876428, 16.330189, 710.0], [73.876709, 16.330464, 711.0], [73.87699, 16.330739, 714.0], [73.877272, 16.331013, 719.0], [73.877553, 16.331288, 724.0], [73.877834, 16.331563, 727.0], [73.878116, 16.331837, 730.0], [73.878398, 16.331839, 734.0], [73.878681, 16.33184, 740.0], [73.878964, 16.331842, 744.0], [73.879245, 16.332116, 746.0], [73.879527, 16.332391, 749.0], [73.879808, 16.332666, 755.0], [73.880089, 16.33294, 760.0], [73.880371, 16.333215, 763.0], [73.880652, 16.33349, 766.0], [73.880935, 16.333491, 769.0], [73.881218, 16.333493, 770.0], [73.881501, 16.333494, 773.0], [73.881784, 16.333496, 777.0], [73.882067, 16.333497, 782.0], [73.882349, 16.333499, 788.0], [73.882632, 16.3335, 793.0], [73.882915, 16.333502, 801.0], [73.883198, 16.333503, 810.0], [73.883481, 16.333505, 818.0]]]}}, {"type": "Feature", "properties": {"subbasin": "S8", "name": null, "reach_len": null, "reach_rel": null, "reach_sin": null, "reach_slo": null, "len_units": null, "layer": "longest_flowpath_network", "path": "E:\\Manasi_intern\\HMS_Shp\\longest_flowpath_network.shp"}, "geometry": {"type": "MultiLineString", "coordinates": [[[74.119641, 16.661205, 543.0], [74.119641, 16.661068, 543.0], [74.119643, 16.660795, 544.0], [74.119644, 16.660522, 544.0], [74.119645, 16.660249, 543.0], [74.119646, 16.659976, 542.0], [74.119648, 16.659702, 544.0], [74.119365, 16.659428, 545.0], [74.119083, 16.659154, 544.0], [74.118801, 16.658879, 542.0], [74.118519, 16.658605, 543.0], [74.118237, 16.658331, 544.0], [74.117955, 16.658056, 545.0], [74.117673, 16.657782, 545.0], [74.117391, 16.657507, 543.0], [74.117108, 16.657233, 544.0], [74.117393, 16.656961, 545.0], [74.117394, 16.656688, 545.0], [74.117679, 16.656416, 545.0], [74.117964, 16.656144, 544.0], [74.118248, 16.655872, 545.0], [74.118249, 16.655599, 545.0], [74.118251, 16.655326, 544.0], [74.118252, 16.655053, 545.0], [74.118537, 16.654781, 546.0], [74.118821, 16.654509, 545.0], [74.119105, 16.65451, 544.0], [74.119389, 16.654238, 545.0], [74.119674, 16.653966, 546.0], [74.119958, 16.653694, 546.0], [74.120243, 16.653422, 544.0], [74.120528, 16.65315, 545.0], [74.120811, 16.653151, 545.0], [74.121094, 16.653152, 545.0], [74.121378, 16.653154, 545.0], [74.121661, 16.653155, 544.0], [74.121944, 16.653156, 545.0], [74.122228, 16.653157, 544.0], [74.12251, 16.653432, 542.0], [74.122792, 16.653706, 542.0], [74.123076, 16.653707, 544.0], [74.123358, 16.653982, 546.0], [74.12364, 16.654256, 545.0], [74.123922, 16.65453, 544.0], [74.124205, 16.654531, 544.0], [74.124489, 16.654533, 544.0], [74.124771, 16.654807, 544.0], [74.125053, 16.655081, 545.0], [74.125336, 16.655083, 545.0], [74.12562, 16.655084, 545.0], [74.125903, 16.655085, 545.0], [74.126186, 16.655086, 544.0], [74.12647, 16.655087, 544.0], [74.126753, 16.655089, 544.0], [74.127037, 16.65509, 545.0], [74.12732, 16.655091, 544.0], [74.127602, 16.655365, 543.0], [74.127884, 16.65564, 544.0], [74.128168, 16.655641, 543.0], [74.128451, 16.655642, 542.0], [74.128734, 16.655643, 542.0], [74.129016, 16.655918, 544.0], [74.129299, 16.656192, 545.0], [74.129582, 16.656193, 544.0], [74.129864, 16.656467, 544.0], [74.130148, 16.656469, 543.0], [74.130431, 16.65647, 543.0], [74.130714, 16.656471, 543.0], [74.130996, 16.656745, 545.0], [74.13128, 16.656747, 545.0], [74.131563, 16.656748, 546.0], [74.131847, 16.656749, 547.0], [74.13213, 16.65675, 547.0], [74.132413, 16.656751, 546.0], [74.132697, 16.656753, 545.0], [74.13298, 16.656754, 545.0], [74.133265, 16.656482, 547.0], [74.133549, 16.65621, 547.0], [74.133834, 16.655938, 547.0], [74.134119, 16.655666, 547.0], [74.13412, 16.655393, 547.0], [74.134404, 16.655121, 547.0], [74.134689, 16.654849, 547.0], [74.134974, 16.654577, 546.0], [74.135258, 16.654305, 547.0], [74.135543, 16.654033, 547.0], [74.135827, 16.653761, 547.0], [74.136112, 16.653489, 547.0], [74.136113, 16.653216, 546.0], [74.136398, 16.652944, 544.0], [74.136682, 16.652672, 546.0], [74.136967, 16.6524, 546.0], [74.136968, 16.652126, 546.0], [74.137253, 16.651854, 547.0], [74.137254, 16.651581, 547.0], [74.137255, 16.651308, 547.0], [74.137256, 16.651035, 547.0], [74.137258, 16.650762, 547.0], [74.137542, 16.65049, 547.0], [74.137827, 16.650218, 546.0], [74.138111, 16.649946, 545.0], [74.138396, 16.649674, 546.0], [74.138681, 16.649402, 546.0], [74.138682, 16.649129, 546.0], [74.1384, 16.648854, 546.0], [74.138118, 16.64858, 546.0], [74.137835, 16.648306, 546.0], [74.137553, 16.648031, 547.0], [74.137555, 16.647758, 546.0], [74.137839, 16.647486, 547.0], [74.13784, 16.647213, 547.0], [74.137842, 16.64694, 547.0], [74.137843, 16.646667, 546.0], [74.137844, 16.646393, 546.0], [74.137562, 16.646119, 547.0], [74.137563, 16.645846, 546.0], [74.137564, 16.645573, 545.0], [74.137566, 16.6453, 544.0], [74.137567, 16.645026, 544.0], [74.137568, 16.644753, 546.0], [74.137569, 16.64448, 547.0], [74.137854, 16.644208, 546.0], [74.138138, 16.643936, 545.0], [74.13814, 16.643663, 544.0], [74.138141, 16.64339, 544.0], [74.138142, 16.643117, 543.0], [74.138143, 16.642843, 542.0], [74.138144, 16.64257, 544.0], [74.138146, 16.642297, 545.0], [74.138147, 16.642024, 546.0], [74.137865, 16.64175, 547.0], [74.137583, 16.641475, 546.0], [74.137584, 16.641202, 545.0], [74.137585, 16.640929, 545.0], [74.137303, 16.640655, 546.0], [74.137021, 16.64038, 547.0], [74.137022, 16.640107, 547.0], [74.137023, 16.639834, 546.0], [74.137024, 16.639561, 546.0], [74.136742, 16.639286, 548.0], [74.13646, 16.639012, 547.0], [74.136178, 16.638738, 546.0], [74.135896, 16.638463, 544.0], [74.135611, 16.638735, 545.0], [74.135327, 16.639007, 545.0], [74.135042, 16.639279, 545.0], [74.134758, 16.639551, 545.0], [74.134473, 16.639823, 546.0], [74.13419, 16.639822, 546.0], [74.133906, 16.639821, 546.0], [74.133623, 16.63982, 546.0], [74.13334, 16.639818, 548.0], [74.133056, 16.639817, 548.0], [74.132773, 16.639816, 548.0], [74.132488, 16.640088, 547.0], [74.132204, 16.64036, 548.0], [74.13192, 16.640359, 549.0], [74.131637, 16.640358, 549.0], [74.131354, 16.640357, 549.0], [74.13107, 16.640355, 550.0], [74.130787, 16.640354, 550.0], [74.130505, 16.64008, 549.0], [74.130223, 16.639805, 548.0], [74.129941, 16.639531, 549.0], [74.129658, 16.639257, 549.0], [74.129376, 16.638982, 548.0], [74.129094, 16.638708, 548.0], [74.128812, 16.638434, 549.0], [74.12853, 16.638159, 550.0], [74.128248, 16.637885, 550.0], [74.127966, 16.637611, 549.0], [74.127684, 16.637336, 549.0], [74.127402, 16.637062, 548.0], [74.127403, 16.636789, 548.0], [74.127687, 16.636517, 550.0], [74.127972, 16.636245, 549.0], [74.128257, 16.635973, 548.0], [74.128541, 16.635701, 549.0], [74.128826, 16.635429, 550.0], [74.128827, 16.635156, 549.0], [74.128828, 16.634882, 549.0], [74.128546, 16.634608, 548.0], [74.128547, 16.634335, 547.0], [74.128549, 16.634062, 548.0], [74.12855, 16.633789, 549.0], [74.128834, 16.633517, 548.0], [74.128836, 16.633243, 549.0], [74.128837, 16.63297, 549.0], [74.128838, 16.632697, 549.0], [74.128839, 16.632424, 548.0], [74.12884, 16.632151, 547.0], [74.128842, 16.631878, 548.0], [74.128843, 16.631604, 549.0], [74.128844, 16.631331, 550.0], [74.128845, 16.631058, 549.0], [74.128847, 16.630785, 549.0], [74.128848, 16.630512, 548.0], [74.128849, 16.630239, 549.0], [74.12885, 16.629965, 549.0], [74.128852, 16.629692, 548.0], [74.128853, 16.629419, 549.0], [74.128571, 16.629145, 549.0], [74.128289, 16.62887, 550.0], [74.128007, 16.628596, 549.0], [74.128008, 16.628323, 548.0], [74.127726, 16.628048, 549.0], [74.127442, 16.628047, 549.0], [74.12716, 16.627773, 549.0], [74.126878, 16.627499, 548.0], [74.126595, 16.627497, 549.0], [74.126313, 16.627223, 549.0], [74.126031, 16.626949, 549.0], [74.125748, 16.626674, 548.0], [74.125466, 16.6264, 547.0], [74.125184, 16.626126, 548.0], [74.124902, 16.625851, 548.0], [74.12462, 16.625577, 548.0], [74.124337, 16.625576, 549.0], [74.124053, 16.625574, 550.0], [74.123771, 16.6253, 550.0], [74.123489, 16.625026, 550.0], [74.123206, 16.625025, 549.0], [74.122923, 16.625023, 549.0], [74.12264, 16.624749, 549.0], [74.122358, 16.624475, 550.0], [74.122076, 16.6242, 550.0], [74.121793, 16.624199, 549.0], [74.121511, 16.623925, 549.0], [74.121229, 16.62365, 550.0], [74.120947, 16.623376, 549.0], [74.120665, 16.623102, 549.0], [74.120381, 16.6231, 549.0], [74.120099, 16.622826, 547.0], [74.119817, 16.622552, 546.0], [74.119535, 16.622277, 547.0], [74.119253, 16.622003, 550.0], [74.119254, 16.62173, 550.0], [74.118972, 16.621455, 550.0], [74.118973, 16.621182, 549.0], [74.118975, 16.620909, 548.0], [74.118976, 16.620636, 547.0], [74.118977, 16.620363, 548.0], [74.118978, 16.62009, 550.0], [74.11898, 16.619816, 550.0], [74.118698, 16.619542, 549.0], [74.118699, 16.619269, 548.0], [74.1187, 16.618996, 548.0], [74.118701, 16.618723, 549.0], [74.118986, 16.618451, 549.0], [74.118987, 16.618177, 549.0], [74.118988, 16.617904, 549.0], [74.118706, 16.61763, 550.0], [74.118424, 16.617355, 549.0], [74.118142, 16.617081, 548.0], [74.11786, 16.616807, 548.0], [74.117861, 16.616534, 548.0], [74.117863, 16.61626, 548.0], [74.118147, 16.615988, 548.0], [74.118148, 16.615715, 549.0], [74.11815, 16.615442, 549.0], [74.118434, 16.61517, 549.0], [74.118152, 16.614896, 549.0], [74.11787, 16.614621, 550.0], [74.117871, 16.614348, 550.0], [74.117872, 16.614075, 550.0], [74.117874, 16.613802, 550.0], [74.117875, 16.613529, 550.0], [74.117876, 16.613256, 549.0], [74.117594, 16.612981, 550.0], [74.117312, 16.612707, 550.0], [74.11703, 16.612432, 550.0], [74.116748, 16.612158, 550.0], [74.116466, 16.611884, 549.0], [74.116184, 16.611609, 548.0], [74.115902, 16.611335, 550.0], [74.11562, 16.611061, 550.0], [74.115621, 16.610787, 549.0], [74.115622, 16.610514, 549.0], [74.115907, 16.610242, 550.0], [74.115908, 16.609969, 549.0], [74.115909, 16.609696, 549.0], [74.115911, 16.609423, 549.0], [74.115628, 16.609148, 550.0], [74.115346, 16.608874, 549.0], [74.115348, 16.608601, 549.0], [74.115349, 16.608328, 549.0], [74.11535, 16.608055, 550.0], [74.115068, 16.60778, 550.0], [74.115069, 16.607507, 549.0], [74.114786, 16.607506, 549.0], [74.114504, 16.607231, 550.0], [74.114221, 16.60723, 549.0], [74.113939, 16.606956, 551.0], [74.113657, 16.606681, 550.0], [74.113373, 16.60668, 550.0], [74.113375, 16.606407, 550.0], [74.113376, 16.606134, 551.0], [74.11366, 16.605862, 551.0], [74.113662, 16.605589, 550.0], [74.113663, 16.605316, 549.0], [74.113947, 16.605044, 551.0], [74.114232, 16.604772, 552.0], [74.114517, 16.6045, 551.0], [74.114801, 16.604228, 552.0], [74.115086, 16.603956, 552.0], [74.11537, 16.603684, 551.0], [74.115655, 16.603412, 552.0], [74.115939, 16.60314, 551.0], [74.115941, 16.602867, 550.0], [74.115658, 16.602592, 551.0], [74.115376, 16.602318, 552.0], [74.115094, 16.602044, 552.0], [74.114812, 16.601769, 552.0], [74.11453, 16.601495, 552.0], [74.114248, 16.60122, 552.0], [74.113966, 16.600946, 552.0], [74.113967, 16.600673, 552.0], [74.113969, 16.6004, 553.0], [74.11397, 16.600127, 553.0], [74.113971, 16.599853, 553.0], [74.113689, 16.599579, 552.0], [74.113407, 16.599305, 552.0], [74.113125, 16.59903, 552.0], [74.112843, 16.598756, 551.0], [74.112561, 16.598482, 552.0], [74.112279, 16.598207, 553.0], [74.11228, 16.597934, 552.0], [74.112565, 16.597662, 553.0], [74.112849, 16.59739, 552.0], [74.112851, 16.597117, 552.0], [74.112852, 16.596844, 552.0], [74.11257, 16.596569, 552.0], [74.112288, 16.596295, 551.0], [74.112006, 16.596021, 551.0], [74.111724, 16.595746, 552.0], [74.11144, 16.595745, 553.0], [74.111158, 16.595471, 553.0], [74.110876, 16.595196, 553.0], [74.110594, 16.594922, 552.0], [74.110312, 16.594648, 552.0], [74.110314, 16.594374, 553.0], [74.110031, 16.5941, 553.0], [74.109749, 16.593826, 552.0], [74.109751, 16.593552, 552.0], [74.109469, 16.593278, 552.0], [74.109185, 16.593277, 551.0], [74.108901, 16.593549, 553.0], [74.108616, 16.593821, 553.0], [74.108332, 16.594093, 553.0], [74.108047, 16.594365, 553.0], [74.107763, 16.594637, 553.0], [74.107479, 16.594635, 553.0], [74.107196, 16.594634, 552.0], [74.106914, 16.59436, 553.0], [74.106631, 16.594359, 553.0], [74.106349, 16.594084, 553.0], [74.106067, 16.59381, 552.0], [74.105785, 16.593535, 552.0], [74.105501, 16.593534, 552.0], [74.105218, 16.593533, 552.0], [74.104935, 16.593532, 552.0], [74.104652, 16.593531, 552.0], [74.104368, 16.593529, 552.0], [74.104085, 16.593528, 552.0], [74.103802, 16.593527, 552.0], [74.103518, 16.593526, 552.0], [74.103236, 16.593251, 553.0], [74.102953, 16.59325, 552.0], [74.102671, 16.592976, 553.0], [74.102388, 16.592974, 553.0], [74.102105, 16.592973, 554.0], [74.101821, 16.592972, 554.0], [74.101539, 16.592698, 553.0], [74.101257, 16.592423, 552.0], [74.100975, 16.592149, 552.0], [74.100693, 16.591874, 554.0], [74.10041, 16.591873, 553.0], [74.100128, 16.591599, 552.0], [74.099846, 16.591324, 551.0], [74.099563, 16.591323, 551.0], [74.099279, 16.591322, 551.0], [74.098996, 16.591321, 552.0], [74.098712, 16.591593, 552.0], [74.098428, 16.591591, 551.0], [74.098144, 16.591863, 552.0], [74.097859, 16.592135, 553.0], [74.097576, 16.592134, 554.0], [74.097293, 16.592133, 554.0], [74.097009, 16.592132, 552.0], [74.096726, 16.59213, 551.0], [74.096443, 16.592129, 553.0], [74.096159, 16.592128, 553.0], [74.095875, 16.5924, 554.0], [74.095874, 16.592673, 555.0], [74.095872, 16.592946, 555.0], [74.095588, 16.593218, 553.0], [74.095303, 16.59349, 553.0], [74.095019, 16.593762, 554.0], [74.094734, 16.594034, 554.0], [74.094733, 16.594307, 554.0], [74.094448, 16.594579, 555.0], [74.094164, 16.594851, 553.0], [74.093879, 16.595123, 549.0], [74.093595, 16.595395, 553.0], [74.09331, 16.595667, 554.0], [74.093025, 16.595939, 555.0], [74.092741, 16.596211, 555.0], [74.092458, 16.596209, 554.0], [74.092174, 16.596208, 554.0], [74.091891, 16.596207, 555.0], [74.091608, 16.596206, 555.0], [74.091326, 16.595931, 555.0], [74.091327, 16.595658, 555.0], [74.091045, 16.595384, 555.0], [74.090763, 16.595109, 556.0], [74.090481, 16.594835, 554.0], [74.090199, 16.594561, 553.0], [74.089914, 16.594832, 554.0], [74.089631, 16.594831, 555.0], [74.089347, 16.595103, 556.0], [74.089062, 16.595375, 556.0], [74.088777, 16.595647, 556.0], [74.088494, 16.595646, 555.0], [74.088211, 16.595645, 556.0], [74.087928, 16.595643, 556.0], [74.087644, 16.595642, 556.0], [74.087361, 16.595641, 555.0], [74.087078, 16.59564, 556.0], [74.086794, 16.595638, 555.0], [74.086511, 16.595637, 554.0], [74.086227, 16.595909, 555.0], [74.085943, 16.595908, 555.0], [74.08566, 16.595906, 555.0], [74.085377, 16.595905, 555.0], [74.085092, 16.596177, 556.0], [74.084809, 16.596176, 556.0], [74.084526, 16.596175, 556.0], [74.084241, 16.596447, 555.0], [74.083956, 16.596719, 553.0], [74.083673, 16.596717, 551.0], [74.08339, 16.596716, 551.0], [74.083106, 16.596715, 552.0], [74.082822, 16.596987, 555.0], [74.08254, 16.596712, 555.0], [74.082257, 16.596711, 556.0], [74.081973, 16.59671, 556.0], [74.081691, 16.596435, 557.0], [74.081409, 16.596161, 555.0], [74.081127, 16.595887, 556.0], [74.080845, 16.595612, 556.0], [74.080563, 16.595338, 555.0], [74.080281, 16.595063, 557.0], [74.079999, 16.594789, 557.0], [74.079717, 16.594514, 557.0], [74.079435, 16.59424, 556.0], [74.079153, 16.593966, 554.0], [74.07887, 16.593964, 555.0], [74.078588, 16.59369, 555.0], [74.078306, 16.593415, 554.0], [74.078024, 16.593141, 553.0], [74.077742, 16.592867, 553.0], [74.07746, 16.592592, 553.0], [74.077178, 16.592318, 553.0], [74.076895, 16.592317, 553.0], [74.076613, 16.592042, 555.0], [74.07633, 16.592041, 553.0], [74.076046, 16.59204, 552.0], [74.075763, 16.592038, 554.0], [74.07548, 16.592037, 555.0], [74.075198, 16.591763, 556.0], [74.074916, 16.591488, 558.0], [74.074633, 16.591487, 558.0], [74.074348, 16.591759, 558.0], [74.074065, 16.591758, 558.0], [74.073782, 16.591756, 559.0], [74.073497, 16.592028, 559.0], [74.073212, 16.5923, 557.0], [74.072928, 16.592572, 555.0], [74.072644, 16.592571, 555.0], [74.072363, 16.592296, 556.0], [74.072081, 16.592022, 558.0], [74.071797, 16.592021, 559.0], [74.071514, 16.592019, 560.0], [74.071231, 16.592018, 558.0], [74.070947, 16.592017, 557.0], [74.070664, 16.592016, 556.0], [74.07038, 16.592288, 557.0], [74.070096, 16.592286, 557.0], [74.069812, 16.592558, 557.0], [74.069528, 16.592557, 556.0], [74.069244, 16.592829, 555.0], [74.068959, 16.593101, 556.0], [74.068676, 16.593099, 557.0], [74.068393, 16.593098, 558.0], [74.068109, 16.593097, 558.0], [74.067825, 16.593369, 558.0], [74.06754, 16.593641, 559.0], [74.067257, 16.593639, 557.0], [74.066975, 16.593365, 559.0], [74.066693, 16.593091, 559.0], [74.06641, 16.593089, 558.0], [74.066126, 16.593088, 558.0], [74.065844, 16.592814, 558.0], [74.065562, 16.592539, 558.0], [74.065281, 16.592265, 558.0], [74.064999, 16.59199, 557.0], [74.064717, 16.591716, 557.0], [74.064433, 16.591715, 557.0], [74.064151, 16.59144, 559.0], [74.063869, 16.591166, 560.0], [74.063587, 16.590891, 560.0], [74.063304, 16.59089, 560.0], [74.063022, 16.590616, 559.0], [74.06274, 16.590341, 560.0], [74.062457, 16.59034, 560.0], [74.062175, 16.590065, 557.0], [74.061892, 16.590064, 558.0], [74.06161, 16.58979, 559.0], [74.061328, 16.589515, 558.0], [74.061046, 16.589241, 558.0], [74.060764, 16.588966, 557.0], [74.060481, 16.588965, 558.0], [74.060197, 16.588964, 559.0], [74.059914, 16.588962, 560.0], [74.059631, 16.588961, 560.0], [74.059349, 16.588687, 559.0], [74.059067, 16.588412, 560.0], [74.058785, 16.588138, 560.0], [74.058502, 16.588137, 559.0], [74.05822, 16.587862, 559.0], [74.057937, 16.587861, 559.0], [74.057655, 16.587586, 560.0], [74.057373, 16.587312, 560.0], [74.057091, 16.587038, 559.0], [74.056809, 16.586763, 560.0], [74.056527, 16.586489, 561.0], [74.056245, 16.586214, 560.0], [74.056246, 16.585941, 560.0], [74.056248, 16.585668, 560.0], [74.055966, 16.585393, 560.0], [74.055967, 16.58512, 559.0], [74.055684, 16.585119, 560.0], [74.055402, 16.584844, 561.0], [74.05512, 16.58457, 560.0], [74.055121, 16.584297, 560.0], [74.055122, 16.584024, 560.0], [74.055124, 16.583751, 560.0], [74.055125, 16.583477, 560.0], [74.054843, 16.583203, 561.0], [74.054561, 16.582928, 559.0], [74.054279, 16.582654, 560.0], [74.053996, 16.582653, 561.0], [74.053714, 16.582378, 561.0], [74.053432, 16.582104, 561.0], [74.05315, 16.581829, 559.0], [74.052867, 16.581828, 560.0], [74.052584, 16.581827, 562.0], [74.052301, 16.581826, 563.0], [74.052017, 16.581824, 564.0], [74.051735, 16.58155, 564.0], [74.051453, 16.581275, 564.0], [74.051171, 16.581001, 564.0], [74.05089, 16.580726, 564.0], [74.050608, 16.580452, 564.0], [74.050326, 16.580178, 562.0], [74.050042, 16.580176, 562.0], [74.050044, 16.579903, 562.0], [74.049762, 16.579629, 560.0], [74.049479, 16.579627, 561.0], [74.049197, 16.579353, 563.0], [74.048915, 16.579078, 563.0], [74.048633, 16.578804, 564.0], [74.04835, 16.578803, 563.0], [74.048068, 16.578528, 562.0], [74.047786, 16.578254, 560.0], [74.047503, 16.578252, 561.0], [74.047221, 16.577978, 562.0], [74.046939, 16.577703, 563.0], [74.046657, 16.577429, 563.0], [74.046375, 16.577155, 563.0], [74.046093, 16.57688, 560.0], [74.045811, 16.576606, 559.0], [74.045528, 16.576604, 560.0], [74.045529, 16.576331, 560.0], [74.045247, 16.576057, 561.0], [74.044965, 16.575782, 561.0], [74.044683, 16.575508, 563.0], [74.044685, 16.575235, 563.0], [74.044969, 16.574963, 562.0], [74.044971, 16.57469, 561.0], [74.044972, 16.574416, 562.0], [74.044973, 16.574143, 562.0], [74.044692, 16.573869, 563.0], [74.044408, 16.573868, 564.0], [74.04441, 16.573594, 564.0], [74.044128, 16.57332, 564.0], [74.044129, 16.573047, 563.0], [74.043847, 16.572772, 564.0], [74.043565, 16.572498, 564.0], [74.043283, 16.572223, 565.0], [74.043001, 16.571949, 565.0], [74.043286, 16.571677, 565.0], [74.043287, 16.571404, 564.0], [74.043289, 16.571131, 564.0], [74.04329, 16.570858, 563.0], [74.043008, 16.570583, 563.0], [74.04301, 16.57031, 564.0], [74.043011, 16.570037, 566.0], [74.043012, 16.569764, 566.0], [74.04273, 16.569489, 565.0], [74.042448, 16.569215, 564.0], [74.042167, 16.56894, 564.0], [74.041885, 16.568666, 564.0], [74.041603, 16.568391, 564.0], [74.041604, 16.568118, 565.0], [74.041605, 16.567845, 566.0], [74.041607, 16.567572, 566.0], [74.041325, 16.567297, 565.0], [74.041043, 16.567023, 565.0], [74.040761, 16.566748, 566.0], [74.040478, 16.566747, 564.0], [74.040196, 16.566473, 566.0], [74.039914, 16.566198, 567.0], [74.039632, 16.565924, 566.0], [74.039634, 16.56565, 564.0], [74.039635, 16.565377, 563.0], [74.039353, 16.565103, 563.0], [74.039354, 16.56483, 563.0], [74.039356, 16.564557, 564.0], [74.039074, 16.564282, 564.0], [74.038791, 16.564281, 563.0], [74.038509, 16.564006, 564.0], [74.038227, 16.563732, 565.0], [74.037945, 16.563457, 567.0], [74.037663, 16.563183, 567.0], [74.037381, 16.562908, 567.0], [74.037383, 16.562635, 567.0], [74.037384, 16.562362, 567.0], [74.037385, 16.562089, 566.0], [74.037387, 16.561816, 565.0], [74.037388, 16.561543, 565.0], [74.037106, 16.561268, 565.0], [74.036824, 16.560994, 567.0], [74.036541, 16.560992, 567.0], [74.036259, 16.560718, 567.0], [74.036261, 16.560445, 566.0], [74.036262, 16.560172, 566.0], [74.036263, 16.559898, 566.0], [74.036265, 16.559625, 566.0], [74.036266, 16.559352, 565.0], [74.036267, 16.559079, 565.0], [74.036269, 16.558806, 565.0], [74.036553, 16.558534, 567.0], [74.036555, 16.558261, 567.0], [74.036273, 16.557986, 568.0], [74.035991, 16.557712, 567.0], [74.035992, 16.557439, 567.0], [74.035994, 16.557165, 568.0], [74.035995, 16.556892, 567.0], [74.035713, 16.556618, 566.0], [74.035431, 16.556343, 567.0], [74.035149, 16.556069, 568.0], [74.035151, 16.555796, 567.0], [74.034869, 16.555521, 568.0], [74.034587, 16.555247, 568.0], [74.034305, 16.554972, 568.0], [74.034023, 16.554698, 568.0], [74.03374, 16.554696, 568.0], [74.033458, 16.554422, 567.0], [74.033175, 16.554421, 566.0], [74.032892, 16.554419, 566.0], [74.032609, 16.554418, 565.0], [74.032327, 16.554144, 566.0], [74.032045, 16.553869, 568.0], [74.031763, 16.553595, 568.0], [74.031481, 16.55332, 567.0], [74.031199, 16.553046, 566.0], [74.030917, 16.552771, 567.0], [74.030919, 16.552498, 568.0], [74.03092, 16.552225, 568.0], [74.030922, 16.551952, 568.0], [74.03064, 16.551677, 568.0], [74.030358, 16.551403, 568.0], [74.030359, 16.55113, 568.0], [74.030077, 16.550855, 569.0], [74.029795, 16.550581, 568.0], [74.029514, 16.550306, 566.0], [74.029232, 16.550032, 566.0], [74.029233, 16.549758, 566.0], [74.028951, 16.549484, 566.0], [74.028953, 16.549211, 567.0], [74.029237, 16.548939, 568.0], [74.029522, 16.548667, 569.0], [74.029523, 16.548394, 570.0], [74.029808, 16.548122, 570.0], [74.030092, 16.54785, 571.0], [74.030094, 16.547577, 570.0], [74.030095, 16.547304, 568.0], [74.030096, 16.547031, 567.0], [74.029815, 16.546756, 568.0], [74.029531, 16.546755, 569.0], [74.029248, 16.546754, 572.0], [74.028966, 16.546479, 574.0], [74.028683, 16.546478, 574.0], [74.028401, 16.546203, 573.0], [74.028119, 16.545929, 572.0], [74.028404, 16.545657, 574.0], [74.028689, 16.545385, 574.0], [74.02869, 16.545112, 573.0], [74.028691, 16.544839, 573.0], [74.028693, 16.544566, 572.0], [74.028411, 16.544291, 572.0], [74.028412, 16.544018, 570.0], [74.028414, 16.543745, 570.0], [74.028415, 16.543472, 570.0], [74.028416, 16.543199, 571.0], [74.028418, 16.542925, 572.0], [74.028702, 16.542654, 572.0], [74.028704, 16.54238, 572.0], [74.028705, 16.542107, 573.0], [74.028706, 16.541834, 573.0], [74.028708, 16.541561, 572.0], [74.028709, 16.541288, 571.0], [74.02871, 16.541015, 571.0], [74.028712, 16.540741, 572.0], [74.028713, 16.540468, 572.0], [74.028715, 16.540195, 571.0], [74.028716, 16.539922, 571.0], [74.028434, 16.539647, 571.0], [74.028152, 16.539373, 571.0], [74.02787, 16.539099, 572.0], [74.027872, 16.538825, 572.0], [74.027873, 16.538552, 572.0], [74.027875, 16.538279, 573.0], [74.027593, 16.538005, 574.0], [74.027594, 16.537731, 574.0], [74.027595, 16.537458, 574.0], [74.027597, 16.537185, 574.0], [74.027598, 16.536912, 574.0], [74.0276, 16.536639, 573.0], [74.027601, 16.536366, 574.0], [74.027319, 16.536091, 574.0], [74.027037, 16.535817, 574.0], [74.026755, 16.535542, 572.0], [74.026757, 16.535269, 571.0], [74.026758, 16.534996, 571.0], [74.02676, 16.534723, 573.0], [74.026761, 16.534449, 574.0], [74.026479, 16.534175, 575.0], [74.02648, 16.533902, 575.0], [74.026199, 16.533627, 575.0], [74.025917, 16.533353, 572.0], [74.025918, 16.53308, 573.0], [74.02592, 16.532807, 573.0], [74.025921, 16.532533, 572.0], [74.025922, 16.53226, 572.0], [74.025924, 16.531987, 572.0], [74.025925, 16.531714, 571.0], [74.025926, 16.531441, 572.0], [74.025928, 16.531168, 573.0], [74.025646, 16.530893, 575.0], [74.025364, 16.530619, 575.0], [74.025366, 16.530345, 575.0], [74.025367, 16.530072, 575.0], [74.025368, 16.529799, 575.0], [74.02537, 16.529526, 574.0], [74.025088, 16.529251, 575.0], [74.024805, 16.52925, 576.0], [74.024521, 16.529249, 576.0], [74.024238, 16.529247, 575.0], [74.023955, 16.529246, 575.0], [74.023672, 16.529245, 575.0], [74.023389, 16.529244, 576.0], [74.023104, 16.529515, 578.0], [74.02282, 16.529787, 577.0], [74.022535, 16.530059, 574.0], [74.02225, 16.530331, 574.0], [74.021967, 16.53033, 575.0], [74.021684, 16.530328, 576.0], [74.021402, 16.530054, 577.0], [74.02112, 16.529779, 577.0], [74.020839, 16.529505, 577.0], [74.020557, 16.52923, 577.0], [74.020275, 16.528956, 576.0], [74.019993, 16.528681, 576.0], [74.019711, 16.528407, 576.0], [74.01943, 16.528132, 577.0], [74.019431, 16.527859, 576.0], [74.019149, 16.527585, 577.0], [74.019151, 16.527311, 575.0], [74.018867, 16.52731, 576.0], [74.018584, 16.527309, 578.0], [74.018302, 16.527034, 581.0], [74.018019, 16.527033, 581.0], [74.017735, 16.527305, 581.0], [74.017452, 16.527303, 584.0], [74.017168, 16.527302, 585.0], [74.016885, 16.527301, 585.0], [74.016603, 16.527026, 585.0], [74.016605, 16.526753, 587.0], [74.016606, 16.52648, 588.0], [74.016324, 16.526205, 589.0], [74.016043, 16.525931, 591.0], [74.015761, 16.525656, 595.0], [74.015479, 16.525382, 604.0], [74.015197, 16.525107, 615.0], [74.014915, 16.524833, 615.0], [74.014634, 16.524558, 615.0], [74.014352, 16.524284, 615.0], [74.01407, 16.524009, 615.0], [74.013788, 16.523735, 615.0], [74.013506, 16.52346, 615.0], [74.013225, 16.523186, 615.0], [74.012943, 16.522911, 615.0], [74.012661, 16.522637, 615.0], [74.012379, 16.522362, 615.0], [74.012097, 16.522088, 615.0], [74.011816, 16.521813, 615.0], [74.011817, 16.52154, 615.0], [74.011818, 16.521267, 615.0], [74.012103, 16.520995, 615.0], [74.012104, 16.520722, 615.0], [74.012106, 16.520449, 615.0], [74.01239, 16.520177, 615.0], [74.012392, 16.519904, 615.0], [74.012676, 16.519632, 615.0], [74.012678, 16.519359, 615.0], [74.012679, 16.519086, 615.0], [74.01268, 16.518813, 615.0], [74.012965, 16.518541, 615.0], [74.012966, 16.518268, 615.0], [74.012968, 16.517995, 615.0], [74.012969, 16.517721, 615.0], [74.012971, 16.517448, 615.0], [74.012972, 16.517175, 615.0], [74.013257, 16.516903, 615.0], [74.013258, 16.51663, 615.0], [74.013259, 16.516357, 615.0], [74.013261, 16.516084, 615.0], [74.013262, 16.515811, 615.0], [74.013263, 16.515537, 615.0], [74.013265, 16.515264, 615.0], [74.013266, 16.514991, 615.0], [74.013268, 16.514718, 615.0], [74.013269, 16.514445, 615.0], [74.012987, 16.51417, 615.0], [74.012705, 16.513896, 615.0], [74.012424, 16.513621, 615.0], [74.012142, 16.513347, 615.0], [74.01186, 16.513072, 615.0], [74.011578, 16.512798, 615.0], [74.011297, 16.512523, 615.0], [74.011015, 16.512249, 615.0], [74.011016, 16.511976, 615.0], [74.010734, 16.511701, 615.0], [74.010736, 16.511428, 615.0], [74.010454, 16.511153, 615.0], [74.010455, 16.51088, 615.0], [74.010174, 16.510606, 615.0], [74.009892, 16.510331, 615.0], [74.00961, 16.510057, 615.0], [74.009328, 16.509782, 615.0], [74.009047, 16.509508, 615.0], [74.008763, 16.509506, 615.0], [74.008482, 16.509232, 615.0], [74.0082, 16.508957, 615.0], [74.007918, 16.508683, 615.0], [74.007635, 16.508682, 615.0], [74.007353, 16.508407, 615.0], [74.007072, 16.508133, 615.0], [74.00679, 16.507858, 615.0], [74.006508, 16.507584, 615.0], [74.006226, 16.507309, 615.0], [74.005945, 16.507035, 615.0], [74.005663, 16.50676, 615.0], [74.005381, 16.506486, 615.0], [74.005099, 16.506211, 615.0], [74.004818, 16.505936, 615.0], [74.004536, 16.505662, 615.0], [74.004537, 16.505389, 615.0], [74.004255, 16.505114, 615.0], [74.003974, 16.50484, 615.0], [74.003692, 16.504565, 615.0], [74.00341, 16.504291, 615.0], [74.003128, 16.504016, 615.0], [74.002845, 16.504015, 615.0], [74.002564, 16.50374, 615.0], [74.002282, 16.503466, 615.0], [74.002, 16.503191, 615.0], [74.001718, 16.502917, 615.0], [74.00172, 16.502644, 615.0], [74.001438, 16.502369, 615.0], [74.001439, 16.502096, 615.0], [74.001441, 16.501823, 615.0], [74.001442, 16.50155, 615.0], [74.001444, 16.501277, 615.0], [74.001445, 16.501003, 615.0], [74.001446, 16.50073, 615.0], [74.001448, 16.500457, 615.0], [74.001449, 16.500184, 615.0], [74.001451, 16.499911, 615.0], [74.001452, 16.499638, 615.0], [74.001453, 16.499364, 615.0], [74.001455, 16.499091, 615.0], [74.001173, 16.498817, 615.0], [74.000891, 16.498542, 615.0], [74.000608, 16.498541, 615.0], [74.000326, 16.498266, 615.0], [74.000328, 16.497993, 615.0], [74.000046, 16.497719, 615.0], [73.999764, 16.497444, 615.0], [73.999481, 16.497443, 615.0], [73.999199, 16.497168, 615.0], [73.998918, 16.496894, 615.0], [73.998635, 16.496892, 615.0], [73.998353, 16.496618, 615.0], [73.998071, 16.496343, 615.0], [73.997789, 16.496069, 615.0], [73.997508, 16.495794, 615.0], [73.997225, 16.495793, 615.0], [73.996943, 16.495518, 615.0], [73.996661, 16.495244, 615.0], [73.996379, 16.494969, 615.0], [73.996381, 16.494696, 615.0], [73.996382, 16.494423, 615.0], [73.996101, 16.494149, 615.0], [73.996102, 16.493875, 615.0], [73.996103, 16.493602, 615.0], [73.995822, 16.493328, 615.0], [73.99554, 16.493053, 615.0], [73.995257, 16.493052, 615.0], [73.994975, 16.492777, 615.0], [73.994693, 16.492503, 615.0], [73.994412, 16.492228, 615.0], [73.99413, 16.491954, 615.0], [73.993848, 16.491679, 615.0], [73.993566, 16.491405, 615.0], [73.993285, 16.49113, 615.0], [73.993003, 16.490856, 615.0], [73.99272, 16.490854, 615.0], [73.992438, 16.49058, 615.0], [73.99244, 16.490307, 615.0], [73.992158, 16.490032, 615.0], [73.991876, 16.489758, 615.0], [73.991593, 16.489756, 615.0], [73.991311, 16.489482, 615.0], [73.99103, 16.489207, 615.0], [73.990747, 16.489206, 615.0], [73.990465, 16.488931, 615.0], [73.990183, 16.488657, 615.0], [73.989901, 16.488382, 615.0], [73.989903, 16.488109, 615.0], [73.989621, 16.487835, 615.0], [73.989623, 16.487561, 615.0], [73.989624, 16.487288, 616.0], [73.989342, 16.487014, 618.0], [73.989059, 16.487012, 620.0], [73.988776, 16.487011, 621.0], [73.988493, 16.48701, 621.0], [73.98821, 16.487008, 619.0], [73.987928, 16.486734, 621.0], [73.987646, 16.486459, 620.0], [73.987365, 16.486185, 620.0], [73.987366, 16.485911, 621.0], [73.987368, 16.485638, 621.0], [73.987086, 16.485364, 621.0], [73.987087, 16.485091, 619.0], [73.987089, 16.484817, 620.0], [73.98709, 16.484544, 621.0], [73.987091, 16.484271, 622.0], [73.98681, 16.483997, 622.0], [73.986528, 16.483722, 624.0], [73.986246, 16.483447, 625.0], [73.985965, 16.483173, 624.0], [73.985682, 16.483172, 624.0], [73.985398, 16.48317, 625.0], [73.9854, 16.482897, 626.0], [73.985118, 16.482623, 628.0], [73.984837, 16.482348, 628.0], [73.984555, 16.482073, 629.0], [73.984273, 16.481799, 630.0], [73.984275, 16.481526, 629.0], [73.984276, 16.481253, 628.0], [73.983994, 16.480978, 630.0], [73.983713, 16.480704, 632.0], [73.983431, 16.480429, 635.0], [73.983149, 16.480154, 636.0], [73.982868, 16.47988, 634.0], [73.982584, 16.479879, 633.0], [73.982301, 16.479877, 633.0], [73.98202, 16.479603, 634.0], [73.981738, 16.479328, 636.0], [73.981456, 16.479054, 636.0], [73.981175, 16.478779, 635.0], [73.980893, 16.478504, 636.0], [73.980894, 16.478231, 636.0], [73.980613, 16.477957, 637.0], [73.980331, 16.477682, 638.0], [73.980048, 16.477681, 639.0], [73.979766, 16.477406, 640.0], [73.979483, 16.477405, 640.0], [73.979201, 16.47713, 640.0], [73.97892, 16.476856, 640.0], [73.978637, 16.476854, 639.0], [73.978354, 16.476853, 640.0], [73.97807, 16.476852, 641.0], [73.977787, 16.47685, 643.0], [73.977506, 16.476576, 644.0], [73.977223, 16.476574, 645.0], [73.97694, 16.476573, 645.0], [73.976656, 16.476572, 646.0], [73.976373, 16.47657, 645.0], [73.97609, 16.476569, 644.0], [73.975807, 16.476567, 646.0], [73.975525, 16.476293, 650.0], [73.975244, 16.476018, 652.0], [73.974961, 16.476017, 651.0], [73.974679, 16.475742, 653.0], [73.97468, 16.475469, 654.0], [73.974399, 16.475195, 658.0], [73.974117, 16.47492, 659.0], [73.974119, 16.474647, 660.0], [73.973837, 16.474372, 662.0], [73.973555, 16.474098, 666.0], [73.973274, 16.473823, 668.0], [73.972992, 16.473549, 669.0], [73.972993, 16.473276, 670.0], [73.972712, 16.473001, 671.0], [73.972713, 16.472728, 670.0], [73.972715, 16.472455, 672.0], [73.972716, 16.472182, 674.0], [73.972434, 16.471907, 677.0], [73.972153, 16.471633, 680.0], [73.971871, 16.471358, 679.0], [73.971589, 16.471083, 680.0], [73.971591, 16.47081, 682.0], [73.971309, 16.470536, 684.0], [73.971028, 16.470261, 685.0], [73.970746, 16.469987, 688.0], [73.970464, 16.469712, 691.0], [73.970183, 16.469438, 690.0], [73.969899, 16.469436, 692.0], [73.969618, 16.469162, 695.0], [73.969335, 16.46916, 697.0], [73.969052, 16.469159, 699.0], [73.96877, 16.468884, 702.0], [73.968488, 16.46861, 705.0], [73.96849, 16.468337, 708.0], [73.968208, 16.468062, 711.0], [73.967926, 16.467787, 714.0], [73.967645, 16.467513, 718.0], [73.967363, 16.467238, 721.0], [73.967082, 16.466964, 723.0], [73.967083, 16.466691, 725.0], [73.966801, 16.466416, 729.0], [73.96652, 16.466141, 731.0], [73.966521, 16.465868, 733.0], [73.96624, 16.465594, 736.0], [73.965958, 16.465319, 738.0], [73.965676, 16.465045, 742.0], [73.965678, 16.464772, 748.0], [73.965679, 16.464498, 756.0], [73.965681, 16.464225, 761.0], [73.965682, 16.463952, 766.0], [73.965967, 16.46368, 770.0], [73.965968, 16.463407, 773.0], [73.965969, 16.463134, 778.0], [73.965971, 16.462861, 781.0], [73.965972, 16.462588, 785.0], [73.965691, 16.462313, 788.0], [73.965692, 16.46204, 791.0], [73.965694, 16.461767, 794.0], [73.965978, 16.461495, 796.0], [73.96598, 16.461222, 797.0], [73.965981, 16.460949, 797.0], [73.965983, 16.460676, 799.0], [73.965701, 16.460401, 803.0], [73.965419, 16.460126, 807.0], [73.965421, 16.459853, 810.0], [73.965422, 16.45958, 814.0], [73.965141, 16.459306, 817.0], [73.964859, 16.459031, 825.0], [73.964577, 16.458756, 830.0], [73.964579, 16.458483, 836.0], [73.96458, 16.45821, 845.0], [73.964582, 16.457937, 854.0], [73.964583, 16.457664, 862.0], [73.964585, 16.457391, 869.0], [73.964586, 16.457117, 876.0], [73.964587, 16.456844, 880.0], [73.964589, 16.456571, 884.0], [73.964873, 16.456299, 890.0], [73.964875, 16.456026, 893.0], [73.965159, 16.455754, 899.0], [73.965444, 16.455483, 905.0], [73.965728, 16.455211, 917.0], [73.966013, 16.454939, 926.0], [73.966296, 16.454941, 929.0], [73.966581, 16.454669, 933.0], [73.966582, 16.454396, 938.0], [73.966583, 16.454122, 941.0], [73.966585, 16.453849, 942.0], [73.966586, 16.453576, 944.0], [73.966588, 16.453303, 945.0], [73.966306, 16.453028, 947.0], [73.966308, 16.452755, 948.0], [73.966309, 16.452482, 949.0], [73.96631, 16.452209, 951.0], [73.966312, 16.451936, 952.0], [73.966029, 16.451934, 956.0], [73.965746, 16.451933, 963.0], [73.965463, 16.451932, 971.0], [73.965181, 16.451657, 977.0], [73.964898, 16.451656, 981.0], [73.964615, 16.451654, 985.0], [73.96433, 16.451926, 989.0]]]}}, {"type": "Feature", "properties": {"subbasin": "S2", "name": null, "reach_len": null, "reach_rel": null, "reach_sin": null, "reach_slo": null, "len_units": null, "layer": "longest_flowpath_network", "path": "E:\\Manasi_intern\\HMS_Shp\\longest_flowpath_network.shp"}, "geometry": {"type": "MultiLineString", "coordinates": [[[74.178992, 16.732201, 542.0], [74.178849, 16.732337, 543.0], [74.178565, 16.732609, 543.0], [74.178563, 16.732882, 542.0], [74.178562, 16.733155, 541.0], [74.178278, 16.733427, 540.0], [74.178276, 16.7337, 542.0], [74.178275, 16.733973, 543.0], [74.177991, 16.734246, 542.0], [74.177706, 16.734518, 543.0], [74.177421, 16.73479, 542.0], [74.177137, 16.735062, 541.0], [74.176852, 16.735334, 539.0], [74.176567, 16.735606, 540.0], [74.176283, 16.735878, 543.0], [74.175999, 16.735877, 542.0], [74.175716, 16.735876, 540.0], [74.175432, 16.735874, 539.0], [74.175149, 16.735873, 539.0], [74.174865, 16.735872, 540.0], [74.174582, 16.735871, 541.0], [74.174298, 16.73587, 542.0], [74.174015, 16.735869, 541.0], [74.173731, 16.735868, 539.0], [74.173448, 16.735866, 539.0], [74.173164, 16.735865, 539.0], [74.172881, 16.735864, 539.0], [74.172597, 16.735863, 540.0], [74.172314, 16.735862, 541.0], [74.17203, 16.735861, 542.0], [74.171747, 16.73586, 542.0], [74.171463, 16.735858, 543.0], [74.17118, 16.735857, 544.0], [74.170896, 16.735856, 544.0], [74.170613, 16.735855, 543.0], [74.17033, 16.735581, 541.0], [74.170047, 16.73558, 538.0], [74.169764, 16.735305, 542.0], [74.169482, 16.735031, 544.0], [74.1692, 16.734757, 543.0], [74.168917, 16.734482, 544.0], [74.168635, 16.734208, 543.0], [74.168353, 16.733934, 541.0], [74.168069, 16.733933, 542.0], [74.167786, 16.733931, 543.0], [74.167504, 16.733657, 543.0], [74.167221, 16.733383, 540.0], [74.166939, 16.733109, 543.0], [74.166657, 16.732834, 544.0], [74.166374, 16.73256, 543.0], [74.166091, 16.732559, 543.0], [74.165809, 16.732284, 543.0], [74.165526, 16.73201, 544.0], [74.165244, 16.731736, 543.0], [74.16496, 16.731735, 542.0], [74.164678, 16.73146, 540.0], [74.164396, 16.731186, 539.0], [74.164397, 16.730913, 540.0], [74.164115, 16.730639, 541.0], [74.163832, 16.730364, 540.0], [74.16355, 16.73009, 541.0], [74.163268, 16.729816, 541.0], [74.162985, 16.729541, 541.0], [74.162987, 16.729268, 540.0], [74.162704, 16.728994, 539.0], [74.162422, 16.72872, 542.0], [74.162139, 16.728718, 544.0], [74.161855, 16.728717, 544.0], [74.161572, 16.728716, 544.0], [74.161288, 16.728715, 544.0], [74.161005, 16.728714, 543.0], [74.160722, 16.728439, 544.0], [74.16044, 16.728165, 544.0], [74.160158, 16.727891, 544.0], [74.160159, 16.727618, 544.0], [74.16016, 16.727344, 544.0], [74.160161, 16.727071, 543.0], [74.160446, 16.726799, 542.0], [74.160447, 16.726526, 542.0], [74.160448, 16.726253, 542.0], [74.16045, 16.72598, 541.0], [74.160451, 16.725707, 540.0], [74.160452, 16.725433, 538.0], [74.160737, 16.725161, 537.0], [74.161021, 16.724889, 541.0], [74.161306, 16.724617, 544.0], [74.161307, 16.724344, 544.0], [74.161308, 16.724071, 543.0], [74.16131, 16.723798, 543.0], [74.161027, 16.723524, 542.0], [74.161029, 16.72325, 542.0], [74.16103, 16.722977, 541.0], [74.161031, 16.722704, 539.0], [74.161032, 16.722431, 538.0], [74.161317, 16.722159, 538.0], [74.161601, 16.721887, 540.0], [74.161603, 16.721614, 541.0], [74.161887, 16.721342, 542.0], [74.162172, 16.72107, 543.0], [74.162457, 16.720798, 543.0], [74.162741, 16.720526, 544.0], [74.162743, 16.720252, 543.0], [74.163027, 16.71998, 544.0], [74.163028, 16.719707, 543.0], [74.163313, 16.719435, 543.0], [74.163314, 16.719162, 542.0], [74.163599, 16.71889, 541.0], [74.1636, 16.718617, 543.0], [74.163885, 16.718345, 543.0], [74.164169, 16.718073, 543.0], [74.164454, 16.717801, 543.0], [74.164455, 16.717528, 540.0], [74.164456, 16.717254, 538.0], [74.164741, 16.716982, 538.0], [74.165026, 16.71671, 539.0], [74.165027, 16.716437, 538.0], [74.165028, 16.716164, 539.0], [74.165313, 16.715892, 537.0], [74.165597, 16.71562, 539.0], [74.165599, 16.715347, 540.0], [74.165883, 16.715075, 541.0], [74.166168, 16.714803, 540.0], [74.166453, 16.714531, 541.0], [74.166737, 16.714259, 543.0], [74.167022, 16.713987, 543.0], [74.167307, 16.713715, 543.0], [74.167591, 16.713443, 542.0], [74.167592, 16.71317, 542.0], [74.167594, 16.712896, 542.0], [74.167595, 16.712623, 542.0], [74.167596, 16.71235, 542.0], [74.167881, 16.712078, 542.0], [74.167882, 16.711805, 542.0], [74.167883, 16.711532, 542.0], [74.167884, 16.711258, 542.0], [74.167885, 16.710985, 542.0], [74.167887, 16.710712, 543.0], [74.167888, 16.710439, 543.0], [74.167889, 16.710166, 542.0], [74.16789, 16.709893, 540.0], [74.167891, 16.709619, 539.0], [74.167892, 16.709346, 538.0], [74.167894, 16.709073, 538.0], [74.167895, 16.7088, 539.0], [74.167896, 16.708527, 539.0], [74.167897, 16.708254, 540.0], [74.167898, 16.70798, 541.0], [74.1679, 16.707707, 541.0], [74.167617, 16.707433, 541.0], [74.167618, 16.70716, 540.0], [74.16762, 16.706887, 540.0], [74.167621, 16.706613, 540.0], [74.167622, 16.70634, 540.0], [74.167623, 16.706067, 539.0], [74.167624, 16.705794, 538.0], [74.167342, 16.70552, 540.0], [74.167343, 16.705246, 541.0], [74.167345, 16.704973, 539.0], [74.167346, 16.7047, 538.0], [74.167063, 16.704426, 540.0], [74.167065, 16.704153, 539.0], [74.167066, 16.703879, 538.0], [74.167067, 16.703606, 539.0], [74.167068, 16.703333, 540.0], [74.167069, 16.70306, 541.0], [74.167071, 16.702787, 540.0], [74.167072, 16.702514, 540.0], [74.167073, 16.70224, 541.0], [74.167074, 16.701967, 542.0], [74.166792, 16.701693, 542.0], [74.166793, 16.70142, 540.0], [74.166794, 16.701147, 540.0], [74.167079, 16.700875, 538.0], [74.167363, 16.700603, 539.0], [74.167648, 16.700331, 540.0], [74.167649, 16.700057, 540.0], [74.16765, 16.699784, 541.0], [74.167652, 16.699511, 540.0], [74.167369, 16.699237, 538.0], [74.167087, 16.698962, 539.0], [74.166805, 16.698688, 541.0], [74.166806, 16.698415, 540.0], [74.166807, 16.698142, 541.0], [74.166808, 16.697869, 543.0], [74.166526, 16.697594, 542.0], [74.166244, 16.69732, 543.0], [74.166245, 16.697047, 542.0], [74.166246, 16.696774, 541.0], [74.166247, 16.6965, 541.0], [74.166249, 16.696227, 541.0], [74.16625, 16.695954, 542.0], [74.166251, 16.695681, 543.0], [74.166252, 16.695408, 542.0], [74.166253, 16.695135, 541.0], [74.166255, 16.694861, 540.0], [74.166256, 16.694588, 540.0], [74.166257, 16.694315, 540.0], [74.166258, 16.694042, 541.0], [74.166259, 16.693769, 541.0], [74.165977, 16.693494, 540.0], [74.165978, 16.693221, 540.0], [74.165979, 16.692948, 539.0], [74.165981, 16.692675, 537.0], [74.165698, 16.692401, 537.0], [74.165416, 16.692126, 540.0], [74.165417, 16.691853, 540.0], [74.165418, 16.69158, 539.0], [74.16542, 16.691307, 539.0], [74.165421, 16.691034, 538.0], [74.165422, 16.690761, 538.0], [74.16514, 16.690486, 539.0], [74.165141, 16.690213, 540.0], [74.164859, 16.689939, 539.0], [74.164575, 16.689938, 540.0], [74.164576, 16.689664, 540.0], [74.164578, 16.689391, 539.0], [74.164295, 16.689117, 541.0], [74.164297, 16.688844, 541.0], [74.164298, 16.688571, 541.0], [74.164299, 16.688297, 540.0], [74.1643, 16.688024, 540.0], [74.164301, 16.687751, 540.0], [74.164019, 16.687477, 540.0], [74.163737, 16.687202, 538.0], [74.163738, 16.686929, 539.0], [74.163456, 16.686655, 539.0], [74.163174, 16.686381, 539.0], [74.163175, 16.686107, 538.0], [74.163176, 16.685834, 537.0], [74.163177, 16.685561, 539.0], [74.162895, 16.685287, 540.0], [74.162896, 16.685014, 540.0], [74.162614, 16.684739, 540.0], [74.162615, 16.684466, 541.0], [74.162616, 16.684193, 538.0], [74.162334, 16.683919, 538.0], [74.162052, 16.683644, 540.0], [74.16177, 16.68337, 540.0], [74.161771, 16.683097, 536.0], [74.161772, 16.682824, 536.0], [74.16149, 16.682549, 536.0], [74.161491, 16.682276, 537.0], [74.161207, 16.682275, 538.0], [74.160925, 16.682001, 540.0], [74.160643, 16.681726, 541.0], [74.160361, 16.681452, 541.0], [74.160079, 16.681178, 540.0], [74.159795, 16.681177, 541.0], [74.159796, 16.680903, 540.0], [74.159798, 16.68063, 539.0], [74.159799, 16.680357, 539.0], [74.1598, 16.680084, 539.0], [74.159801, 16.679811, 536.0], [74.159519, 16.679536, 535.0], [74.15952, 16.679263, 539.0], [74.159521, 16.67899, 542.0], [74.159806, 16.678718, 543.0], [74.160091, 16.678446, 544.0], [74.160092, 16.678173, 544.0], [74.160093, 16.6779, 544.0], [74.159811, 16.677625, 545.0], [74.159528, 16.677351, 545.0], [74.159246, 16.677077, 543.0], [74.158964, 16.676802, 543.0], [74.158681, 16.676801, 545.0], [74.158397, 16.6768, 545.0], [74.158114, 16.676799, 545.0], [74.15783, 16.676798, 545.0], [74.157547, 16.676797, 545.0], [74.157264, 16.676796, 544.0], [74.15698, 16.676794, 544.0], [74.156698, 16.67652, 544.0], [74.156416, 16.676246, 541.0], [74.156132, 16.676245, 540.0], [74.155849, 16.676243, 541.0], [74.155565, 16.676242, 540.0], [74.155282, 16.676241, 540.0], [74.154999, 16.67624, 540.0], [74.154715, 16.676239, 541.0], [74.154433, 16.675965, 539.0], [74.154151, 16.67569, 540.0], [74.153867, 16.675689, 540.0], [74.153584, 16.675688, 542.0], [74.153302, 16.675414, 541.0], [74.15302, 16.675139, 542.0], [74.152737, 16.674865, 542.0], [74.152454, 16.674864, 540.0], [74.152172, 16.674589, 539.0], [74.151888, 16.674588, 539.0], [74.151605, 16.674587, 541.0], [74.151322, 16.674586, 544.0], [74.151038, 16.674585, 544.0], [74.150755, 16.674584, 543.0], [74.150471, 16.674582, 542.0], [74.150189, 16.674308, 542.0], [74.149906, 16.674307, 544.0], [74.149622, 16.674306, 545.0], [74.149339, 16.674305, 545.0], [74.149056, 16.674303, 545.0], [74.148773, 16.674029, 545.0], [74.148491, 16.673755, 544.0], [74.148209, 16.67348, 544.0], [74.147927, 16.673206, 543.0], [74.147643, 16.673205, 543.0], [74.14736, 16.673204, 544.0], [74.147078, 16.672929, 545.0], [74.146794, 16.672928, 544.0], [74.146511, 16.672927, 544.0], [74.146228, 16.672926, 543.0], [74.145944, 16.672925, 541.0], [74.145661, 16.672924, 539.0], [74.145377, 16.672922, 539.0], [74.145094, 16.672921, 541.0], [74.144812, 16.672647, 544.0], [74.144528, 16.672646, 545.0], [74.144246, 16.672371, 545.0], [74.143963, 16.67237, 544.0], [74.143679, 16.672369, 544.0], [74.143396, 16.672368, 544.0], [74.143112, 16.672367, 543.0], [74.142829, 16.672366, 543.0], [74.142546, 16.672364, 542.0], [74.142262, 16.672363, 541.0], [74.141979, 16.672362, 539.0], [74.141695, 16.672361, 540.0], [74.141412, 16.67236, 540.0], [74.141129, 16.672359, 540.0], [74.140845, 16.672357, 541.0], [74.140563, 16.672083, 544.0], [74.140281, 16.671809, 543.0], [74.139998, 16.671807, 542.0], [74.139714, 16.671806, 542.0], [74.139432, 16.671532, 543.0], [74.13915, 16.671258, 543.0], [74.138868, 16.670983, 542.0], [74.138584, 16.670982, 542.0], [74.138301, 16.670981, 542.0], [74.138017, 16.67098, 542.0], [74.137734, 16.670979, 541.0], [74.137452, 16.670704, 542.0], [74.13717, 16.67043, 544.0], [74.136887, 16.670156, 545.0], [74.136605, 16.669881, 544.0], [74.136323, 16.669607, 545.0], [74.136041, 16.669332, 542.0], [74.135759, 16.669058, 538.0], [74.135475, 16.669057, 538.0], [74.135193, 16.668783, 540.0], [74.134911, 16.668508, 543.0], [74.134629, 16.668234, 542.0], [74.134347, 16.66796, 539.0], [74.134064, 16.667685, 540.0], [74.133781, 16.667684, 540.0], [74.133498, 16.667683, 541.0], [74.133214, 16.667682, 542.0], [74.132932, 16.667407, 542.0], [74.132649, 16.667406, 542.0], [74.132367, 16.667132, 540.0], [74.132083, 16.667131, 540.0], [74.1318, 16.667129, 541.0], [74.131518, 16.666855, 541.0], [74.131235, 16.666581, 540.0], [74.130953, 16.666306, 541.0], [74.130671, 16.666032, 543.0], [74.130389, 16.665758, 544.0], [74.130106, 16.665756, 544.0], [74.129823, 16.665482, 543.0], [74.12954, 16.665481, 543.0], [74.129257, 16.66548, 542.0], [74.128973, 16.665478, 541.0], [74.128691, 16.665204, 540.0], [74.128408, 16.665203, 542.0], [74.128124, 16.665202, 543.0], [74.127841, 16.665201, 542.0], [74.127558, 16.665199, 540.0], [74.127273, 16.665471, 543.0], [74.12699, 16.66547, 543.0], [74.126706, 16.665469, 543.0], [74.126424, 16.665195, 545.0], [74.126142, 16.66492, 544.0], [74.125858, 16.664919, 543.0], [74.125576, 16.664645, 542.0], [74.125294, 16.66437, 543.0], [74.125011, 16.664369, 543.0], [74.124729, 16.664095, 542.0], [74.124445, 16.664094, 542.0], [74.124163, 16.663819, 545.0], [74.123881, 16.663545, 545.0], [74.123598, 16.663544, 544.0], [74.123314, 16.663542, 545.0], [74.123031, 16.663541, 544.0], [74.122747, 16.66354, 543.0], [74.122464, 16.663539, 542.0], [74.122182, 16.663264, 544.0], [74.121898, 16.663263, 545.0], [74.121616, 16.662989, 543.0], [74.121333, 16.662988, 543.0], [74.121051, 16.662713, 544.0], [74.120769, 16.662439, 545.0], [74.120486, 16.662165, 544.0], [74.120204, 16.66189, 541.0], [74.119922, 16.661616, 541.0], [74.11964, 16.661341, 543.0], [74.119357, 16.66134, 544.0], [74.119072, 16.661612, 543.0], [74.118789, 16.661611, 542.0], [74.118505, 16.66161, 543.0], [74.118222, 16.661609, 543.0], [74.117938, 16.661607, 543.0], [74.117655, 16.661606, 543.0], [74.11737, 16.661878, 543.0], [74.117087, 16.661877, 543.0], [74.116804, 16.661876, 544.0], [74.116519, 16.662148, 544.0], [74.116234, 16.66242, 544.0], [74.115951, 16.662418, 542.0], [74.115666, 16.66269, 543.0], [74.115665, 16.662964, 544.0], [74.115382, 16.662962, 545.0], [74.115097, 16.663234, 545.0], [74.114814, 16.663233, 545.0], [74.11453, 16.663232, 545.0], [74.114247, 16.663231, 544.0], [74.113962, 16.663503, 545.0], [74.113678, 16.663775, 544.0], [74.113394, 16.663773, 544.0], [74.113111, 16.663772, 544.0], [74.112827, 16.663771, 543.0], [74.112543, 16.664043, 542.0], [74.112258, 16.664315, 543.0], [74.111975, 16.664314, 543.0], [74.11169, 16.664586, 543.0], [74.111406, 16.664858, 545.0], [74.111121, 16.665129, 545.0], [74.110837, 16.665128, 544.0], [74.110554, 16.665127, 542.0], [74.110269, 16.665399, 542.0], [74.109985, 16.665671, 542.0], [74.1097, 16.665943, 543.0], [74.109415, 16.666215, 542.0], [74.109132, 16.666214, 542.0], [74.108847, 16.666486, 544.0], [74.108564, 16.666484, 544.0], [74.108279, 16.666756, 545.0], [74.107995, 16.667028, 545.0], [74.10771, 16.6673, 545.0], [74.107709, 16.667573, 544.0], [74.107708, 16.667847, 543.0], [74.107706, 16.66812, 540.0], [74.107423, 16.668118, 543.0], [74.107138, 16.66839, 544.0], [74.106854, 16.668662, 545.0], [74.106852, 16.668936, 544.0], [74.106851, 16.669209, 544.0], [74.10685, 16.669482, 543.0], [74.106565, 16.669754, 544.0], [74.10628, 16.670026, 545.0], [74.105996, 16.670298, 545.0], [74.105994, 16.670571, 545.0], [74.105993, 16.670844, 545.0], [74.105992, 16.671117, 545.0], [74.105991, 16.67139, 544.0], [74.105989, 16.671664, 542.0], [74.105988, 16.671937, 541.0], [74.105987, 16.67221, 542.0], [74.105986, 16.672483, 543.0], [74.105701, 16.672755, 542.0], [74.105416, 16.673027, 545.0], [74.105132, 16.673299, 545.0], [74.10513, 16.673572, 545.0], [74.105129, 16.673845, 545.0], [74.105128, 16.674118, 545.0], [74.104843, 16.67439, 546.0], [74.104558, 16.674662, 546.0], [74.104557, 16.674935, 545.0], [74.104556, 16.675209, 543.0], [74.104555, 16.675482, 543.0], [74.10427, 16.675754, 545.0], [74.104269, 16.676027, 546.0], [74.104551, 16.676301, 546.0], [74.104833, 16.676576, 546.0], [74.105115, 16.67685, 546.0], [74.105397, 16.677124, 546.0], [74.105679, 16.677399, 546.0], [74.105961, 16.677673, 546.0], [74.106244, 16.677948, 545.0], [74.106242, 16.678221, 543.0], [74.106524, 16.678495, 545.0], [74.106807, 16.67877, 544.0], [74.10709, 16.678771, 541.0], [74.107372, 16.679045, 541.0], [74.107654, 16.679319, 544.0], [74.107936, 16.679594, 545.0], [74.108219, 16.679868, 545.0], [74.108501, 16.680143, 545.0], [74.108783, 16.680417, 543.0], [74.109065, 16.680691, 543.0], [74.109064, 16.680965, 543.0], [74.109063, 16.681238, 544.0], [74.109345, 16.681512, 543.0], [74.109343, 16.681785, 545.0], [74.109342, 16.682058, 546.0], [74.109341, 16.682332, 546.0], [74.10934, 16.682605, 545.0], [74.109622, 16.682879, 544.0], [74.109621, 16.683152, 542.0], [74.109619, 16.683426, 542.0], [74.109618, 16.683699, 541.0], [74.109617, 16.683972, 541.0], [74.109899, 16.684246, 541.0], [74.110181, 16.684521, 542.0], [74.11018, 16.684794, 544.0], [74.109895, 16.685066, 544.0], [74.109894, 16.685339, 544.0], [74.110176, 16.685613, 546.0], [74.110458, 16.685888, 547.0], [74.11074, 16.686162, 545.0], [74.110739, 16.686435, 543.0], [74.110738, 16.686708, 544.0], [74.110736, 16.686982, 546.0], [74.110735, 16.687255, 545.0], [74.110734, 16.687528, 545.0], [74.110733, 16.687801, 544.0], [74.110731, 16.688074, 543.0], [74.11073, 16.688347, 542.0], [74.110729, 16.688621, 541.0], [74.110728, 16.688894, 540.0], [74.110726, 16.689167, 541.0], [74.110442, 16.689439, 541.0], [74.11044, 16.689712, 543.0], [74.110439, 16.689985, 544.0], [74.110154, 16.690257, 546.0], [74.10987, 16.690529, 547.0], [74.109585, 16.690801, 547.0], [74.1093, 16.691073, 546.0], [74.109016, 16.691345, 544.0], [74.108731, 16.691617, 546.0], [74.108448, 16.691616, 547.0], [74.108164, 16.691614, 548.0], [74.107881, 16.691613, 547.0], [74.107597, 16.691612, 546.0], [74.107314, 16.691611, 546.0], [74.10703, 16.691609, 546.0], [74.106747, 16.691608, 546.0], [74.106462, 16.69188, 546.0], [74.106179, 16.691879, 545.0], [74.105895, 16.691878, 545.0], [74.105612, 16.691877, 545.0], [74.105329, 16.691875, 544.0], [74.105045, 16.691874, 542.0], [74.104762, 16.691873, 541.0], [74.104478, 16.691872, 542.0], [74.104194, 16.692144, 543.0], [74.103909, 16.692416, 542.0], [74.103625, 16.692414, 542.0], [74.103342, 16.692413, 543.0], [74.103059, 16.692412, 543.0], [74.102774, 16.692684, 543.0], [74.10249, 16.692683, 542.0], [74.102207, 16.692681, 540.0], [74.101924, 16.69268, 541.0], [74.10164, 16.692679, 543.0], [74.101357, 16.692678, 544.0], [74.101075, 16.692403, 545.0], [74.100791, 16.692402, 545.0], [74.100508, 16.692401, 546.0], [74.100224, 16.6924, 546.0], [74.099941, 16.692398, 547.0], [74.099659, 16.692124, 547.0], [74.099375, 16.692123, 548.0], [74.099093, 16.691848, 547.0], [74.09881, 16.691847, 547.0], [74.098528, 16.691573, 544.0], [74.098244, 16.691571, 544.0], [74.097961, 16.69157, 544.0], [74.097677, 16.691569, 543.0], [74.097394, 16.691568, 543.0], [74.09711, 16.691566, 544.0], [74.096827, 16.691565, 545.0], [74.096542, 16.691837, 545.0], [74.096258, 16.692109, 545.0], [74.095973, 16.692381, 546.0], [74.095689, 16.69238, 546.0], [74.095405, 16.692652, 546.0], [74.09512, 16.692924, 545.0], [74.094835, 16.693196, 544.0], [74.094552, 16.693194, 543.0], [74.094268, 16.693193, 542.0], [74.093984, 16.693465, 540.0], [74.093699, 16.693737, 543.0], [74.093414, 16.694009, 546.0], [74.09313, 16.694281, 548.0], [74.092845, 16.694553, 548.0], [74.09256, 16.694825, 547.0], [74.092275, 16.695097, 547.0], [74.091992, 16.695095, 548.0], [74.091709, 16.695094, 547.0], [74.091426, 16.69482, 548.0], [74.091144, 16.694545, 547.0], [74.090861, 16.694544, 548.0], [74.090579, 16.69427, 547.0], [74.090295, 16.694268, 547.0], [74.090013, 16.693994, 545.0], [74.08973, 16.693993, 544.0], [74.089446, 16.693991, 545.0], [74.089164, 16.693717, 546.0], [74.088881, 16.693716, 547.0], [74.088597, 16.693715, 547.0], [74.088314, 16.693713, 546.0], [74.08803, 16.693712, 545.0], [74.087747, 16.693711, 544.0], [74.087464, 16.69371, 545.0], [74.08718, 16.693708, 546.0], [74.086897, 16.693707, 546.0], [74.086615, 16.693433, 543.0], [74.086331, 16.693431, 543.0], [74.086048, 16.69343, 544.0], [74.085766, 16.693156, 547.0], [74.085482, 16.693154, 547.0], [74.085199, 16.693153, 546.0], [74.084915, 16.693152, 545.0], [74.084632, 16.693151, 546.0], [74.084348, 16.693149, 546.0], [74.084065, 16.693148, 546.0], [74.083782, 16.693147, 545.0], [74.083498, 16.693146, 545.0], [74.083215, 16.693144, 546.0], [74.082931, 16.693143, 547.0], [74.082648, 16.693142, 547.0], [74.082364, 16.693141, 547.0], [74.082081, 16.693139, 546.0], [74.081798, 16.693138, 545.0], [74.081514, 16.693137, 544.0], [74.081229, 16.693409, 543.0], [74.080945, 16.693681, 544.0], [74.08066, 16.693953, 547.0], [74.080376, 16.693951, 547.0], [74.080093, 16.69395, 546.0], [74.07981, 16.693949, 546.0], [74.079526, 16.693948, 547.0], [74.079244, 16.693673, 547.0], [74.078962, 16.693399, 548.0], [74.078677, 16.693671, 547.0], [74.078392, 16.693942, 547.0], [74.078108, 16.694214, 547.0], [74.077823, 16.694486, 548.0], [74.07754, 16.694485, 548.0], [74.077256, 16.694484, 548.0], [74.076971, 16.694756, 548.0], [74.076687, 16.695028, 546.0], [74.076403, 16.695026, 546.0], [74.07612, 16.695025, 547.0], [74.075836, 16.695024, 547.0], [74.075553, 16.695022, 547.0], [74.075269, 16.695021, 548.0], [74.074986, 16.69502, 548.0], [74.074703, 16.695019, 547.0], [74.074418, 16.695291, 548.0], [74.074133, 16.695562, 548.0], [74.073848, 16.695834, 548.0], [74.073565, 16.695833, 547.0], [74.073283, 16.695559, 546.0], [74.073001, 16.695284, 547.0], [74.072717, 16.695283, 547.0], [74.072434, 16.695282, 547.0], [74.072152, 16.695007, 545.0], [74.07187, 16.694733, 543.0], [74.071586, 16.694732, 542.0], [74.071303, 16.69473, 542.0], [74.071019, 16.694729, 544.0], [74.070736, 16.694728, 546.0], [74.070452, 16.694726, 547.0], [74.070168, 16.694998, 547.0], [74.069884, 16.694997, 546.0], [74.069601, 16.694996, 545.0], [74.069317, 16.694995, 546.0], [74.069034, 16.694993, 546.0], [74.068751, 16.694992, 546.0], [74.068467, 16.694991, 547.0], [74.068184, 16.694989, 547.0], [74.0679, 16.694988, 547.0], [74.067617, 16.694987, 546.0], [74.067332, 16.695259, 547.0], [74.067049, 16.695257, 547.0], [74.066764, 16.695529, 546.0], [74.06648, 16.695528, 546.0], [74.066197, 16.695527, 547.0], [74.065914, 16.695526, 547.0], [74.065629, 16.695797, 548.0], [74.065344, 16.696069, 548.0], [74.065059, 16.696341, 546.0], [74.064775, 16.696613, 548.0], [74.06449, 16.696885, 547.0], [74.064205, 16.697157, 547.0], [74.06392, 16.697429, 548.0], [74.063635, 16.697701, 547.0], [74.063351, 16.697972, 546.0], [74.063066, 16.698244, 546.0], [74.063065, 16.698517, 547.0], [74.063063, 16.698791, 547.0], [74.063062, 16.699064, 546.0], [74.063344, 16.699338, 547.0], [74.063626, 16.699613, 548.0], [74.063625, 16.699886, 547.0], [74.063624, 16.700159, 546.0], [74.063622, 16.700432, 546.0], [74.063621, 16.700705, 547.0], [74.06362, 16.700979, 547.0], [74.063902, 16.701253, 544.0], [74.064185, 16.701254, 544.0], [74.064184, 16.701527, 542.0], [74.064182, 16.701801, 544.0], [74.064181, 16.702074, 546.0], [74.06418, 16.702347, 546.0], [74.064178, 16.70262, 546.0], [74.064177, 16.702893, 547.0], [74.064459, 16.703168, 545.0], [74.064458, 16.703441, 544.0], [74.064457, 16.703714, 542.0], [74.064455, 16.703987, 542.0], [74.064454, 16.70426, 543.0], [74.064169, 16.704532, 543.0], [74.063884, 16.704804, 545.0], [74.0636, 16.705076, 545.0], [74.063598, 16.705349, 545.0], [74.063313, 16.705621, 545.0], [74.063029, 16.705893, 545.0], [74.062744, 16.706165, 546.0], [74.06246, 16.706163, 545.0], [74.062176, 16.706435, 544.0], [74.061891, 16.706707, 544.0], [74.061607, 16.706706, 544.0], [74.061323, 16.706978, 544.0], [74.061038, 16.70725, 546.0], [74.060754, 16.707248, 546.0], [74.06047, 16.70752, 545.0], [74.060185, 16.707792, 545.0], [74.059901, 16.707791, 546.0], [74.059617, 16.708063, 547.0], [74.059332, 16.708335, 546.0], [74.059048, 16.708333, 542.0], [74.058765, 16.708332, 541.0], [74.05848, 16.708604, 542.0], [74.058197, 16.708603, 542.0], [74.057913, 16.708601, 543.0], [74.05763, 16.7086, 544.0], [74.057346, 16.708599, 546.0], [74.057063, 16.708597, 547.0], [74.056779, 16.708596, 546.0], [74.056497, 16.708322, 546.0], [74.056215, 16.708047, 548.0], [74.055932, 16.708046, 547.0], [74.055648, 16.708045, 547.0], [74.055365, 16.708043, 548.0], [74.055083, 16.707769, 547.0], [74.054799, 16.707768, 548.0], [74.054515, 16.708039, 549.0], [74.05423, 16.708311, 548.0], [74.053946, 16.70831, 545.0], [74.053664, 16.708036, 547.0], [74.053379, 16.708307, 544.0], [74.053097, 16.708033, 546.0], [74.052815, 16.707758, 546.0], [74.052533, 16.707484, 544.0], [74.052251, 16.70721, 546.0], [74.051968, 16.707208, 547.0], [74.051684, 16.707207, 547.0], [74.051401, 16.707206, 547.0], [74.051117, 16.707204, 548.0], [74.050835, 16.70693, 548.0], [74.050553, 16.706655, 548.0], [74.050271, 16.706381, 547.0], [74.049989, 16.706107, 548.0], [74.049705, 16.706105, 548.0], [74.049423, 16.705831, 548.0], [74.049141, 16.705556, 547.0], [74.048859, 16.705282, 547.0], [74.048577, 16.705007, 546.0], [74.048295, 16.704733, 545.0], [74.048013, 16.704458, 546.0], [74.048014, 16.704185, 544.0], [74.048016, 16.703912, 545.0], [74.048017, 16.703639, 545.0], [74.048018, 16.703366, 544.0], [74.047736, 16.703091, 545.0], [74.047737, 16.702818, 543.0], [74.047739, 16.702545, 542.0], [74.047457, 16.702271, 545.0], [74.047175, 16.701996, 548.0], [74.046891, 16.701995, 548.0], [74.046609, 16.70172, 549.0], [74.046327, 16.701446, 549.0], [74.046045, 16.701171, 548.0], [74.045763, 16.700897, 548.0], [74.045481, 16.700622, 548.0], [74.045199, 16.700348, 548.0], [74.044917, 16.700074, 549.0], [74.044635, 16.699799, 549.0], [74.044353, 16.699525, 547.0], [74.044069, 16.699523, 547.0], [74.043787, 16.699249, 547.0], [74.043505, 16.698974, 546.0], [74.043506, 16.698701, 546.0], [74.043224, 16.698427, 547.0], [74.042942, 16.698152, 549.0], [74.04266, 16.697878, 549.0], [74.042378, 16.697603, 548.0], [74.042096, 16.697329, 548.0], [74.042097, 16.697056, 548.0], [74.041815, 16.696781, 549.0], [74.041533, 16.696507, 548.0], [74.041251, 16.696232, 549.0], [74.041252, 16.695959, 549.0], [74.04097, 16.695685, 548.0], [74.040688, 16.69541, 547.0], [74.040404, 16.695682, 548.0], [74.04012, 16.695681, 548.0], [74.039835, 16.695952, 549.0], [74.03955, 16.696224, 549.0], [74.039266, 16.696496, 549.0], [74.038981, 16.696768, 549.0], [74.038696, 16.69704, 549.0], [74.038413, 16.697039, 548.0], [74.038131, 16.696764, 549.0], [74.037849, 16.69649, 549.0], [74.037566, 16.696215, 547.0], [74.037283, 16.696214, 546.0], [74.037001, 16.695939, 548.0], [74.036718, 16.695938, 548.0], [74.036434, 16.695937, 547.0], [74.036151, 16.695935, 548.0], [74.035867, 16.695934, 548.0], [74.035584, 16.695933, 549.0], [74.035302, 16.695658, 549.0], [74.035018, 16.695657, 549.0], [74.034736, 16.695382, 549.0], [74.034454, 16.695108, 549.0], [74.034171, 16.695107, 547.0], [74.033887, 16.695105, 548.0], [74.033604, 16.695104, 548.0], [74.033319, 16.695376, 548.0], [74.033036, 16.695374, 547.0], [74.033034, 16.695648, 548.0], [74.03275, 16.695919, 548.0], [74.032465, 16.696191, 549.0], [74.032463, 16.696464, 549.0], [74.032745, 16.696739, 550.0], [74.033027, 16.697013, 550.0], [74.033026, 16.697287, 550.0], [74.033025, 16.69756, 551.0], [74.033023, 16.697833, 552.0], [74.033022, 16.698106, 552.0], [74.033021, 16.698379, 551.0], [74.032736, 16.698651, 550.0], [74.032451, 16.698923, 551.0], [74.032166, 16.699195, 553.0], [74.032165, 16.699468, 553.0], [74.032447, 16.699742, 553.0], [74.032729, 16.700017, 552.0], [74.032728, 16.70029, 553.0], [74.032726, 16.700563, 553.0], [74.032725, 16.700836, 553.0], [74.032723, 16.70111, 552.0], [74.032439, 16.701381, 553.0], [74.032155, 16.70138, 554.0], [74.03187, 16.701652, 555.0], [74.031586, 16.701924, 555.0], [74.031301, 16.702196, 555.0], [74.031016, 16.702467, 555.0], [74.031015, 16.702741, 554.0], [74.031013, 16.703014, 555.0], [74.031012, 16.703287, 556.0], [74.03101, 16.70356, 557.0], [74.030726, 16.703832, 558.0], [74.030441, 16.704104, 558.0], [74.030156, 16.704375, 557.0], [74.030155, 16.704649, 556.0], [74.030153, 16.704922, 556.0], [74.030152, 16.705195, 558.0], [74.029868, 16.705194, 560.0], [74.029584, 16.705465, 561.0], [74.029582, 16.705739, 562.0], [74.029581, 16.706012, 562.0], [74.029296, 16.706284, 562.0], [74.029011, 16.706555, 561.0], [74.028728, 16.706554, 562.0], [74.028443, 16.706826, 562.0], [74.028441, 16.707099, 563.0], [74.02844, 16.707372, 563.0], [74.028439, 16.707645, 563.0], [74.028155, 16.707644, 566.0], [74.02787, 16.707916, 567.0], [74.027587, 16.707915, 567.0], [74.027586, 16.708188, 569.0], [74.027301, 16.70846, 571.0], [74.027299, 16.708733, 571.0], [74.027583, 16.708734, 572.0], [74.027865, 16.709009, 575.0], [74.028147, 16.709283, 578.0], [74.028429, 16.709558, 580.0], [74.028711, 16.709832, 585.0], [74.028993, 16.710106, 588.0], [74.028992, 16.71038, 589.0], [74.02899, 16.710653, 592.0], [74.028989, 16.710926, 597.0], [74.028988, 16.711199, 602.0], [74.02927, 16.711474, 612.0], [74.029268, 16.711747, 619.0], [74.029267, 16.71202, 627.0], [74.028982, 16.712292, 639.0], [74.028697, 16.712564, 658.0], [74.028412, 16.712835, 671.0], [74.028128, 16.713107, 677.0], [74.027843, 16.713379, 682.0], [74.027841, 16.713652, 685.0]]]}}, {"type": "Feature", "properties": {"subbasin": null, "name": "R5", "reach_len": 15527.04433578551, "reach_rel": 5.0, "reach_sin": 1.613163383692183, "reach_slo": 0.000322018788114, "len_units": "Metre", "layer": "Panchganga_River_network", "path": "E:\\Manasi_intern\\HMS_Shp\\Panchganga_River_network.shp"}, "geometry": {"type": "MultiLineString", "coordinates": [[[74.11964, 16.661341, 0.0], [74.119357, 16.66134, 0.0], [74.119072, 16.661612, 0.0], [74.118789, 16.661611, 0.0], [74.118505, 16.66161, 0.0], [74.118222, 16.661609, 0.0], [74.117938, 16.661607, 0.0], [74.117655, 16.661606, 0.0], [74.11737, 16.661878, 0.0], [74.117087, 16.661877, 0.0], [74.116804, 16.661876, 0.0], [74.116519, 16.662148, 0.0], [74.116234, 16.66242, 0.0], [74.115951, 16.662418, 0.0], [74.115666, 16.66269, 0.0], [74.115665, 16.662964, 0.0], [74.115382, 16.662962, 0.0], [74.115097, 16.663234, 0.0], [74.114814, 16.663233, 0.0], [74.11453, 16.663232, 0.0], [74.114247, 16.663231, 0.0], [74.113962, 16.663503, 0.0], [74.113678, 16.663775, 0.0], [74.113394, 16.663773, 0.0], [74.113111, 16.663772, 0.0], [74.112827, 16.663771, 0.0], [74.112543, 16.664043, 0.0], [74.112258, 16.664315, 0.0], [74.111975, 16.664314, 0.0], [74.11169, 16.664586, 0.0], [74.111406, 16.664858, 0.0], [74.111121, 16.665129, 0.0], [74.110837, 16.665128, 0.0], [74.110554, 16.665127, 0.0], [74.110269, 16.665399, 0.0], [74.109985, 16.665671, 0.0], [74.1097, 16.665943, 0.0], [74.109415, 16.666215, 0.0], [74.109132, 16.666214, 0.0], [74.108847, 16.666486, 0.0], [74.108564, 16.666484, 0.0], [74.108279, 16.666756, 0.0], [74.107995, 16.667028, 0.0], [74.10771, 16.6673, 0.0], [74.107709, 16.667573, 0.0], [74.107708, 16.667847, 0.0], [74.107706, 16.66812, 0.0], [74.107423, 16.668118, 0.0], [74.107138, 16.66839, 0.0], [74.106854, 16.668662, 0.0], [74.106852, 16.668936, 0.0], [74.106851, 16.669209, 0.0], [74.10685, 16.669482, 0.0], [74.106565, 16.669754, 0.0], [74.10628, 16.670026, 0.0], [74.105996, 16.670298, 0.0], [74.105994, 16.670571, 0.0], [74.105993, 16.670844, 0.0], [74.105992, 16.671117, 0.0], [74.105991, 16.67139, 0.0], [74.105989, 16.671664, 0.0], [74.105988, 16.671937, 0.0], [74.105987, 16.67221, 0.0], [74.105986, 16.672483, 0.0], [74.105701, 16.672755, 0.0], [74.105416, 16.673027, 0.0], [74.105132, 16.673299, 0.0], [74.10513, 16.673572, 0.0], [74.105129, 16.673845, 0.0], [74.105128, 16.674118, 0.0], [74.104843, 16.67439, 0.0], [74.104558, 16.674662, 0.0], [74.104557, 16.674935, 0.0], [74.104556, 16.675209, 0.0], [74.104555, 16.675482, 0.0], [74.10427, 16.675754, 0.0], [74.104269, 16.676027, 0.0], [74.104551, 16.676301, 0.0], [74.104833, 16.676576, 0.0], [74.105115, 16.67685, 0.0], [74.105397, 16.677124, 0.0], [74.105679, 16.677399, 0.0], [74.105961, 16.677673, 0.0], [74.106244, 16.677948, 0.0], [74.106242, 16.678221, 0.0], [74.106524, 16.678495, 0.0], [74.106807, 16.67877, 0.0], [74.10709, 16.678771, 0.0], [74.107372, 16.679045, 0.0], [74.107654, 16.679319, 0.0], [74.107936, 16.679594, 0.0], [74.108219, 16.679868, 0.0], [74.108501, 16.680143, 0.0], [74.108783, 16.680417, 0.0], [74.109065, 16.680691, 0.0], [74.109064, 16.680965, 0.0], [74.109063, 16.681238, 0.0], [74.109345, 16.681512, 0.0], [74.109343, 16.681785, 0.0], [74.109342, 16.682058, 0.0], [74.109341, 16.682332, 0.0], [74.10934, 16.682605, 0.0], [74.109622, 16.682879, 0.0], [74.109621, 16.683152, 0.0], [74.109619, 16.683426, 0.0], [74.109618, 16.683699, 0.0], [74.109617, 16.683972, 0.0], [74.109899, 16.684246, 0.0], [74.110181, 16.684521, 0.0], [74.11018, 16.684794, 0.0], [74.109895, 16.685066, 0.0], [74.109894, 16.685339, 0.0], [74.110176, 16.685613, 0.0], [74.110458, 16.685888, 0.0], [74.11074, 16.686162, 0.0], [74.110739, 16.686435, 0.0], [74.110738, 16.686708, 0.0], [74.110736, 16.686982, 0.0], [74.110735, 16.687255, 0.0], [74.110734, 16.687528, 0.0], [74.110733, 16.687801, 0.0], [74.110731, 16.688074, 0.0], [74.11073, 16.688347, 0.0], [74.110729, 16.688621, 0.0], [74.110728, 16.688894, 0.0], [74.110726, 16.689167, 0.0], [74.110442, 16.689439, 0.0], [74.11044, 16.689712, 0.0], [74.110439, 16.689985, 0.0], [74.110154, 16.690257, 0.0], [74.10987, 16.690529, 0.0], [74.109585, 16.690801, 0.0], [74.1093, 16.691073, 0.0], [74.109016, 16.691345, 0.0], [74.108731, 16.691617, 0.0], [74.108448, 16.691616, 0.0], [74.108164, 16.691614, 0.0], [74.107881, 16.691613, 0.0], [74.107597, 16.691612, 0.0], [74.107314, 16.691611, 0.0], [74.10703, 16.691609, 0.0], [74.106747, 16.691608, 0.0], [74.106462, 16.69188, 0.0], [74.106179, 16.691879, 0.0], [74.105895, 16.691878, 0.0], [74.105612, 16.691877, 0.0], [74.105329, 16.691875, 0.0], [74.105045, 16.691874, 0.0], [74.104762, 16.691873, 0.0], [74.104478, 16.691872, 0.0], [74.104194, 16.692144, 0.0], [74.103909, 16.692416, 0.0], [74.103625, 16.692414, 0.0], [74.103342, 16.692413, 0.0], [74.103059, 16.692412, 0.0], [74.102774, 16.692684, 0.0], [74.10249, 16.692683, 0.0], [74.102207, 16.692681, 0.0], [74.101924, 16.69268, 0.0], [74.10164, 16.692679, 0.0], [74.101357, 16.692678, 0.0], [74.101075, 16.692403, 0.0], [74.100791, 16.692402, 0.0], [74.100508, 16.692401, 0.0], [74.100224, 16.6924, 0.0], [74.099941, 16.692398, 0.0], [74.099659, 16.692124, 0.0], [74.099375, 16.692123, 0.0], [74.099093, 16.691848, 0.0], [74.09881, 16.691847, 0.0], [74.098528, 16.691573, 0.0], [74.098244, 16.691571, 0.0], [74.097961, 16.69157, 0.0], [74.097677, 16.691569, 0.0], [74.097394, 16.691568, 0.0], [74.09711, 16.691566, 0.0], [74.096827, 16.691565, 0.0], [74.096542, 16.691837, 0.0], [74.096258, 16.692109, 0.0], [74.095973, 16.692381, 0.0], [74.095689, 16.69238, 0.0], [74.095405, 16.692652, 0.0], [74.09512, 16.692924, 0.0], [74.094835, 16.693196, 0.0], [74.094552, 16.693194, 0.0], [74.094268, 16.693193, 0.0], [74.093984, 16.693465, 0.0], [74.093699, 16.693737, 0.0], [74.093414, 16.694009, 0.0], [74.09313, 16.694281, 0.0], [74.092845, 16.694553, 0.0], [74.09256, 16.694825, 0.0], [74.092275, 16.695097, 0.0], [74.091992, 16.695095, 0.0], [74.091709, 16.695094, 0.0], [74.091426, 16.69482, 0.0], [74.091144, 16.694545, 0.0], [74.090861, 16.694544, 0.0], [74.090579, 16.69427, 0.0], [74.090295, 16.694268, 0.0], [74.090013, 16.693994, 0.0], [74.08973, 16.693993, 0.0], [74.089446, 16.693991, 0.0], [74.089164, 16.693717, 0.0], [74.088881, 16.693716, 0.0], [74.088597, 16.693715, 0.0], [74.088314, 16.693713, 0.0], [74.08803, 16.693712, 0.0], [74.087747, 16.693711, 0.0], [74.087464, 16.69371, 0.0], [74.08718, 16.693708, 0.0], [74.086897, 16.693707, 0.0], [74.086615, 16.693433, 0.0], [74.086331, 16.693431, 0.0], [74.086048, 16.69343, 0.0], [74.085766, 16.693156, 0.0], [74.085482, 16.693154, 0.0], [74.085199, 16.693153, 0.0], [74.084915, 16.693152, 0.0], [74.084632, 16.693151, 0.0], [74.084348, 16.693149, 0.0], [74.084065, 16.693148, 0.0], [74.083782, 16.693147, 0.0], [74.083498, 16.693146, 0.0], [74.083215, 16.693144, 0.0], [74.082931, 16.693143, 0.0], [74.082648, 16.693142, 0.0], [74.082364, 16.693141, 0.0], [74.082081, 16.693139, 0.0], [74.081798, 16.693138, 0.0], [74.081514, 16.693137, 0.0], [74.081229, 16.693409, 0.0], [74.080945, 16.693681, 0.0], [74.08066, 16.693953, 0.0], [74.080376, 16.693951, 0.0], [74.080093, 16.69395, 0.0], [74.07981, 16.693949, 0.0], [74.079526, 16.693948, 0.0], [74.079244, 16.693673, 0.0], [74.078962, 16.693399, 0.0], [74.078677, 16.693671, 0.0], [74.078392, 16.693942, 0.0], [74.078108, 16.694214, 0.0], [74.077823, 16.694486, 0.0], [74.07754, 16.694485, 0.0], [74.077256, 16.694484, 0.0], [74.076971, 16.694756, 0.0], [74.076687, 16.695028, 0.0], [74.076403, 16.695026, 0.0], [74.07612, 16.695025, 0.0], [74.075836, 16.695024, 0.0], [74.075553, 16.695022, 0.0], [74.075269, 16.695021, 0.0], [74.074986, 16.69502, 0.0], [74.074703, 16.695019, 0.0], [74.074418, 16.695291, 0.0], [74.074133, 16.695562, 0.0], [74.073848, 16.695834, 0.0], [74.073565, 16.695833, 0.0], [74.073283, 16.695559, 0.0], [74.073001, 16.695284, 0.0], [74.072717, 16.695283, 0.0], [74.072434, 16.695282, 0.0], [74.072152, 16.695007, 0.0], [74.07187, 16.694733, 0.0], [74.071586, 16.694732, 0.0], [74.071303, 16.69473, 0.0], [74.071019, 16.694729, 0.0], [74.070736, 16.694728, 0.0], [74.070452, 16.694726, 0.0], [74.070168, 16.694998, 0.0], [74.069884, 16.694997, 0.0], [74.069601, 16.694996, 0.0], [74.069317, 16.694995, 0.0], [74.069034, 16.694993, 0.0], [74.068751, 16.694992, 0.0], [74.068467, 16.694991, 0.0], [74.068184, 16.694989, 0.0], [74.0679, 16.694988, 0.0], [74.067617, 16.694987, 0.0], [74.067332, 16.695259, 0.0], [74.067049, 16.695257, 0.0], [74.066764, 16.695529, 0.0], [74.06648, 16.695528, 0.0], [74.066197, 16.695527, 0.0], [74.065914, 16.695526, 0.0], [74.065629, 16.695797, 0.0], [74.065344, 16.696069, 0.0], [74.065059, 16.696341, 0.0], [74.064775, 16.696613, 0.0], [74.06449, 16.696885, 0.0], [74.064205, 16.697157, 0.0], [74.06392, 16.697429, 0.0], [74.063635, 16.697701, 0.0], [74.063351, 16.697972, 0.0], [74.063066, 16.698244, 0.0], [74.063065, 16.698517, 0.0], [74.063063, 16.698791, 0.0], [74.063062, 16.699064, 0.0], [74.063344, 16.699338, 0.0], [74.063626, 16.699613, 0.0], [74.063625, 16.699886, 0.0], [74.063624, 16.700159, 0.0], [74.063622, 16.700432, 0.0], [74.063621, 16.700705, 0.0], [74.06362, 16.700979, 0.0], [74.063902, 16.701253, 0.0], [74.064185, 16.701254, 0.0], [74.064184, 16.701527, 0.0], [74.064182, 16.701801, 0.0], [74.064181, 16.702074, 0.0], [74.06418, 16.702347, 0.0], [74.064178, 16.70262, 0.0], [74.064177, 16.702893, 0.0], [74.064459, 16.703168, 0.0], [74.064458, 16.703441, 0.0], [74.064457, 16.703714, 0.0], [74.064455, 16.703987, 0.0], [74.064454, 16.70426, 0.0], [74.064169, 16.704532, 0.0], [74.063884, 16.704804, 0.0], [74.0636, 16.705076, 0.0], [74.063598, 16.705349, 0.0], [74.063313, 16.705621, 0.0], [74.063029, 16.705893, 0.0], [74.062744, 16.706165, 0.0], [74.06246, 16.706163, 0.0], [74.062176, 16.706435, 0.0], [74.061891, 16.706707, 0.0], [74.061607, 16.706706, 0.0], [74.061323, 16.706978, 0.0], [74.061038, 16.70725, 0.0], [74.060754, 16.707248, 0.0], [74.06047, 16.70752, 0.0], [74.060185, 16.707792, 0.0], [74.059901, 16.707791, 0.0], [74.059617, 16.708063, 0.0], [74.059332, 16.708335, 0.0], [74.059048, 16.708333, 0.0], [74.058765, 16.708332, 0.0], [74.05848, 16.708604, 0.0], [74.058197, 16.708603, 0.0], [74.057913, 16.708601, 0.0], [74.05763, 16.7086, 0.0], [74.057346, 16.708599, 0.0], [74.057063, 16.708597, 0.0], [74.056779, 16.708596, 0.0], [74.056497, 16.708322, 0.0], [74.056215, 16.708047, 0.0], [74.055932, 16.708046, 0.0], [74.055648, 16.708045, 0.0], [74.055365, 16.708043, 0.0], [74.055083, 16.707769, 0.0], [74.054799, 16.707768, 0.0], [74.054515, 16.708039, 0.0], [74.05423, 16.708311, 0.0], [74.053946, 16.70831, 0.0], [74.053664, 16.708036, 0.0], [74.053379, 16.708307, 0.0], [74.053097, 16.708033, 0.0], [74.052815, 16.707758, 0.0], [74.052533, 16.707484, 0.0], [74.052251, 16.70721, 0.0], [74.051968, 16.707208, 0.0], [74.051684, 16.707207, 0.0], [74.051401, 16.707206, 0.0], [74.051117, 16.707204, 0.0], [74.050835, 16.70693, 0.0], [74.050553, 16.706655, 0.0], [74.050271, 16.706381, 0.0], [74.049989, 16.706107, 0.0], [74.049705, 16.706105, 0.0], [74.049423, 16.705831, 0.0], [74.049141, 16.705556, 0.0], [74.048859, 16.705282, 0.0], [74.048577, 16.705007, 0.0], [74.048295, 16.704733, 0.0], [74.048013, 16.704458, 0.0], [74.048014, 16.704185, 0.0], [74.048016, 16.703912, 0.0], [74.048017, 16.703639, 0.0], [74.048018, 16.703366, 0.0], [74.047736, 16.703091, 0.0], [74.047737, 16.702818, 0.0], [74.047739, 16.702545, 0.0], [74.047457, 16.702271, 0.0], [74.047175, 16.701996, 0.0], [74.046891, 16.701995, 0.0], [74.046609, 16.70172, 0.0], [74.046327, 16.701446, 0.0], [74.046045, 16.701171, 0.0], [74.045763, 16.700897, 0.0], [74.045481, 16.700622, 0.0], [74.045199, 16.700348, 0.0], [74.044917, 16.700074, 0.0], [74.044635, 16.699799, 0.0], [74.044353, 16.699525, 0.0], [74.044069, 16.699523, 0.0], [74.043787, 16.699249, 0.0], [74.043505, 16.698974, 0.0], [74.043506, 16.698701, 0.0], [74.043224, 16.698427, 0.0], [74.042942, 16.698152, 0.0], [74.04266, 16.697878, 0.0], [74.042378, 16.697603, 0.0], [74.042096, 16.697329, 0.0], [74.042097, 16.697056, 0.0], [74.041815, 16.696781, 0.0], [74.041533, 16.696507, 0.0], [74.041251, 16.696232, 0.0], [74.041252, 16.695959, 0.0], [74.04097, 16.695685, 0.0], [74.040688, 16.69541, 0.0], [74.040405, 16.695409, 0.0], [74.040121, 16.695407, 0.0], [74.039838, 16.695406, 0.0], [74.039556, 16.695132, 0.0], [74.039274, 16.694857, 0.0], [74.039275, 16.694584, 0.0], [74.038992, 16.694583, 0.0], [74.03871, 16.694308, 0.0], [74.038428, 16.694034, 0.0], [74.038146, 16.693759, 0.0], [74.037864, 16.693485, 0.0], [74.037582, 16.69321, 0.0], [74.037299, 16.692936, 0.0], [74.037301, 16.692663, 0.0], [74.037017, 16.692661, 0.0], [74.036734, 16.69266, 0.0], [74.036451, 16.692659, 0.0], [74.036167, 16.692657, 0.0], [74.035885, 16.692383, 0.0], [74.035602, 16.692382, 0.0], [74.035318, 16.69238, 0.0]]]}}, {"type": "Feature", "properties": {"subbasin": null, "name": "R4", "reach_len": 4850.87247831263, "reach_rel": 3.0, "reach_sin": 1.636491147665926, "reach_slo": 0.000618445447373, "len_units": "Metre", "layer": "Panchganga_River_network", "path": "E:\\Manasi_intern\\HMS_Shp\\Panchganga_River_network.shp"}, "geometry": {"type": "MultiLineString", "coordinates": [[[74.11964, 16.661341, 0.0], [74.119641, 16.661068, 0.0], [74.119643, 16.660795, 0.0], [74.119644, 16.660522, 0.0], [74.119645, 16.660249, 0.0], [74.119646, 16.659976, 0.0], [74.119648, 16.659702, 0.0], [74.119365, 16.659428, 0.0], [74.119083, 16.659154, 0.0], [74.118801, 16.658879, 0.0], [74.118519, 16.658605, 0.0], [74.118237, 16.658331, 0.0], [74.117955, 16.658056, 0.0], [74.117673, 16.657782, 0.0], [74.117391, 16.657507, 0.0], [74.117108, 16.657233, 0.0], [74.117393, 16.656961, 0.0], [74.117394, 16.656688, 0.0], [74.117679, 16.656416, 0.0], [74.117964, 16.656144, 0.0], [74.118248, 16.655872, 0.0], [74.118249, 16.655599, 0.0], [74.118251, 16.655326, 0.0], [74.118252, 16.655053, 0.0], [74.118537, 16.654781, 0.0], [74.118821, 16.654509, 0.0], [74.119105, 16.65451, 0.0], [74.119389, 16.654238, 0.0], [74.119674, 16.653966, 0.0], [74.119958, 16.653694, 0.0], [74.120243, 16.653422, 0.0], [74.120528, 16.65315, 0.0], [74.120811, 16.653151, 0.0], [74.121094, 16.653152, 0.0], [74.121378, 16.653154, 0.0], [74.121661, 16.653155, 0.0], [74.121944, 16.653156, 0.0], [74.122228, 16.653157, 0.0], [74.12251, 16.653432, 0.0], [74.122792, 16.653706, 0.0], [74.123076, 16.653707, 0.0], [74.123358, 16.653982, 0.0], [74.12364, 16.654256, 0.0], [74.123922, 16.65453, 0.0], [74.124205, 16.654531, 0.0], [74.124489, 16.654533, 0.0], [74.124771, 16.654807, 0.0], [74.125053, 16.655081, 0.0], [74.125336, 16.655083, 0.0], [74.12562, 16.655084, 0.0], [74.125903, 16.655085, 0.0], [74.126186, 16.655086, 0.0], [74.12647, 16.655087, 0.0], [74.126753, 16.655089, 0.0], [74.127037, 16.65509, 0.0], [74.12732, 16.655091, 0.0], [74.127602, 16.655365, 0.0], [74.127884, 16.65564, 0.0], [74.128168, 16.655641, 0.0], [74.128451, 16.655642, 0.0], [74.128734, 16.655643, 0.0], [74.129016, 16.655918, 0.0], [74.129299, 16.656192, 0.0], [74.129582, 16.656193, 0.0], [74.129864, 16.656467, 0.0], [74.130148, 16.656469, 0.0], [74.130431, 16.65647, 0.0], [74.130714, 16.656471, 0.0], [74.130996, 16.656745, 0.0], [74.13128, 16.656747, 0.0], [74.131563, 16.656748, 0.0], [74.131847, 16.656749, 0.0], [74.13213, 16.65675, 0.0], [74.132413, 16.656751, 0.0], [74.132697, 16.656753, 0.0], [74.13298, 16.656754, 0.0], [74.133265, 16.656482, 0.0], [74.133549, 16.65621, 0.0], [74.133834, 16.655938, 0.0], [74.134119, 16.655666, 0.0], [74.13412, 16.655393, 0.0], [74.134404, 16.655121, 0.0], [74.134689, 16.654849, 0.0], [74.134974, 16.654577, 0.0], [74.135258, 16.654305, 0.0], [74.135543, 16.654033, 0.0], [74.135827, 16.653761, 0.0], [74.136112, 16.653489, 0.0], [74.136113, 16.653216, 0.0], [74.136398, 16.652944, 0.0], [74.136682, 16.652672, 0.0], [74.136967, 16.6524, 0.0], [74.136968, 16.652126, 0.0], [74.137253, 16.651854, 0.0], [74.137254, 16.651581, 0.0], [74.137255, 16.651308, 0.0], [74.137256, 16.651035, 0.0], [74.137258, 16.650762, 0.0], [74.137542, 16.65049, 0.0], [74.137827, 16.650218, 0.0], [74.138111, 16.649946, 0.0], [74.138396, 16.649674, 0.0], [74.138681, 16.649402, 0.0], [74.138682, 16.649129, 0.0], [74.1384, 16.648854, 0.0], [74.138118, 16.64858, 0.0], [74.137835, 16.648306, 0.0], [74.137553, 16.648031, 0.0], [74.137555, 16.647758, 0.0], [74.137839, 16.647486, 0.0], [74.13784, 16.647213, 0.0], [74.137842, 16.64694, 0.0], [74.137843, 16.646667, 0.0], [74.137844, 16.646393, 0.0], [74.137562, 16.646119, 0.0], [74.137563, 16.645846, 0.0], [74.137564, 16.645573, 0.0], [74.137566, 16.6453, 0.0], [74.137567, 16.645026, 0.0], [74.137568, 16.644753, 0.0], [74.137569, 16.64448, 0.0], [74.137854, 16.644208, 0.0], [74.138138, 16.643936, 0.0], [74.13814, 16.643663, 0.0], [74.138141, 16.64339, 0.0], [74.138142, 16.643117, 0.0], [74.138143, 16.642843, 0.0], [74.138144, 16.64257, 0.0], [74.138146, 16.642297, 0.0], [74.138147, 16.642024, 0.0], [74.137865, 16.64175, 0.0], [74.137583, 16.641475, 0.0], [74.137584, 16.641202, 0.0], [74.137585, 16.640929, 0.0], [74.137303, 16.640655, 0.0]]]}}, {"type": "Feature", "properties": {"subbasin": null, "name": "R2", "reach_len": 14189.58872361562, "reach_rel": 2.0, "reach_sin": 1.408715965852116, "reach_slo": 0.000140948412174, "len_units": "Metre", "layer": "Panchganga_River_network", "path": "E:\\Manasi_intern\\HMS_Shp\\Panchganga_River_network.shp"}, "geometry": {"type": "MultiLineString", "coordinates": [[[74.179134, 16.732065, 0.0], [74.178849, 16.732337, 0.0], [74.178565, 16.732609, 0.0], [74.178563, 16.732882, 0.0], [74.178562, 16.733155, 0.0], [74.178278, 16.733427, 0.0], [74.178276, 16.7337, 0.0], [74.178275, 16.733973, 0.0], [74.177991, 16.734246, 0.0], [74.177706, 16.734518, 0.0], [74.177421, 16.73479, 0.0], [74.177137, 16.735062, 0.0], [74.176852, 16.735334, 0.0], [74.176567, 16.735606, 0.0], [74.176283, 16.735878, 0.0], [74.175999, 16.735877, 0.0], [74.175716, 16.735876, 0.0], [74.175432, 16.735874, 0.0], [74.175149, 16.735873, 0.0], [74.174865, 16.735872, 0.0], [74.174582, 16.735871, 0.0], [74.174298, 16.73587, 0.0], [74.174015, 16.735869, 0.0], [74.173731, 16.735868, 0.0], [74.173448, 16.735866, 0.0], [74.173164, 16.735865, 0.0], [74.172881, 16.735864, 0.0], [74.172597, 16.735863, 0.0], [74.172314, 16.735862, 0.0], [74.17203, 16.735861, 0.0], [74.171747, 16.73586, 0.0], [74.171463, 16.735858, 0.0], [74.17118, 16.735857, 0.0], [74.170896, 16.735856, 0.0], [74.170613, 16.735855, 0.0], [74.17033, 16.735581, 0.0], [74.170047, 16.73558, 0.0], [74.169764, 16.735305, 0.0], [74.169482, 16.735031, 0.0], [74.1692, 16.734757, 0.0], [74.168917, 16.734482, 0.0], [74.168635, 16.734208, 0.0], [74.168353, 16.733934, 0.0], [74.168069, 16.733933, 0.0], [74.167786, 16.733931, 0.0], [74.167504, 16.733657, 0.0], [74.167221, 16.733383, 0.0], [74.166939, 16.733109, 0.0], [74.166657, 16.732834, 0.0], [74.166374, 16.73256, 0.0], [74.166091, 16.732559, 0.0], [74.165809, 16.732284, 0.0], [74.165526, 16.73201, 0.0], [74.165244, 16.731736, 0.0], [74.16496, 16.731735, 0.0], [74.164678, 16.73146, 0.0], [74.164396, 16.731186, 0.0], [74.164397, 16.730913, 0.0], [74.164115, 16.730639, 0.0], [74.163832, 16.730364, 0.0], [74.16355, 16.73009, 0.0], [74.163268, 16.729816, 0.0], [74.162985, 16.729541, 0.0], [74.162987, 16.729268, 0.0], [74.162704, 16.728994, 0.0], [74.162422, 16.72872, 0.0], [74.162139, 16.728718, 0.0], [74.161855, 16.728717, 0.0], [74.161572, 16.728716, 0.0], [74.161288, 16.728715, 0.0], [74.161005, 16.728714, 0.0], [74.160722, 16.728439, 0.0], [74.16044, 16.728165, 0.0], [74.160158, 16.727891, 0.0], [74.160159, 16.727618, 0.0], [74.16016, 16.727344, 0.0], [74.160161, 16.727071, 0.0], [74.160446, 16.726799, 0.0], [74.160447, 16.726526, 0.0], [74.160448, 16.726253, 0.0], [74.16045, 16.72598, 0.0], [74.160451, 16.725707, 0.0], [74.160452, 16.725433, 0.0], [74.160737, 16.725161, 0.0], [74.161021, 16.724889, 0.0], [74.161306, 16.724617, 0.0], [74.161307, 16.724344, 0.0], [74.161308, 16.724071, 0.0], [74.16131, 16.723798, 0.0], [74.161027, 16.723524, 0.0], [74.161029, 16.72325, 0.0], [74.16103, 16.722977, 0.0], [74.161031, 16.722704, 0.0], [74.161032, 16.722431, 0.0], [74.161317, 16.722159, 0.0], [74.161601, 16.721887, 0.0], [74.161603, 16.721614, 0.0], [74.161887, 16.721342, 0.0], [74.162172, 16.72107, 0.0], [74.162457, 16.720798, 0.0], [74.162741, 16.720526, 0.0], [74.162743, 16.720252, 0.0], [74.163027, 16.71998, 0.0], [74.163028, 16.719707, 0.0], [74.163313, 16.719435, 0.0], [74.163314, 16.719162, 0.0], [74.163599, 16.71889, 0.0], [74.1636, 16.718617, 0.0], [74.163885, 16.718345, 0.0], [74.164169, 16.718073, 0.0], [74.164454, 16.717801, 0.0], [74.164455, 16.717528, 0.0], [74.164456, 16.717254, 0.0], [74.164741, 16.716982, 0.0], [74.165026, 16.71671, 0.0], [74.165027, 16.716437, 0.0], [74.165028, 16.716164, 0.0], [74.165313, 16.715892, 0.0], [74.165597, 16.71562, 0.0], [74.165599, 16.715347, 0.0], [74.165883, 16.715075, 0.0], [74.166168, 16.714803, 0.0], [74.166453, 16.714531, 0.0], [74.166737, 16.714259, 0.0], [74.167022, 16.713987, 0.0], [74.167307, 16.713715, 0.0], [74.167591, 16.713443, 0.0], [74.167592, 16.71317, 0.0], [74.167594, 16.712896, 0.0], [74.167595, 16.712623, 0.0], [74.167596, 16.71235, 0.0], [74.167881, 16.712078, 0.0], [74.167882, 16.711805, 0.0], [74.167883, 16.711532, 0.0], [74.167884, 16.711258, 0.0], [74.167885, 16.710985, 0.0], [74.167887, 16.710712, 0.0], [74.167888, 16.710439, 0.0], [74.167889, 16.710166, 0.0], [74.16789, 16.709893, 0.0], [74.167891, 16.709619, 0.0], [74.167892, 16.709346, 0.0], [74.167894, 16.709073, 0.0], [74.167895, 16.7088, 0.0], [74.167896, 16.708527, 0.0], [74.167897, 16.708254, 0.0], [74.167898, 16.70798, 0.0], [74.1679, 16.707707, 0.0], [74.167617, 16.707433, 0.0], [74.167618, 16.70716, 0.0], [74.16762, 16.706887, 0.0], [74.167621, 16.706613, 0.0], [74.167622, 16.70634, 0.0], [74.167623, 16.706067, 0.0], [74.167624, 16.705794, 0.0], [74.167342, 16.70552, 0.0], [74.167343, 16.705246, 0.0], [74.167345, 16.704973, 0.0], [74.167346, 16.7047, 0.0], [74.167063, 16.704426, 0.0], [74.167065, 16.704153, 0.0], [74.167066, 16.703879, 0.0], [74.167067, 16.703606, 0.0], [74.167068, 16.703333, 0.0], [74.167069, 16.70306, 0.0], [74.167071, 16.702787, 0.0], [74.167072, 16.702514, 0.0], [74.167073, 16.70224, 0.0], [74.167074, 16.701967, 0.0], [74.166792, 16.701693, 0.0], [74.166793, 16.70142, 0.0], [74.166794, 16.701147, 0.0], [74.167079, 16.700875, 0.0], [74.167363, 16.700603, 0.0], [74.167648, 16.700331, 0.0], [74.167649, 16.700057, 0.0], [74.16765, 16.699784, 0.0], [74.167652, 16.699511, 0.0], [74.167369, 16.699237, 0.0], [74.167087, 16.698962, 0.0], [74.166805, 16.698688, 0.0], [74.166806, 16.698415, 0.0], [74.166807, 16.698142, 0.0], [74.166808, 16.697869, 0.0], [74.166526, 16.697594, 0.0], [74.166244, 16.69732, 0.0], [74.166245, 16.697047, 0.0], [74.166246, 16.696774, 0.0], [74.166247, 16.6965, 0.0], [74.166249, 16.696227, 0.0], [74.16625, 16.695954, 0.0], [74.166251, 16.695681, 0.0], [74.166252, 16.695408, 0.0], [74.166253, 16.695135, 0.0], [74.166255, 16.694861, 0.0], [74.166256, 16.694588, 0.0], [74.166257, 16.694315, 0.0], [74.166258, 16.694042, 0.0], [74.166259, 16.693769, 0.0], [74.165977, 16.693494, 0.0], [74.165978, 16.693221, 0.0], [74.165979, 16.692948, 0.0], [74.165981, 16.692675, 0.0], [74.165698, 16.692401, 0.0], [74.165416, 16.692126, 0.0], [74.165417, 16.691853, 0.0], [74.165418, 16.69158, 0.0], [74.16542, 16.691307, 0.0], [74.165421, 16.691034, 0.0], [74.165422, 16.690761, 0.0], [74.16514, 16.690486, 0.0], [74.165141, 16.690213, 0.0], [74.164859, 16.689939, 0.0], [74.164575, 16.689938, 0.0], [74.164576, 16.689664, 0.0], [74.164578, 16.689391, 0.0], [74.164295, 16.689117, 0.0], [74.164297, 16.688844, 0.0], [74.164298, 16.688571, 0.0], [74.164299, 16.688297, 0.0], [74.1643, 16.688024, 0.0], [74.164301, 16.687751, 0.0], [74.164019, 16.687477, 0.0], [74.163737, 16.687202, 0.0], [74.163738, 16.686929, 0.0], [74.163456, 16.686655, 0.0], [74.163174, 16.686381, 0.0], [74.163175, 16.686107, 0.0], [74.163176, 16.685834, 0.0], [74.163177, 16.685561, 0.0], [74.162895, 16.685287, 0.0], [74.162896, 16.685014, 0.0], [74.162614, 16.684739, 0.0], [74.162615, 16.684466, 0.0], [74.162616, 16.684193, 0.0], [74.162334, 16.683919, 0.0], [74.162052, 16.683644, 0.0], [74.16177, 16.68337, 0.0], [74.161771, 16.683097, 0.0], [74.161772, 16.682824, 0.0], [74.16149, 16.682549, 0.0], [74.161491, 16.682276, 0.0], [74.161207, 16.682275, 0.0], [74.160925, 16.682001, 0.0], [74.160643, 16.681726, 0.0], [74.160361, 16.681452, 0.0], [74.160079, 16.681178, 0.0], [74.159795, 16.681177, 0.0], [74.159796, 16.680903, 0.0], [74.159798, 16.68063, 0.0], [74.159799, 16.680357, 0.0], [74.1598, 16.680084, 0.0], [74.159801, 16.679811, 0.0], [74.159519, 16.679536, 0.0], [74.15952, 16.679263, 0.0], [74.159521, 16.67899, 0.0], [74.159806, 16.678718, 0.0], [74.160091, 16.678446, 0.0], [74.160092, 16.678173, 0.0], [74.160093, 16.6779, 0.0], [74.159811, 16.677625, 0.0], [74.159528, 16.677351, 0.0], [74.159246, 16.677077, 0.0], [74.158964, 16.676802, 0.0], [74.158681, 16.676801, 0.0], [74.158397, 16.6768, 0.0], [74.158114, 16.676799, 0.0], [74.15783, 16.676798, 0.0], [74.157547, 16.676797, 0.0], [74.157264, 16.676796, 0.0], [74.15698, 16.676794, 0.0], [74.156698, 16.67652, 0.0], [74.156416, 16.676246, 0.0], [74.156132, 16.676245, 0.0], [74.155849, 16.676243, 0.0], [74.155565, 16.676242, 0.0], [74.155282, 16.676241, 0.0], [74.154999, 16.67624, 0.0], [74.154715, 16.676239, 0.0], [74.154433, 16.675965, 0.0], [74.154151, 16.67569, 0.0], [74.153867, 16.675689, 0.0], [74.153584, 16.675688, 0.0], [74.153302, 16.675414, 0.0], [74.15302, 16.675139, 0.0], [74.152737, 16.674865, 0.0], [74.152454, 16.674864, 0.0], [74.152172, 16.674589, 0.0], [74.151888, 16.674588, 0.0], [74.151605, 16.674587, 0.0], [74.151322, 16.674586, 0.0], [74.151038, 16.674585, 0.0], [74.150755, 16.674584, 0.0], [74.150471, 16.674582, 0.0], [74.150189, 16.674308, 0.0], [74.149906, 16.674307, 0.0], [74.149622, 16.674306, 0.0], [74.149339, 16.674305, 0.0], [74.149056, 16.674303, 0.0], [74.148773, 16.674029, 0.0], [74.148491, 16.673755, 0.0], [74.148209, 16.67348, 0.0], [74.147927, 16.673206, 0.0], [74.147643, 16.673205, 0.0], [74.14736, 16.673204, 0.0], [74.147078, 16.672929, 0.0], [74.146794, 16.672928, 0.0], [74.146511, 16.672927, 0.0], [74.146228, 16.672926, 0.0], [74.145944, 16.672925, 0.0], [74.145661, 16.672924, 0.0], [74.145377, 16.672922, 0.0], [74.145094, 16.672921, 0.0], [74.144812, 16.672647, 0.0], [74.144528, 16.672646, 0.0], [74.144246, 16.672371, 0.0], [74.143963, 16.67237, 0.0], [74.143679, 16.672369, 0.0], [74.143396, 16.672368, 0.0], [74.143112, 16.672367, 0.0], [74.142829, 16.672366, 0.0], [74.142546, 16.672364, 0.0], [74.142262, 16.672363, 0.0], [74.141979, 16.672362, 0.0], [74.141695, 16.672361, 0.0], [74.141412, 16.67236, 0.0], [74.141129, 16.672359, 0.0], [74.140845, 16.672357, 0.0], [74.140563, 16.672083, 0.0], [74.140281, 16.671809, 0.0], [74.139998, 16.671807, 0.0], [74.139714, 16.671806, 0.0], [74.139432, 16.671532, 0.0], [74.13915, 16.671258, 0.0], [74.138868, 16.670983, 0.0], [74.138584, 16.670982, 0.0], [74.138301, 16.670981, 0.0], [74.138017, 16.67098, 0.0], [74.137734, 16.670979, 0.0], [74.137452, 16.670704, 0.0], [74.13717, 16.67043, 0.0], [74.136887, 16.670156, 0.0], [74.136605, 16.669881, 0.0], [74.136323, 16.669607, 0.0], [74.136041, 16.669332, 0.0], [74.135759, 16.669058, 0.0], [74.135475, 16.669057, 0.0], [74.135193, 16.668783, 0.0], [74.134911, 16.668508, 0.0], [74.134629, 16.668234, 0.0], [74.134347, 16.66796, 0.0], [74.134064, 16.667685, 0.0], [74.133781, 16.667684, 0.0], [74.133498, 16.667683, 0.0], [74.133214, 16.667682, 0.0], [74.132932, 16.667407, 0.0], [74.132649, 16.667406, 0.0], [74.132367, 16.667132, 0.0], [74.132083, 16.667131, 0.0], [74.1318, 16.667129, 0.0], [74.131518, 16.666855, 0.0], [74.131235, 16.666581, 0.0], [74.130953, 16.666306, 0.0], [74.130671, 16.666032, 0.0], [74.130389, 16.665758, 0.0], [74.130106, 16.665756, 0.0], [74.129823, 16.665482, 0.0], [74.12954, 16.665481, 0.0], [74.129257, 16.66548, 0.0], [74.128973, 16.665478, 0.0], [74.128691, 16.665204, 0.0], [74.128408, 16.665203, 0.0], [74.128124, 16.665202, 0.0], [74.127841, 16.665201, 0.0], [74.127558, 16.665199, 0.0], [74.127273, 16.665471, 0.0], [74.12699, 16.66547, 0.0], [74.126706, 16.665469, 0.0], [74.126424, 16.665195, 0.0], [74.126142, 16.66492, 0.0], [74.125858, 16.664919, 0.0], [74.125576, 16.664645, 0.0], [74.125294, 16.66437, 0.0], [74.125011, 16.664369, 0.0], [74.124729, 16.664095, 0.0], [74.124445, 16.664094, 0.0], [74.124163, 16.663819, 0.0], [74.123881, 16.663545, 0.0], [74.123598, 16.663544, 0.0], [74.123314, 16.663542, 0.0], [74.123031, 16.663541, 0.0], [74.122747, 16.66354, 0.0], [74.122464, 16.663539, 0.0], [74.122182, 16.663264, 0.0], [74.121898, 16.663263, 0.0], [74.121616, 16.662989, 0.0], [74.121333, 16.662988, 0.0], [74.121051, 16.662713, 0.0], [74.120769, 16.662439, 0.0], [74.120486, 16.662165, 0.0], [74.120204, 16.66189, 0.0], [74.119922, 16.661616, 0.0], [74.11964, 16.661341, 0.0]]]}}, {"type": "Feature", "properties": {"subbasin": null, "name": "R3", "reach_len": 39872.80878425272, "reach_rel": 11.0, "reach_sin": 1.810474892727788, "reach_slo": 0.000275877229004, "len_units": "Metre", "layer": "Panchganga_River_network", "path": "E:\\Manasi_intern\\HMS_Shp\\Panchganga_River_network.shp"}, "geometry": {"type": "MultiLineString", "coordinates": [[[74.179134, 16.732065, 0.0], [74.179416, 16.732339, 0.0], [74.179415, 16.732612, 0.0], [74.179414, 16.732885, 0.0], [74.179413, 16.733158, 0.0], [74.179412, 16.733432, 0.0], [74.17941, 16.733705, 0.0], [74.179693, 16.733979, 0.0], [74.179975, 16.734253, 0.0], [74.180257, 16.734528, 0.0], [74.18054, 16.734802, 0.0], [74.180822, 16.735076, 0.0], [74.180821, 16.735349, 0.0], [74.18082, 16.735623, 0.0], [74.180819, 16.735896, 0.0], [74.180817, 16.736169, 0.0], [74.180816, 16.736442, 0.0], [74.180532, 16.736714, 0.0], [74.18053, 16.736987, 0.0], [74.180529, 16.737261, 0.0], [74.180528, 16.737534, 0.0], [74.180243, 16.737806, 0.0], [74.180242, 16.738079, 0.0], [74.180241, 16.738352, 0.0], [74.179956, 16.738624, 0.0], [74.179672, 16.738896, 0.0], [74.179387, 16.739168, 0.0], [74.179386, 16.739441, 0.0], [74.179385, 16.739715, 0.0], [74.179383, 16.739988, 0.0], [74.179099, 16.74026, 0.0], [74.178814, 16.740532, 0.0], [74.178813, 16.740805, 0.0], [74.178812, 16.741078, 0.0], [74.179094, 16.741352, 0.0], [74.179093, 16.741626, 0.0], [74.178808, 16.741898, 0.0], [74.178807, 16.742171, 0.0], [74.178522, 16.742443, 0.0], [74.178238, 16.742715, 0.0], [74.177953, 16.742987, 0.0], [74.177668, 16.743259, 0.0], [74.177385, 16.743258, 0.0], [74.1771, 16.74353, 0.0], [74.177099, 16.743803, 0.0], [74.177098, 16.744076, 0.0], [74.177097, 16.744349, 0.0], [74.177379, 16.744624, 0.0], [74.177661, 16.744898, 0.0], [74.17766, 16.745171, 0.0], [74.177659, 16.745444, 0.0], [74.177658, 16.745718, 0.0], [74.177657, 16.745991, 0.0], [74.177372, 16.746263, 0.0], [74.177371, 16.746536, 0.0], [74.17737, 16.746809, 0.0], [74.177368, 16.747082, 0.0], [74.177367, 16.747355, 0.0], [74.17765, 16.74763, 0.0], [74.177648, 16.747903, 0.0], [74.177647, 16.748176, 0.0], [74.177646, 16.748449, 0.0], [74.177645, 16.748722, 0.0], [74.17736, 16.748994, 0.0], [74.177076, 16.749266, 0.0], [74.176791, 16.749538, 0.0], [74.176506, 16.749811, 0.0], [74.176505, 16.750084, 0.0], [74.176504, 16.750357, 0.0], [74.176219, 16.750629, 0.0], [74.175934, 16.750901, 0.0], [74.17565, 16.751173, 0.0], [74.175649, 16.751446, 0.0], [74.175364, 16.751718, 0.0], [74.17508, 16.751717, 0.0], [74.174796, 16.751989, 0.0], [74.174512, 16.751988, 0.0], [74.174227, 16.75226, 0.0], [74.173943, 16.752532, 0.0], [74.173658, 16.752804, 0.0], [74.173374, 16.752803, 0.0], [74.173091, 16.752802, 0.0], [74.172807, 16.752801, 0.0], [74.172524, 16.752799, 0.0], [74.172239, 16.753072, 0.0], [74.171956, 16.75307, 0.0], [74.171671, 16.753342, 0.0], [74.171386, 16.753614, 0.0], [74.171102, 16.753886, 0.0], [74.170817, 16.754158, 0.0], [74.170816, 16.754432, 0.0], [74.170531, 16.754704, 0.0], [74.170246, 16.754976, 0.0], [74.169963, 16.754975, 0.0], [74.169678, 16.755247, 0.0], [74.169394, 16.755245, 0.0], [74.169112, 16.754971, 0.0], [74.16883, 16.754697, 0.0], [74.168547, 16.754423, 0.0], [74.168265, 16.754148, 0.0], [74.167982, 16.754147, 0.0], [74.167699, 16.753873, 0.0], [74.167417, 16.753598, 0.0], [74.167133, 16.753597, 0.0], [74.166851, 16.753323, 0.0], [74.166569, 16.753049, 0.0], [74.166286, 16.752774, 0.0], [74.166004, 16.7525, 0.0], [74.165722, 16.752226, 0.0], [74.165438, 16.752225, 0.0], [74.165155, 16.752223, 0.0], [74.164871, 16.752222, 0.0], [74.164588, 16.752221, 0.0], [74.164303, 16.752493, 0.0], [74.164018, 16.752765, 0.0], [74.163733, 16.753037, 0.0], [74.163449, 16.753309, 0.0], [74.163164, 16.753581, 0.0], [74.162879, 16.753853, 0.0], [74.162596, 16.753852, 0.0], [74.162311, 16.754124, 0.0], [74.162026, 16.754396, 0.0], [74.161742, 16.754668, 0.0], [74.161457, 16.75494, 0.0], [74.161172, 16.755212, 0.0], [74.160889, 16.755211, 0.0], [74.160605, 16.75521, 0.0], [74.16032, 16.755482, 0.0], [74.160036, 16.755754, 0.0], [74.159751, 16.756026, 0.0], [74.159466, 16.756298, 0.0], [74.159183, 16.756297, 0.0], [74.158899, 16.756296, 0.0], [74.158616, 16.756294, 0.0], [74.158332, 16.756293, 0.0], [74.158049, 16.756292, 0.0], [74.157765, 16.756291, 0.0], [74.15748, 16.756563, 0.0], [74.157197, 16.756562, 0.0], [74.156913, 16.756561, 0.0], [74.156631, 16.756286, 0.0], [74.156349, 16.756012, 0.0], [74.156065, 16.756011, 0.0], [74.155782, 16.75601, 0.0], [74.155498, 16.756009, 0.0], [74.155214, 16.756007, 0.0], [74.154931, 16.756006, 0.0], [74.154647, 16.756005, 0.0], [74.154364, 16.756004, 0.0], [74.154082, 16.75573, 0.0], [74.153799, 16.755455, 0.0], [74.153516, 16.755454, 0.0], [74.153232, 16.755453, 0.0], [74.15295, 16.755179, 0.0], [74.152668, 16.754904, 0.0], [74.152385, 16.75463, 0.0], [74.152102, 16.754629, 0.0], [74.151819, 16.754354, 0.0], [74.151536, 16.754353, 0.0], [74.151254, 16.754079, 0.0], [74.150971, 16.753805, 0.0], [74.150689, 16.75353, 0.0], [74.150407, 16.753256, 0.0], [74.150123, 16.753255, 0.0], [74.149841, 16.75298, 0.0], [74.149842, 16.752707, 0.0], [74.149559, 16.752706, 0.0], [74.149276, 16.752432, 0.0], [74.148994, 16.752157, 0.0], [74.148712, 16.751883, 0.0], [74.148429, 16.751609, 0.0], [74.148146, 16.751608, 0.0], [74.147863, 16.751333, 0.0], [74.147581, 16.751059, 0.0], [74.147298, 16.751058, 0.0], [74.147014, 16.751057, 0.0], [74.146732, 16.750782, 0.0], [74.14645, 16.750508, 0.0], [74.146167, 16.750234, 0.0], [74.145884, 16.750232, 0.0], [74.145601, 16.749958, 0.0], [74.145319, 16.749684, 0.0], [74.14532, 16.749411, 0.0], [74.145322, 16.749137, 0.0], [74.145323, 16.748864, 0.0], [74.145039, 16.748863, 0.0], [74.144757, 16.748589, 0.0], [74.144475, 16.748314, 0.0], [74.144192, 16.74804, 0.0], [74.14391, 16.747766, 0.0], [74.143911, 16.747492, 0.0], [74.143629, 16.747218, 0.0], [74.143347, 16.746944, 0.0], [74.143064, 16.746669, 0.0], [74.142782, 16.746395, 0.0], [74.1425, 16.746121, 0.0], [74.142218, 16.745846, 0.0], [74.141935, 16.745572, 0.0], [74.141653, 16.745298, 0.0], [74.141371, 16.745023, 0.0], [74.141088, 16.744749, 0.0], [74.140806, 16.744475, 0.0], [74.140524, 16.7442, 0.0], [74.140242, 16.743926, 0.0], [74.139959, 16.743652, 0.0], [74.139677, 16.743377, 0.0], [74.139395, 16.743103, 0.0], [74.139112, 16.742829, 0.0], [74.13883, 16.742554, 0.0], [74.138548, 16.74228, 0.0], [74.138266, 16.742006, 0.0], [74.137982, 16.742004, 0.0], [74.137699, 16.742003, 0.0], [74.137414, 16.742275, 0.0], [74.137129, 16.742547, 0.0], [74.136844, 16.742819, 0.0], [74.136561, 16.742818, 0.0], [74.136277, 16.742817, 0.0], [74.135995, 16.742542, 0.0], [74.135712, 16.742541, 0.0], [74.135429, 16.742267, 0.0], [74.135147, 16.741993, 0.0], [74.134863, 16.741991, 0.0], [74.13458, 16.74199, 0.0], [74.134296, 16.741989, 0.0], [74.134013, 16.741988, 0.0], [74.133731, 16.741713, 0.0], [74.133446, 16.741985, 0.0], [74.133161, 16.742257, 0.0], [74.132876, 16.742529, 0.0], [74.132592, 16.742801, 0.0], [74.132307, 16.743073, 0.0], [74.132022, 16.743345, 0.0], [74.131739, 16.743344, 0.0], [74.131454, 16.743616, 0.0], [74.13117, 16.743615, 0.0], [74.130887, 16.743614, 0.0], [74.130603, 16.743612, 0.0], [74.13032, 16.743611, 0.0], [74.130036, 16.74361, 0.0], [74.129752, 16.743882, 0.0], [74.129467, 16.744154, 0.0], [74.129182, 16.744426, 0.0], [74.128897, 16.744698, 0.0], [74.128613, 16.74497, 0.0], [74.128329, 16.744969, 0.0], [74.128047, 16.744694, 0.0], [74.127765, 16.74442, 0.0], [74.127481, 16.744419, 0.0], [74.127196, 16.744691, 0.0], [74.126913, 16.74469, 0.0], [74.126629, 16.744688, 0.0], [74.126345, 16.74496, 0.0], [74.12606, 16.745232, 0.0], [74.125778, 16.744958, 0.0], [74.125494, 16.744957, 0.0], [74.125211, 16.744956, 0.0], [74.124926, 16.745227, 0.0], [74.124642, 16.745226, 0.0], [74.124358, 16.745498, 0.0], [74.124074, 16.745497, 0.0], [74.123791, 16.745496, 0.0], [74.123507, 16.745495, 0.0], [74.123222, 16.745767, 0.0], [74.122938, 16.746039, 0.0], [74.122653, 16.746311, 0.0], [74.122368, 16.746582, 0.0], [74.122083, 16.746854, 0.0], [74.122082, 16.747128, 0.0], [74.122081, 16.747401, 0.0], [74.122079, 16.747674, 0.0], [74.121795, 16.747946, 0.0], [74.12151, 16.748218, 0.0], [74.121509, 16.748491, 0.0], [74.121507, 16.748764, 0.0], [74.121506, 16.749037, 0.0], [74.121221, 16.749309, 0.0], [74.120937, 16.749581, 0.0], [74.120652, 16.749853, 0.0], [74.120367, 16.750125, 0.0], [74.120082, 16.750397, 0.0], [74.119798, 16.750669, 0.0], [74.119514, 16.750668, 0.0], [74.119229, 16.75094, 0.0], [74.119228, 16.751213, 0.0], [74.118943, 16.751485, 0.0], [74.118658, 16.751757, 0.0], [74.118657, 16.75203, 0.0], [74.118372, 16.752302, 0.0], [74.118371, 16.752575, 0.0], [74.118086, 16.752847, 0.0], [74.117802, 16.753119, 0.0], [74.117517, 16.753391, 0.0], [74.117233, 16.75339, 0.0], [74.11695, 16.753389, 0.0], [74.116665, 16.753661, 0.0], [74.11638, 16.753932, 0.0], [74.116095, 16.754204, 0.0], [74.115811, 16.754476, 0.0], [74.115809, 16.75475, 0.0], [74.115808, 16.755023, 0.0], [74.115807, 16.755296, 0.0], [74.116089, 16.75557, 0.0], [74.116371, 16.755845, 0.0], [74.11637, 16.756118, 0.0], [74.116369, 16.756391, 0.0], [74.116368, 16.756664, 0.0], [74.116083, 16.756936, 0.0], [74.116082, 16.757209, 0.0], [74.11608, 16.757482, 0.0], [74.116079, 16.757756, 0.0], [74.116078, 16.758029, 0.0], [74.116077, 16.758302, 0.0], [74.116075, 16.758575, 0.0], [74.116074, 16.758848, 0.0], [74.115789, 16.75912, 0.0], [74.115504, 16.759392, 0.0], [74.11522, 16.759664, 0.0], [74.114935, 16.759936, 0.0], [74.11465, 16.760208, 0.0], [74.114649, 16.760481, 0.0], [74.114648, 16.760754, 0.0], [74.114646, 16.761027, 0.0], [74.114361, 16.761299, 0.0], [74.114077, 16.761571, 0.0], [74.113792, 16.761843, 0.0], [74.113791, 16.762116, 0.0], [74.113789, 16.76239, 0.0], [74.113788, 16.762663, 0.0], [74.113787, 16.762936, 0.0], [74.113502, 16.763208, 0.0], [74.113217, 16.76348, 0.0], [74.113216, 16.763753, 0.0], [74.112931, 16.764025, 0.0], [74.11293, 16.764298, 0.0], [74.112645, 16.76457, 0.0], [74.112644, 16.764843, 0.0], [74.112643, 16.765116, 0.0], [74.112641, 16.76539, 0.0], [74.11264, 16.765663, 0.0], [74.112639, 16.765936, 0.0], [74.112354, 16.766208, 0.0], [74.112069, 16.76648, 0.0], [74.111784, 16.766752, 0.0], [74.1115, 16.767024, 0.0], [74.111782, 16.767298, 0.0], [74.111781, 16.767571, 0.0], [74.111496, 16.767843, 0.0], [74.111211, 16.768115, 0.0], [74.110926, 16.768387, 0.0], [74.110641, 16.768659, 0.0], [74.110358, 16.768658, 0.0], [74.110356, 16.768931, 0.0], [74.110355, 16.769204, 0.0], [74.110354, 16.769477, 0.0], [74.110353, 16.76975, 0.0], [74.110351, 16.770024, 0.0], [74.11035, 16.770297, 0.0], [74.110632, 16.770571, 0.0], [74.110915, 16.770845, 0.0], [74.111197, 16.77112, 0.0], [74.111196, 16.771393, 0.0], [74.111194, 16.771666, 0.0], [74.11091, 16.771938, 0.0], [74.110908, 16.772211, 0.0], [74.111191, 16.772486, 0.0], [74.111189, 16.772759, 0.0], [74.111472, 16.773033, 0.0], [74.11147, 16.773306, 0.0], [74.111469, 16.77358, 0.0], [74.111468, 16.773853, 0.0], [74.111183, 16.774125, 0.0], [74.110898, 16.774397, 0.0], [74.110613, 16.774669, 0.0], [74.110329, 16.77494, 0.0], [74.110044, 16.775212, 0.0], [74.109759, 16.775484, 0.0], [74.109475, 16.775483, 0.0], [74.10919, 16.775755, 0.0], [74.108907, 16.775754, 0.0], [74.108623, 16.775753, 0.0], [74.10834, 16.775751, 0.0], [74.108056, 16.77575, 0.0], [74.107771, 16.776022, 0.0], [74.107487, 16.776294, 0.0], [74.107202, 16.776566, 0.0], [74.106917, 16.776838, 0.0], [74.106632, 16.77711, 0.0], [74.106347, 16.777382, 0.0], [74.106062, 16.777654, 0.0], [74.10578, 16.777379, 0.0], [74.105497, 16.777378, 0.0], [74.105213, 16.777377, 0.0], [74.104931, 16.777102, 0.0], [74.104647, 16.777101, 0.0], [74.104364, 16.7771, 0.0], [74.10408, 16.777099, 0.0], [74.103795, 16.777371, 0.0], [74.10351, 16.777643, 0.0], [74.103226, 16.777915, 0.0], [74.102941, 16.778186, 0.0], [74.102656, 16.778458, 0.0], [74.102371, 16.77873, 0.0], [74.102088, 16.778729, 0.0], [74.101804, 16.778728, 0.0], [74.10152, 16.778727, 0.0], [74.101236, 16.778999, 0.0], [74.100951, 16.77927, 0.0], [74.100666, 16.779542, 0.0], [74.100382, 16.779541, 0.0], [74.1001, 16.779267, 0.0], [74.099817, 16.779266, 0.0], [74.099532, 16.779537, 0.0], [74.099247, 16.779809, 0.0], [74.098962, 16.780081, 0.0], [74.098677, 16.780353, 0.0], [74.098394, 16.780352, 0.0], [74.09811, 16.780351, 0.0], [74.097825, 16.780623, 0.0], [74.097542, 16.780621, 0.0], [74.097258, 16.78062, 0.0], [74.096974, 16.780619, 0.0], [74.09669, 16.780891, 0.0], [74.096406, 16.78089, 0.0], [74.096124, 16.780615, 0.0], [74.095842, 16.780341, 0.0], [74.095558, 16.78034, 0.0], [74.095276, 16.780065, 0.0], [74.094992, 16.780064, 0.0], [74.094709, 16.780063, 0.0], [74.094425, 16.780061, 0.0], [74.09414, 16.780333, 0.0], [74.093855, 16.780605, 0.0], [74.09357, 16.780877, 0.0], [74.093569, 16.78115, 0.0], [74.093851, 16.781425, 0.0], [74.093567, 16.781697, 0.0], [74.093565, 16.78197, 0.0], [74.093564, 16.782243, 0.0], [74.093279, 16.782515, 0.0], [74.093278, 16.782788, 0.0], [74.092993, 16.78306, 0.0], [74.092709, 16.783059, 0.0], [74.092426, 16.783057, 0.0], [74.092141, 16.783329, 0.0], [74.091857, 16.783328, 0.0], [74.091574, 16.783327, 0.0], [74.09129, 16.783326, 0.0], [74.091007, 16.783324, 0.0], [74.090723, 16.783323, 0.0], [74.09044, 16.783322, 0.0], [74.090156, 16.783321, 0.0], [74.089872, 16.783319, 0.0], [74.08959, 16.783045, 0.0], [74.089307, 16.783044, 0.0], [74.089024, 16.782769, 0.0], [74.088741, 16.782768, 0.0], [74.088457, 16.782767, 0.0], [74.088174, 16.782766, 0.0], [74.08789, 16.782764, 0.0], [74.087608, 16.78249, 0.0], [74.087326, 16.782215, 0.0], [74.087043, 16.781941, 0.0], [74.086761, 16.781667, 0.0], [74.086479, 16.781392, 0.0], [74.086195, 16.781391, 0.0], [74.085913, 16.781116, 0.0], [74.085914, 16.780843, 0.0], [74.085632, 16.780569, 0.0], [74.08535, 16.780294, 0.0], [74.085066, 16.780293, 0.0], [74.084784, 16.780019, 0.0], [74.084502, 16.779744, 0.0], [74.08422, 16.77947, 0.0], [74.084221, 16.779197, 0.0], [74.083939, 16.778922, 0.0], [74.083656, 16.778648, 0.0], [74.083374, 16.778374, 0.0], [74.083375, 16.7781, 0.0], [74.08366, 16.777828, 0.0], [74.083662, 16.777555, 0.0], [74.083946, 16.777283, 0.0], [74.083948, 16.77701, 0.0], [74.083949, 16.776737, 0.0], [74.08395, 16.776464, 0.0], [74.083952, 16.776191, 0.0], [74.083669, 16.775916, 0.0], [74.083671, 16.775643, 0.0], [74.083672, 16.77537, 0.0], [74.083673, 16.775097, 0.0], [74.083675, 16.774824, 0.0], [74.083676, 16.774551, 0.0], [74.083961, 16.774279, 0.0], [74.084246, 16.774007, 0.0], [74.084247, 16.773734, 0.0], [74.084248, 16.77346, 0.0], [74.08425, 16.773187, 0.0], [74.084251, 16.772914, 0.0], [74.084536, 16.772642, 0.0], [74.084821, 16.77237, 0.0], [74.084822, 16.772097, 0.0], [74.084823, 16.771824, 0.0], [74.084825, 16.771551, 0.0], [74.084826, 16.771278, 0.0], [74.084827, 16.771004, 0.0], [74.084829, 16.770731, 0.0], [74.085113, 16.770459, 0.0], [74.085115, 16.770186, 0.0], [74.085116, 16.769913, 0.0], [74.085117, 16.76964, 0.0], [74.084835, 16.769366, 0.0], [74.084836, 16.769092, 0.0], [74.084838, 16.768819, 0.0], [74.084839, 16.768546, 0.0], [74.084557, 16.768272, 0.0], [74.084558, 16.767998, 0.0], [74.084276, 16.767724, 0.0], [74.083994, 16.76745, 0.0], [74.083711, 16.767175, 0.0], [74.083428, 16.767174, 0.0], [74.083144, 16.767173, 0.0], [74.082861, 16.767171, 0.0], [74.082578, 16.766897, 0.0], [74.082296, 16.766623, 0.0], [74.082013, 16.766621, 0.0], [74.081728, 16.766893, 0.0], [74.081443, 16.767165, 0.0], [74.081159, 16.767164, 0.0], [74.080875, 16.767436, 0.0], [74.080591, 16.767434, 0.0], [74.080306, 16.767706, 0.0], [74.080021, 16.767978, 0.0], [74.079738, 16.767977, 0.0], [74.079454, 16.767976, 0.0], [74.079171, 16.767974, 0.0], [74.078887, 16.767973, 0.0], [74.078605, 16.767699, 0.0], [74.078321, 16.767697, 0.0], [74.078038, 16.767696, 0.0], [74.077756, 16.767422, 0.0], [74.077473, 16.767147, 0.0], [74.077191, 16.766873, 0.0], [74.076908, 16.766872, 0.0], [74.076626, 16.766597, 0.0], [74.076343, 16.766323, 0.0], [74.076061, 16.766048, 0.0], [74.076062, 16.765775, 0.0], [74.076064, 16.765502, 0.0], [74.076065, 16.765229, 0.0], [74.075783, 16.764954, 0.0], [74.075501, 16.76468, 0.0], [74.075218, 16.764406, 0.0], [74.074936, 16.764131, 0.0], [74.074654, 16.763857, 0.0], [74.074372, 16.763582, 0.0], [74.07409, 16.763308, 0.0], [74.074091, 16.763035, 0.0], [74.074092, 16.762762, 0.0], [74.073809, 16.76276, 0.0], [74.073526, 16.762486, 0.0], [74.073244, 16.762211, 0.0], [74.072962, 16.761937, 0.0], [74.072678, 16.761936, 0.0], [74.072395, 16.761934, 0.0], [74.072111, 16.761933, 0.0], [74.071828, 16.761932, 0.0], [74.071546, 16.761657, 0.0], [74.071263, 16.761383, 0.0], [74.070981, 16.761109, 0.0], [74.070699, 16.760834, 0.0], [74.0707, 16.760561, 0.0], [74.070985, 16.760289, 0.0], [74.07127, 16.760017, 0.0], [74.071555, 16.759745, 0.0], [74.07184, 16.759473, 0.0], [74.072125, 16.759202, 0.0], [74.07241, 16.75893, 0.0], [74.072694, 16.758658, 0.0], [74.072979, 16.758386, 0.0], [74.073264, 16.758114, 0.0], [74.073265, 16.757841, 0.0], [74.07355, 16.757569, 0.0], [74.073835, 16.757297, 0.0], [74.07412, 16.757025, 0.0], [74.074405, 16.756753, 0.0], [74.07469, 16.756481, 0.0], [74.074691, 16.756208, 0.0], [74.074976, 16.755936, 0.0], [74.075261, 16.755664, 0.0], [74.075262, 16.755391, 0.0], [74.075547, 16.755119, 0.0], [74.075548, 16.754846, 0.0], [74.075549, 16.754573, 0.0], [74.075834, 16.754301, 0.0], [74.076119, 16.754029, 0.0], [74.07612, 16.753756, 0.0], [74.076122, 16.753483, 0.0], [74.075838, 16.753482, 0.0], [74.075556, 16.753207, 0.0], [74.075274, 16.752933, 0.0], [74.07499, 16.752932, 0.0], [74.074708, 16.752657, 0.0], [74.074425, 16.752656, 0.0], [74.074142, 16.752381, 0.0], [74.07386, 16.752107, 0.0], [74.073862, 16.751834, 0.0], [74.073579, 16.751559, 0.0], [74.073581, 16.751286, 0.0], [74.073298, 16.751012, 0.0], [74.073016, 16.750737, 0.0], [74.073018, 16.750464, 0.0], [74.072735, 16.75019, 0.0], [74.072452, 16.750188, 0.0], [74.072168, 16.750187, 0.0], [74.071886, 16.749913, 0.0], [74.071604, 16.749638, 0.0], [74.071322, 16.749364, 0.0], [74.071038, 16.749363, 0.0], [74.070756, 16.749088, 0.0], [74.070473, 16.749087, 0.0], [74.070189, 16.749086, 0.0], [74.069906, 16.749084, 0.0], [74.069623, 16.74881, 0.0], [74.06934, 16.748809, 0.0], [74.069056, 16.748807, 0.0], [74.068773, 16.748806, 0.0], [74.068489, 16.748805, 0.0], [74.068207, 16.74853, 0.0], [74.067924, 16.748529, 0.0], [74.067639, 16.748801, 0.0], [74.067354, 16.749073, 0.0], [74.067069, 16.749345, 0.0], [74.066786, 16.749343, 0.0], [74.066502, 16.749342, 0.0], [74.066219, 16.749341, 0.0], [74.065936, 16.749066, 0.0], [74.065653, 16.749065, 0.0], [74.065369, 16.749064, 0.0], [74.065087, 16.748789, 0.0], [74.064805, 16.748515, 0.0], [74.064522, 16.748514, 0.0], [74.064238, 16.748512, 0.0], [74.063955, 16.748511, 0.0], [74.063671, 16.74851, 0.0], [74.063387, 16.748509, 0.0], [74.063103, 16.74878, 0.0], [74.062819, 16.748779, 0.0], [74.062536, 16.748778, 0.0], [74.062253, 16.748503, 0.0], [74.06197, 16.748502, 0.0], [74.061686, 16.748501, 0.0], [74.061403, 16.7485, 0.0], [74.061121, 16.748225, 0.0], [74.060839, 16.747951, 0.0], [74.060555, 16.747949, 0.0], [74.06027, 16.748221, 0.0], [74.059987, 16.74822, 0.0], [74.059703, 16.748219, 0.0], [74.05942, 16.748217, 0.0], [74.059136, 16.748216, 0.0], [74.058851, 16.748488, 0.0], [74.058566, 16.74876, 0.0], [74.058283, 16.748758, 0.0], [74.057999, 16.748757, 0.0], [74.057715, 16.749029, 0.0], [74.05743, 16.749301, 0.0], [74.057145, 16.749573, 0.0], [74.05686, 16.749845, 0.0], [74.056575, 16.750116, 0.0], [74.05629, 16.750388, 0.0], [74.056005, 16.75066, 0.0], [74.055721, 16.750932, 0.0], [74.055436, 16.751204, 0.0], [74.055151, 16.751476, 0.0], [74.054866, 16.751748, 0.0], [74.054583, 16.751746, 0.0], [74.054299, 16.751745, 0.0], [74.054016, 16.751744, 0.0], [74.053732, 16.751742, 0.0], [74.053448, 16.751741, 0.0], [74.053165, 16.75174, 0.0], [74.05288, 16.752012, 0.0], [74.052597, 16.75201, 0.0], [74.052312, 16.752282, 0.0], [74.052028, 16.752281, 0.0], [74.051745, 16.75228, 0.0], [74.051461, 16.752278, 0.0], [74.051178, 16.752277, 0.0], [74.050894, 16.752276, 0.0], [74.050609, 16.752548, 0.0], [74.050326, 16.752546, 0.0], [74.050044, 16.752272, 0.0], [74.049761, 16.751997, 0.0], [74.049479, 16.751723, 0.0], [74.049196, 16.751722, 0.0], [74.048912, 16.75172, 0.0], [74.048627, 16.751992, 0.0], [74.048343, 16.752264, 0.0], [74.048058, 16.752536, 0.0], [74.047774, 16.752535, 0.0], [74.047491, 16.752533, 0.0], [74.047207, 16.752532, 0.0], [74.046924, 16.752531, 0.0], [74.046639, 16.752802, 0.0], [74.046354, 16.753074, 0.0], [74.046069, 16.753346, 0.0], [74.045784, 16.753618, 0.0], [74.045499, 16.75389, 0.0], [74.045214, 16.754162, 0.0], [74.044929, 16.754434, 0.0], [74.044645, 16.754705, 0.0], [74.044361, 16.754704, 0.0], [74.044076, 16.754976, 0.0], [74.043793, 16.754975, 0.0], [74.043508, 16.755246, 0.0], [74.043224, 16.755245, 0.0], [74.042941, 16.755244, 0.0], [74.042657, 16.755243, 0.0], [74.042374, 16.755241, 0.0], [74.04209, 16.75524, 0.0], [74.041807, 16.755239, 0.0], [74.041523, 16.755237, 0.0], [74.041241, 16.754963, 0.0], [74.040959, 16.754688, 0.0], [74.040675, 16.754687, 0.0], [74.040392, 16.754686, 0.0], [74.040108, 16.754684, 0.0], [74.039825, 16.754683, 0.0], [74.039541, 16.754682, 0.0], [74.039258, 16.75468, 0.0], [74.038973, 16.754952, 0.0], [74.038689, 16.754951, 0.0], [74.038404, 16.755223, 0.0], [74.038121, 16.755221, 0.0], [74.037836, 16.755493, 0.0], [74.037551, 16.755765, 0.0], [74.037268, 16.755764, 0.0], [74.036984, 16.755762, 0.0], [74.036701, 16.755761, 0.0], [74.036416, 16.756033, 0.0], [74.036131, 16.756305, 0.0], [74.035846, 16.756577, 0.0], [74.035561, 16.756848, 0.0], [74.035276, 16.75712, 0.0], [74.034991, 16.757392, 0.0], [74.034706, 16.757664, 0.0], [74.034423, 16.757663, 0.0], [74.034138, 16.757934, 0.0], [74.033853, 16.758206, 0.0], [74.033568, 16.758478, 0.0], [74.033283, 16.75875, 0.0], [74.033282, 16.759023, 0.0], [74.032997, 16.759295, 0.0], [74.032712, 16.759567, 0.0], [74.032429, 16.759565, 0.0], [74.032145, 16.759564, 0.0], [74.031861, 16.759563, 0.0], [74.031577, 16.759835, 0.0], [74.031292, 16.760106, 0.0], [74.03129, 16.76038, 0.0], [74.031289, 16.760653, 0.0], [74.031004, 16.760925, 0.0], [74.030719, 16.761196, 0.0], [74.030434, 16.761468, 0.0], [74.030149, 16.76174, 0.0], [74.029864, 16.762012, 0.0], [74.029581, 16.762011, 0.0], [74.029296, 16.762282, 0.0], [74.029012, 16.762281, 0.0], [74.028727, 16.762553, 0.0], [74.028443, 16.762825, 0.0], [74.028159, 16.762823, 0.0], [74.027874, 16.763095, 0.0], [74.027589, 16.763367, 0.0], [74.027588, 16.76364, 0.0], [74.027303, 16.763912, 0.0], [74.027018, 16.764184, 0.0], [74.026734, 16.764182, 0.0], [74.026733, 16.764456, 0.0], [74.026732, 16.764729, 0.0], [74.026447, 16.765001, 0.0], [74.026162, 16.765272, 0.0], [74.02616, 16.765546, 0.0], [74.025877, 16.765544, 0.0], [74.025592, 16.765816, 0.0], [74.025308, 16.765815, 0.0], [74.025025, 16.765813, 0.0], [74.02474, 16.766085, 0.0], [74.024456, 16.766084, 0.0], [74.024173, 16.766082, 0.0], [74.023888, 16.766354, 0.0], [74.023604, 16.766353, 0.0], [74.02332, 16.766625, 0.0], [74.023035, 16.766897, 0.0], [74.02275, 16.767168, 0.0], [74.022466, 16.767167, 0.0], [74.022183, 16.767166, 0.0], [74.021899, 16.767164, 0.0], [74.021617, 16.76689, 0.0], [74.021333, 16.766888, 0.0], [74.02105, 16.766887, 0.0], [74.020766, 16.766886, 0.0], [74.020483, 16.766884, 0.0], [74.020199, 16.766883, 0.0], [74.019916, 16.766882, 0.0], [74.019631, 16.767154, 0.0], [74.019346, 16.767425, 0.0], [74.019062, 16.767424, 0.0], [74.018779, 16.767423, 0.0], [74.018494, 16.767694, 0.0], [74.018209, 16.767966, 0.0], [74.017924, 16.768238, 0.0], [74.017639, 16.76851, 0.0], [74.017354, 16.768782, 0.0], [74.017069, 16.769053, 0.0], [74.016784, 16.769325, 0.0], [74.016499, 16.769597, 0.0], [74.016214, 16.769869, 0.0], [74.016213, 16.770142, 0.0], [74.016212, 16.770415, 0.0], [74.01621, 16.770688, 0.0], [74.016209, 16.770962, 0.0], [74.016207, 16.771235, 0.0], [74.016206, 16.771508, 0.0], [74.016205, 16.771781, 0.0], [74.016203, 16.772054, 0.0], [74.015918, 16.772326, 0.0], [74.015917, 16.772599, 0.0], [74.015915, 16.772872, 0.0], [74.01563, 16.773144, 0.0], [74.015347, 16.773143, 0.0], [74.015345, 16.773416, 0.0], [74.015061, 16.773688, 0.0], [74.014776, 16.773959, 0.0], [74.014774, 16.774233, 0.0], [74.014489, 16.774504, 0.0], [74.014488, 16.774778, 0.0], [74.014486, 16.775051, 0.0], [74.014485, 16.775324, 0.0], [74.014484, 16.775597, 0.0], [74.014766, 16.775872, 0.0], [74.015048, 16.776146, 0.0], [74.015046, 16.776419, 0.0], [74.014762, 16.776691, 0.0], [74.014477, 16.776963, 0.0], [74.014192, 16.777235, 0.0], [74.013907, 16.777506, 0.0], [74.013623, 16.777505, 0.0], [74.013341, 16.777231, 0.0], [74.013057, 16.777229, 0.0], [74.012775, 16.776955, 0.0], [74.012492, 16.776953, 0.0], [74.01221, 16.776679, 0.0], [74.011926, 16.776677, 0.0], [74.011642, 16.776676, 0.0], [74.011359, 16.776675, 0.0], [74.011077, 16.7764, 0.0], [74.010795, 16.776126, 0.0], [74.010511, 16.776124, 0.0], [74.010229, 16.77585, 0.0], [74.009947, 16.775575, 0.0], [74.009665, 16.775301, 0.0], [74.009381, 16.775299, 0.0], [74.009098, 16.775298, 0.0], [74.008814, 16.775297, 0.0], [74.008531, 16.775295, 0.0], [74.008247, 16.775294, 0.0], [74.007965, 16.775019, 0.0], [74.007683, 16.774745, 0.0], [74.007401, 16.77447, 0.0], [74.007119, 16.774196, 0.0], [74.006836, 16.773921, 0.0], [74.006838, 16.773648, 0.0], [74.006556, 16.773374, 0.0], [74.006557, 16.773101, 0.0], [74.006275, 16.772826, 0.0], [74.005993, 16.772551, 0.0], [74.005994, 16.772278, 0.0], [74.005996, 16.772005, 0.0], [74.005997, 16.771732, 0.0], [74.005715, 16.771457, 0.0], [74.005433, 16.771183, 0.0], [74.005434, 16.77091, 0.0], [74.005719, 16.770638, 0.0], [74.005721, 16.770365, 0.0], [74.005722, 16.770092, 0.0], [74.005724, 16.769819, 0.0], [74.005441, 16.769544, 0.0], [74.005443, 16.769271, 0.0], [74.005444, 16.768998, 0.0], [74.005446, 16.768725, 0.0], [74.005447, 16.768451, 0.0], [74.005449, 16.768178, 0.0], [74.005166, 16.767904, 0.0], [74.004884, 16.767629, 0.0], [74.004886, 16.767356, 0.0], [74.004887, 16.767083, 0.0], [74.004889, 16.76681, 0.0], [74.005173, 16.766538, 0.0], [74.005175, 16.766265, 0.0], [74.005176, 16.765992, 0.0], [74.005178, 16.765718, 0.0], [74.005179, 16.765445, 0.0], [74.004897, 16.765171, 0.0], [74.004898, 16.764898, 0.0], [74.004616, 16.764623, 0.0], [74.004618, 16.76435, 0.0], [74.004619, 16.764077, 0.0], [74.004337, 16.763802, 0.0], [74.004055, 16.763528, 0.0], [74.003773, 16.763253, 0.0], [74.003489, 16.763252, 0.0], [74.003207, 16.762977, 0.0], [74.002924, 16.762976, 0.0], [74.002642, 16.762701, 0.0], [74.00236, 16.762427, 0.0], [74.002077, 16.762152, 0.0], [74.001795, 16.761878, 0.0], [74.001513, 16.761603, 0.0], [74.001231, 16.761329, 0.0], [74.000949, 16.761054, 0.0], [74.000666, 16.761053, 0.0], [74.000382, 16.761052, 0.0], [74.000098, 16.76105, 0.0], [73.999815, 16.761049, 0.0], [73.99953, 16.761321, 0.0], [73.999246, 16.761319, 0.0], [73.998963, 16.761318, 0.0], [73.998679, 16.761316, 0.0], [73.998397, 16.761042, 0.0], [73.998115, 16.760767, 0.0], [73.997832, 16.760766, 0.0], [73.99755, 16.760491, 0.0], [73.997266, 16.76049, 0.0], [73.996984, 16.760216, 0.0], [73.996702, 16.759941, 0.0], [73.99642, 16.759666, 0.0], [73.996138, 16.759392, 0.0], [73.995854, 16.759391, 0.0], [73.995571, 16.759389, 0.0], [73.995287, 16.759388, 0.0], [73.995004, 16.759386, 0.0], [73.99472, 16.759385, 0.0], [73.994435, 16.759657, 0.0], [73.99415, 16.759929, 0.0], [73.993865, 16.7602, 0.0], [73.993582, 16.760199, 0.0], [73.993297, 16.760471, 0.0], [73.993013, 16.760469, 0.0], [73.992728, 16.760741, 0.0], [73.992443, 16.761013, 0.0], [73.992158, 16.761285, 0.0], [73.991873, 16.761556, 0.0], [73.991588, 16.761828, 0.0], [73.991304, 16.7621, 0.0], [73.991019, 16.762372, 0.0], [73.990735, 16.76237, 0.0], [73.99045, 16.762642, 0.0], [73.990165, 16.762914, 0.0], [73.990164, 16.763187, 0.0], [73.989879, 16.763459, 0.0], [73.989594, 16.763731, 0.0], [73.989309, 16.764002, 0.0], [73.989307, 16.764275, 0.0], [73.989306, 16.764549, 0.0], [73.989304, 16.764822, 0.0], [73.989019, 16.765094, 0.0], [73.988736, 16.765092, 0.0], [73.988451, 16.765364, 0.0], [73.988166, 16.765636, 0.0], [73.987882, 16.765634, 0.0], [73.987597, 16.765906, 0.0], [73.987313, 16.766178, 0.0], [73.987028, 16.76645, 0.0], [73.986743, 16.766721, 0.0], [73.986459, 16.76672, 0.0], [73.986174, 16.766992, 0.0], [73.986173, 16.767265, 0.0], [73.985888, 16.767537, 0.0], [73.985886, 16.76781, 0.0], [73.985603, 16.767808, 0.0], [73.985319, 16.767807, 0.0], [73.985037, 16.767532, 0.0], [73.984754, 16.767531, 0.0], [73.98447, 16.76753, 0.0], [73.984186, 16.767528, 0.0], [73.983903, 16.767527, 0.0], [73.983619, 16.767525, 0.0], [73.983336, 16.767524, 0.0], [73.983052, 16.767523, 0.0], [73.982769, 16.767521, 0.0], [73.982485, 16.76752, 0.0], [73.982203, 16.767245, 0.0], [73.981921, 16.766971, 0.0], [73.981639, 16.766696, 0.0], [73.981357, 16.766422, 0.0], [73.981075, 16.766147, 0.0], [73.980791, 16.766146, 0.0], [73.980509, 16.765871, 0.0], [73.980511, 16.765598, 0.0], [73.980229, 16.765323, 0.0], [73.979947, 16.765049, 0.0], [73.979665, 16.764774, 0.0], [73.979382, 16.7645, 0.0], [73.979384, 16.764227, 0.0], [73.979385, 16.763953, 0.0], [73.979103, 16.763679, 0.0], [73.978821, 16.763404, 0.0], [73.978539, 16.76313, 0.0], [73.978257, 16.762855, 0.0], [73.977975, 16.762581, 0.0], [73.977693, 16.762306, 0.0], [73.977694, 16.762033, 0.0], [73.977696, 16.76176, 0.0], [73.977981, 16.761488, 0.0], [73.978266, 16.761216, 0.0], [73.978551, 16.760945, 0.0], [73.978836, 16.760673, 0.0], [73.979121, 16.760401, 0.0], [73.979406, 16.760129, 0.0], [73.979691, 16.759858, 0.0], [73.979976, 16.759586, 0.0], [73.980261, 16.759314, 0.0], [73.980546, 16.759042, 0.0], [73.980831, 16.758771, 0.0], [73.981114, 16.758772, 0.0], [73.981399, 16.7585, 0.0], [73.981401, 16.758227, 0.0], [73.981402, 16.757954, 0.0], [73.981403, 16.757681, 0.0], [73.981405, 16.757408, 0.0], [73.981406, 16.757134, 0.0], [73.981691, 16.756863, 0.0], [73.981976, 16.756591, 0.0], [73.982261, 16.756319, 0.0], [73.982546, 16.756047, 0.0], [73.982548, 16.755774, 0.0], [73.982549, 16.755501, 0.0], [73.982551, 16.755228, 0.0], [73.982552, 16.754955, 0.0], [73.98227, 16.75468, 0.0], [73.981988, 16.754406, 0.0], [73.981706, 16.754131, 0.0], [73.981422, 16.75413, 0.0], [73.981424, 16.753857, 0.0], [73.981142, 16.753582, 0.0], [73.981143, 16.753309, 0.0], [73.981145, 16.753036, 0.0], [73.981146, 16.752763, 0.0], [73.980864, 16.752488, 0.0], [73.980866, 16.752215, 0.0], [73.980583, 16.75194, 0.0], [73.980301, 16.751666, 0.0], [73.980019, 16.751391, 0.0], [73.979737, 16.751117, 0.0], [73.979739, 16.750843, 0.0], [73.97974, 16.75057, 0.0], [73.979742, 16.750297, 0.0], [73.97946, 16.750023, 0.0], [73.979178, 16.749748, 0.0], [73.978896, 16.749474, 0.0], [73.978613, 16.749199, 0.0], [73.978615, 16.748926, 0.0], [73.978333, 16.748651, 0.0], [73.978051, 16.748377, 0.0], [73.977769, 16.748102, 0.0], [73.977487, 16.747828, 0.0], [73.977205, 16.747553, 0.0], [73.976923, 16.747278, 0.0], [73.976641, 16.747004, 0.0], [73.976642, 16.746731, 0.0], [73.97636, 16.746456, 0.0], [73.976078, 16.746182, 0.0], [73.975795, 16.74618, 0.0], [73.97551, 16.746452, 0.0], [73.975225, 16.746724, 0.0], [73.97494, 16.746995, 0.0], [73.974655, 16.747267, 0.0], [73.974371, 16.747266, 0.0], [73.974086, 16.747538, 0.0], [73.973801, 16.747809, 0.0], [73.973516, 16.748081, 0.0], [73.973231, 16.748353, 0.0]]]}}, {"type": "Feature", "properties": {"subbasin": null, "name": "R1", "reach_len": 10806.53939295464, "reach_rel": 7.0, "reach_sin": 1.789377657704073, "reach_slo": 0.000647755932354, "len_units": "Metre", "layer": "Panchganga_River_network", "path": "E:\\Manasi_intern\\HMS_Shp\\Panchganga_River_network.shp"}, "geometry": {"type": "MultiLineString", "coordinates": [[[74.235237, 16.739656, 0.0], [74.235238, 16.739383, 0.0], [74.235239, 16.739109, 0.0], [74.23524, 16.738836, 0.0], [74.235241, 16.738563, 0.0], [74.235242, 16.73829, 0.0], [74.235243, 16.738017, 0.0], [74.234961, 16.737743, 0.0], [74.234962, 16.737469, 0.0], [74.234963, 16.737196, 0.0], [74.234964, 16.736923, 0.0], [74.234965, 16.73665, 0.0], [74.234683, 16.736376, 0.0], [74.234684, 16.736102, 0.0], [74.234685, 16.735829, 0.0], [74.234686, 16.735556, 0.0], [74.234687, 16.735283, 0.0], [74.234688, 16.73501, 0.0], [74.234689, 16.734737, 0.0], [74.23469, 16.734463, 0.0], [74.234408, 16.734189, 0.0], [74.234126, 16.733915, 0.0], [74.234127, 16.733642, 0.0], [74.233844, 16.733368, 0.0], [74.233562, 16.733093, 0.0], [74.233279, 16.732819, 0.0], [74.232997, 16.732545, 0.0], [74.232714, 16.732544, 0.0], [74.232431, 16.73227, 0.0], [74.232432, 16.731996, 0.0], [74.23215, 16.731722, 0.0], [74.231867, 16.731448, 0.0], [74.231585, 16.731174, 0.0], [74.231303, 16.7309, 0.0], [74.23102, 16.730625, 0.0], [74.230738, 16.730351, 0.0], [74.230455, 16.730077, 0.0], [74.230173, 16.729803, 0.0], [74.229891, 16.729528, 0.0], [74.229608, 16.729254, 0.0], [74.229609, 16.728981, 0.0], [74.22961, 16.728708, 0.0], [74.229328, 16.728434, 0.0], [74.229046, 16.728159, 0.0], [74.228763, 16.727885, 0.0], [74.228764, 16.727612, 0.0], [74.228482, 16.727338, 0.0], [74.228198, 16.727337, 0.0], [74.227916, 16.727062, 0.0], [74.227634, 16.726788, 0.0], [74.22735, 16.726787, 0.0], [74.227067, 16.726786, 0.0], [74.226784, 16.726512, 0.0], [74.226502, 16.726238, 0.0], [74.22622, 16.725963, 0.0], [74.225937, 16.725689, 0.0], [74.225655, 16.725415, 0.0], [74.225372, 16.725141, 0.0], [74.22509, 16.724866, 0.0], [74.224808, 16.724592, 0.0], [74.224525, 16.724318, 0.0], [74.224243, 16.724044, 0.0], [74.224244, 16.723771, 0.0], [74.223962, 16.723496, 0.0], [74.224246, 16.723224, 0.0], [74.224247, 16.722951, 0.0], [74.224248, 16.722678, 0.0], [74.224249, 16.722405, 0.0], [74.223967, 16.72213, 0.0], [74.223685, 16.721856, 0.0], [74.223686, 16.721583, 0.0], [74.223687, 16.72131, 0.0], [74.223405, 16.721036, 0.0], [74.223122, 16.720761, 0.0], [74.22284, 16.720487, 0.0], [74.222557, 16.720213, 0.0], [74.222275, 16.719939, 0.0], [74.222276, 16.719666, 0.0], [74.221994, 16.719391, 0.0], [74.221995, 16.719118, 0.0], [74.221713, 16.718844, 0.0], [74.221714, 16.718571, 0.0], [74.221715, 16.718298, 0.0], [74.221432, 16.718023, 0.0], [74.22115, 16.717749, 0.0], [74.220868, 16.717475, 0.0], [74.220585, 16.717201, 0.0], [74.220302, 16.7172, 0.0], [74.220019, 16.716925, 0.0], [74.220021, 16.716652, 0.0], [74.220022, 16.716379, 0.0], [74.220023, 16.716106, 0.0], [74.220024, 16.715833, 0.0], [74.219742, 16.715558, 0.0], [74.219459, 16.715284, 0.0], [74.21946, 16.715011, 0.0], [74.219745, 16.714739, 0.0], [74.220029, 16.714467, 0.0], [74.219747, 16.714192, 0.0], [74.219748, 16.713919, 0.0], [74.219466, 16.713645, 0.0], [74.219183, 16.713371, 0.0], [74.218901, 16.713097, 0.0], [74.218902, 16.712823, 0.0], [74.218903, 16.71255, 0.0], [74.218904, 16.712277, 0.0], [74.218906, 16.712004, 0.0], [74.218907, 16.711731, 0.0], [74.218908, 16.711458, 0.0], [74.218909, 16.711184, 0.0], [74.218627, 16.71091, 0.0], [74.218344, 16.710636, 0.0], [74.218062, 16.710362, 0.0], [74.218063, 16.710088, 0.0], [74.218064, 16.709815, 0.0], [74.218065, 16.709542, 0.0], [74.217783, 16.709268, 0.0], [74.2175, 16.708994, 0.0], [74.217502, 16.70872, 0.0], [74.217219, 16.708446, 0.0], [74.21722, 16.708173, 0.0], [74.217221, 16.7079, 0.0], [74.217223, 16.707627, 0.0], [74.217224, 16.707354, 0.0], [74.216941, 16.707079, 0.0], [74.216659, 16.706805, 0.0], [74.216377, 16.706531, 0.0], [74.216378, 16.706258, 0.0], [74.216095, 16.705983, 0.0], [74.215813, 16.705709, 0.0], [74.215531, 16.705435, 0.0], [74.215247, 16.705434, 0.0], [74.214965, 16.70516, 0.0], [74.214681, 16.705158, 0.0], [74.214398, 16.705157, 0.0], [74.214115, 16.705156, 0.0], [74.21383, 16.705428, 0.0], [74.213545, 16.705701, 0.0], [74.213261, 16.705973, 0.0], [74.212977, 16.705972, 0.0], [74.212694, 16.70597, 0.0], [74.21241, 16.705969, 0.0], [74.212127, 16.705968, 0.0], [74.211844, 16.705967, 0.0], [74.21156, 16.705966, 0.0], [74.211278, 16.705692, 0.0], [74.210994, 16.705691, 0.0], [74.210711, 16.70569, 0.0], [74.210426, 16.705962, 0.0], [74.210142, 16.706234, 0.0], [74.209857, 16.706506, 0.0], [74.209573, 16.706778, 0.0], [74.209288, 16.70705, 0.0], [74.209003, 16.707322, 0.0], [74.208719, 16.707594, 0.0], [74.208434, 16.707866, 0.0], [74.20815, 16.708139, 0.0], [74.207866, 16.708137, 0.0], [74.207582, 16.70841, 0.0], [74.207297, 16.708682, 0.0], [74.207296, 16.708955, 0.0], [74.207011, 16.709227, 0.0], [74.206728, 16.709226, 0.0], [74.206443, 16.709498, 0.0], [74.20616, 16.709497, 0.0], [74.205876, 16.709496, 0.0], [74.205593, 16.709495, 0.0], [74.205309, 16.709493, 0.0], [74.205025, 16.709766, 0.0], [74.204741, 16.709764, 0.0], [74.204457, 16.710037, 0.0], [74.204172, 16.710309, 0.0], [74.203889, 16.710308, 0.0], [74.203604, 16.71058, 0.0], [74.203321, 16.710579, 0.0], [74.203036, 16.710851, 0.0], [74.202752, 16.71085, 0.0], [74.202469, 16.710848, 0.0], [74.202184, 16.711121, 0.0], [74.2019, 16.711393, 0.0], [74.201615, 16.711665, 0.0], [74.201331, 16.711937, 0.0], [74.201047, 16.711936, 0.0], [74.200763, 16.712208, 0.0], [74.200478, 16.71248, 0.0], [74.200194, 16.712479, 0.0], [74.199911, 16.712478, 0.0], [74.199628, 16.712477, 0.0], [74.199344, 16.712475, 0.0], [74.199059, 16.712747, 0.0], [74.198775, 16.71302, 0.0], [74.198491, 16.713018, 0.0], [74.198208, 16.713017, 0.0], [74.197924, 16.713016, 0.0], [74.19764, 16.713288, 0.0], [74.197356, 16.713287, 0.0], [74.197073, 16.713286, 0.0], [74.196789, 16.713285, 0.0], [74.196506, 16.713284, 0.0], [74.196223, 16.713283, 0.0], [74.195939, 16.713282, 0.0], [74.195656, 16.713281, 0.0], [74.195371, 16.713553, 0.0], [74.195086, 16.713825, 0.0], [74.194802, 16.714097, 0.0], [74.194517, 16.714369, 0.0], [74.194233, 16.714641, 0.0], [74.193949, 16.71464, 0.0], [74.193666, 16.714639, 0.0], [74.193382, 16.714638, 0.0], [74.193098, 16.71491, 0.0], [74.192814, 16.714909, 0.0], [74.192531, 16.714907, 0.0], [74.192247, 16.714906, 0.0], [74.191962, 16.715178, 0.0], [74.191678, 16.71545, 0.0], [74.191394, 16.715449, 0.0], [74.19111, 16.715721, 0.0], [74.190826, 16.71572, 0.0], [74.190542, 16.715992, 0.0], [74.190257, 16.716264, 0.0], [74.189972, 16.716537, 0.0], [74.189689, 16.716535, 0.0], [74.189404, 16.716807, 0.0], [74.189121, 16.716806, 0.0], [74.188837, 16.716805, 0.0], [74.188554, 16.716804, 0.0], [74.18827, 16.716803, 0.0], [74.187987, 16.716802, 0.0], [74.187703, 16.716801, 0.0], [74.18742, 16.7168, 0.0], [74.187137, 16.716799, 0.0], [74.186853, 16.716797, 0.0], [74.18657, 16.716796, 0.0], [74.186286, 16.716795, 0.0], [74.186003, 16.716794, 0.0], [74.185719, 16.716793, 0.0], [74.185436, 16.716792, 0.0], [74.185151, 16.717064, 0.0], [74.184868, 16.717063, 0.0], [74.184584, 16.717062, 0.0], [74.184301, 16.717061, 0.0], [74.184016, 16.717333, 0.0], [74.183733, 16.717331, 0.0], [74.183449, 16.71733, 0.0], [74.183166, 16.717329, 0.0], [74.182882, 16.717328, 0.0], [74.182598, 16.7176, 0.0], [74.182313, 16.717872, 0.0], [74.182028, 16.718144, 0.0], [74.181744, 16.718416, 0.0], [74.181459, 16.718688, 0.0], [74.181174, 16.71896, 0.0], [74.18089, 16.719232, 0.0], [74.180605, 16.719505, 0.0], [74.18032, 16.719777, 0.0], [74.180036, 16.720049, 0.0], [74.179751, 16.720321, 0.0], [74.179466, 16.720593, 0.0], [74.179182, 16.720865, 0.0], [74.179181, 16.721138, 0.0], [74.178896, 16.72141, 0.0], [74.178895, 16.721683, 0.0], [74.178894, 16.721956, 0.0], [74.178892, 16.722229, 0.0], [74.178891, 16.722503, 0.0], [74.178607, 16.722775, 0.0], [74.178322, 16.723047, 0.0], [74.178321, 16.72332, 0.0], [74.178036, 16.723592, 0.0], [74.178035, 16.723865, 0.0], [74.178034, 16.724138, 0.0], [74.178033, 16.724411, 0.0], [74.178315, 16.724686, 0.0], [74.178314, 16.724959, 0.0], [74.178313, 16.725232, 0.0], [74.178311, 16.725505, 0.0], [74.17831, 16.725778, 0.0], [74.178309, 16.726052, 0.0], [74.178308, 16.726325, 0.0], [74.178307, 16.726598, 0.0], [74.178306, 16.726871, 0.0], [74.178304, 16.727144, 0.0], [74.178303, 16.727417, 0.0], [74.178302, 16.727691, 0.0], [74.178301, 16.727964, 0.0], [74.1783, 16.728237, 0.0], [74.178299, 16.72851, 0.0], [74.178297, 16.728783, 0.0], [74.178296, 16.729056, 0.0], [74.178295, 16.72933, 0.0], [74.178577, 16.729604, 0.0], [74.178576, 16.729877, 0.0], [74.178575, 16.73015, 0.0], [74.178574, 16.730423, 0.0], [74.178856, 16.730698, 0.0], [74.178855, 16.730971, 0.0], [74.179137, 16.731245, 0.0], [74.179136, 16.731518, 0.0], [74.179135, 16.731792, 0.0], [74.179134, 16.732065, 0.0]]]}}]}