{"type": "FeatureCollection", "name": "Panchganga_RJKT_RB", "features": [{"type": "Feature", "properties": {"name": "S6", "long_len": 42473.20808031171, "long_slo": 0.009029221415883, "cent_len": 20703.4454236974, "cent_slo": 0.000555463101172, "10_85_len": 31854.9060602339, "10_85_slo": 0.001187221301613, "basin_slo": 0.166285684232135, "basin_rel": 435.0, "elong_ra": 0.400908305091674, "relief_ra": 0.010241750497807, "drain_den": 0.03933108876454, "len_units": "Metre"}, "geometry": {"type": "MultiPolygon", "coordinates": [[[[74.008651, 16.724624], [74.009785, 16.72463], [74.009786, 16.724356], [74.010353, 16.724359], [74.010355, 16.724086], [74.010638, 16.724087], [74.01064, 16.723814], [74.011207, 16.723817], [74.011209, 16.723271], [74.011493, 16.723272], [74.011498, 16.722179], [74.011782, 16.722181], [74.011783, 16.721908], [74.014051, 16.721918], [74.014052, 16.721645], [74.014619, 16.721648], [74.014621, 16.721375], [74.015188, 16.721378], [74.015189, 16.721104], [74.015756, 16.721107], [74.015757, 16.720834], [74.017742, 16.720843], [74.017743, 16.72057], [74.018027, 16.720572], [74.018025, 16.720845], [74.018876, 16.720849], [74.018873, 16.721395], [74.019156, 16.721396], [74.019155, 16.72167], [74.019438, 16.721671], [74.019437, 16.721944], [74.020287, 16.721948], [74.020286, 16.722221], [74.020569, 16.722223], [74.020568, 16.722496], [74.020851, 16.722497], [74.02085, 16.72277], [74.021417, 16.722773], [74.021418, 16.7225], [74.021985, 16.722502], [74.021987, 16.722229], [74.02227, 16.722231], [74.022272, 16.721957], [74.023689, 16.721964], [74.02369, 16.721691], [74.024257, 16.721694], [74.024259, 16.721421], [74.024542, 16.721422], [74.024543, 16.721149], [74.024827, 16.72115], [74.024828, 16.720877], [74.025112, 16.720878], [74.025113, 16.720605], [74.025397, 16.720606], [74.025398, 16.720333], [74.025965, 16.720336], [74.025968, 16.71979], [74.026251, 16.719791], [74.026261, 16.717879], [74.026544, 16.71788], [74.026549, 16.717061], [74.026832, 16.717062], [74.02684, 16.715423], [74.027124, 16.715424], [74.027128, 16.714605], [74.027695, 16.714608], [74.027702, 16.713242], [74.027418, 16.71324], [74.027421, 16.712694], [74.027138, 16.712693], [74.027139, 16.71242], [74.026856, 16.712418], [74.026857, 16.712145], [74.026573, 16.712144], [74.026575, 16.711871], [74.026291, 16.711869], [74.026294, 16.711323], [74.026011, 16.711322], [74.026012, 16.711049], [74.025729, 16.711047], [74.025731, 16.710501], [74.025448, 16.7105], [74.025456, 16.708861], [74.02574, 16.708862], [74.025741, 16.708589], [74.026025, 16.70859], [74.026026, 16.708317], [74.025743, 16.708316], [74.025744, 16.708042], [74.026027, 16.708044], [74.026029, 16.707771], [74.025745, 16.707769], [74.025754, 16.70613], [74.02547, 16.706129], [74.025472, 16.705856], [74.025755, 16.705857], [74.025759, 16.705038], [74.026326, 16.70504], [74.026327, 16.704767], [74.026611, 16.704769], [74.026614, 16.704222], [74.026897, 16.704224], [74.0269, 16.703677], [74.027183, 16.703679], [74.027186, 16.703132], [74.027469, 16.703134], [74.027474, 16.702314], [74.027757, 16.702315], [74.027758, 16.702042], [74.028042, 16.702044], [74.02805, 16.700405], [74.027767, 16.700403], [74.027768, 16.70013], [74.027485, 16.700129], [74.027486, 16.699856], [74.027769, 16.699857], [74.027772, 16.699311], [74.028056, 16.699312], [74.028058, 16.698766], [74.027775, 16.698764], [74.027785, 16.696852], [74.028352, 16.696855], [74.028353, 16.696582], [74.029203, 16.696586], [74.029206, 16.696039], [74.029773, 16.696042], [74.029777, 16.695223], [74.03006, 16.695224], [74.030063, 16.694678], [74.03148, 16.694684], [74.031482, 16.694411], [74.031765, 16.694412], [74.031768, 16.693866], [74.032902, 16.693871], [74.032903, 16.693598], [74.033186, 16.6936], [74.033188, 16.693326], [74.033471, 16.693328], [74.033473, 16.693055], [74.034606, 16.69306], [74.034608, 16.692787], [74.034891, 16.692788], [74.034892, 16.692515], [74.035176, 16.692516], [74.035177, 16.692243], [74.034894, 16.692242], [74.034895, 16.691969], [74.034328, 16.691966], [74.03433, 16.691693], [74.033196, 16.691688], [74.033197, 16.691414], [74.032914, 16.691413], [74.032915, 16.69114], [74.032065, 16.691136], [74.032066, 16.690863], [74.031783, 16.690861], [74.031786, 16.690315], [74.031219, 16.690312], [74.03122, 16.690039], [74.030653, 16.690037], [74.030656, 16.68949], [74.030373, 16.689489], [74.030374, 16.689216], [74.029807, 16.689213], [74.029809, 16.68894], [74.029525, 16.688939], [74.029527, 16.688666], [74.029243, 16.688664], [74.029246, 16.688118], [74.028963, 16.688117], [74.028965, 16.68757], [74.028682, 16.687569], [74.028687, 16.686476], [74.028404, 16.686475], [74.028405, 16.686202], [74.028122, 16.6862], [74.028125, 16.685654], [74.027841, 16.685653], [74.027844, 16.685106], [74.026994, 16.685102], [74.026995, 16.684829], [74.026712, 16.684828], [74.026715, 16.684282], [74.026431, 16.68428], [74.026434, 16.683734], [74.025017, 16.683727], [74.025018, 16.683454], [74.024735, 16.683453], [74.024738, 16.682907], [74.023604, 16.682901], [74.023608, 16.682082], [74.023892, 16.682083], [74.023896, 16.681264], [74.023612, 16.681262], [74.023615, 16.680716], [74.023332, 16.680715], [74.023333, 16.680441], [74.02305, 16.68044], [74.023051, 16.680167], [74.022768, 16.680166], [74.022769, 16.679892], [74.022486, 16.679891], [74.022487, 16.679618], [74.022204, 16.679617], [74.022206, 16.67907], [74.021923, 16.679069], [74.021926, 16.678523], [74.021642, 16.678521], [74.021644, 16.678248], [74.02136, 16.678247], [74.021362, 16.677974], [74.021078, 16.677972], [74.021081, 16.677426], [74.020798, 16.677425], [74.020799, 16.677151], [74.020516, 16.67715], [74.020518, 16.676604], [74.019668, 16.6766], [74.01967, 16.676327], [74.019386, 16.676325], [74.019389, 16.675779], [74.019106, 16.675778], [74.019107, 16.675504], [74.018824, 16.675503], [74.018825, 16.67523], [74.018258, 16.675227], [74.01826, 16.674954], [74.017976, 16.674953], [74.017978, 16.67468], [74.017411, 16.674677], [74.017412, 16.674404], [74.016845, 16.674401], [74.016847, 16.674128], [74.016563, 16.674127], [74.016565, 16.673853], [74.016281, 16.673852], [74.016283, 16.673579], [74.014299, 16.673569], [74.0143, 16.673296], [74.013167, 16.673291], [74.013168, 16.673018], [74.012318, 16.673014], [74.01232, 16.672741], [74.012036, 16.672739], [74.012038, 16.672466], [74.011471, 16.672463], [74.011472, 16.67219], [74.010905, 16.672187], [74.010907, 16.671914], [74.01034, 16.671912], [74.010341, 16.671638], [74.009775, 16.671636], [74.009776, 16.671363], [74.008926, 16.671359], [74.008927, 16.671085], [74.008077, 16.671081], [74.008078, 16.670808], [74.005811, 16.670797], [74.005813, 16.670524], [74.005529, 16.670523], [74.005531, 16.67025], [74.005247, 16.670248], [74.00525, 16.669702], [74.004967, 16.669701], [74.004968, 16.669427], [74.004685, 16.669426], [74.004686, 16.669153], [74.003836, 16.669149], [74.003838, 16.668876], [74.003554, 16.668874], [74.003556, 16.668601], [74.002989, 16.668598], [74.00299, 16.668325], [74.002707, 16.668324], [74.002708, 16.668051], [74.002425, 16.668049], [74.002428, 16.667503], [74.001861, 16.6675], [74.001859, 16.667773], [74.001576, 16.667772], [74.001578, 16.667499], [74.001294, 16.667498], [74.001296, 16.667224], [74.000445, 16.66722], [74.000447, 16.666947], [74.000163, 16.666946], [74.000165, 16.666673], [74.000448, 16.666674], [74.000451, 16.666128], [73.999601, 16.666124], [73.9996, 16.666397], [73.998749, 16.666393], [73.998751, 16.666119], [73.998184, 16.666117], [73.998185, 16.665844], [73.997902, 16.665842], [73.997905, 16.665296], [73.997622, 16.665295], [73.997623, 16.665021], [73.99734, 16.66502], [73.997342, 16.664474], [73.997059, 16.664472], [73.997062, 16.663926], [73.996495, 16.663923], [73.996497, 16.66365], [73.99593, 16.663647], [73.995931, 16.663374], [73.995081, 16.66337], [73.995082, 16.663097], [73.994799, 16.663096], [73.994801, 16.662822], [73.994517, 16.662821], [73.994519, 16.662548], [73.994235, 16.662546], [73.994238, 16.662], [73.993955, 16.661999], [73.993963, 16.66036], [73.99368, 16.660358], [73.993683, 16.659812], [73.993399, 16.659811], [73.993409, 16.657899], [73.993126, 16.657897], [73.993129, 16.657351], [73.992845, 16.65735], [73.992848, 16.656803], [73.992565, 16.656802], [73.992568, 16.656256], [73.992284, 16.656254], [73.992287, 16.655708], [73.992004, 16.655707], [73.992005, 16.655433], [73.991722, 16.655432], [73.991728, 16.654339], [73.991444, 16.654338], [73.991449, 16.653519], [73.990882, 16.653516], [73.990883, 16.653243], [73.98975, 16.653237], [73.989751, 16.652964], [73.989185, 16.652961], [73.989186, 16.652688], [73.987486, 16.65268], [73.987487, 16.652407], [73.986637, 16.652402], [73.986639, 16.652129], [73.986355, 16.652128], [73.986357, 16.651855], [73.98579, 16.651852], [73.985793, 16.651306], [73.98551, 16.651304], [73.985512, 16.650758], [73.985229, 16.650757], [73.98523, 16.650483], [73.985514, 16.650485], [73.985515, 16.650212], [73.985799, 16.650213], [73.985806, 16.648847], [73.986089, 16.648849], [73.986093, 16.648029], [73.98581, 16.648028], [73.985814, 16.647208], [73.985531, 16.647207], [73.985533, 16.646934], [73.985816, 16.646935], [73.985819, 16.646389], [73.985535, 16.646387], [73.98554, 16.645568], [73.985256, 16.645567], [73.985258, 16.645293], [73.984408, 16.645289], [73.984409, 16.645016], [73.984126, 16.645015], [73.984127, 16.644742], [73.983277, 16.644737], [73.983279, 16.644464], [73.982712, 16.644461], [73.982713, 16.644188], [73.98243, 16.644187], [73.982431, 16.643914], [73.982148, 16.643912], [73.982151, 16.643366], [73.981868, 16.643365], [73.981872, 16.642545], [73.981589, 16.642544], [73.98159, 16.642271], [73.981307, 16.642269], [73.98131, 16.641723], [73.980743, 16.64172], [73.980747, 16.640901], [73.980464, 16.640899], [73.980465, 16.640626], [73.980182, 16.640625], [73.980186, 16.639805], [73.979903, 16.639804], [73.979904, 16.639531], [73.979621, 16.639529], [73.979624, 16.638983], [73.979341, 16.638982], [73.979342, 16.638708], [73.978492, 16.638704], [73.978495, 16.638158], [73.977928, 16.638155], [73.97793, 16.637882], [73.977646, 16.637881], [73.977648, 16.637608], [73.977931, 16.637609], [73.977938, 16.636243], [73.977655, 16.636242], [73.977658, 16.635695], [73.977375, 16.635694], [73.97738, 16.634601], [73.977097, 16.6346], [73.977103, 16.633507], [73.97682, 16.633506], [73.976824, 16.632687], [73.976541, 16.632685], [73.976542, 16.632412], [73.976259, 16.632411], [73.976265, 16.631318], [73.975981, 16.631317], [73.975983, 16.631043], [73.975699, 16.631042], [73.975701, 16.630769], [73.975417, 16.630767], [73.975419, 16.630494], [73.975136, 16.630493], [73.975137, 16.63022], [73.974854, 16.630218], [73.974855, 16.629945], [73.974572, 16.629944], [73.974573, 16.629671], [73.974007, 16.629668], [73.974008, 16.629395], [73.973725, 16.629393], [73.973726, 16.62912], [73.973443, 16.629119], [73.973444, 16.628846], [73.972028, 16.628839], [73.972029, 16.628565], [73.971746, 16.628564], [73.971747, 16.628291], [73.972031, 16.628292], [73.972034, 16.627746], [73.972317, 16.627747], [73.97232, 16.627201], [73.972603, 16.627202], [73.972606, 16.626656], [73.972889, 16.626657], [73.972891, 16.626384], [73.973174, 16.626386], [73.97318, 16.625293], [73.972613, 16.62529], [73.972615, 16.625017], [73.972048, 16.625014], [73.97205, 16.624741], [73.971483, 16.624738], [73.971484, 16.624465], [73.970918, 16.624462], [73.970919, 16.624189], [73.971202, 16.624191], [73.971218, 16.621186], [73.970935, 16.621185], [73.970937, 16.620911], [73.969803, 16.620906], [73.969805, 16.620633], [73.969238, 16.62063], [73.969237, 16.620903], [73.96867, 16.6209], [73.968672, 16.620627], [73.968388, 16.620626], [73.968391, 16.620079], [73.968108, 16.620078], [73.968109, 16.619805], [73.968393, 16.619806], [73.968398, 16.618713], [73.968682, 16.618715], [73.968685, 16.618169], [73.968968, 16.61817], [73.968969, 16.617897], [73.969253, 16.617898], [73.969254, 16.617625], [73.968971, 16.617624], [73.968974, 16.617077], [73.968691, 16.617076], [73.968695, 16.616256], [73.967562, 16.616251], [73.96756, 16.616524], [73.967277, 16.616523], [73.967274, 16.617069], [73.966991, 16.617068], [73.966989, 16.617341], [73.966706, 16.617339], [73.966707, 16.617066], [73.966424, 16.617065], [73.966426, 16.616792], [73.966142, 16.61679], [73.966147, 16.615971], [73.96643, 16.615972], [73.966431, 16.615699], [73.966148, 16.615698], [73.96615, 16.615424], [73.965866, 16.615423], [73.965868, 16.61515], [73.964734, 16.615144], [73.964733, 16.615417], [73.963883, 16.615413], [73.963885, 16.61514], [73.963601, 16.615139], [73.963604, 16.614592], [73.963321, 16.614591], [73.963322, 16.614318], [73.960489, 16.614303], [73.960488, 16.614577], [73.959921, 16.614574], [73.959924, 16.614027], [73.959641, 16.614026], [73.959642, 16.613753], [73.959359, 16.613751], [73.959358, 16.614025], [73.958791, 16.614022], [73.958789, 16.614295], [73.958506, 16.614294], [73.958505, 16.614567], [73.958221, 16.614565], [73.95822, 16.614838], [73.95737, 16.614834], [73.957372, 16.614561], [73.956522, 16.614557], [73.95652, 16.61483], [73.955387, 16.614824], [73.955388, 16.614551], [73.955105, 16.61455], [73.955107, 16.614276], [73.954257, 16.614272], [73.954258, 16.613999], [73.953975, 16.613998], [73.953976, 16.613724], [73.952843, 16.613719], [73.952845, 16.613446], [73.952561, 16.613444], [73.952563, 16.613171], [73.952279, 16.61317], [73.952282, 16.612623], [73.951716, 16.61262], [73.951717, 16.612347], [73.951434, 16.612346], [73.951435, 16.612073], [73.951152, 16.612071], [73.951155, 16.611525], [73.950872, 16.611524], [73.950873, 16.61125], [73.95059, 16.611249], [73.950593, 16.610703], [73.95031, 16.610701], [73.950311, 16.610428], [73.950028, 16.610427], [73.950031, 16.60988], [73.949748, 16.609879], [73.949749, 16.609606], [73.949466, 16.609604], [73.949469, 16.609058], [73.949185, 16.609057], [73.949187, 16.608783], [73.948904, 16.608782], [73.948905, 16.608509], [73.948622, 16.608507], [73.948625, 16.607961], [73.948058, 16.607958], [73.948061, 16.607412], [73.947778, 16.60741], [73.947779, 16.607137], [73.947496, 16.607136], [73.947498, 16.606863], [73.947214, 16.606861], [73.947219, 16.606042], [73.946935, 16.60604], [73.94694, 16.605221], [73.946657, 16.605219], [73.946663, 16.604127], [73.946379, 16.604125], [73.946382, 16.603579], [73.946099, 16.603578], [73.946102, 16.603031], [73.945819, 16.60303], [73.945825, 16.601937], [73.945541, 16.601936], [73.94555, 16.600297], [73.944984, 16.600294], [73.944985, 16.600021], [73.944135, 16.600017], [73.944137, 16.599743], [73.94357, 16.599741], [73.943572, 16.599467], [73.942722, 16.599463], [73.942723, 16.59919], [73.94244, 16.599189], [73.942442, 16.598915], [73.941875, 16.598912], [73.941877, 16.598639], [73.941593, 16.598638], [73.941595, 16.598365], [73.941312, 16.598363], [73.941315, 16.597817], [73.941031, 16.597816], [73.941033, 16.597542], [73.940749, 16.597541], [73.940751, 16.597268], [73.940468, 16.597266], [73.940469, 16.596993], [73.940186, 16.596992], [73.940187, 16.596719], [73.939904, 16.596717], [73.939916, 16.594532], [73.939633, 16.59453], [73.939634, 16.594257], [73.939068, 16.594254], [73.939069, 16.593981], [73.938786, 16.59398], [73.938789, 16.593434], [73.939072, 16.593435], [73.939074, 16.593162], [73.939357, 16.593163], [73.939362, 16.592344], [73.939078, 16.592342], [73.93908, 16.592069], [73.938797, 16.592068], [73.938798, 16.591795], [73.938515, 16.591793], [73.938516, 16.59152], [73.93795, 16.591517], [73.937951, 16.591244], [73.937385, 16.591241], [73.937391, 16.590148], [73.937107, 16.590147], [73.937112, 16.589328], [73.936829, 16.589326], [73.936832, 16.58878], [73.936548, 16.588778], [73.93655, 16.588505], [73.9357, 16.588501], [73.935703, 16.587955], [73.93457, 16.587949], [73.934573, 16.587402], [73.93429, 16.587401], [73.934291, 16.587128], [73.934008, 16.587126], [73.93401, 16.586853], [73.93316, 16.586849], [73.933161, 16.586576], [73.932878, 16.586574], [73.93288, 16.586301], [73.932596, 16.5863], [73.932598, 16.586026], [73.930332, 16.586015], [73.93033, 16.586288], [73.92948, 16.586284], [73.929482, 16.58601], [73.927782, 16.586002], [73.927784, 16.585729], [73.926651, 16.585723], [73.926652, 16.58545], [73.926086, 16.585447], [73.926087, 16.585174], [73.925804, 16.585172], [73.925806, 16.584899], [73.925522, 16.584897], [73.925524, 16.584624], [73.925241, 16.584623], [73.925242, 16.58435], [73.924959, 16.584348], [73.924962, 16.583802], [73.924679, 16.5838], [73.92468, 16.583527], [73.924397, 16.583526], [73.924406, 16.581887], [73.924123, 16.581885], [73.924126, 16.581339], [73.923843, 16.581338], [73.923846, 16.580791], [73.924129, 16.580793], [73.924133, 16.579973], [73.92385, 16.579972], [73.923852, 16.579699], [73.923568, 16.579697], [73.923573, 16.578878], [73.92329, 16.578876], [73.923294, 16.578057], [73.923011, 16.578055], [73.923013, 16.577782], [73.922729, 16.577781], [73.922732, 16.577235], [73.922449, 16.577233], [73.922455, 16.57614], [73.922172, 16.576139], [73.922175, 16.575593], [73.921892, 16.575591], [73.921896, 16.574772], [73.921613, 16.57477], [73.921615, 16.574497], [73.921331, 16.574496], [73.921337, 16.573403], [73.921054, 16.573402], [73.921059, 16.572582], [73.920776, 16.572581], [73.92078, 16.571761], [73.920497, 16.57176], [73.920498, 16.571487], [73.920215, 16.571485], [73.920217, 16.571212], [73.919933, 16.57121], [73.919935, 16.570937], [73.919652, 16.570936], [73.919653, 16.570663], [73.91937, 16.570661], [73.919372, 16.570388], [73.919088, 16.570387], [73.91909, 16.570113], [73.918807, 16.570112], [73.918808, 16.569839], [73.918525, 16.569837], [73.918526, 16.569564], [73.918243, 16.569563], [73.918245, 16.56929], [73.917961, 16.569288], [73.917963, 16.569015], [73.91768, 16.569013], [73.917683, 16.568467], [73.917116, 16.568464], [73.917118, 16.568191], [73.916835, 16.56819], [73.916836, 16.567916], [73.91627, 16.567914], [73.916271, 16.56764], [73.915705, 16.567637], [73.915706, 16.567364], [73.915423, 16.567363], [73.915425, 16.56709], [73.915141, 16.567088], [73.915144, 16.566542], [73.914861, 16.56654], [73.914863, 16.566267], [73.914579, 16.566266], [73.914581, 16.565993], [73.914298, 16.565991], [73.914299, 16.565718], [73.914016, 16.565716], [73.914021, 16.564897], [73.913737, 16.564896], [73.913739, 16.564622], [73.913456, 16.564621], [73.913457, 16.564348], [73.913174, 16.564346], [73.91318, 16.563254], [73.912897, 16.563252], [73.912905, 16.561886], [73.912621, 16.561885], [73.912623, 16.561612], [73.912057, 16.561609], [73.912063, 16.560516], [73.911779, 16.560515], [73.911781, 16.560242], [73.911498, 16.56024], [73.911499, 16.559967], [73.911216, 16.559966], [73.911219, 16.559419], [73.910369, 16.559415], [73.910377, 16.558049], [73.910094, 16.558048], [73.910097, 16.557501], [73.909814, 16.5575], [73.909818, 16.55668], [73.909535, 16.556679], [73.909537, 16.556406], [73.907837, 16.556397], [73.907839, 16.556124], [73.907556, 16.556122], [73.907559, 16.555576], [73.907276, 16.555574], [73.907277, 16.555301], [73.906711, 16.555298], [73.906714, 16.554752], [73.906147, 16.554749], [73.906149, 16.554476], [73.905866, 16.554474], [73.905867, 16.554201], [73.905301, 16.554198], [73.905305, 16.553379], [73.905022, 16.553377], [73.905027, 16.552558], [73.904744, 16.552556], [73.904745, 16.552283], [73.904462, 16.552282], [73.904468, 16.551189], [73.904185, 16.551188], [73.904187, 16.550914], [73.90362, 16.550911], [73.903632, 16.548726], [73.903349, 16.548725], [73.903355, 16.547632], [73.903072, 16.547631], [73.903074, 16.547357], [73.902224, 16.547353], [73.902226, 16.54708], [73.901943, 16.547078], [73.901944, 16.546805], [73.901661, 16.546804], [73.901666, 16.545984], [73.901382, 16.545983], [73.901385, 16.545436], [73.900819, 16.545433], [73.900822, 16.544887], [73.900539, 16.544886], [73.90054, 16.544613], [73.900257, 16.544611], [73.900259, 16.544338], [73.899976, 16.544336], [73.899979, 16.54379], [73.899412, 16.543787], [73.899414, 16.543514], [73.898848, 16.543511], [73.898849, 16.543238], [73.898283, 16.543235], [73.898286, 16.542688], [73.897719, 16.542686], [73.897722, 16.542139], [73.897439, 16.542138], [73.89745, 16.540226], [73.897167, 16.540224], [73.897173, 16.539132], [73.89689, 16.53913], [73.896892, 16.538857], [73.896608, 16.538855], [73.896613, 16.538036], [73.89633, 16.538034], [73.896333, 16.537488], [73.896616, 16.53749], [73.896618, 16.537216], [73.896901, 16.537218], [73.896902, 16.536945], [73.897186, 16.536946], [73.897187, 16.536673], [73.89747, 16.536675], [73.897475, 16.535855], [73.897192, 16.535854], [73.897193, 16.535581], [73.89691, 16.535579], [73.896912, 16.535306], [73.896629, 16.535304], [73.89663, 16.535031], [73.896347, 16.53503], [73.896366, 16.531752], [73.896082, 16.53175], [73.896084, 16.531477], [73.895801, 16.531476], [73.895802, 16.531203], [73.895519, 16.531201], [73.895521, 16.530928], [73.895237, 16.530927], [73.895241, 16.53038], [73.894957, 16.530379], [73.894959, 16.530106], [73.894676, 16.530104], [73.894682, 16.529011], [73.894965, 16.529013], [73.894967, 16.52874], [73.89525, 16.528741], [73.895251, 16.528468], [73.895818, 16.528471], [73.895816, 16.528744], [73.896383, 16.528747], [73.896384, 16.528474], [73.896667, 16.528476], [73.89667, 16.527929], [73.896387, 16.527928], [73.896389, 16.527655], [73.896106, 16.527653], [73.896107, 16.52738], [73.895824, 16.527379], [73.895826, 16.527105], [73.895542, 16.527104], [73.895547, 16.526284], [73.89583, 16.526286], [73.895833, 16.52574], [73.896117, 16.525741], [73.896121, 16.524922], [73.896404, 16.524923], [73.896409, 16.524104], [73.896692, 16.524105], [73.896708, 16.521374], [73.896425, 16.521372], [73.896432, 16.520006], [73.896715, 16.520008], [73.896719, 16.519462], [73.896435, 16.51946], [73.896437, 16.519187], [73.896154, 16.519185], [73.896157, 16.518639], [73.893608, 16.518626], [73.89361, 16.518353], [73.893327, 16.518351], [73.893332, 16.517532], [73.893048, 16.51753], [73.893053, 16.516711], [73.89277, 16.516709], [73.892776, 16.515617], [73.892493, 16.515615], [73.892498, 16.514796], [73.892214, 16.514794], [73.892219, 16.513975], [73.891087, 16.513969], [73.891088, 16.513695], [73.889672, 16.513688], [73.889675, 16.513142], [73.888543, 16.513136], [73.888544, 16.512862], [73.888261, 16.512861], [73.888263, 16.512588], [73.888546, 16.512589], [73.888548, 16.512316], [73.888831, 16.512318], [73.888832, 16.512044], [73.889115, 16.512046], [73.889119, 16.5115], [73.888835, 16.511498], [73.888837, 16.511225], [73.888554, 16.511224], [73.888558, 16.510404], [73.888842, 16.510406], [73.888843, 16.510132], [73.889126, 16.510134], [73.889128, 16.509861], [73.889411, 16.509862], [73.889414, 16.509316], [73.889697, 16.509317], [73.8897, 16.508771], [73.889984, 16.508773], [73.889985, 16.5085], [73.890268, 16.508501], [73.890271, 16.507955], [73.890555, 16.507956], [73.890556, 16.507683], [73.890839, 16.507685], [73.890841, 16.507411], [73.891124, 16.507413], [73.891127, 16.506867], [73.89141, 16.506868], [73.891412, 16.506595], [73.891695, 16.506596], [73.891696, 16.506323], [73.89198, 16.506325], [73.891987, 16.504959], [73.891704, 16.504958], [73.891707, 16.504411], [73.891424, 16.50441], [73.891427, 16.503863], [73.891144, 16.503862], [73.891152, 16.502496], [73.891435, 16.502498], [73.891438, 16.501951], [73.891721, 16.501953], [73.891724, 16.501407], [73.891441, 16.501405], [73.891443, 16.501132], [73.891726, 16.501133], [73.891728, 16.50086], [73.891444, 16.500859], [73.891449, 16.500039], [73.891732, 16.500041], [73.891735, 16.499495], [73.892018, 16.499496], [73.892032, 16.497038], [73.891749, 16.497036], [73.891756, 16.495944], [73.891472, 16.495942], [73.891476, 16.495396], [73.891192, 16.495394], [73.891194, 16.495121], [73.890911, 16.49512], [73.890914, 16.494573], [73.890631, 16.494572], [73.890634, 16.494025], [73.890351, 16.494024], [73.890354, 16.493478], [73.890071, 16.493476], [73.890074, 16.49293], [73.889791, 16.492928], [73.889792, 16.492655], [73.889509, 16.492654], [73.889511, 16.492381], [73.889228, 16.492379], [73.889229, 16.492106], [73.888663, 16.492103], [73.888665, 16.49183], [73.887249, 16.491822], [73.887252, 16.491276], [73.886969, 16.491274], [73.886971, 16.491001], [73.886687, 16.491], [73.886694, 16.489907], [73.886411, 16.489906], [73.886412, 16.489632], [73.886129, 16.489631], [73.886131, 16.489358], [73.885847, 16.489356], [73.885849, 16.489083], [73.884717, 16.489077], [73.884718, 16.488804], [73.884435, 16.488802], [73.884437, 16.488529], [73.884153, 16.488528], [73.884158, 16.487708], [73.884441, 16.48771], [73.884443, 16.487437], [73.884726, 16.487438], [73.884731, 16.486619], [73.885014, 16.48662], [73.885015, 16.486347], [73.885582, 16.48635], [73.885585, 16.485804], [73.885868, 16.485805], [73.885869, 16.485532], [73.886152, 16.485534], [73.886154, 16.485261], [73.886437, 16.485262], [73.886439, 16.484989], [73.886722, 16.48499], [73.886723, 16.484717], [73.88644, 16.484716], [73.886442, 16.484443], [73.886725, 16.484444], [73.886726, 16.484171], [73.886443, 16.484169], [73.886445, 16.483896], [73.886162, 16.483895], [73.886165, 16.483348], [73.885882, 16.483347], [73.885883, 16.483074], [73.8856, 16.483072], [73.885607, 16.48198], [73.885323, 16.481978], [73.885325, 16.481705], [73.885042, 16.481704], [73.885043, 16.48143], [73.88476, 16.481429], [73.884771, 16.479517], [73.884488, 16.479515], [73.884496, 16.47815], [73.884213, 16.478148], [73.884216, 16.477602], [73.883933, 16.4776], [73.883938, 16.476781], [73.883655, 16.476779], [73.883661, 16.475687], [73.883095, 16.475684], [73.883093, 16.475957], [73.881678, 16.475949], [73.881676, 16.476222], [73.881393, 16.476221], [73.881391, 16.476494], [73.881108, 16.476492], [73.881107, 16.476766], [73.880824, 16.476764], [73.880822, 16.477037], [73.879407, 16.47703], [73.879405, 16.477303], [73.878839, 16.4773], [73.878836, 16.477846], [73.878553, 16.477845], [73.878554, 16.477571], [73.877422, 16.477565], [73.87742, 16.477839], [73.876854, 16.477836], [73.876856, 16.477562], [73.876572, 16.477561], [73.876574, 16.477288], [73.875442, 16.477282], [73.875443, 16.477008], [73.87516, 16.477007], [73.875166, 16.475914], [73.874883, 16.475913], [73.874885, 16.47564], [73.874602, 16.475638], [73.874603, 16.475365], [73.87432, 16.475363], [73.874323, 16.474817], [73.87404, 16.474816], [73.874044, 16.474269], [73.87376, 16.474268], [73.873762, 16.473995], [73.873479, 16.473993], [73.873481, 16.47372], [73.873197, 16.473718], [73.873199, 16.473445], [73.872916, 16.473444], [73.872917, 16.473171], [73.872068, 16.473166], [73.872067, 16.473439], [73.870368, 16.47343], [73.870367, 16.473703], [73.870083, 16.473702], [73.870082, 16.473975], [73.869799, 16.473973], [73.869797, 16.474246], [73.869514, 16.474245], [73.869513, 16.474518], [73.868946, 16.474515], [73.868945, 16.474788], [73.868379, 16.474785], [73.868377, 16.475058], [73.868094, 16.475057], [73.868092, 16.47533], [73.867243, 16.475325], [73.867245, 16.475052], [73.866678, 16.475049], [73.86668, 16.474776], [73.866397, 16.474774], [73.866399, 16.474501], [73.865549, 16.474497], [73.865552, 16.47395], [73.863571, 16.47394], [73.863569, 16.474213], [73.863003, 16.47421], [73.863001, 16.474483], [73.862718, 16.474481], [73.86271, 16.475847], [73.862427, 16.475846], [73.862419, 16.477211], [73.862136, 16.47721], [73.862133, 16.477756], [73.86185, 16.477754], [73.861842, 16.47912], [73.861559, 16.479119], [73.861556, 16.479665], [73.861839, 16.479667], [73.861834, 16.480486], [73.861551, 16.480484], [73.861548, 16.481031], [73.861265, 16.481029], [73.861263, 16.481302], [73.86098, 16.481301], [73.860978, 16.481574], [73.860695, 16.481572], [73.860694, 16.481846], [73.860411, 16.481844], [73.860409, 16.482117], [73.860126, 16.482116], [73.860124, 16.482389], [73.859841, 16.482387], [73.859827, 16.484846], [73.859261, 16.484842], [73.859259, 16.485116], [73.858976, 16.485114], [73.858974, 16.485387], [73.858691, 16.485386], [73.858688, 16.485932], [73.858122, 16.485929], [73.85812, 16.486202], [73.857554, 16.486199], [73.857552, 16.486472], [73.857269, 16.486471], [73.857268, 16.486744], [73.856984, 16.486742], [73.856983, 16.487015], [73.855567, 16.487008], [73.855566, 16.487281], [73.855283, 16.487279], [73.855281, 16.487552], [73.854998, 16.487551], [73.854996, 16.487824], [73.854713, 16.487822], [73.854712, 16.488096], [73.854428, 16.488094], [73.854424, 16.488913], [73.854141, 16.488912], [73.854137, 16.489458], [73.853854, 16.489457], [73.853853, 16.48973], [73.851588, 16.489717], [73.851575, 16.491903], [73.851858, 16.491904], [73.851856, 16.492177], [73.852139, 16.492179], [73.852138, 16.492452], [73.852421, 16.492454], [73.852418, 16.493], [73.852135, 16.492998], [73.852133, 16.493271], [73.85185, 16.49327], [73.851848, 16.493543], [73.851565, 16.493541], [73.851564, 16.493815], [73.85128, 16.493813], [73.851272, 16.495179], [73.850989, 16.495177], [73.850986, 16.495724], [73.850703, 16.495722], [73.850701, 16.495995], [73.850418, 16.495994], [73.850415, 16.49654], [73.850132, 16.496538], [73.850129, 16.497085], [73.849845, 16.497083], [73.849842, 16.497629], [73.849559, 16.497628], [73.849554, 16.498447], [73.849271, 16.498446], [73.849268, 16.498992], [73.848702, 16.498989], [73.848698, 16.499535], [73.848132, 16.499532], [73.848131, 16.499805], [73.847847, 16.499804], [73.847846, 16.500077], [73.847563, 16.500075], [73.847561, 16.500348], [73.847278, 16.500347], [73.847276, 16.50062], [73.846993, 16.500618], [73.846992, 16.500892], [73.846708, 16.50089], [73.846707, 16.501163], [73.846424, 16.501162], [73.846419, 16.501981], [73.846136, 16.501979], [73.846134, 16.502253], [73.845851, 16.502251], [73.845848, 16.502797], [73.845282, 16.502794], [73.84528, 16.503067], [73.844714, 16.503064], [73.844712, 16.503337], [73.844146, 16.503334], [73.844144, 16.503607], [73.843861, 16.503606], [73.843859, 16.503879], [73.843293, 16.503876], [73.843291, 16.504149], [73.843008, 16.504147], [73.843007, 16.504421], [73.842724, 16.504419], [73.842722, 16.504692], [73.842439, 16.504691], [73.842437, 16.504964], [73.842154, 16.504962], [73.842151, 16.505508], [73.841585, 16.505505], [73.841583, 16.505778], [73.8413, 16.505777], [73.841298, 16.50605], [73.841015, 16.506048], [73.841013, 16.506322], [73.84073, 16.50632], [73.840729, 16.506593], [73.840446, 16.506592], [73.840444, 16.506865], [73.839878, 16.506862], [73.839861, 16.509593], [73.840144, 16.509595], [73.840131, 16.51178], [73.840415, 16.511781], [73.840411, 16.512328], [73.840128, 16.512326], [73.840125, 16.512872], [73.840408, 16.512874], [73.840403, 16.513693], [73.840686, 16.513695], [73.840681, 16.514514], [73.840965, 16.514516], [73.840958, 16.515609], [73.841241, 16.51561], [73.841238, 16.516156], [73.841521, 16.516158], [73.841519, 16.516431], [73.841803, 16.516433], [73.841799, 16.516979], [73.842083, 16.516981], [73.842081, 16.517254], [73.84293, 16.517258], [73.842929, 16.517532], [73.844061, 16.517538], [73.844063, 16.517265], [73.844912, 16.517269], [73.844911, 16.517543], [73.845194, 16.517544], [73.845187, 16.518637], [73.845471, 16.518638], [73.845466, 16.519458], [73.845749, 16.519459], [73.845741, 16.520825], [73.846024, 16.520827], [73.846022, 16.5211], [73.846305, 16.521101], [73.846302, 16.521648], [73.846019, 16.521646], [73.846014, 16.522465], [73.845731, 16.522464], [73.845728, 16.52301], [73.845445, 16.523009], [73.845441, 16.523555], [73.845158, 16.523553], [73.845155, 16.5241], [73.845438, 16.524101], [73.845428, 16.52574], [73.845995, 16.525743], [73.845993, 16.526016], [73.846276, 16.526018], [73.84627, 16.527111], [73.846553, 16.527112], [73.846551, 16.527385], [73.846834, 16.527387], [73.846831, 16.527933], [73.846548, 16.527932], [73.846546, 16.528205], [73.846263, 16.528203], [73.846262, 16.528476], [73.845412, 16.528472], [73.845411, 16.528745], [73.845127, 16.528743], [73.845126, 16.529016], [73.844843, 16.529015], [73.844841, 16.529288], [73.843425, 16.52928], [73.843423, 16.529553], [73.84314, 16.529552], [73.843135, 16.530371], [73.84172, 16.530363], [73.841716, 16.53091], [73.84115, 16.530906], [73.841148, 16.53118], [73.840582, 16.531176], [73.840579, 16.531723], [73.840296, 16.531721], [73.840292, 16.532267], [73.838876, 16.53226], [73.838878, 16.531986], [73.838312, 16.531983], [73.838313, 16.53171], [73.836898, 16.531702], [73.836896, 16.531975], [73.836613, 16.531974], [73.836609, 16.53252], [73.83491, 16.532511], [73.834912, 16.532237], [73.834629, 16.532236], [73.834627, 16.532509], [73.834344, 16.532507], [73.834342, 16.532781], [73.834059, 16.532779], [73.834058, 16.533052], [73.833774, 16.533051], [73.833771, 16.533597], [73.833488, 16.533595], [73.833486, 16.533868], [73.833203, 16.533867], [73.833202, 16.53414], [73.832918, 16.534138], [73.832917, 16.534412], [73.831501, 16.534404], [73.831499, 16.534677], [73.830933, 16.534674], [73.830931, 16.534947], [73.830648, 16.534945], [73.830646, 16.535218], [73.830363, 16.535217], [73.830362, 16.53549], [73.829795, 16.535487], [73.829792, 16.536033], [73.829226, 16.53603], [73.829224, 16.536303], [73.828941, 16.536301], [73.828939, 16.536574], [73.828656, 16.536573], [73.828654, 16.536846], [73.828088, 16.536843], [73.828086, 16.537116], [73.827803, 16.537114], [73.8278, 16.537661], [73.82695, 16.537656], [73.826949, 16.537929], [73.826382, 16.537926], [73.826381, 16.538199], [73.826097, 16.538197], [73.826094, 16.538744], [73.825811, 16.538742], [73.825806, 16.539562], [73.825523, 16.53956], [73.825518, 16.540379], [73.825235, 16.540378], [73.825233, 16.540651], [73.82495, 16.540649], [73.824948, 16.540923], [73.825231, 16.540924], [73.825225, 16.542017], [73.825508, 16.542018], [73.825505, 16.542565], [73.825788, 16.542566], [73.825786, 16.542839], [73.826353, 16.542842], [73.826351, 16.543116], [73.826634, 16.543117], [73.826632, 16.54339], [73.826916, 16.543392], [73.826914, 16.543665], [73.827197, 16.543667], [73.827196, 16.54394], [73.827762, 16.543943], [73.82776, 16.544216], [73.828043, 16.544218], [73.82804, 16.544764], [73.828323, 16.544766], [73.828322, 16.545039], [73.828605, 16.54504], [73.828603, 16.545314], [73.82917, 16.545317], [73.829166, 16.545863], [73.829449, 16.545865], [73.829448, 16.546138], [73.829165, 16.546136], [73.829161, 16.546682], [73.829445, 16.546684], [73.829443, 16.546957], [73.829726, 16.546959], [73.829724, 16.547232], [73.830291, 16.547235], [73.830288, 16.547781], [73.830571, 16.547783], [73.830572, 16.54751], [73.830856, 16.547511], [73.830854, 16.547785], [73.831987, 16.547791], [73.831985, 16.548064], [73.831702, 16.548062], [73.831699, 16.548609], [73.831982, 16.54861], [73.83198, 16.548883], [73.832263, 16.548885], [73.832262, 16.549158], [73.833394, 16.549165], [73.833396, 16.548891], [73.833679, 16.548893], [73.833678, 16.549166], [73.834527, 16.549171], [73.834521, 16.550263], [73.834237, 16.550262], [73.834236, 16.550535], [73.833953, 16.550533], [73.833954, 16.55026], [73.833105, 16.550256], [73.833101, 16.550802], [73.832818, 16.5508], [73.832817, 16.551073], [73.8331, 16.551075], [73.833098, 16.551348], [73.833664, 16.551351], [73.833658, 16.552444], [73.833375, 16.552442], [73.83337, 16.553262], [73.833087, 16.55326], [73.833082, 16.55408], [73.832798, 16.554078], [73.83279, 16.555444], [73.831657, 16.555437], [73.831656, 16.555711], [73.831089, 16.555707], [73.831083, 16.5568], [73.831366, 16.556802], [73.831361, 16.557621], [73.831644, 16.557623], [73.831641, 16.558169], [73.831924, 16.55817], [73.831923, 16.558444], [73.832772, 16.558448], [73.832771, 16.558721], [73.833054, 16.558723], [73.833052, 16.558996], [73.833335, 16.558998], [73.833332, 16.559544], [73.833615, 16.559546], [73.833612, 16.560092], [73.833895, 16.560094], [73.833889, 16.561186], [73.834172, 16.561188], [73.834168, 16.561734], [73.834735, 16.561737], [73.834737, 16.561464], [73.83502, 16.561466], [73.835021, 16.561192], [73.835305, 16.561194], [73.835306, 16.560921], [73.835589, 16.560922], [73.835591, 16.560649], [73.835874, 16.560651], [73.835876, 16.560378], [73.836159, 16.560379], [73.836161, 16.560106], [73.836444, 16.560108], [73.836446, 16.559835], [73.836729, 16.559836], [73.836727, 16.560109], [73.83701, 16.560111], [73.837009, 16.560384], [73.837292, 16.560386], [73.83729, 16.560659], [73.838423, 16.560665], [73.838422, 16.560938], [73.838705, 16.56094], [73.838703, 16.561213], [73.838986, 16.561215], [73.838985, 16.561488], [73.839268, 16.561489], [73.839266, 16.561762], [73.83955, 16.561764], [73.839548, 16.562037], [73.839831, 16.562039], [73.839829, 16.562312], [73.840113, 16.562313], [73.840111, 16.562587], [73.840394, 16.562588], [73.840378, 16.56532], [73.840661, 16.565321], [73.840658, 16.565868], [73.840941, 16.565869], [73.840939, 16.566142], [73.841223, 16.566144], [73.841219, 16.56669], [73.841503, 16.566692], [73.841501, 16.566965], [73.841784, 16.566966], [73.841778, 16.568059], [73.842061, 16.568061], [73.842059, 16.568334], [73.842343, 16.568335], [73.842341, 16.568608], [73.842624, 16.56861], [73.842622, 16.568883], [73.842906, 16.568885], [73.842904, 16.569158], [73.843187, 16.569159], [73.843186, 16.569433], [73.843469, 16.569434], [73.843467, 16.569707], [73.844883, 16.569715], [73.844882, 16.569988], [73.845165, 16.56999], [73.845162, 16.570536], [73.845445, 16.570538], [73.845442, 16.571084], [73.845725, 16.571086], [73.845722, 16.571632], [73.846005, 16.571633], [73.846003, 16.571907], [73.846287, 16.571908], [73.846278, 16.573274], [73.846562, 16.573275], [73.84656, 16.573549], [73.846843, 16.57355], [73.846835, 16.574916], [73.846552, 16.574914], [73.84655, 16.575187], [73.846267, 16.575186], [73.846265, 16.575459], [73.845982, 16.575457], [73.845981, 16.575731], [73.845697, 16.575729], [73.845694, 16.576275], [73.845411, 16.576274], [73.845409, 16.576547], [73.845126, 16.576545], [73.845124, 16.576819], [73.844841, 16.576817], [73.844838, 16.577363], [73.844555, 16.577362], [73.844553, 16.577635], [73.844836, 16.577636], [73.844825, 16.579548], [73.844542, 16.579547], [73.844528, 16.581732], [73.844812, 16.581734], [73.84481, 16.582007], [73.844527, 16.582005], [73.84452, 16.583098], [73.844804, 16.583099], [73.844802, 16.583372], [73.844519, 16.583371], [73.844517, 16.583644], [73.844234, 16.583642], [73.844232, 16.583916], [73.843949, 16.583914], [73.843947, 16.584187], [73.842531, 16.584179], [73.842529, 16.584452], [73.842246, 16.584451], [73.842241, 16.58527], [73.841958, 16.585269], [73.841953, 16.586088], [73.84167, 16.586087], [73.841668, 16.58636], [73.841385, 16.586358], [73.841383, 16.586631], [73.8411, 16.58663], [73.841095, 16.587449], [73.841378, 16.587451], [73.841377, 16.587724], [73.84166, 16.587725], [73.841658, 16.587999], [73.841942, 16.588], [73.841938, 16.588546], [73.842222, 16.588548], [73.842218, 16.589094], [73.842502, 16.589096], [73.842498, 16.589642], [73.842782, 16.589644], [73.84278, 16.589917], [73.843063, 16.589918], [73.843062, 16.590192], [73.843345, 16.590193], [73.843343, 16.590466], [73.843627, 16.590468], [73.843625, 16.590741], [73.843908, 16.590743], [73.843907, 16.591016], [73.84419, 16.591017], [73.844188, 16.591291], [73.845321, 16.591297], [73.84532, 16.59157], [73.845886, 16.591573], [73.845884, 16.591846], [73.846168, 16.591848], [73.846166, 16.592121], [73.846449, 16.592123], [73.846448, 16.592396], [73.846731, 16.592397], [73.846728, 16.592944], [73.847294, 16.592947], [73.847293, 16.59322], [73.847576, 16.593221], [73.84756, 16.595953], [73.848976, 16.595961], [73.848974, 16.596234], [73.849541, 16.596237], [73.849538, 16.596783], [73.850387, 16.596788], [73.850386, 16.597061], [73.850669, 16.597063], [73.850664, 16.597882], [73.850947, 16.597884], [73.850943, 16.598703], [73.851226, 16.598705], [73.851224, 16.598978], [73.851507, 16.598979], [73.851506, 16.599253], [73.851789, 16.599254], [73.851787, 16.599527], [73.852071, 16.599529], [73.852068, 16.600075], [73.852351, 16.600077], [73.852349, 16.60035], [73.852632, 16.600351], [73.852631, 16.600625], [73.852914, 16.600626], [73.852912, 16.600899], [73.853196, 16.600901], [73.853192, 16.601447], [73.853476, 16.601449], [73.853474, 16.601722], [73.854891, 16.60173], [73.854892, 16.601456], [73.856025, 16.601463], [73.856024, 16.601736], [73.85659, 16.601739], [73.856589, 16.602012], [73.856872, 16.602014], [73.856869, 16.60256], [73.859135, 16.602572], [73.85913, 16.603392], [73.859413, 16.603393], [73.859412, 16.603667], [73.859695, 16.603668], [73.859693, 16.603941], [73.859977, 16.603943], [73.859964, 16.606128], [73.860247, 16.60613], [73.860242, 16.606949], [73.860525, 16.60695], [73.860524, 16.607224], [73.860807, 16.607225], [73.860804, 16.607771], [73.861087, 16.607773], [73.861084, 16.608319], [73.861367, 16.608321], [73.861366, 16.608594], [73.861649, 16.608596], [73.861647, 16.608869], [73.861931, 16.60887], [73.861929, 16.609143], [73.862212, 16.609145], [73.862211, 16.609418], [73.861927, 16.609417], [73.861921, 16.610509], [73.862204, 16.610511], [73.862201, 16.611057], [73.862484, 16.611059], [73.862483, 16.611332], [73.862766, 16.611333], [73.862761, 16.612153], [73.863044, 16.612154], [73.863041, 16.612701], [73.862758, 16.612699], [73.862748, 16.614338], [73.862465, 16.614336], [73.862463, 16.614609], [73.86218, 16.614608], [73.862175, 16.615427], [73.861892, 16.615426], [73.861887, 16.616245], [73.861604, 16.616244], [73.861601, 16.61679], [73.861317, 16.616788], [73.861308, 16.618427], [73.861024, 16.618426], [73.861023, 16.618699], [73.860739, 16.618697], [73.860738, 16.61897], [73.860455, 16.618969], [73.860453, 16.619242], [73.86017, 16.619241], [73.860168, 16.619514], [73.859885, 16.619512], [73.859883, 16.619785], [73.8596, 16.619784], [73.859597, 16.62033], [73.859313, 16.620328], [73.859312, 16.620602], [73.858745, 16.620598], [73.858743, 16.620872], [73.858177, 16.620869], [73.858174, 16.621415], [73.857607, 16.621412], [73.857605, 16.621685], [73.857039, 16.621682], [73.857037, 16.621955], [73.856754, 16.621953], [73.856752, 16.622226], [73.856186, 16.622223], [73.856184, 16.622496], [73.855901, 16.622495], [73.855897, 16.623041], [73.855614, 16.62304], [73.855611, 16.623586], [73.855328, 16.623584], [73.855323, 16.624404], [73.854756, 16.624401], [73.854755, 16.624674], [73.854471, 16.624672], [73.85447, 16.624945], [73.853903, 16.624942], [73.853901, 16.625215], [73.853335, 16.625212], [73.853328, 16.626305], [73.853045, 16.626303], [73.85304, 16.627123], [73.853323, 16.627124], [73.853309, 16.629583], [73.853025, 16.629581], [73.853022, 16.630127], [73.853306, 16.630129], [73.853301, 16.630948], [73.853584, 16.63095], [73.853574, 16.632589], [73.853291, 16.632587], [73.853288, 16.633134], [73.853004, 16.633132], [73.853001, 16.633678], [73.852718, 16.633677], [73.852716, 16.63395], [73.852433, 16.633948], [73.85243, 16.634495], [73.852146, 16.634493], [73.852143, 16.635039], [73.85186, 16.635038], [73.851858, 16.635311], [73.851575, 16.635309], [73.85157, 16.636129], [73.851287, 16.636127], [73.851285, 16.6364], [73.851002, 16.636399], [73.850998, 16.636945], [73.850715, 16.636943], [73.85071, 16.637763], [73.850427, 16.637761], [73.850424, 16.638308], [73.85014, 16.638306], [73.850139, 16.638579], [73.849855, 16.638578], [73.849854, 16.638851], [73.84957, 16.638849], [73.849562, 16.640215], [73.849279, 16.640213], [73.849274, 16.641033], [73.848991, 16.641031], [73.848979, 16.642943], [73.848696, 16.642942], [73.848694, 16.643215], [73.848978, 16.643216], [73.848976, 16.643489], [73.849259, 16.643491], [73.849258, 16.643764], [73.849541, 16.643766], [73.849539, 16.644039], [73.849823, 16.64404], [73.849821, 16.644314], [73.850104, 16.644315], [73.850103, 16.644588], [73.850669, 16.644591], [73.850665, 16.645411], [73.850948, 16.645412], [73.850943, 16.646232], [73.851226, 16.646234], [73.851225, 16.646507], [73.852075, 16.646511], [73.852073, 16.646784], [73.852356, 16.646786], [73.852352, 16.647605], [73.852635, 16.647607], [73.852633, 16.64788], [73.852917, 16.647882], [73.852904, 16.650067], [73.853187, 16.650069], [73.853185, 16.650342], [73.853752, 16.650345], [73.85375, 16.650618], [73.854034, 16.650619], [73.854031, 16.651166], [73.854881, 16.65117], [73.854879, 16.651444], [73.856012, 16.65145], [73.856011, 16.651723], [73.856577, 16.651726], [73.856576, 16.651999], [73.857993, 16.652007], [73.857991, 16.65228], [73.858274, 16.652282], [73.858273, 16.652555], [73.858556, 16.652557], [73.858554, 16.65283], [73.858838, 16.652831], [73.858836, 16.653104], [73.859119, 16.653106], [73.859115, 16.653925], [73.859681, 16.653928], [73.859678, 16.654475], [73.859961, 16.654476], [73.85996, 16.654749], [73.860243, 16.654751], [73.860235, 16.656117], [73.860518, 16.656118], [73.860512, 16.657211], [73.860795, 16.657212], [73.860792, 16.657759], [73.860509, 16.657757], [73.860504, 16.658577], [73.860221, 16.658575], [73.860216, 16.659394], [73.860499, 16.659396], [73.860493, 16.660489], [73.860776, 16.66049], [73.860774, 16.660763], [73.861058, 16.660765], [73.861056, 16.661038], [73.861339, 16.66104], [73.861338, 16.661313], [73.861621, 16.661314], [73.86162, 16.661587], [73.862186, 16.661591], [73.862185, 16.661864], [73.862751, 16.661867], [73.86275, 16.66214], [73.8636, 16.662145], [73.863597, 16.662691], [73.86388, 16.662692], [73.863878, 16.662966], [73.864162, 16.662967], [73.86416, 16.66324], [73.864444, 16.663242], [73.864442, 16.663515], [73.865292, 16.66352], [73.865294, 16.663247], [73.868127, 16.663262], [73.868126, 16.663535], [73.868976, 16.66354], [73.868977, 16.663267], [73.869544, 16.66327], [73.869546, 16.662997], [73.873796, 16.66302], [73.873795, 16.663293], [73.874078, 16.663294], [73.874076, 16.663568], [73.87436, 16.663569], [73.874357, 16.664115], [73.87464, 16.664117], [73.874635, 16.664936], [73.875485, 16.664941], [73.875484, 16.665214], [73.875767, 16.665216], [73.875765, 16.665489], [73.876616, 16.665493], [73.876614, 16.665767], [73.877181, 16.66577], [73.877173, 16.667135], [73.877739, 16.667138], [73.877738, 16.667412], [73.879155, 16.667419], [73.879156, 16.667146], [73.87944, 16.667148], [73.879438, 16.667421], [73.879721, 16.667422], [73.87972, 16.667695], [73.880003, 16.667697], [73.880002, 16.66797], [73.880568, 16.667973], [73.880567, 16.668246], [73.88085, 16.668248], [73.880852, 16.667975], [73.881135, 16.667976], [73.881134, 16.668249], [73.881417, 16.668251], [73.881415, 16.668524], [73.881982, 16.668527], [73.881981, 16.6688], [73.882547, 16.668803], [73.882549, 16.66853], [73.882832, 16.668532], [73.882834, 16.668259], [73.883117, 16.66826], [73.883119, 16.667987], [73.883402, 16.667988], [73.883405, 16.667442], [73.883689, 16.667444], [73.88369, 16.667171], [73.883974, 16.667172], [73.883975, 16.666899], [73.884825, 16.666904], [73.884827, 16.66663], [73.885677, 16.666635], [73.885679, 16.666362], [73.886245, 16.666365], [73.886244, 16.666638], [73.887944, 16.666647], [73.887946, 16.666374], [73.890213, 16.666386], [73.890214, 16.666113], [73.890781, 16.666116], [73.890783, 16.665843], [73.891066, 16.665844], [73.891067, 16.665571], [73.892768, 16.66558], [73.892771, 16.665034], [73.893338, 16.665037], [73.893336, 16.66531], [73.893903, 16.665313], [73.893901, 16.665586], [73.894185, 16.665588], [73.894183, 16.665861], [73.894466, 16.665863], [73.894465, 16.666136], [73.894748, 16.666137], [73.894745, 16.666684], [73.895595, 16.666688], [73.895594, 16.666961], [73.896444, 16.666966], [73.896442, 16.667239], [73.896726, 16.66724], [73.896724, 16.667514], [73.897857, 16.66752], [73.897856, 16.667793], [73.898139, 16.667794], [73.898141, 16.667521], [73.898424, 16.667523], [73.898426, 16.667249], [73.898709, 16.667251], [73.898711, 16.666978], [73.898994, 16.666979], [73.898996, 16.666706], [73.899846, 16.666711], [73.899844, 16.666984], [73.900128, 16.666985], [73.900126, 16.667258], [73.900693, 16.667261], [73.900691, 16.667535], [73.900975, 16.667536], [73.900973, 16.667809], [73.901256, 16.667811], [73.901255, 16.668084], [73.901538, 16.668085], [73.901537, 16.668359], [73.902103, 16.668362], [73.902102, 16.668635], [73.902669, 16.668638], [73.902667, 16.668911], [73.90295, 16.668912], [73.902949, 16.669186], [73.903232, 16.669187], [73.903231, 16.66946], [73.903514, 16.669462], [73.903511, 16.670008], [73.903794, 16.670009], [73.903793, 16.670283], [73.904076, 16.670284], [73.904075, 16.670557], [73.904358, 16.670559], [73.904356, 16.670832], [73.90464, 16.670833], [73.904638, 16.671107], [73.904922, 16.671108], [73.90492, 16.671381], [73.905203, 16.671383], [73.9052, 16.671929], [73.905484, 16.671931], [73.905482, 16.672204], [73.905766, 16.672205], [73.905764, 16.672478], [73.906047, 16.67248], [73.906046, 16.672753], [73.906329, 16.672754], [73.906326, 16.673301], [73.906893, 16.673304], [73.906891, 16.673577], [73.907175, 16.673578], [73.907173, 16.673852], [73.907457, 16.673853], [73.907455, 16.674126], [73.907738, 16.674128], [73.907735, 16.674674], [73.908302, 16.674677], [73.908301, 16.67495], [73.908584, 16.674952], [73.908582, 16.675225], [73.910566, 16.675235], [73.910565, 16.675508], [73.910848, 16.67551], [73.910846, 16.675783], [73.91198, 16.675789], [73.911978, 16.676062], [73.912545, 16.676065], [73.912544, 16.676338], [73.912827, 16.67634], [73.912825, 16.676613], [73.913109, 16.676614], [73.913106, 16.677161], [73.913389, 16.677162], [73.913386, 16.677708], [73.913669, 16.67771], [73.913666, 16.678256], [73.91395, 16.678258], [73.913948, 16.678531], [73.914232, 16.678532], [73.914229, 16.679079], [73.915079, 16.679083], [73.91508, 16.67881], [73.916497, 16.678817], [73.916499, 16.678544], [73.916782, 16.678546], [73.916781, 16.678819], [73.917347, 16.678822], [73.917349, 16.678549], [73.918766, 16.678556], [73.918764, 16.678829], [73.919615, 16.678834], [73.919613, 16.679107], [73.919896, 16.679108], [73.919893, 16.679655], [73.920177, 16.679656], [73.920175, 16.679929], [73.920459, 16.679931], [73.920457, 16.680204], [73.921307, 16.680208], [73.921306, 16.680481], [73.921873, 16.680484], [73.921871, 16.680758], [73.922438, 16.68076], [73.922436, 16.681034], [73.92272, 16.681035], [73.92271, 16.682674], [73.923561, 16.682678], [73.923559, 16.682952], [73.923843, 16.682953], [73.923841, 16.683226], [73.924691, 16.683231], [73.92469, 16.683504], [73.925256, 16.683507], [73.925253, 16.684053], [73.926954, 16.684062], [73.926955, 16.683789], [73.927522, 16.683792], [73.927525, 16.683245], [73.927809, 16.683247], [73.92781, 16.682974], [73.928094, 16.682975], [73.928097, 16.682429], [73.928663, 16.682432], [73.928665, 16.682159], [73.929232, 16.682161], [73.929233, 16.681888], [73.929517, 16.68189], [73.929518, 16.681617], [73.929802, 16.681618], [73.929803, 16.681345], [73.930086, 16.681346], [73.930088, 16.681073], [73.930655, 16.681076], [73.930653, 16.681349], [73.93207, 16.681357], [73.932072, 16.681084], [73.932639, 16.681086], [73.93264, 16.680813], [73.935191, 16.680826], [73.935189, 16.6811], [73.935473, 16.681101], [73.935471, 16.681374], [73.935754, 16.681376], [73.935753, 16.681649], [73.936036, 16.68165], [73.936035, 16.681923], [73.936602, 16.681926], [73.936603, 16.681653], [73.936887, 16.681655], [73.936884, 16.682201], [73.937167, 16.682202], [73.937165, 16.682476], [73.937449, 16.682477], [73.937447, 16.68275], [73.938014, 16.682753], [73.938013, 16.683026], [73.938579, 16.683029], [73.938581, 16.682756], [73.939148, 16.682759], [73.939146, 16.683032], [73.939713, 16.683035], [73.939708, 16.683854], [73.939992, 16.683856], [73.93999, 16.684129], [73.940557, 16.684132], [73.940556, 16.684405], [73.941406, 16.684409], [73.941404, 16.684683], [73.941688, 16.684684], [73.941686, 16.684957], [73.94197, 16.684959], [73.941968, 16.685232], [73.942252, 16.685233], [73.94225, 16.685506], [73.942817, 16.685509], [73.942815, 16.685782], [73.943099, 16.685784], [73.943097, 16.686057], [73.943381, 16.686058], [73.943379, 16.686332], [73.943663, 16.686333], [73.94366, 16.686879], [73.943943, 16.686881], [73.943942, 16.687154], [73.944225, 16.687155], [73.944223, 16.687429], [73.944507, 16.68743], [73.944505, 16.687703], [73.944789, 16.687705], [73.944784, 16.688524], [73.945351, 16.688527], [73.94535, 16.6888], [73.945633, 16.688801], [73.945632, 16.689075], [73.946198, 16.689078], [73.946197, 16.689351], [73.94648, 16.689352], [73.946477, 16.689898], [73.946761, 16.6899], [73.946759, 16.690173], [73.947893, 16.690179], [73.947896, 16.689632], [73.948179, 16.689634], [73.948181, 16.689361], [73.948464, 16.689362], [73.948466, 16.689089], [73.949316, 16.689093], [73.949319, 16.688547], [73.950736, 16.688554], [73.950733, 16.689101], [73.951016, 16.689102], [73.951015, 16.689375], [73.951298, 16.689377], [73.951297, 16.68965], [73.951864, 16.689653], [73.951861, 16.690199], [73.952144, 16.6902], [73.952143, 16.690474], [73.952426, 16.690475], [73.952423, 16.691021], [73.953557, 16.691027], [73.953558, 16.690754], [73.955542, 16.690764], [73.955544, 16.690491], [73.95611, 16.690494], [73.956109, 16.690767], [73.956392, 16.690768], [73.956391, 16.691041], [73.956958, 16.691044], [73.956956, 16.691317], [73.957523, 16.69132], [73.95752, 16.691866], [73.957803, 16.691868], [73.957802, 16.692141], [73.958085, 16.692142], [73.958082, 16.692689], [73.958366, 16.69269], [73.958361, 16.69351], [73.958645, 16.693511], [73.958643, 16.693784], [73.95836, 16.693783], [73.958358, 16.694056], [73.958642, 16.694057], [73.95864, 16.694331], [73.958924, 16.694332], [73.958922, 16.694605], [73.959773, 16.694609], [73.959771, 16.694883], [73.960055, 16.694884], [73.960052, 16.69543], [73.960335, 16.695432], [73.960331, 16.696251], [73.960614, 16.696253], [73.960612, 16.696526], [73.960896, 16.696527], [73.960894, 16.6968], [73.961461, 16.696803], [73.96146, 16.697076], [73.961743, 16.697078], [73.961742, 16.697351], [73.962025, 16.697352], [73.962022, 16.697899], [73.962306, 16.6979], [73.962304, 16.698173], [73.962588, 16.698175], [73.962586, 16.698448], [73.963153, 16.698451], [73.963149, 16.69927], [73.963432, 16.699272], [73.963429, 16.699818], [73.963996, 16.699821], [73.963994, 16.700094], [73.964278, 16.700095], [73.964273, 16.700915], [73.964557, 16.700916], [73.964555, 16.701189], [73.965406, 16.701194], [73.965407, 16.70092], [73.965691, 16.700922], [73.965692, 16.700649], [73.965975, 16.70065], [73.965974, 16.700923], [73.966824, 16.700927], [73.966826, 16.700654], [73.967109, 16.700656], [73.967108, 16.700929], [73.967391, 16.70093], [73.96739, 16.701203], [73.96824, 16.701208], [73.968237, 16.701754], [73.968521, 16.701755], [73.968519, 16.702029], [73.968802, 16.70203], [73.968801, 16.702303], [73.969368, 16.702306], [73.969366, 16.702579], [73.96965, 16.702581], [73.969645, 16.7034], [73.969929, 16.703401], [73.969927, 16.703675], [73.970211, 16.703676], [73.970209, 16.703949], [73.970776, 16.703952], [73.970775, 16.704225], [73.971058, 16.704226], [73.971054, 16.705046], [73.971337, 16.705047], [73.971336, 16.705321], [73.971619, 16.705322], [73.971618, 16.705595], [73.971901, 16.705596], [73.9719, 16.70587], [73.972183, 16.705871], [73.972182, 16.706144], [73.972465, 16.706146], [73.972462, 16.706692], [73.972746, 16.706693], [73.972744, 16.706966], [73.973028, 16.706968], [73.973023, 16.707787], [73.973307, 16.707789], [73.973305, 16.708062], [73.973589, 16.708063], [73.973587, 16.708336], [73.975004, 16.708344], [73.975003, 16.708617], [73.97557, 16.708619], [73.975568, 16.708893], [73.975852, 16.708894], [73.97585, 16.709167], [73.976134, 16.709169], [73.976132, 16.709442], [73.976416, 16.709443], [73.976414, 16.709716], [73.976698, 16.709718], [73.976696, 16.709991], [73.977547, 16.709995], [73.977548, 16.709722], [73.978115, 16.709725], [73.978117, 16.709452], [73.980668, 16.709464], [73.980669, 16.709191], [73.981803, 16.709197], [73.981804, 16.708923], [73.982371, 16.708926], [73.982373, 16.708653], [73.982656, 16.708654], [73.982657, 16.708381], [73.982941, 16.708383], [73.982942, 16.70811], [73.983509, 16.708112], [73.983508, 16.708385], [73.983791, 16.708387], [73.983793, 16.708114], [73.984076, 16.708115], [73.984078, 16.707842], [73.984361, 16.707843], [73.984362, 16.70757], [73.984646, 16.707572], [73.984647, 16.707298], [73.984931, 16.7073], [73.984932, 16.707027], [73.985783, 16.707031], [73.985784, 16.706758], [73.986067, 16.706759], [73.986069, 16.706486], [73.986352, 16.706487], [73.986351, 16.70676], [73.987768, 16.706767], [73.987769, 16.706494], [73.98862, 16.706498], [73.988621, 16.706225], [73.989188, 16.706228], [73.989187, 16.706501], [73.989754, 16.706504], [73.989752, 16.706777], [73.990036, 16.706778], [73.990034, 16.707052], [73.990318, 16.707053], [73.990316, 16.707326], [73.9906, 16.707328], [73.990598, 16.707601], [73.990882, 16.707602], [73.99088, 16.707875], [73.991447, 16.707878], [73.991446, 16.708151], [73.991729, 16.708153], [73.991728, 16.708426], [73.992011, 16.708427], [73.992008, 16.708973], [73.993142, 16.708979], [73.993141, 16.709252], [73.993707, 16.709255], [73.993705, 16.709801], [73.993988, 16.709803], [73.993987, 16.710076], [73.99427, 16.710077], [73.994269, 16.71035], [73.994552, 16.710352], [73.994549, 16.710898], [73.994833, 16.710899], [73.994828, 16.711719], [73.995112, 16.71172], [73.995108, 16.71254], [73.995391, 16.712541], [73.995385, 16.713634], [73.995669, 16.713635], [73.995662, 16.715001], [73.995945, 16.715002], [73.995939, 16.716095], [73.99679, 16.716099], [73.996788, 16.716372], [73.997072, 16.716373], [73.99707, 16.716647], [73.998488, 16.716653], [73.998489, 16.71638], [73.999056, 16.716383], [73.999054, 16.716656], [73.999621, 16.716659], [73.99962, 16.716932], [73.999903, 16.716933], [73.999902, 16.717207], [74.000752, 16.717211], [74.00075, 16.717757], [74.000466, 16.717756], [74.000462, 16.718575], [74.000178, 16.718574], [74.000177, 16.718847], [73.999893, 16.718846], [73.999882, 16.721031], [74.000166, 16.721032], [74.00016, 16.722125], [74.000443, 16.722126], [74.000442, 16.722399], [74.000158, 16.722398], [74.000156, 16.722944], [74.000722, 16.722947], [74.000721, 16.72322], [74.001005, 16.723222], [74.001002, 16.723768], [74.001285, 16.723769], [74.001289, 16.72295], [74.001856, 16.722953], [74.001858, 16.722679], [74.002141, 16.722681], [74.002144, 16.722134], [74.002711, 16.722137], [74.00271, 16.72241], [74.00356, 16.722414], [74.003561, 16.722141], [74.003845, 16.722143], [74.003846, 16.721869], [74.004413, 16.721872], [74.004412, 16.722145], [74.00753, 16.72216], [74.007529, 16.722434], [74.007812, 16.722435], [74.007811, 16.722708], [74.008094, 16.722709], [74.008093, 16.722983], [74.008376, 16.722984], [74.008373, 16.72353], [74.008657, 16.723532], [74.008651, 16.724624]]]]}}, {"type": "Feature", "properties": {"name": "S7", "long_len": 45059.417790180414, "long_slo": 0.010153260349043, "cent_len": 22634.28060965522, "cent_slo": 0.000684801972164, "10_85_len": 33794.56334263548, "10_85_slo": 0.003013376878642, "basin_slo": 0.182621532598362, "basin_rel": 459.0, "elong_ra": 0.350040999429136, "relief_ra": 0.010186549727237, "drain_den": 0.039463011794945, "len_units": "Metre"}, "geometry": {"type": "MultiPolygon", "coordinates": [[[[74.034894, 16.692242], [74.035177, 16.692243], [74.03518, 16.691697], [74.035463, 16.691698], [74.035465, 16.691425], [74.036882, 16.691432], [74.036885, 16.690885], [74.036601, 16.690884], [74.036603, 16.690611], [74.037736, 16.690616], [74.037738, 16.690343], [74.039438, 16.690351], [74.039439, 16.690078], [74.039723, 16.690079], [74.039724, 16.689806], [74.041141, 16.689812], [74.041143, 16.689539], [74.041426, 16.68954], [74.041428, 16.689267], [74.041994, 16.68927], [74.041996, 16.688997], [74.042279, 16.688998], [74.042281, 16.688725], [74.043698, 16.688731], [74.043696, 16.689005], [74.04398, 16.689006], [74.043978, 16.689279], [74.044262, 16.68928], [74.04426, 16.689554], [74.044544, 16.689555], [74.044542, 16.689828], [74.044826, 16.689829], [74.044824, 16.690103], [74.045391, 16.690105], [74.04539, 16.690378], [74.046524, 16.690384], [74.046522, 16.690657], [74.047656, 16.690662], [74.047655, 16.690935], [74.048505, 16.690939], [74.048506, 16.690666], [74.04879, 16.690667], [74.048791, 16.690394], [74.050208, 16.6904], [74.05021, 16.690127], [74.050493, 16.690129], [74.050494, 16.689855], [74.050778, 16.689857], [74.050779, 16.689584], [74.051062, 16.689585], [74.051064, 16.689312], [74.051347, 16.689313], [74.05135, 16.688767], [74.051633, 16.688768], [74.051639, 16.687675], [74.051922, 16.687677], [74.051925, 16.68713], [74.052208, 16.687132], [74.052212, 16.686312], [74.052496, 16.686313], [74.052498, 16.685767], [74.053065, 16.68577], [74.053067, 16.685497], [74.05335, 16.685498], [74.053351, 16.685225], [74.054485, 16.68523], [74.054486, 16.684957], [74.05477, 16.684958], [74.054771, 16.684685], [74.055338, 16.684687], [74.055339, 16.684414], [74.055623, 16.684416], [74.055624, 16.684142], [74.055907, 16.684144], [74.055909, 16.683871], [74.056192, 16.683872], [74.056194, 16.683599], [74.05676, 16.683601], [74.056762, 16.683328], [74.057045, 16.683329], [74.057046, 16.683056], [74.05733, 16.683057], [74.057331, 16.682784], [74.057615, 16.682786], [74.057616, 16.682512], [74.057899, 16.682514], [74.057901, 16.682241], [74.058468, 16.682243], [74.058469, 16.68197], [74.058752, 16.681971], [74.058755, 16.681425], [74.059038, 16.681426], [74.05904, 16.681153], [74.058756, 16.681152], [74.058759, 16.680605], [74.059042, 16.680607], [74.059044, 16.680334], [74.059894, 16.680337], [74.059895, 16.680064], [74.060179, 16.680066], [74.060181, 16.679519], [74.060465, 16.679521], [74.06047, 16.678428], [74.060754, 16.678429], [74.060758, 16.67761], [74.060474, 16.677608], [74.060477, 16.677062], [74.060193, 16.677061], [74.060195, 16.676788], [74.059911, 16.676786], [74.059915, 16.675967], [74.059632, 16.675966], [74.059633, 16.675692], [74.05935, 16.675691], [74.059351, 16.675418], [74.059068, 16.675417], [74.059069, 16.675144], [74.058786, 16.675142], [74.058787, 16.674869], [74.05822, 16.674866], [74.058222, 16.674593], [74.057938, 16.674592], [74.05794, 16.674319], [74.057373, 16.674316], [74.057374, 16.674043], [74.057091, 16.674042], [74.057092, 16.673769], [74.056809, 16.673767], [74.05681, 16.673494], [74.056527, 16.673493], [74.056528, 16.67322], [74.056244, 16.673218], [74.056246, 16.672945], [74.055962, 16.672944], [74.055964, 16.672671], [74.055397, 16.672668], [74.055398, 16.672395], [74.054832, 16.672393], [74.054834, 16.671846], [74.054551, 16.671845], [74.054552, 16.671572], [74.054269, 16.67157], [74.05427, 16.671297], [74.053987, 16.671296], [74.053988, 16.671023], [74.053705, 16.671022], [74.053706, 16.670748], [74.053423, 16.670747], [74.053425, 16.670201], [74.053142, 16.670199], [74.053143, 16.669926], [74.052576, 16.669924], [74.052578, 16.669651], [74.052294, 16.669649], [74.052296, 16.669376], [74.052012, 16.669375], [74.052014, 16.669102], [74.05173, 16.6691], [74.051732, 16.668827], [74.051448, 16.668826], [74.05145, 16.668553], [74.050883, 16.66855], [74.050884, 16.668277], [74.050317, 16.668274], [74.050319, 16.668001], [74.049752, 16.667999], [74.049753, 16.667725], [74.049187, 16.667723], [74.049188, 16.66745], [74.048904, 16.667448], [74.048907, 16.666902], [74.048624, 16.666901], [74.048625, 16.666628], [74.048342, 16.666626], [74.048343, 16.666353], [74.04806, 16.666352], [74.048061, 16.666079], [74.047494, 16.666076], [74.047496, 16.665803], [74.047212, 16.665802], [74.047216, 16.664982], [74.046933, 16.664981], [74.046937, 16.664161], [74.046654, 16.66416], [74.046656, 16.663614], [74.04609, 16.663611], [74.046091, 16.663338], [74.045808, 16.663337], [74.045809, 16.663063], [74.045525, 16.663062], [74.045527, 16.662789], [74.04496, 16.662786], [74.044961, 16.662513], [74.043545, 16.662507], [74.043546, 16.662234], [74.043263, 16.662232], [74.043264, 16.661959], [74.042414, 16.661955], [74.042415, 16.661682], [74.042132, 16.661681], [74.042133, 16.661408], [74.04185, 16.661406], [74.041852, 16.66086], [74.041569, 16.660859], [74.041572, 16.660312], [74.041288, 16.660311], [74.04129, 16.660038], [74.040723, 16.660035], [74.040724, 16.659762], [74.040441, 16.659761], [74.040445, 16.658941], [74.040728, 16.658943], [74.04073, 16.658669], [74.041013, 16.658671], [74.041017, 16.657851], [74.041301, 16.657853], [74.041306, 16.65676], [74.041589, 16.656761], [74.041591, 16.656488], [74.041874, 16.656489], [74.041875, 16.656216], [74.041592, 16.656215], [74.041593, 16.655942], [74.041027, 16.655939], [74.041029, 16.655393], [74.040746, 16.655391], [74.040747, 16.655118], [74.040464, 16.655117], [74.040465, 16.654844], [74.040182, 16.654843], [74.040192, 16.65293], [74.039908, 16.652929], [74.03991, 16.652656], [74.039626, 16.652655], [74.039628, 16.652381], [74.039344, 16.65238], [74.039346, 16.652107], [74.039062, 16.652106], [74.039066, 16.651286], [74.038783, 16.651285], [74.038786, 16.650739], [74.038502, 16.650737], [74.038504, 16.650464], [74.03822, 16.650463], [74.038222, 16.65019], [74.037938, 16.650188], [74.03794, 16.649915], [74.03709, 16.649911], [74.037091, 16.649638], [74.035957, 16.649633], [74.035963, 16.64854], [74.036246, 16.648541], [74.036253, 16.647176], [74.03512, 16.64717], [74.035121, 16.646897], [74.034554, 16.646895], [74.034556, 16.646621], [74.034272, 16.64662], [74.034274, 16.646347], [74.03399, 16.646346], [74.033992, 16.646072], [74.033708, 16.646071], [74.03371, 16.645798], [74.033426, 16.645797], [74.033428, 16.645523], [74.033144, 16.645522], [74.033146, 16.645249], [74.032862, 16.645248], [74.032864, 16.644974], [74.03258, 16.644973], [74.032582, 16.6447], [74.032015, 16.644697], [74.032016, 16.644424], [74.031733, 16.644423], [74.031736, 16.643877], [74.031169, 16.643874], [74.031175, 16.642781], [74.030608, 16.642779], [74.030609, 16.642505], [74.030043, 16.642503], [74.030044, 16.64223], [74.029761, 16.642228], [74.029758, 16.642775], [74.029191, 16.642772], [74.029193, 16.642499], [74.028626, 16.642496], [74.028627, 16.642223], [74.028344, 16.642222], [74.028348, 16.641402], [74.028065, 16.641401], [74.028066, 16.641128], [74.027783, 16.641126], [74.027784, 16.640853], [74.027501, 16.640852], [74.027502, 16.640579], [74.027219, 16.640577], [74.02722, 16.640304], [74.026937, 16.640303], [74.026938, 16.64003], [74.026655, 16.640028], [74.026656, 16.639755], [74.02609, 16.639753], [74.026091, 16.639479], [74.025524, 16.639477], [74.025526, 16.639204], [74.025242, 16.639202], [74.025244, 16.638929], [74.02496, 16.638928], [74.024962, 16.638655], [74.024678, 16.638653], [74.024684, 16.637561], [74.024401, 16.637559], [74.024409, 16.63592], [74.023842, 16.635918], [74.023843, 16.635645], [74.02356, 16.635643], [74.023562, 16.63537], [74.023278, 16.635369], [74.023284, 16.634276], [74.023, 16.634275], [74.023002, 16.634002], [74.022718, 16.634], [74.022721, 16.633454], [74.022438, 16.633453], [74.022439, 16.633179], [74.022156, 16.633178], [74.022157, 16.632905], [74.021874, 16.632904], [74.021875, 16.63263], [74.022159, 16.632632], [74.02216, 16.632359], [74.019893, 16.632348], [74.019895, 16.632075], [74.019611, 16.632073], [74.019613, 16.6318], [74.019329, 16.631799], [74.019331, 16.631526], [74.019048, 16.631524], [74.019049, 16.631251], [74.018766, 16.63125], [74.018782, 16.627972], [74.018499, 16.627971], [74.018505, 16.626878], [74.018221, 16.626877], [74.018224, 16.62633], [74.018507, 16.626332], [74.018514, 16.624966], [74.018231, 16.624965], [74.018236, 16.623872], [74.017953, 16.623871], [74.017955, 16.623597], [74.017671, 16.623596], [74.017673, 16.623323], [74.016823, 16.623319], [74.016824, 16.623046], [74.017107, 16.623047], [74.01711, 16.622501], [74.017393, 16.622502], [74.017395, 16.622229], [74.017961, 16.622232], [74.017963, 16.621959], [74.018246, 16.62196], [74.018248, 16.621687], [74.018531, 16.621688], [74.018534, 16.621142], [74.018817, 16.621143], [74.01882, 16.620597], [74.019386, 16.620599], [74.019388, 16.620326], [74.019671, 16.620328], [74.019672, 16.620054], [74.019389, 16.620053], [74.019391, 16.61978], [74.019107, 16.619779], [74.01911, 16.619232], [74.018827, 16.619231], [74.018834, 16.617865], [74.019117, 16.617866], [74.019124, 16.616501], [74.019407, 16.616502], [74.019409, 16.616229], [74.019692, 16.61623], [74.019693, 16.615957], [74.019977, 16.615958], [74.019979, 16.615412], [74.019696, 16.615411], [74.019697, 16.615138], [74.019414, 16.615136], [74.019417, 16.61459], [74.0197, 16.614591], [74.019702, 16.614318], [74.020268, 16.614321], [74.02027, 16.614048], [74.02112, 16.614052], [74.021121, 16.613778], [74.021971, 16.613782], [74.021972, 16.613509], [74.022256, 16.613511], [74.022257, 16.613237], [74.02254, 16.613239], [74.022547, 16.611873], [74.02283, 16.611874], [74.022833, 16.611328], [74.0234, 16.611331], [74.023401, 16.611057], [74.023684, 16.611059], [74.023687, 16.610512], [74.023971, 16.610514], [74.023972, 16.610241], [74.024255, 16.610242], [74.024257, 16.609969], [74.02454, 16.60997], [74.024541, 16.609697], [74.024825, 16.609698], [74.024826, 16.609425], [74.025109, 16.609426], [74.025111, 16.609153], [74.025677, 16.609156], [74.025681, 16.608337], [74.025398, 16.608335], [74.025399, 16.608062], [74.025116, 16.608061], [74.025118, 16.607788], [74.024834, 16.607786], [74.024836, 16.607513], [74.024552, 16.607512], [74.024554, 16.607239], [74.02427, 16.607237], [74.024269, 16.60751], [74.022286, 16.607501], [74.022291, 16.606408], [74.021725, 16.606406], [74.02173, 16.605313], [74.021447, 16.605312], [74.021448, 16.605039], [74.021165, 16.605037], [74.021167, 16.604764], [74.020883, 16.604763], [74.02089, 16.603397], [74.020607, 16.603396], [74.02061, 16.602849], [74.020326, 16.602848], [74.020328, 16.602575], [74.020044, 16.602573], [74.020046, 16.6023], [74.019763, 16.602299], [74.019764, 16.602026], [74.019481, 16.602025], [74.019482, 16.601751], [74.018632, 16.601747], [74.018634, 16.601474], [74.01835, 16.601473], [74.018352, 16.6012], [74.018068, 16.601198], [74.01807, 16.600925], [74.017786, 16.600924], [74.017788, 16.600651], [74.017505, 16.600649], [74.017506, 16.600376], [74.017223, 16.600375], [74.017228, 16.599282], [74.016945, 16.599281], [74.016946, 16.599008], [74.016663, 16.599006], [74.016664, 16.598733], [74.016098, 16.598731], [74.016099, 16.598457], [74.015249, 16.598453], [74.015251, 16.59818], [74.014684, 16.598177], [74.014686, 16.597904], [74.014119, 16.597902], [74.01412, 16.597628], [74.013554, 16.597626], [74.013555, 16.597353], [74.012989, 16.59735], [74.012991, 16.596804], [74.012708, 16.596802], [74.01271, 16.596529], [74.012143, 16.596526], [74.012144, 16.596253], [74.011011, 16.596248], [74.011013, 16.595975], [74.010729, 16.595973], [74.010731, 16.5957], [74.010448, 16.595699], [74.010449, 16.595426], [74.010166, 16.595424], [74.010168, 16.594878], [74.009885, 16.594877], [74.009888, 16.59433], [74.009605, 16.594329], [74.009606, 16.594056], [74.009323, 16.594055], [74.009324, 16.593781], [74.009041, 16.59378], [74.009044, 16.593234], [74.00876, 16.593232], [74.008765, 16.592413], [74.008481, 16.592412], [74.008483, 16.592138], [74.0082, 16.592137], [74.008201, 16.591864], [74.007634, 16.591861], [74.007636, 16.591588], [74.007352, 16.591587], [74.007355, 16.59104], [74.007072, 16.591039], [74.007075, 16.590493], [74.006792, 16.590491], [74.006793, 16.590218], [74.00651, 16.590217], [74.006512, 16.58967], [74.006229, 16.589669], [74.006231, 16.589396], [74.005947, 16.589395], [74.00595, 16.588848], [74.005667, 16.588847], [74.005672, 16.587754], [74.005389, 16.587753], [74.005392, 16.587207], [74.005109, 16.587205], [74.00511, 16.586932], [74.004827, 16.586931], [74.00483, 16.586384], [74.004546, 16.586383], [74.004555, 16.584744], [74.004272, 16.584743], [74.004274, 16.584196], [74.003991, 16.584195], [74.003995, 16.583376], [74.003712, 16.583374], [74.003715, 16.582828], [74.003432, 16.582827], [74.003436, 16.582007], [74.003153, 16.582006], [74.003162, 16.580094], [74.003446, 16.580095], [74.003447, 16.579822], [74.00373, 16.579823], [74.003732, 16.57955], [74.004015, 16.579551], [74.004019, 16.578732], [74.003736, 16.578731], [74.003753, 16.575453], [74.004036, 16.575454], [74.004042, 16.574361], [74.004325, 16.574363], [74.004326, 16.57409], [74.004043, 16.574088], [74.004045, 16.573815], [74.003761, 16.573814], [74.003763, 16.57354], [74.003196, 16.573538], [74.003195, 16.573811], [74.002912, 16.57381], [74.002913, 16.573536], [74.00263, 16.573535], [74.002631, 16.573262], [74.002348, 16.573261], [74.002349, 16.572987], [74.002066, 16.572986], [74.002073, 16.57162], [74.000657, 16.571613], [74.000658, 16.57134], [74.000375, 16.571339], [74.000376, 16.571066], [74.00066, 16.571067], [74.000661, 16.570794], [74.000944, 16.570795], [74.000946, 16.570522], [74.001229, 16.570524], [74.00123, 16.57025], [74.000947, 16.570249], [74.000949, 16.569976], [74.000665, 16.569974], [74.00067, 16.569155], [74.000386, 16.569154], [74.000389, 16.568607], [73.999823, 16.568605], [73.999825, 16.568058], [73.999542, 16.568057], [73.999545, 16.567511], [73.999262, 16.567509], [73.999265, 16.566963], [73.998981, 16.566962], [73.998983, 16.566688], [73.9987, 16.566687], [73.998702, 16.566141], [73.998419, 16.566139], [73.998421, 16.565866], [73.998137, 16.565865], [73.998142, 16.565045], [73.997858, 16.565044], [73.99786, 16.564771], [73.997577, 16.564769], [73.997579, 16.564223], [73.99673, 16.564219], [73.996731, 16.563946], [73.996165, 16.563943], [73.996166, 16.56367], [73.995883, 16.563669], [73.995884, 16.563395], [73.995318, 16.563393], [73.995319, 16.56312], [73.994753, 16.563117], [73.994754, 16.562844], [73.991922, 16.56283], [73.991923, 16.562557], [73.991357, 16.562554], [73.991358, 16.562281], [73.990508, 16.562277], [73.990507, 16.56255], [73.990224, 16.562549], [73.990222, 16.562822], [73.989656, 16.562819], [73.989657, 16.562546], [73.989374, 16.562545], [73.989376, 16.562271], [73.989092, 16.56227], [73.989095, 16.561724], [73.989378, 16.561725], [73.98938, 16.561452], [73.989663, 16.561453], [73.989667, 16.560634], [73.989384, 16.560632], [73.989386, 16.560359], [73.989669, 16.560361], [73.989674, 16.559268], [73.989391, 16.559267], [73.989393, 16.558993], [73.989109, 16.558992], [73.989112, 16.558446], [73.988829, 16.558444], [73.988839, 16.556532], [73.989122, 16.556534], [73.989127, 16.555714], [73.988843, 16.555713], [73.988845, 16.55544], [73.988562, 16.555438], [73.988564, 16.554892], [73.988281, 16.554891], [73.988285, 16.554071], [73.988002, 16.55407], [73.988004, 16.553797], [73.98772, 16.553795], [73.987722, 16.553522], [73.987439, 16.553521], [73.987443, 16.552701], [73.98716, 16.5527], [73.987163, 16.552153], [73.986879, 16.552152], [73.986881, 16.551879], [73.986598, 16.551878], [73.986599, 16.551604], [73.986316, 16.551603], [73.986319, 16.551057], [73.986035, 16.551055], [73.98604, 16.550236], [73.985756, 16.550234], [73.985762, 16.549142], [73.985196, 16.549139], [73.985197, 16.548866], [73.983498, 16.548858], [73.983494, 16.549677], [73.982927, 16.549674], [73.982926, 16.549948], [73.982643, 16.549946], [73.982644, 16.549673], [73.982361, 16.549672], [73.982364, 16.549125], [73.98208, 16.549124], [73.982082, 16.548851], [73.981515, 16.548848], [73.981517, 16.548575], [73.981234, 16.548573], [73.981235, 16.5483], [73.980669, 16.548297], [73.980666, 16.548844], [73.978967, 16.548835], [73.978968, 16.548562], [73.978402, 16.54856], [73.978403, 16.548286], [73.97812, 16.548285], [73.978121, 16.548012], [73.976988, 16.548006], [73.97699, 16.547733], [73.976423, 16.54773], [73.976425, 16.547457], [73.975858, 16.547454], [73.97586, 16.547181], [73.975577, 16.54718], [73.975578, 16.546907], [73.975295, 16.546905], [73.975296, 16.546632], [73.975013, 16.546631], [73.975015, 16.546358], [73.974448, 16.546355], [73.97445, 16.546082], [73.974166, 16.54608], [73.974168, 16.545807], [73.973602, 16.545804], [73.973603, 16.545531], [73.972187, 16.545524], [73.972188, 16.545251], [73.971905, 16.54525], [73.97191, 16.54443], [73.971626, 16.544429], [73.971628, 16.544156], [73.971345, 16.544154], [73.971346, 16.543881], [73.971063, 16.54388], [73.971064, 16.543607], [73.970781, 16.543605], [73.970783, 16.543332], [73.970499, 16.543331], [73.970501, 16.543057], [73.970218, 16.543056], [73.97022, 16.54251], [73.969937, 16.542508], [73.969939, 16.542235], [73.969656, 16.542234], [73.969657, 16.541961], [73.969374, 16.541959], [73.969375, 16.541686], [73.969092, 16.541685], [73.969093, 16.541411], [73.96881, 16.54141], [73.968813, 16.540864], [73.96853, 16.540862], [73.968531, 16.540589], [73.968248, 16.540588], [73.96825, 16.540315], [73.967966, 16.540313], [73.967969, 16.539767], [73.967686, 16.539766], [73.967688, 16.539492], [73.967404, 16.539491], [73.967406, 16.539218], [73.967123, 16.539216], [73.967124, 16.538943], [73.966841, 16.538942], [73.966844, 16.538396], [73.966561, 16.538394], [73.966569, 16.536755], [73.966286, 16.536754], [73.966289, 16.536207], [73.966006, 16.536206], [73.96601, 16.535387], [73.965727, 16.535385], [73.96573, 16.534839], [73.966013, 16.53484], [73.966015, 16.534567], [73.966298, 16.534568], [73.966301, 16.534022], [73.966584, 16.534024], [73.966585, 16.53375], [73.967152, 16.533753], [73.967153, 16.53348], [73.967436, 16.533481], [73.967442, 16.532389], [73.967159, 16.532387], [73.967163, 16.531568], [73.96688, 16.531567], [73.966885, 16.530747], [73.966035, 16.530743], [73.966036, 16.53047], [73.96547, 16.530467], [73.965472, 16.530194], [73.965188, 16.530192], [73.965193, 16.529373], [73.96491, 16.529371], [73.964912, 16.528825], [73.964346, 16.528822], [73.964348, 16.528549], [73.963215, 16.528544], [73.963216, 16.52827], [73.962933, 16.528269], [73.962935, 16.527996], [73.962368, 16.527993], [73.96237, 16.52772], [73.962087, 16.527718], [73.962088, 16.527445], [73.961805, 16.527444], [73.961806, 16.527171], [73.961523, 16.527169], [73.961525, 16.526896], [73.961241, 16.526895], [73.961247, 16.525802], [73.96153, 16.525804], [73.961533, 16.525257], [73.96125, 16.525256], [73.961256, 16.524163], [73.961539, 16.524165], [73.961541, 16.523891], [73.961824, 16.523893], [73.961828, 16.523073], [73.961545, 16.523072], [73.961548, 16.522526], [73.961265, 16.522524], [73.961268, 16.521978], [73.960985, 16.521977], [73.960986, 16.521703], [73.960703, 16.521702], [73.960704, 16.521429], [73.960421, 16.521427], [73.960423, 16.521154], [73.960139, 16.521153], [73.960141, 16.52088], [73.959858, 16.520878], [73.959871, 16.51842], [73.959588, 16.518418], [73.959592, 16.517599], [73.959309, 16.517598], [73.959318, 16.515959], [73.959035, 16.515957], [73.959037, 16.515411], [73.959321, 16.515412], [73.959322, 16.515139], [73.959039, 16.515138], [73.959043, 16.514318], [73.95876, 16.514317], [73.958769, 16.512678], [73.959052, 16.512679], [73.959055, 16.512133], [73.958772, 16.512132], [73.958776, 16.511312], [73.959059, 16.511313], [73.959064, 16.510494], [73.958781, 16.510493], [73.958792, 16.508307], [73.959075, 16.508309], [73.959084, 16.50667], [73.959367, 16.506671], [73.959372, 16.505852], [73.959089, 16.50585], [73.95909, 16.505577], [73.959373, 16.505579], [73.959378, 16.504759], [73.959661, 16.504761], [73.959665, 16.503941], [73.959948, 16.503942], [73.959953, 16.503123], [73.960236, 16.503124], [73.96024, 16.502305], [73.960523, 16.502306], [73.960526, 16.50176], [73.960809, 16.501761], [73.960812, 16.501215], [73.960529, 16.501214], [73.960531, 16.500941], [73.960247, 16.500939], [73.960261, 16.498481], [73.960544, 16.498482], [73.960547, 16.497936], [73.960264, 16.497934], [73.960265, 16.497661], [73.959982, 16.49766], [73.959985, 16.497114], [73.960268, 16.497115], [73.960271, 16.496569], [73.960554, 16.49657], [73.960555, 16.496297], [73.959989, 16.496294], [73.959992, 16.495748], [73.959709, 16.495746], [73.95971, 16.495473], [73.959427, 16.495472], [73.959433, 16.494379], [73.95915, 16.494378], [73.959156, 16.493285], [73.958873, 16.493284], [73.958881, 16.491645], [73.958598, 16.491643], [73.9586, 16.49137], [73.958317, 16.491369], [73.958318, 16.491096], [73.957752, 16.491093], [73.957753, 16.49082], [73.95747, 16.490818], [73.957479, 16.489179], [73.957196, 16.489178], [73.957197, 16.488905], [73.95748, 16.488906], [73.957499, 16.485355], [73.957216, 16.485354], [73.957221, 16.484534], [73.956938, 16.484533], [73.956944, 16.48344], [73.95666, 16.483439], [73.956671, 16.481527], [73.956954, 16.481528], [73.956958, 16.480708], [73.956675, 16.480707], [73.956685, 16.478795], [73.956402, 16.478794], [73.956408, 16.477701], [73.956125, 16.4777], [73.956138, 16.475241], [73.956421, 16.475242], [73.956434, 16.472784], [73.956717, 16.472785], [73.956725, 16.47142], [73.956442, 16.471418], [73.956445, 16.470872], [73.956728, 16.470873], [73.956731, 16.470327], [73.956447, 16.470326], [73.956449, 16.470052], [73.956732, 16.470054], [73.956735, 16.469508], [73.956452, 16.469506], [73.956453, 16.469233], [73.956736, 16.469234], [73.956742, 16.468142], [73.956459, 16.46814], [73.956465, 16.467048], [73.956182, 16.467046], [73.956197, 16.464315], [73.95648, 16.464316], [73.956488, 16.462677], [73.956771, 16.462679], [73.956774, 16.462132], [73.956491, 16.462131], [73.956493, 16.461858], [73.956776, 16.461859], [73.956783, 16.460493], [73.9565, 16.460492], [73.956515, 16.45776], [73.956232, 16.457759], [73.95624, 16.45612], [73.955957, 16.456119], [73.955962, 16.455299], [73.955679, 16.455298], [73.955689, 16.453386], [73.955972, 16.453387], [73.955973, 16.453114], [73.957106, 16.453119], [73.957107, 16.452846], [73.95739, 16.452848], [73.957393, 16.452301], [73.957676, 16.452303], [73.957678, 16.45203], [73.957395, 16.452028], [73.957397, 16.451482], [73.957114, 16.45148], [73.957117, 16.450934], [73.9574, 16.450936], [73.957403, 16.450389], [73.95712, 16.450388], [73.957122, 16.450115], [73.956839, 16.450113], [73.956842, 16.449567], [73.956559, 16.449566], [73.95656, 16.449292], [73.956277, 16.449291], [73.956275, 16.449564], [73.955992, 16.449563], [73.955994, 16.44929], [73.955711, 16.449288], [73.955712, 16.449015], [73.954863, 16.449011], [73.954865, 16.448738], [73.954015, 16.448733], [73.954014, 16.449007], [73.953165, 16.449002], [73.953166, 16.448729], [73.952883, 16.448728], [73.952885, 16.448455], [73.952318, 16.448452], [73.952317, 16.448725], [73.952034, 16.448723], [73.952032, 16.448997], [73.951749, 16.448995], [73.951748, 16.449268], [73.951465, 16.449267], [73.951463, 16.44954], [73.950614, 16.449536], [73.950607, 16.450902], [73.950324, 16.4509], [73.950322, 16.451173], [73.948907, 16.451166], [73.948908, 16.450893], [73.948625, 16.450892], [73.948628, 16.450345], [73.948345, 16.450344], [73.948347, 16.450071], [73.948064, 16.450069], [73.948068, 16.44925], [73.948351, 16.449251], [73.948354, 16.448705], [73.948071, 16.448704], [73.948077, 16.447611], [73.947228, 16.447607], [73.947226, 16.44788], [73.945528, 16.447871], [73.945526, 16.448145], [73.945243, 16.448143], [73.94524, 16.448689], [73.944957, 16.448688], [73.944954, 16.449234], [73.944105, 16.44923], [73.944108, 16.448684], [73.943542, 16.448681], [73.943545, 16.448135], [73.942413, 16.448129], [73.942411, 16.448402], [73.941845, 16.448399], [73.941844, 16.448672], [73.940995, 16.448668], [73.940996, 16.448395], [73.94043, 16.448392], [73.940427, 16.448938], [73.940144, 16.448937], [73.940142, 16.44921], [73.939576, 16.449207], [73.939582, 16.448115], [73.938733, 16.44811], [73.938735, 16.447837], [73.937885, 16.447833], [73.937893, 16.446467], [73.93761, 16.446466], [73.937611, 16.446192], [73.936479, 16.446187], [73.936481, 16.445914], [73.935914, 16.445911], [73.935916, 16.445637], [73.935633, 16.445636], [73.935636, 16.44509], [73.935353, 16.445088], [73.935354, 16.444815], [73.935071, 16.444814], [73.935074, 16.444267], [73.934791, 16.444266], [73.934794, 16.44372], [73.934511, 16.443718], [73.934513, 16.443445], [73.933946, 16.443442], [73.933948, 16.443169], [73.933665, 16.443168], [73.933666, 16.442894], [73.933383, 16.442893], [73.933385, 16.44262], [73.932819, 16.442617], [73.93282, 16.442344], [73.932254, 16.442341], [73.932256, 16.442068], [73.931406, 16.442063], [73.931408, 16.44179], [73.930842, 16.441787], [73.930843, 16.441514], [73.930277, 16.441511], [73.930279, 16.441238], [73.929713, 16.441235], [73.929714, 16.440962], [73.929431, 16.440961], [73.929433, 16.440688], [73.928866, 16.440685], [73.928868, 16.440411], [73.928302, 16.440409], [73.928303, 16.440135], [73.92802, 16.440134], [73.928022, 16.439861], [73.92689, 16.439855], [73.926891, 16.439582], [73.926608, 16.43958], [73.92661, 16.439307], [73.926327, 16.439306], [73.926328, 16.439033], [73.925479, 16.439028], [73.92548, 16.438755], [73.924914, 16.438752], [73.924916, 16.438479], [73.924633, 16.438478], [73.924634, 16.438204], [73.924351, 16.438203], [73.924353, 16.43793], [73.92407, 16.437928], [73.924071, 16.437655], [73.923788, 16.437654], [73.92379, 16.437381], [73.923507, 16.437379], [73.923508, 16.437106], [73.922942, 16.437103], [73.922944, 16.43683], [73.922661, 16.436829], [73.922662, 16.436555], [73.922379, 16.436554], [73.922381, 16.436281], [73.921814, 16.436278], [73.921816, 16.436005], [73.921533, 16.436003], [73.921534, 16.43573], [73.921251, 16.435729], [73.921253, 16.435455], [73.92097, 16.435454], [73.920971, 16.435181], [73.920688, 16.435179], [73.920687, 16.435453], [73.920121, 16.43545], [73.920122, 16.435176], [73.919273, 16.435172], [73.919275, 16.434899], [73.918992, 16.434898], [73.918995, 16.434351], [73.918146, 16.434347], [73.918147, 16.434074], [73.917864, 16.434072], [73.917867, 16.433526], [73.917584, 16.433524], [73.917585, 16.433251], [73.917019, 16.433248], [73.917021, 16.432975], [73.916455, 16.432972], [73.916456, 16.432699], [73.91589, 16.432696], [73.915892, 16.432423], [73.915609, 16.432422], [73.91561, 16.432148], [73.914761, 16.432144], [73.914763, 16.431871], [73.914197, 16.431868], [73.914198, 16.431595], [73.912783, 16.431587], [73.912785, 16.431314], [73.911369, 16.431307], [73.911371, 16.431034], [73.911088, 16.431032], [73.911089, 16.430759], [73.910806, 16.430758], [73.910808, 16.430485], [73.910242, 16.430482], [73.910243, 16.430208], [73.90996, 16.430207], [73.909962, 16.429934], [73.909396, 16.429931], [73.909397, 16.429658], [73.908265, 16.429652], [73.908267, 16.429379], [73.907984, 16.429377], [73.907987, 16.428831], [73.907704, 16.428829], [73.907705, 16.428556], [73.907139, 16.428553], [73.907141, 16.42828], [73.906292, 16.428276], [73.906293, 16.428003], [73.90601, 16.428001], [73.906012, 16.427728], [73.905163, 16.427724], [73.905164, 16.42745], [73.904881, 16.427449], [73.904884, 16.426903], [73.904318, 16.4269], [73.90432, 16.426627], [73.903754, 16.426624], [73.903755, 16.42635], [73.903472, 16.426349], [73.903474, 16.426076], [73.903191, 16.426074], [73.903192, 16.425801], [73.902909, 16.4258], [73.902911, 16.425526], [73.902628, 16.425525], [73.902629, 16.425252], [73.902346, 16.42525], [73.902348, 16.424977], [73.902065, 16.424976], [73.902066, 16.424703], [73.901783, 16.424701], [73.901785, 16.424428], [73.901219, 16.424425], [73.90122, 16.424152], [73.900937, 16.42415], [73.900939, 16.423877], [73.900373, 16.423874], [73.900374, 16.423601], [73.900091, 16.4236], [73.900093, 16.423326], [73.89981, 16.423325], [73.899811, 16.423052], [73.899528, 16.42305], [73.899531, 16.422504], [73.898682, 16.4225], [73.898681, 16.422773], [73.897266, 16.422765], [73.897267, 16.422492], [73.896984, 16.422491], [73.896986, 16.422217], [73.896703, 16.422216], [73.896706, 16.42167], [73.895008, 16.421661], [73.895006, 16.421934], [73.89444, 16.421931], [73.894442, 16.421658], [73.893876, 16.421655], [73.893877, 16.421382], [73.893594, 16.42138], [73.893596, 16.421107], [73.893313, 16.421106], [73.893314, 16.420832], [73.893031, 16.420831], [73.893033, 16.420558], [73.89275, 16.420556], [73.892753, 16.42001], [73.89247, 16.420008], [73.892471, 16.419735], [73.891905, 16.419732], [73.891907, 16.419459], [73.891058, 16.419455], [73.891059, 16.419181], [73.890776, 16.41918], [73.890778, 16.418907], [73.890495, 16.418905], [73.890499, 16.418086], [73.890783, 16.418087], [73.890786, 16.417541], [73.890503, 16.41754], [73.890506, 16.416993], [73.890223, 16.416992], [73.890224, 16.416719], [73.889941, 16.416717], [73.889943, 16.416444], [73.889377, 16.416441], [73.889378, 16.416168], [73.888812, 16.416165], [73.888814, 16.415892], [73.888248, 16.415889], [73.888249, 16.415616], [73.887683, 16.415613], [73.887685, 16.415339], [73.88627, 16.415332], [73.886271, 16.415059], [73.88429, 16.415048], [73.884289, 16.415321], [73.882874, 16.415314], [73.882875, 16.415041], [73.882309, 16.415038], [73.882311, 16.414765], [73.880047, 16.414752], [73.880045, 16.415026], [73.879762, 16.415024], [73.879761, 16.415297], [73.879478, 16.415296], [73.879476, 16.415569], [73.879193, 16.415567], [73.879192, 16.415841], [73.878626, 16.415838], [73.878624, 16.416111], [73.878341, 16.416109], [73.878339, 16.416382], [73.878056, 16.416381], [73.878055, 16.416654], [73.877772, 16.416652], [73.87777, 16.416926], [73.877487, 16.416924], [73.877486, 16.417197], [73.87692, 16.417194], [73.876918, 16.417467], [73.876635, 16.417466], [73.876634, 16.417739], [73.876068, 16.417736], [73.876066, 16.418009], [73.875783, 16.418008], [73.875781, 16.418281], [73.875215, 16.418278], [73.875214, 16.418551], [73.874931, 16.418549], [73.874925, 16.419642], [73.874642, 16.41964], [73.87464, 16.419914], [73.874357, 16.419912], [73.874355, 16.420185], [73.873506, 16.420181], [73.873505, 16.420454], [73.872939, 16.420451], [73.872937, 16.420724], [73.872654, 16.420722], [73.872648, 16.421815], [73.873214, 16.421818], [73.873212, 16.422091], [73.873495, 16.422093], [73.873492, 16.422639], [73.873775, 16.422641], [73.873774, 16.422914], [73.874623, 16.422918], [73.874621, 16.423191], [73.874904, 16.423193], [73.874903, 16.423466], [73.875469, 16.423469], [73.875467, 16.423742], [73.87575, 16.423744], [73.875747, 16.42429], [73.875464, 16.424289], [73.875462, 16.424562], [73.875179, 16.42456], [73.875175, 16.42538], [73.875741, 16.425383], [73.875739, 16.425656], [73.876022, 16.425657], [73.876019, 16.426204], [73.875736, 16.426202], [73.875734, 16.426475], [73.876017, 16.426477], [73.876014, 16.427023], [73.876297, 16.427025], [73.876296, 16.427298], [73.876013, 16.427296], [73.876011, 16.427569], [73.876294, 16.427571], [73.876286, 16.428937], [73.876003, 16.428935], [73.876, 16.429482], [73.875434, 16.429479], [73.875429, 16.430298], [73.875712, 16.430299], [73.875703, 16.431938], [73.875986, 16.43194], [73.875983, 16.432486], [73.876266, 16.432488], [73.876264, 16.432761], [73.875981, 16.432759], [73.87598, 16.433033], [73.875697, 16.433031], [73.875695, 16.433304], [73.875412, 16.433303], [73.87541, 16.433576], [73.875127, 16.433574], [73.875126, 16.433847], [73.87456, 16.433844], [73.874558, 16.434118], [73.874275, 16.434116], [73.874274, 16.434389], [73.873991, 16.434388], [73.873987, 16.434934], [73.873704, 16.434932], [73.8737, 16.435752], [73.873417, 16.43575], [73.873407, 16.437389], [73.87369, 16.437391], [73.873685, 16.43821], [73.874252, 16.438213], [73.87425, 16.438486], [73.874533, 16.438488], [73.874531, 16.438761], [73.875098, 16.438764], [73.875096, 16.439037], [73.875662, 16.43904], [73.87566, 16.439314], [73.876227, 16.439317], [73.876225, 16.43959], [73.876508, 16.439591], [73.876506, 16.439864], [73.877356, 16.439869], [73.877354, 16.440142], [73.878769, 16.44015], [73.878768, 16.440423], [73.879617, 16.440427], [73.879615, 16.4407], [73.880181, 16.440704], [73.880173, 16.442069], [73.880456, 16.442071], [73.880453, 16.442617], [73.880736, 16.442619], [73.880733, 16.443165], [73.881016, 16.443166], [73.881013, 16.443713], [73.881862, 16.443717], [73.881861, 16.44399], [73.882427, 16.443993], [73.882425, 16.444267], [73.882991, 16.44427], [73.88299, 16.444543], [73.883273, 16.444544], [73.88327, 16.445091], [73.883553, 16.445092], [73.883551, 16.445365], [73.883834, 16.445367], [73.883833, 16.44564], [73.884116, 16.445641], [73.884113, 16.446188], [73.884396, 16.446189], [73.884394, 16.446462], [73.884677, 16.446464], [73.884676, 16.446737], [73.884959, 16.446739], [73.884957, 16.447012], [73.88524, 16.447013], [73.885239, 16.447286], [73.885805, 16.447289], [73.885802, 16.447836], [73.886085, 16.447837], [73.886083, 16.44811], [73.886366, 16.448112], [73.886363, 16.448658], [73.886646, 16.44866], [73.886643, 16.449206], [73.886926, 16.449207], [73.886924, 16.449481], [73.886358, 16.449478], [73.886355, 16.450024], [73.886638, 16.450025], [73.886637, 16.450299], [73.88692, 16.4503], [73.886918, 16.450573], [73.887767, 16.450578], [73.887766, 16.450851], [73.888332, 16.450854], [73.888334, 16.450581], [73.888617, 16.450582], [73.888615, 16.450855], [73.888898, 16.450857], [73.888892, 16.451949], [73.889175, 16.451951], [73.889173, 16.452224], [73.88889, 16.452223], [73.888887, 16.452769], [73.888604, 16.452767], [73.888603, 16.453041], [73.88832, 16.453039], [73.888318, 16.453312], [73.888035, 16.453311], [73.888033, 16.453584], [73.888316, 16.453585], [73.888315, 16.453859], [73.888881, 16.453862], [73.888884, 16.453315], [73.890299, 16.453323], [73.890303, 16.452776], [73.890869, 16.452779], [73.89087, 16.452506], [73.891436, 16.452509], [73.891435, 16.452782], [73.891718, 16.452784], [73.89171, 16.45415], [73.891993, 16.454151], [73.891992, 16.454424], [73.892275, 16.454426], [73.892273, 16.454699], [73.892556, 16.4547], [73.892553, 16.455247], [73.892836, 16.455248], [73.892835, 16.455521], [73.893118, 16.455523], [73.893113, 16.456342], [73.893396, 16.456344], [73.893393, 16.45689], [73.893676, 16.456892], [73.893674, 16.457165], [73.893958, 16.457166], [73.893954, 16.457713], [73.894238, 16.457714], [73.894236, 16.457987], [73.894519, 16.457989], [73.894516, 16.458535], [73.894799, 16.458537], [73.894796, 16.459083], [73.894513, 16.459081], [73.89451, 16.459628], [73.894227, 16.459626], [73.894224, 16.460172], [73.893941, 16.460171], [73.893937, 16.460717], [73.893654, 16.460716], [73.893653, 16.460989], [73.89337, 16.460987], [73.893368, 16.461261], [73.892802, 16.461258], [73.892799, 16.461804], [73.892516, 16.461802], [73.892514, 16.462076], [73.891948, 16.462073], [73.891945, 16.462619], [73.891379, 16.462616], [73.891376, 16.463162], [73.891093, 16.463161], [73.891088, 16.46398], [73.890522, 16.463977], [73.890523, 16.463704], [73.89024, 16.463703], [73.890239, 16.463976], [73.889107, 16.46397], [73.889105, 16.464243], [73.888822, 16.464241], [73.88882, 16.464514], [73.888537, 16.464513], [73.888536, 16.464786], [73.888253, 16.464785], [73.888239, 16.467243], [73.888522, 16.467245], [73.888515, 16.468337], [73.888799, 16.468339], [73.888797, 16.468612], [73.888514, 16.46861], [73.888511, 16.469157], [73.888228, 16.469155], [73.888225, 16.469701], [73.887941, 16.4697], [73.887938, 16.470246], [73.887655, 16.470245], [73.887652, 16.470791], [73.887369, 16.470789], [73.887368, 16.471063], [73.887084, 16.471061], [73.887083, 16.471334], [73.8868, 16.471333], [73.886798, 16.471606], [73.886515, 16.471604], [73.886514, 16.471878], [73.88623, 16.471876], [73.886229, 16.472149], [73.885946, 16.472148], [73.885944, 16.472421], [73.885661, 16.472419], [73.885658, 16.472966], [73.885375, 16.472964], [73.885373, 16.473237], [73.88509, 16.473236], [73.885089, 16.473509], [73.884806, 16.473507], [73.884803, 16.474054], [73.884519, 16.474052], [73.884518, 16.474325], [73.884235, 16.474324], [73.884233, 16.474597], [73.88395, 16.474596], [73.883945, 16.475415], [73.883662, 16.475413], [73.883655, 16.476779], [73.883938, 16.476781], [73.883933, 16.4776], [73.884216, 16.477602], [73.884213, 16.478148], [73.884496, 16.47815], [73.884488, 16.479515], [73.884771, 16.479517], [73.88476, 16.481429], [73.885043, 16.48143], [73.885042, 16.481704], [73.885325, 16.481705], [73.885323, 16.481978], [73.885607, 16.48198], [73.8856, 16.483072], [73.885883, 16.483074], [73.885882, 16.483347], [73.886165, 16.483348], [73.886162, 16.483895], [73.886445, 16.483896], [73.886443, 16.484169], [73.886726, 16.484171], [73.886725, 16.484444], [73.886442, 16.484443], [73.88644, 16.484716], [73.886723, 16.484717], [73.886722, 16.48499], [73.886439, 16.484989], [73.886437, 16.485262], [73.886154, 16.485261], [73.886152, 16.485534], [73.885869, 16.485532], [73.885868, 16.485805], [73.885585, 16.485804], [73.885582, 16.48635], [73.885015, 16.486347], [73.885014, 16.48662], [73.884731, 16.486619], [73.884726, 16.487438], [73.884443, 16.487437], [73.884441, 16.48771], [73.884158, 16.487708], [73.884153, 16.488528], [73.884437, 16.488529], [73.884435, 16.488802], [73.884718, 16.488804], [73.884717, 16.489077], [73.885849, 16.489083], [73.885847, 16.489356], [73.886131, 16.489358], [73.886129, 16.489631], [73.886412, 16.489632], [73.886411, 16.489906], [73.886694, 16.489907], [73.886687, 16.491], [73.886971, 16.491001], [73.886969, 16.491274], [73.887252, 16.491276], [73.887249, 16.491822], [73.888665, 16.49183], [73.888663, 16.492103], [73.889229, 16.492106], [73.889228, 16.492379], [73.889511, 16.492381], [73.889509, 16.492654], [73.889792, 16.492655], [73.889791, 16.492928], [73.890074, 16.49293], [73.890071, 16.493476], [73.890354, 16.493478], [73.890351, 16.494024], [73.890634, 16.494025], [73.890631, 16.494572], [73.890914, 16.494573], [73.890911, 16.49512], [73.891194, 16.495121], [73.891192, 16.495394], [73.891476, 16.495396], [73.891472, 16.495942], [73.891756, 16.495944], [73.891749, 16.497036], [73.892032, 16.497038], [73.892018, 16.499496], [73.891735, 16.499495], [73.891732, 16.500041], [73.891449, 16.500039], [73.891444, 16.500859], [73.891728, 16.50086], [73.891726, 16.501133], [73.891443, 16.501132], [73.891441, 16.501405], [73.891724, 16.501407], [73.891721, 16.501953], [73.891438, 16.501951], [73.891435, 16.502498], [73.891152, 16.502496], [73.891144, 16.503862], [73.891427, 16.503863], [73.891424, 16.50441], [73.891707, 16.504411], [73.891704, 16.504958], [73.891987, 16.504959], [73.89198, 16.506325], [73.891696, 16.506323], [73.891695, 16.506596], [73.891412, 16.506595], [73.89141, 16.506868], [73.891127, 16.506867], [73.891124, 16.507413], [73.890841, 16.507411], [73.890839, 16.507685], [73.890556, 16.507683], [73.890555, 16.507956], [73.890271, 16.507955], [73.890268, 16.508501], [73.889985, 16.5085], [73.889984, 16.508773], [73.8897, 16.508771], [73.889697, 16.509317], [73.889414, 16.509316], [73.889411, 16.509862], [73.889128, 16.509861], [73.889126, 16.510134], [73.888843, 16.510132], [73.888842, 16.510406], [73.888558, 16.510404], [73.888554, 16.511224], [73.888837, 16.511225], [73.888835, 16.511498], [73.889119, 16.5115], [73.889115, 16.512046], [73.888832, 16.512044], [73.888831, 16.512318], [73.888548, 16.512316], [73.888546, 16.512589], [73.888263, 16.512588], [73.888261, 16.512861], [73.888544, 16.512862], [73.888543, 16.513136], [73.889675, 16.513142], [73.889672, 16.513688], [73.891088, 16.513695], [73.891087, 16.513969], [73.892219, 16.513975], [73.892214, 16.514794], [73.892498, 16.514796], [73.892493, 16.515615], [73.892776, 16.515617], [73.89277, 16.516709], [73.893053, 16.516711], [73.893048, 16.51753], [73.893332, 16.517532], [73.893327, 16.518351], [73.89361, 16.518353], [73.893608, 16.518626], [73.896157, 16.518639], [73.896154, 16.519185], [73.896437, 16.519187], [73.896435, 16.51946], [73.896719, 16.519462], [73.896715, 16.520008], [73.896432, 16.520006], [73.896425, 16.521372], [73.896708, 16.521374], [73.896692, 16.524105], [73.896409, 16.524104], [73.896404, 16.524923], [73.896121, 16.524922], [73.896117, 16.525741], [73.895833, 16.52574], [73.89583, 16.526286], [73.895547, 16.526284], [73.895542, 16.527104], [73.895826, 16.527105], [73.895824, 16.527379], [73.896107, 16.52738], [73.896106, 16.527653], [73.896389, 16.527655], [73.896387, 16.527928], [73.89667, 16.527929], [73.896667, 16.528476], [73.896384, 16.528474], [73.896383, 16.528747], [73.895816, 16.528744], [73.895818, 16.528471], [73.895251, 16.528468], [73.89525, 16.528741], [73.894967, 16.52874], [73.894965, 16.529013], [73.894682, 16.529011], [73.894676, 16.530104], [73.894959, 16.530106], [73.894957, 16.530379], [73.895241, 16.53038], [73.895237, 16.530927], [73.895521, 16.530928], [73.895519, 16.531201], [73.895802, 16.531203], [73.895801, 16.531476], [73.896084, 16.531477], [73.896082, 16.53175], [73.896366, 16.531752], [73.896347, 16.53503], [73.89663, 16.535031], [73.896629, 16.535304], [73.896912, 16.535306], [73.89691, 16.535579], [73.897193, 16.535581], [73.897192, 16.535854], [73.897475, 16.535855], [73.89747, 16.536675], [73.897187, 16.536673], [73.897186, 16.536946], [73.896902, 16.536945], [73.896901, 16.537218], [73.896618, 16.537216], [73.896616, 16.53749], [73.896333, 16.537488], [73.89633, 16.538034], [73.896613, 16.538036], [73.896608, 16.538855], [73.896892, 16.538857], [73.89689, 16.53913], [73.897173, 16.539132], [73.897167, 16.540224], [73.89745, 16.540226], [73.897439, 16.542138], [73.897722, 16.542139], [73.897719, 16.542686], [73.898286, 16.542688], [73.898283, 16.543235], [73.898849, 16.543238], [73.898848, 16.543511], [73.899414, 16.543514], [73.899412, 16.543787], [73.899979, 16.54379], [73.899976, 16.544336], [73.900259, 16.544338], [73.900257, 16.544611], [73.90054, 16.544613], [73.900539, 16.544886], [73.900822, 16.544887], [73.900819, 16.545433], [73.901385, 16.545436], [73.901382, 16.545983], [73.901666, 16.545984], [73.901661, 16.546804], [73.901944, 16.546805], [73.901943, 16.547078], [73.902226, 16.54708], [73.902224, 16.547353], [73.903074, 16.547357], [73.903072, 16.547631], [73.903355, 16.547632], [73.903349, 16.548725], [73.903632, 16.548726], [73.90362, 16.550911], [73.904187, 16.550914], [73.904185, 16.551188], [73.904468, 16.551189], [73.904462, 16.552282], [73.904745, 16.552283], [73.904744, 16.552556], [73.905027, 16.552558], [73.905022, 16.553377], [73.905305, 16.553379], [73.905301, 16.554198], [73.905867, 16.554201], [73.905866, 16.554474], [73.906149, 16.554476], [73.906147, 16.554749], [73.906714, 16.554752], [73.906711, 16.555298], [73.907277, 16.555301], [73.907276, 16.555574], [73.907559, 16.555576], [73.907556, 16.556122], [73.907839, 16.556124], [73.907837, 16.556397], [73.909537, 16.556406], [73.909535, 16.556679], [73.909818, 16.55668], [73.909814, 16.5575], [73.910097, 16.557501], [73.910094, 16.558048], [73.910377, 16.558049], [73.910369, 16.559415], [73.911219, 16.559419], [73.911216, 16.559966], [73.911499, 16.559967], [73.911498, 16.56024], [73.911781, 16.560242], [73.911779, 16.560515], [73.912063, 16.560516], [73.912057, 16.561609], [73.912623, 16.561612], [73.912621, 16.561885], [73.912905, 16.561886], [73.912897, 16.563252], [73.91318, 16.563254], [73.913174, 16.564346], [73.913457, 16.564348], [73.913456, 16.564621], [73.913739, 16.564622], [73.913737, 16.564896], [73.914021, 16.564897], [73.914016, 16.565716], [73.914299, 16.565718], [73.914298, 16.565991], [73.914581, 16.565993], [73.914579, 16.566266], [73.914863, 16.566267], [73.914861, 16.56654], [73.915144, 16.566542], [73.915141, 16.567088], [73.915425, 16.56709], [73.915423, 16.567363], [73.915706, 16.567364], [73.915705, 16.567637], [73.916271, 16.56764], [73.91627, 16.567914], [73.916836, 16.567916], [73.916835, 16.56819], [73.917118, 16.568191], [73.917116, 16.568464], [73.917683, 16.568467], [73.91768, 16.569013], [73.917963, 16.569015], [73.917961, 16.569288], [73.918245, 16.56929], [73.918243, 16.569563], [73.918526, 16.569564], [73.918525, 16.569837], [73.918808, 16.569839], [73.918807, 16.570112], [73.91909, 16.570113], [73.919088, 16.570387], [73.919372, 16.570388], [73.91937, 16.570661], [73.919653, 16.570663], [73.919652, 16.570936], [73.919935, 16.570937], [73.919933, 16.57121], [73.920217, 16.571212], [73.920215, 16.571485], [73.920498, 16.571487], [73.920497, 16.57176], [73.92078, 16.571761], [73.920776, 16.572581], [73.921059, 16.572582], [73.921054, 16.573402], [73.921337, 16.573403], [73.921331, 16.574496], [73.921615, 16.574497], [73.921613, 16.57477], [73.921896, 16.574772], [73.921892, 16.575591], [73.922175, 16.575593], [73.922172, 16.576139], [73.922455, 16.57614], [73.922449, 16.577233], [73.922732, 16.577235], [73.922729, 16.577781], [73.923013, 16.577782], [73.923011, 16.578055], [73.923294, 16.578057], [73.92329, 16.578876], [73.923573, 16.578878], [73.923568, 16.579697], [73.923852, 16.579699], [73.92385, 16.579972], [73.924133, 16.579973], [73.924129, 16.580793], [73.923846, 16.580791], [73.923843, 16.581338], [73.924126, 16.581339], [73.924123, 16.581885], [73.924406, 16.581887], [73.924397, 16.583526], [73.92468, 16.583527], [73.924679, 16.5838], [73.924962, 16.583802], [73.924959, 16.584348], [73.925242, 16.58435], [73.925241, 16.584623], [73.925524, 16.584624], [73.925522, 16.584897], [73.925806, 16.584899], [73.925804, 16.585172], [73.926087, 16.585174], [73.926086, 16.585447], [73.926652, 16.58545], [73.926651, 16.585723], [73.927784, 16.585729], [73.927782, 16.586002], [73.929482, 16.58601], [73.92948, 16.586284], [73.93033, 16.586288], [73.930332, 16.586015], [73.932598, 16.586026], [73.932596, 16.5863], [73.93288, 16.586301], [73.932878, 16.586574], [73.933161, 16.586576], [73.93316, 16.586849], [73.93401, 16.586853], [73.934008, 16.587126], [73.934291, 16.587128], [73.93429, 16.587401], [73.934573, 16.587402], [73.93457, 16.587949], [73.935703, 16.587955], [73.9357, 16.588501], [73.93655, 16.588505], [73.936548, 16.588778], [73.936832, 16.58878], [73.936829, 16.589326], [73.937112, 16.589328], [73.937107, 16.590147], [73.937391, 16.590148], [73.937385, 16.591241], [73.937951, 16.591244], [73.93795, 16.591517], [73.938516, 16.59152], [73.938515, 16.591793], [73.938798, 16.591795], [73.938797, 16.592068], [73.93908, 16.592069], [73.939078, 16.592342], [73.939362, 16.592344], [73.939357, 16.593163], [73.939074, 16.593162], [73.939072, 16.593435], [73.938789, 16.593434], [73.938786, 16.59398], [73.939069, 16.593981], [73.939068, 16.594254], [73.939634, 16.594257], [73.939633, 16.59453], [73.939916, 16.594532], [73.939904, 16.596717], [73.940187, 16.596719], [73.940186, 16.596992], [73.940469, 16.596993], [73.940468, 16.597266], [73.940751, 16.597268], [73.940749, 16.597541], [73.941033, 16.597542], [73.941031, 16.597816], [73.941315, 16.597817], [73.941312, 16.598363], [73.941595, 16.598365], [73.941593, 16.598638], [73.941877, 16.598639], [73.941875, 16.598912], [73.942442, 16.598915], [73.94244, 16.599189], [73.942723, 16.59919], [73.942722, 16.599463], [73.943572, 16.599467], [73.94357, 16.599741], [73.944137, 16.599743], [73.944135, 16.600017], [73.944985, 16.600021], [73.944984, 16.600294], [73.94555, 16.600297], [73.945541, 16.601936], [73.945825, 16.601937], [73.945819, 16.60303], [73.946102, 16.603031], [73.946099, 16.603578], [73.946382, 16.603579], [73.946379, 16.604125], [73.946663, 16.604127], [73.946657, 16.605219], [73.94694, 16.605221], [73.946935, 16.60604], [73.947219, 16.606042], [73.947214, 16.606861], [73.947498, 16.606863], [73.947496, 16.607136], [73.947779, 16.607137], [73.947778, 16.60741], [73.948061, 16.607412], [73.948058, 16.607958], [73.948625, 16.607961], [73.948622, 16.608507], [73.948905, 16.608509], [73.948904, 16.608782], [73.949187, 16.608783], [73.949185, 16.609057], [73.949469, 16.609058], [73.949466, 16.609604], [73.949749, 16.609606], [73.949748, 16.609879], [73.950031, 16.60988], [73.950028, 16.610427], [73.950311, 16.610428], [73.95031, 16.610701], [73.950593, 16.610703], [73.95059, 16.611249], [73.950873, 16.61125], [73.950872, 16.611524], [73.951155, 16.611525], [73.951152, 16.612071], [73.951435, 16.612073], [73.951434, 16.612346], [73.951717, 16.612347], [73.951716, 16.61262], [73.952282, 16.612623], [73.952279, 16.61317], [73.952563, 16.613171], [73.952561, 16.613444], [73.952845, 16.613446], [73.952843, 16.613719], [73.953976, 16.613724], [73.953975, 16.613998], [73.954258, 16.613999], [73.954257, 16.614272], [73.955107, 16.614276], [73.955105, 16.61455], [73.955388, 16.614551], [73.955387, 16.614824], [73.95652, 16.61483], [73.956522, 16.614557], [73.957372, 16.614561], [73.95737, 16.614834], [73.95822, 16.614838], [73.958221, 16.614565], [73.958505, 16.614567], [73.958506, 16.614294], [73.958789, 16.614295], [73.958791, 16.614022], [73.959358, 16.614025], [73.959359, 16.613751], [73.959642, 16.613753], [73.959641, 16.614026], [73.959924, 16.614027], [73.959921, 16.614574], [73.960488, 16.614577], [73.960489, 16.614303], [73.963322, 16.614318], [73.963321, 16.614591], [73.963604, 16.614592], [73.963601, 16.615139], [73.963885, 16.61514], [73.963883, 16.615413], [73.964733, 16.615417], [73.964734, 16.615144], [73.965868, 16.61515], [73.965866, 16.615423], [73.96615, 16.615424], [73.966148, 16.615698], [73.966431, 16.615699], [73.96643, 16.615972], [73.966147, 16.615971], [73.966142, 16.61679], [73.966426, 16.616792], [73.966424, 16.617065], [73.966707, 16.617066], [73.966706, 16.617339], [73.966989, 16.617341], [73.966991, 16.617068], [73.967274, 16.617069], [73.967277, 16.616523], [73.96756, 16.616524], [73.967562, 16.616251], [73.968695, 16.616256], [73.968691, 16.617076], [73.968974, 16.617077], [73.968971, 16.617624], [73.969254, 16.617625], [73.969253, 16.617898], [73.968969, 16.617897], [73.968968, 16.61817], [73.968685, 16.618169], [73.968682, 16.618715], [73.968398, 16.618713], [73.968393, 16.619806], [73.968109, 16.619805], [73.968108, 16.620078], [73.968391, 16.620079], [73.968388, 16.620626], [73.968672, 16.620627], [73.96867, 16.6209], [73.969237, 16.620903], [73.969238, 16.62063], [73.969805, 16.620633], [73.969803, 16.620906], [73.970937, 16.620911], [73.970935, 16.621185], [73.971218, 16.621186], [73.971202, 16.624191], [73.970919, 16.624189], [73.970918, 16.624462], [73.971484, 16.624465], [73.971483, 16.624738], [73.97205, 16.624741], [73.972048, 16.625014], [73.972615, 16.625017], [73.972613, 16.62529], [73.97318, 16.625293], [73.973174, 16.626386], [73.972891, 16.626384], [73.972889, 16.626657], [73.972606, 16.626656], [73.972603, 16.627202], [73.97232, 16.627201], [73.972317, 16.627747], [73.972034, 16.627746], [73.972031, 16.628292], [73.971747, 16.628291], [73.971746, 16.628564], [73.972029, 16.628565], [73.972028, 16.628839], [73.973444, 16.628846], [73.973443, 16.629119], [73.973726, 16.62912], [73.973725, 16.629393], [73.974008, 16.629395], [73.974007, 16.629668], [73.974573, 16.629671], [73.974572, 16.629944], [73.974855, 16.629945], [73.974854, 16.630218], [73.975137, 16.63022], [73.975136, 16.630493], [73.975419, 16.630494], [73.975417, 16.630767], [73.975701, 16.630769], [73.975699, 16.631042], [73.975983, 16.631043], [73.975981, 16.631317], [73.976265, 16.631318], [73.976259, 16.632411], [73.976542, 16.632412], [73.976541, 16.632685], [73.976824, 16.632687], [73.97682, 16.633506], [73.977103, 16.633507], [73.977097, 16.6346], [73.97738, 16.634601], [73.977375, 16.635694], [73.977658, 16.635695], [73.977655, 16.636242], [73.977938, 16.636243], [73.977931, 16.637609], [73.977648, 16.637608], [73.977646, 16.637881], [73.97793, 16.637882], [73.977928, 16.638155], [73.978495, 16.638158], [73.978492, 16.638704], [73.979342, 16.638708], [73.979341, 16.638982], [73.979624, 16.638983], [73.979621, 16.639529], [73.979904, 16.639531], [73.979903, 16.639804], [73.980186, 16.639805], [73.980182, 16.640625], [73.980465, 16.640626], [73.980464, 16.640899], [73.980747, 16.640901], [73.980743, 16.64172], [73.98131, 16.641723], [73.981307, 16.642269], [73.98159, 16.642271], [73.981589, 16.642544], [73.981872, 16.642545], [73.981868, 16.643365], [73.982151, 16.643366], [73.982148, 16.643912], [73.982431, 16.643914], [73.98243, 16.644187], [73.982713, 16.644188], [73.982712, 16.644461], [73.983279, 16.644464], [73.983277, 16.644737], [73.984127, 16.644742], [73.984126, 16.645015], [73.984409, 16.645016], [73.984408, 16.645289], [73.985258, 16.645293], [73.985256, 16.645567], [73.98554, 16.645568], [73.985535, 16.646387], [73.985819, 16.646389], [73.985816, 16.646935], [73.985533, 16.646934], [73.985531, 16.647207], [73.985814, 16.647208], [73.98581, 16.648028], [73.986093, 16.648029], [73.986089, 16.648849], [73.985806, 16.648847], [73.985799, 16.650213], [73.985515, 16.650212], [73.985514, 16.650485], [73.98523, 16.650483], [73.985229, 16.650757], [73.985512, 16.650758], [73.98551, 16.651304], [73.985793, 16.651306], [73.98579, 16.651852], [73.986357, 16.651855], [73.986355, 16.652128], [73.986639, 16.652129], [73.986637, 16.652402], [73.987487, 16.652407], [73.987486, 16.65268], [73.989186, 16.652688], [73.989185, 16.652961], [73.989751, 16.652964], [73.98975, 16.653237], [73.990883, 16.653243], [73.990882, 16.653516], [73.991449, 16.653519], [73.991444, 16.654338], [73.991728, 16.654339], [73.991722, 16.655432], [73.992005, 16.655433], [73.992004, 16.655707], [73.992287, 16.655708], [73.992284, 16.656254], [73.992568, 16.656256], [73.992565, 16.656802], [73.992848, 16.656803], [73.992845, 16.65735], [73.993129, 16.657351], [73.993126, 16.657897], [73.993409, 16.657899], [73.993399, 16.659811], [73.993683, 16.659812], [73.99368, 16.660358], [73.993963, 16.66036], [73.993955, 16.661999], [73.994238, 16.662], [73.994235, 16.662546], [73.994519, 16.662548], [73.994517, 16.662821], [73.994801, 16.662822], [73.994799, 16.663096], [73.995082, 16.663097], [73.995081, 16.66337], [73.995931, 16.663374], [73.99593, 16.663647], [73.996497, 16.66365], [73.996495, 16.663923], [73.997062, 16.663926], [73.997059, 16.664472], [73.997342, 16.664474], [73.99734, 16.66502], [73.997623, 16.665021], [73.997622, 16.665295], [73.997905, 16.665296], [73.997902, 16.665842], [73.998185, 16.665844], [73.998184, 16.666117], [73.998751, 16.666119], [73.998749, 16.666393], [73.9996, 16.666397], [73.999601, 16.666124], [74.000451, 16.666128], [74.000448, 16.666674], [74.000165, 16.666673], [74.000163, 16.666946], [74.000447, 16.666947], [74.000445, 16.66722], [74.001296, 16.667224], [74.001294, 16.667498], [74.001578, 16.667499], [74.001576, 16.667772], [74.001859, 16.667773], [74.001861, 16.6675], [74.002428, 16.667503], [74.002425, 16.668049], [74.002708, 16.668051], [74.002707, 16.668324], [74.00299, 16.668325], [74.002989, 16.668598], [74.003556, 16.668601], [74.003554, 16.668874], [74.003838, 16.668876], [74.003836, 16.669149], [74.004686, 16.669153], [74.004685, 16.669426], [74.004968, 16.669427], [74.004967, 16.669701], [74.00525, 16.669702], [74.005247, 16.670248], [74.005531, 16.67025], [74.005529, 16.670523], [74.005813, 16.670524], [74.005811, 16.670797], [74.008078, 16.670808], [74.008077, 16.671081], [74.008927, 16.671085], [74.008926, 16.671359], [74.009776, 16.671363], [74.009775, 16.671636], [74.010341, 16.671638], [74.01034, 16.671912], [74.010907, 16.671914], [74.010905, 16.672187], [74.011472, 16.67219], [74.011471, 16.672463], [74.012038, 16.672466], [74.012036, 16.672739], [74.01232, 16.672741], [74.012318, 16.673014], [74.013168, 16.673018], [74.013167, 16.673291], [74.0143, 16.673296], [74.014299, 16.673569], [74.016283, 16.673579], [74.016281, 16.673852], [74.016565, 16.673853], [74.016563, 16.674127], [74.016847, 16.674128], [74.016845, 16.674401], [74.017412, 16.674404], [74.017411, 16.674677], [74.017978, 16.67468], [74.017976, 16.674953], [74.01826, 16.674954], [74.018258, 16.675227], [74.018825, 16.67523], [74.018824, 16.675503], [74.019107, 16.675504], [74.019106, 16.675778], [74.019389, 16.675779], [74.019386, 16.676325], [74.01967, 16.676327], [74.019668, 16.6766], [74.020518, 16.676604], [74.020516, 16.67715], [74.020799, 16.677151], [74.020798, 16.677425], [74.021081, 16.677426], [74.021078, 16.677972], [74.021362, 16.677974], [74.02136, 16.678247], [74.021644, 16.678248], [74.021642, 16.678521], [74.021926, 16.678523], [74.021923, 16.679069], [74.022206, 16.67907], [74.022204, 16.679617], [74.022487, 16.679618], [74.022486, 16.679891], [74.022769, 16.679892], [74.022768, 16.680166], [74.023051, 16.680167], [74.02305, 16.68044], [74.023333, 16.680441], [74.023332, 16.680715], [74.023615, 16.680716], [74.023612, 16.681262], [74.023896, 16.681264], [74.023892, 16.682083], [74.023608, 16.682082], [74.023604, 16.682901], [74.024738, 16.682907], [74.024735, 16.683453], [74.025018, 16.683454], [74.025017, 16.683727], [74.026434, 16.683734], [74.026431, 16.68428], [74.026715, 16.684282], [74.026712, 16.684828], [74.026995, 16.684829], [74.026994, 16.685102], [74.027844, 16.685106], [74.027841, 16.685653], [74.028125, 16.685654], [74.028122, 16.6862], [74.028405, 16.686202], [74.028404, 16.686475], [74.028687, 16.686476], [74.028682, 16.687569], [74.028965, 16.68757], [74.028963, 16.688117], [74.029246, 16.688118], [74.029243, 16.688664], [74.029527, 16.688666], [74.029525, 16.688939], [74.029809, 16.68894], [74.029807, 16.689213], [74.030374, 16.689216], [74.030373, 16.689489], [74.030656, 16.68949], [74.030653, 16.690037], [74.03122, 16.690039], [74.031219, 16.690312], [74.031786, 16.690315], [74.031783, 16.690861], [74.032066, 16.690863], [74.032065, 16.691136], [74.032915, 16.69114], [74.032914, 16.691413], [74.033197, 16.691414], [74.033196, 16.691688], [74.03433, 16.691693], [74.034328, 16.691966], [74.034895, 16.691969], [74.034894, 16.692242]]]]}}, {"type": "Feature", "properties": {"name": "S9", "long_len": 70253.35293075244, "long_slo": 0.003864584232266, "cent_len": 35821.92129077543, "cent_slo": 0.000293116606303, "10_85_len": 52690.0146980648, "10_85_slo": 0.000759157123588, "basin_slo": 0.133107836516424, "basin_rel": 476.0, "elong_ra": 0.307681101480785, "relief_ra": 0.006775477328024, "drain_den": 0.039242459102069, "len_units": "Metre"}, "geometry": {"type": "MultiPolygon", "coordinates": [[[[74.152151, 16.647135], [74.152718, 16.647138], [74.152719, 16.646864], [74.153569, 16.646868], [74.153573, 16.646048], [74.153856, 16.64605], [74.153861, 16.644957], [74.154144, 16.644958], [74.154145, 16.644685], [74.154429, 16.644686], [74.15443, 16.644413], [74.154713, 16.644414], [74.154712, 16.644687], [74.155562, 16.644691], [74.155564, 16.644144], [74.155848, 16.644145], [74.15585, 16.643599], [74.156134, 16.6436], [74.156136, 16.643054], [74.156703, 16.643056], [74.156704, 16.642783], [74.156987, 16.642784], [74.156986, 16.643057], [74.158686, 16.643064], [74.158687, 16.642791], [74.159254, 16.642793], [74.159255, 16.64252], [74.159539, 16.642521], [74.15954, 16.642248], [74.159823, 16.642249], [74.159824, 16.641976], [74.160391, 16.641978], [74.160394, 16.641432], [74.160677, 16.641433], [74.160678, 16.64116], [74.160961, 16.641161], [74.160964, 16.640615], [74.161247, 16.640616], [74.161248, 16.640343], [74.161815, 16.640345], [74.161816, 16.640072], [74.162383, 16.640074], [74.162384, 16.639801], [74.162668, 16.639802], [74.16267, 16.639256], [74.163803, 16.639261], [74.163805, 16.638987], [74.164371, 16.63899], [74.164372, 16.638716], [74.164939, 16.638719], [74.16494, 16.638446], [74.165507, 16.638448], [74.165501, 16.639814], [74.165784, 16.639815], [74.165783, 16.640088], [74.166633, 16.640091], [74.166632, 16.640365], [74.167482, 16.640368], [74.167481, 16.640641], [74.167764, 16.640642], [74.167762, 16.641189], [74.168045, 16.64119], [74.168044, 16.641463], [74.169744, 16.64147], [74.169746, 16.641197], [74.172012, 16.641206], [74.172014, 16.640932], [74.172297, 16.640934], [74.172298, 16.64066], [74.172582, 16.640662], [74.172584, 16.640115], [74.172867, 16.640116], [74.172868, 16.639843], [74.173718, 16.639847], [74.173722, 16.639027], [74.174855, 16.639032], [74.174857, 16.638758], [74.175423, 16.638761], [74.175424, 16.638487], [74.175991, 16.63849], [74.17599, 16.638763], [74.17684, 16.638766], [74.176839, 16.639039], [74.177406, 16.639042], [74.177407, 16.638769], [74.178257, 16.638772], [74.178259, 16.638226], [74.178826, 16.638228], [74.178827, 16.637955], [74.17911, 16.637956], [74.179113, 16.637409], [74.179396, 16.637411], [74.1794, 16.636591], [74.179683, 16.636592], [74.179684, 16.636319], [74.180818, 16.636323], [74.180819, 16.63605], [74.181669, 16.636054], [74.181668, 16.636327], [74.182234, 16.636329], [74.182235, 16.636056], [74.182519, 16.636057], [74.182521, 16.635511], [74.182804, 16.635512], [74.182806, 16.635239], [74.183089, 16.63524], [74.183091, 16.634693], [74.183375, 16.634694], [74.183376, 16.634421], [74.183659, 16.634422], [74.18366, 16.634149], [74.183944, 16.63415], [74.183945, 16.633877], [74.184795, 16.63388], [74.184797, 16.633334], [74.185647, 16.633337], [74.185649, 16.632791], [74.185933, 16.632792], [74.185934, 16.632519], [74.186217, 16.63252], [74.186218, 16.632247], [74.186502, 16.632248], [74.186503, 16.631975], [74.186786, 16.631976], [74.186789, 16.63143], [74.187355, 16.631432], [74.187356, 16.631159], [74.18764, 16.63116], [74.187639, 16.631433], [74.187922, 16.631434], [74.187921, 16.631707], [74.188771, 16.631711], [74.188774, 16.630891], [74.189908, 16.630896], [74.189909, 16.630622], [74.190192, 16.630623], [74.190196, 16.629804], [74.191896, 16.629811], [74.191895, 16.630084], [74.192745, 16.630087], [74.192743, 16.63036], [74.193027, 16.630361], [74.193026, 16.630635], [74.193309, 16.630636], [74.193308, 16.630909], [74.193591, 16.63091], [74.193595, 16.63009], [74.193311, 16.630089], [74.193315, 16.62927], [74.193031, 16.629269], [74.193034, 16.628722], [74.19275, 16.628721], [74.192753, 16.628175], [74.193319, 16.628177], [74.193323, 16.627358], [74.193889, 16.62736], [74.193899, 16.625174], [74.194182, 16.625175], [74.194184, 16.624629], [74.193901, 16.624628], [74.193905, 16.623535], [74.194472, 16.623538], [74.194473, 16.623264], [74.19504, 16.623267], [74.195041, 16.622993], [74.195324, 16.622994], [74.195323, 16.623268], [74.19589, 16.62327], [74.195889, 16.623543], [74.196455, 16.623545], [74.196457, 16.623272], [74.197023, 16.623274], [74.197024, 16.623001], [74.196741, 16.623], [74.196744, 16.62218], [74.197028, 16.622182], [74.197029, 16.621908], [74.197312, 16.621909], [74.197313, 16.621636], [74.19788, 16.621638], [74.197882, 16.621092], [74.198449, 16.621094], [74.198451, 16.620548], [74.198735, 16.620549], [74.198737, 16.620003], [74.19902, 16.620004], [74.199022, 16.619457], [74.198739, 16.619456], [74.19874, 16.619183], [74.199024, 16.619184], [74.199025, 16.618911], [74.200441, 16.618917], [74.200448, 16.617278], [74.200165, 16.617276], [74.200166, 16.617003], [74.201583, 16.617009], [74.201587, 16.615916], [74.20187, 16.615917], [74.201874, 16.615098], [74.20159, 16.615096], [74.201592, 16.614823], [74.201308, 16.614822], [74.201311, 16.614276], [74.200744, 16.614274], [74.200745, 16.614001], [74.200462, 16.613999], [74.200463, 16.613726], [74.200179, 16.613725], [74.200181, 16.613452], [74.199897, 16.613451], [74.1999, 16.612905], [74.199616, 16.612903], [74.199619, 16.612357], [74.199052, 16.612355], [74.199053, 16.612082], [74.19877, 16.612081], [74.198771, 16.611808], [74.198488, 16.611806], [74.198489, 16.611533], [74.198205, 16.611532], [74.198208, 16.610986], [74.197924, 16.610985], [74.197925, 16.610712], [74.197642, 16.61071], [74.197643, 16.610437], [74.19736, 16.610436], [74.197363, 16.609617], [74.196797, 16.609614], [74.196798, 16.609341], [74.196514, 16.60934], [74.196516, 16.609067], [74.196232, 16.609066], [74.196233, 16.608793], [74.195384, 16.608789], [74.195382, 16.609063], [74.194532, 16.609059], [74.194534, 16.608786], [74.19425, 16.608785], [74.194251, 16.608512], [74.193685, 16.60851], [74.193686, 16.608237], [74.193403, 16.608235], [74.193404, 16.607962], [74.193687, 16.607963], [74.19369, 16.607144], [74.193407, 16.607143], [74.193409, 16.606596], [74.193126, 16.606595], [74.193127, 16.606322], [74.192844, 16.606321], [74.192845, 16.606048], [74.192562, 16.606047], [74.192563, 16.605774], [74.19228, 16.605772], [74.192281, 16.605499], [74.191997, 16.605498], [74.192, 16.604952], [74.192283, 16.604953], [74.192285, 16.604407], [74.192002, 16.604405], [74.192003, 16.604132], [74.19172, 16.604131], [74.191722, 16.603585], [74.190872, 16.603582], [74.190873, 16.603308], [74.19059, 16.603307], [74.190591, 16.603034], [74.190025, 16.603032], [74.190027, 16.602486], [74.189744, 16.602484], [74.189745, 16.602211], [74.189461, 16.60221], [74.189463, 16.601937], [74.189179, 16.601936], [74.18918, 16.601663], [74.188897, 16.601662], [74.188898, 16.601388], [74.188615, 16.601387], [74.188616, 16.601114], [74.188333, 16.601113], [74.188334, 16.60084], [74.188051, 16.600839], [74.188053, 16.600292], [74.18777, 16.600291], [74.187771, 16.600018], [74.187487, 16.600017], [74.187489, 16.599744], [74.187205, 16.599743], [74.187206, 16.59947], [74.186923, 16.599468], [74.186928, 16.598376], [74.187211, 16.598377], [74.187215, 16.597557], [74.186931, 16.597556], [74.186934, 16.59701], [74.18665, 16.597009], [74.186651, 16.596736], [74.186368, 16.596735], [74.186372, 16.595915], [74.186088, 16.595914], [74.186089, 16.595641], [74.185806, 16.59564], [74.185807, 16.595366], [74.185524, 16.595365], [74.185525, 16.595092], [74.185242, 16.595091], [74.185246, 16.593998], [74.18468, 16.593996], [74.184681, 16.593723], [74.184398, 16.593722], [74.184403, 16.592356], [74.18412, 16.592355], [74.184121, 16.592082], [74.183838, 16.592081], [74.183841, 16.591261], [74.183558, 16.59126], [74.183559, 16.590987], [74.183276, 16.590986], [74.183277, 16.590713], [74.182994, 16.590711], [74.182996, 16.590165], [74.182146, 16.590162], [74.182148, 16.589889], [74.181864, 16.589887], [74.181865, 16.589614], [74.181582, 16.589613], [74.181583, 16.58934], [74.1813, 16.589339], [74.181301, 16.589066], [74.181018, 16.589065], [74.181019, 16.588791], [74.180736, 16.58879], [74.180738, 16.588244], [74.180171, 16.588242], [74.180173, 16.587969], [74.179889, 16.587967], [74.179888, 16.588241], [74.179605, 16.588239], [74.179604, 16.588513], [74.179037, 16.58851], [74.179038, 16.588237], [74.178755, 16.588236], [74.178757, 16.58769], [74.177908, 16.587686], [74.177909, 16.587413], [74.177625, 16.587412], [74.177628, 16.586866], [74.177344, 16.586865], [74.177346, 16.586591], [74.177062, 16.58659], [74.177063, 16.586317], [74.177347, 16.586318], [74.177354, 16.584679], [74.176787, 16.584677], [74.176788, 16.584404], [74.176222, 16.584402], [74.176223, 16.584128], [74.17594, 16.584127], [74.175943, 16.583308], [74.17651, 16.58331], [74.176511, 16.583037], [74.177077, 16.583039], [74.177079, 16.582766], [74.177362, 16.582767], [74.177371, 16.580582], [74.177088, 16.580581], [74.177093, 16.579488], [74.177376, 16.579489], [74.177377, 16.579216], [74.17766, 16.579217], [74.177663, 16.578671], [74.177946, 16.578672], [74.177949, 16.577852], [74.177666, 16.577851], [74.177668, 16.577305], [74.177385, 16.577304], [74.177387, 16.576757], [74.176821, 16.576755], [74.176822, 16.576482], [74.176539, 16.576481], [74.17654, 16.576208], [74.17569, 16.576204], [74.175691, 16.575931], [74.175408, 16.57593], [74.175409, 16.575657], [74.174843, 16.575654], [74.174844, 16.575381], [74.173428, 16.575376], [74.173426, 16.575649], [74.173143, 16.575648], [74.173144, 16.575375], [74.172861, 16.575373], [74.172862, 16.5751], [74.172579, 16.575099], [74.172581, 16.574553], [74.172298, 16.574552], [74.172299, 16.574278], [74.172016, 16.574277], [74.172018, 16.573731], [74.171735, 16.57373], [74.171738, 16.57291], [74.171455, 16.572909], [74.171458, 16.572363], [74.171174, 16.572362], [74.171175, 16.572089], [74.170042, 16.572084], [74.170044, 16.571811], [74.169477, 16.571809], [74.169476, 16.572082], [74.168909, 16.57208], [74.168911, 16.571806], [74.168627, 16.571805], [74.168628, 16.571532], [74.168062, 16.57153], [74.168063, 16.571257], [74.16778, 16.571256], [74.167781, 16.570982], [74.167498, 16.570981], [74.1675, 16.570435], [74.168067, 16.570437], [74.168068, 16.570164], [74.168351, 16.570165], [74.168352, 16.569892], [74.168635, 16.569893], [74.16864, 16.5688], [74.168357, 16.568799], [74.168359, 16.568253], [74.167793, 16.568251], [74.167795, 16.567704], [74.167512, 16.567703], [74.167513, 16.56743], [74.16723, 16.567429], [74.167236, 16.566063], [74.166952, 16.566062], [74.166954, 16.565789], [74.166387, 16.565786], [74.166388, 16.565513], [74.166105, 16.565512], [74.166107, 16.564966], [74.165824, 16.564965], [74.165826, 16.564418], [74.165543, 16.564417], [74.165544, 16.564144], [74.165828, 16.564145], [74.16583, 16.563599], [74.165547, 16.563598], [74.165548, 16.563324], [74.164698, 16.563321], [74.164699, 16.563048], [74.164133, 16.563046], [74.164136, 16.562226], [74.163853, 16.562225], [74.163854, 16.561952], [74.163005, 16.561948], [74.163003, 16.562222], [74.16272, 16.56222], [74.162719, 16.562494], [74.161869, 16.56249], [74.161868, 16.562763], [74.161302, 16.562761], [74.161303, 16.562488], [74.16102, 16.562487], [74.161021, 16.562214], [74.159605, 16.562208], [74.159606, 16.561935], [74.158473, 16.56193], [74.158474, 16.561657], [74.157907, 16.561655], [74.157906, 16.561928], [74.15734, 16.561926], [74.157339, 16.562199], [74.157055, 16.562198], [74.157054, 16.562471], [74.155638, 16.562465], [74.155637, 16.562738], [74.155353, 16.562737], [74.155352, 16.56301], [74.155069, 16.563009], [74.155068, 16.563282], [74.154785, 16.563281], [74.154786, 16.563008], [74.153936, 16.563004], [74.153941, 16.561912], [74.153658, 16.561911], [74.153661, 16.561091], [74.153378, 16.56109], [74.153382, 16.56027], [74.153098, 16.560269], [74.153097, 16.560542], [74.152814, 16.560541], [74.152815, 16.560268], [74.152532, 16.560267], [74.152533, 16.559994], [74.15225, 16.559993], [74.152251, 16.559719], [74.151684, 16.559717], [74.151686, 16.559444], [74.150269, 16.559438], [74.150272, 16.558892], [74.149989, 16.558891], [74.14999, 16.558618], [74.149707, 16.558616], [74.149709, 16.55807], [74.149426, 16.558069], [74.149427, 16.557796], [74.148011, 16.55779], [74.14801, 16.558063], [74.147726, 16.558062], [74.147725, 16.558335], [74.147159, 16.558333], [74.147157, 16.558606], [74.146308, 16.558603], [74.146309, 16.558329], [74.146026, 16.558328], [74.146029, 16.557509], [74.146313, 16.55751], [74.146315, 16.556963], [74.146598, 16.556965], [74.146599, 16.556691], [74.146316, 16.55669], [74.146319, 16.556144], [74.146035, 16.556143], [74.146037, 16.55587], [74.14547, 16.555867], [74.145475, 16.554775], [74.145192, 16.554773], [74.145193, 16.5545], [74.14491, 16.554499], [74.144911, 16.554226], [74.144628, 16.554225], [74.144626, 16.554498], [74.143777, 16.554494], [74.14378, 16.553675], [74.143497, 16.553674], [74.1435, 16.553127], [74.143216, 16.553126], [74.143218, 16.552853], [74.142368, 16.55285], [74.142377, 16.550664], [74.142094, 16.550663], [74.142095, 16.55039], [74.141812, 16.550389], [74.141813, 16.550116], [74.14153, 16.550114], [74.141529, 16.550388], [74.141246, 16.550386], [74.141245, 16.55066], [74.140961, 16.550658], [74.14096, 16.550932], [74.139544, 16.550926], [74.139546, 16.550379], [74.139263, 16.550378], [74.139266, 16.549832], [74.138982, 16.549831], [74.138984, 16.549558], [74.1387, 16.549556], [74.138702, 16.549283], [74.138418, 16.549282], [74.13842, 16.549009], [74.137853, 16.549007], [74.137854, 16.548733], [74.137571, 16.548732], [74.137572, 16.548459], [74.137289, 16.548458], [74.13729, 16.548185], [74.134741, 16.548174], [74.134743, 16.547901], [74.134176, 16.547899], [74.134177, 16.547625], [74.134461, 16.547627], [74.13447, 16.545441], [74.134187, 16.54544], [74.13419, 16.544894], [74.134473, 16.544895], [74.134475, 16.544349], [74.135042, 16.544351], [74.135044, 16.543805], [74.135327, 16.543806], [74.135329, 16.543533], [74.135612, 16.543534], [74.135613, 16.543261], [74.135896, 16.543262], [74.135897, 16.542989], [74.135614, 16.542987], [74.135615, 16.542714], [74.135332, 16.542713], [74.135337, 16.54162], [74.135054, 16.541619], [74.135055, 16.541346], [74.134772, 16.541345], [74.134774, 16.540799], [74.134208, 16.540796], [74.13421, 16.54025], [74.134494, 16.540251], [74.1345, 16.538885], [74.134216, 16.538884], [74.134224, 16.537245], [74.134507, 16.537246], [74.134508, 16.536973], [74.134225, 16.536972], [74.134226, 16.536699], [74.133943, 16.536697], [74.133945, 16.536151], [74.133379, 16.536149], [74.133381, 16.535602], [74.133948, 16.535605], [74.133949, 16.535332], [74.134232, 16.535333], [74.134236, 16.534513], [74.133953, 16.534512], [74.133954, 16.534239], [74.133671, 16.534238], [74.133673, 16.533691], [74.13339, 16.53369], [74.133391, 16.533417], [74.133108, 16.533416], [74.133109, 16.533143], [74.132543, 16.53314], [74.132546, 16.532321], [74.13283, 16.532322], [74.132832, 16.531776], [74.133115, 16.531777], [74.133118, 16.53123], [74.133401, 16.531232], [74.133402, 16.530958], [74.133119, 16.530957], [74.13312, 16.530684], [74.132837, 16.530683], [74.132838, 16.53041], [74.133121, 16.530411], [74.133129, 16.528772], [74.132845, 16.528771], [74.132847, 16.528498], [74.13228, 16.528495], [74.132282, 16.528222], [74.130299, 16.528214], [74.130302, 16.527667], [74.130018, 16.527666], [74.13002, 16.527393], [74.12917, 16.52739], [74.129174, 16.52657], [74.128891, 16.526569], [74.128892, 16.526296], [74.128042, 16.526292], [74.128043, 16.526019], [74.12776, 16.526018], [74.127762, 16.525745], [74.127478, 16.525743], [74.12748, 16.52547], [74.126064, 16.525464], [74.126065, 16.525191], [74.125498, 16.525189], [74.1255, 16.524916], [74.123801, 16.524909], [74.123799, 16.525182], [74.123233, 16.525179], [74.123234, 16.524906], [74.122951, 16.524905], [74.122952, 16.524632], [74.122386, 16.524629], [74.122387, 16.524356], [74.121821, 16.524354], [74.121822, 16.524081], [74.120972, 16.524077], [74.120974, 16.523804], [74.120691, 16.523803], [74.120693, 16.523256], [74.12041, 16.523255], [74.120411, 16.522982], [74.120128, 16.522981], [74.120129, 16.522708], [74.119563, 16.522705], [74.119564, 16.522432], [74.118998, 16.52243], [74.118999, 16.522157], [74.118716, 16.522155], [74.118717, 16.521882], [74.118434, 16.521881], [74.118436, 16.521335], [74.118153, 16.521333], [74.118154, 16.52106], [74.117022, 16.521056], [74.11702, 16.521329], [74.116737, 16.521327], [74.116736, 16.521601], [74.115603, 16.521596], [74.115606, 16.52105], [74.115322, 16.521048], [74.115324, 16.520775], [74.113908, 16.520769], [74.113909, 16.520496], [74.113343, 16.520494], [74.113344, 16.52022], [74.113061, 16.520219], [74.113063, 16.519673], [74.11278, 16.519672], [74.112781, 16.519398], [74.112498, 16.519397], [74.112497, 16.51967], [74.111647, 16.519667], [74.111646, 16.51994], [74.111363, 16.519939], [74.111362, 16.520212], [74.110795, 16.52021], [74.110794, 16.520483], [74.110511, 16.520482], [74.11051, 16.520755], [74.109943, 16.520752], [74.109941, 16.521299], [74.109658, 16.521297], [74.109656, 16.521571], [74.108807, 16.521567], [74.108806, 16.52184], [74.107106, 16.521833], [74.107105, 16.522106], [74.106539, 16.522104], [74.10654, 16.52183], [74.106257, 16.521829], [74.106258, 16.521556], [74.105975, 16.521555], [74.105976, 16.521282], [74.10541, 16.521279], [74.105414, 16.52046], [74.105131, 16.520459], [74.105133, 16.519912], [74.104567, 16.51991], [74.104568, 16.519637], [74.104285, 16.519635], [74.104287, 16.519089], [74.104004, 16.519088], [74.104005, 16.518815], [74.103722, 16.518813], [74.103723, 16.51854], [74.10344, 16.518539], [74.103442, 16.518266], [74.101176, 16.518256], [74.101175, 16.518529], [74.09806, 16.518516], [74.098059, 16.518789], [74.097776, 16.518788], [74.097777, 16.518515], [74.097494, 16.518513], [74.097496, 16.517967], [74.097213, 16.517966], [74.097216, 16.51742], [74.096932, 16.517418], [74.096936, 16.516599], [74.09637, 16.516596], [74.096374, 16.515777], [74.096657, 16.515778], [74.096668, 16.51332], [74.096951, 16.513321], [74.096962, 16.511135], [74.097245, 16.511137], [74.097247, 16.51059], [74.096964, 16.510589], [74.096965, 16.510316], [74.096682, 16.510315], [74.096683, 16.510042], [74.096117, 16.510039], [74.09613, 16.507307], [74.095847, 16.507306], [74.09585, 16.506487], [74.095567, 16.506485], [74.095571, 16.505666], [74.095288, 16.505665], [74.095289, 16.505392], [74.095006, 16.50539], [74.095011, 16.504298], [74.095294, 16.504299], [74.095296, 16.504026], [74.095012, 16.504024], [74.095014, 16.503751], [74.094731, 16.50375], [74.094732, 16.503477], [74.094449, 16.503476], [74.09445, 16.503203], [74.094167, 16.503201], [74.094168, 16.502928], [74.093885, 16.502927], [74.093886, 16.502654], [74.093603, 16.502653], [74.093604, 16.502379], [74.093038, 16.502377], [74.093043, 16.501284], [74.093326, 16.501285], [74.093329, 16.500739], [74.093046, 16.500738], [74.093048, 16.500192], [74.093331, 16.500193], [74.093333, 16.49992], [74.093049, 16.499918], [74.093055, 16.498826], [74.093621, 16.498828], [74.093625, 16.498009], [74.093908, 16.49801], [74.093909, 16.497737], [74.094192, 16.497738], [74.094196, 16.496918], [74.093913, 16.496917], [74.09392, 16.495278], [74.093637, 16.495277], [74.093639, 16.495004], [74.093355, 16.495003], [74.093357, 16.494729], [74.093074, 16.494728], [74.093079, 16.493635], [74.092796, 16.493634], [74.092798, 16.493088], [74.091949, 16.493084], [74.09195, 16.492811], [74.092233, 16.492812], [74.092238, 16.49172], [74.091955, 16.491718], [74.091956, 16.491445], [74.092239, 16.491446], [74.092242, 16.4909], [74.091959, 16.490899], [74.09196, 16.490626], [74.091677, 16.490624], [74.091683, 16.489259], [74.0914, 16.489257], [74.091403, 16.488711], [74.09112, 16.48871], [74.091121, 16.488437], [74.090838, 16.488435], [74.09084, 16.487889], [74.090557, 16.487888], [74.090559, 16.487615], [74.090275, 16.487613], [74.090277, 16.48734], [74.089994, 16.487339], [74.089997, 16.48652], [74.089714, 16.486518], [74.089718, 16.485699], [74.089435, 16.485698], [74.089441, 16.484332], [74.089158, 16.48433], [74.089161, 16.483784], [74.088878, 16.483783], [74.088879, 16.48351], [74.088596, 16.483509], [74.088597, 16.483235], [74.088314, 16.483234], [74.088315, 16.482961], [74.088032, 16.48296], [74.088036, 16.48214], [74.088602, 16.482143], [74.088603, 16.481869], [74.088887, 16.481871], [74.088893, 16.480505], [74.089176, 16.480506], [74.08918, 16.479687], [74.088897, 16.479685], [74.088898, 16.479412], [74.089181, 16.479413], [74.089182, 16.47914], [74.088899, 16.479139], [74.088901, 16.478866], [74.088618, 16.478865], [74.088628, 16.476679], [74.088062, 16.476677], [74.088063, 16.476404], [74.08778, 16.476402], [74.087781, 16.476129], [74.087498, 16.476128], [74.087499, 16.475855], [74.087216, 16.475854], [74.087219, 16.475307], [74.086935, 16.475306], [74.086937, 16.475033], [74.086654, 16.475032], [74.086655, 16.474758], [74.086372, 16.474757], [74.086373, 16.474484], [74.08609, 16.474483], [74.086091, 16.47421], [74.086374, 16.474211], [74.086379, 16.473118], [74.086663, 16.473119], [74.086664, 16.472846], [74.086947, 16.472848], [74.086956, 16.470935], [74.086673, 16.470934], [74.086674, 16.470661], [74.086391, 16.47066], [74.086392, 16.470387], [74.086109, 16.470385], [74.08611, 16.470112], [74.085827, 16.470111], [74.085829, 16.469838], [74.085262, 16.469835], [74.085264, 16.469562], [74.084981, 16.469561], [74.084983, 16.469014], [74.0847, 16.469013], [74.084701, 16.46874], [74.084418, 16.468739], [74.08442, 16.468466], [74.084136, 16.468464], [74.084138, 16.468191], [74.083855, 16.46819], [74.083856, 16.467917], [74.083573, 16.467916], [74.083574, 16.467642], [74.083291, 16.467641], [74.083292, 16.467368], [74.083009, 16.467367], [74.08301, 16.467094], [74.082727, 16.467092], [74.082729, 16.466819], [74.082446, 16.466818], [74.082447, 16.466545], [74.082164, 16.466544], [74.082165, 16.46627], [74.081599, 16.466268], [74.081601, 16.465722], [74.081318, 16.46572], [74.08132, 16.465447], [74.080753, 16.465445], [74.08076, 16.464079], [74.080477, 16.464078], [74.080478, 16.463804], [74.079912, 16.463802], [74.079917, 16.462709], [74.079634, 16.462708], [74.079635, 16.462435], [74.079352, 16.462434], [74.079353, 16.46216], [74.07907, 16.462159], [74.079072, 16.461886], [74.078789, 16.461885], [74.078792, 16.461065], [74.079075, 16.461067], [74.079081, 16.459974], [74.078798, 16.459973], [74.078801, 16.459153], [74.078518, 16.459152], [74.078531, 16.45642], [74.078814, 16.456421], [74.078825, 16.454236], [74.078258, 16.454234], [74.07826, 16.45396], [74.077694, 16.453958], [74.077695, 16.453685], [74.077412, 16.453683], [74.077414, 16.453137], [74.077131, 16.453136], [74.077133, 16.452863], [74.07685, 16.452861], [74.076856, 16.451496], [74.076573, 16.451494], [74.076574, 16.451221], [74.076291, 16.45122], [74.076295, 16.4504], [74.076012, 16.450399], [74.076016, 16.44958], [74.07545, 16.449577], [74.075451, 16.449304], [74.074885, 16.449302], [74.074886, 16.449028], [74.074037, 16.449025], [74.074038, 16.448751], [74.073755, 16.44875], [74.073759, 16.447931], [74.073476, 16.447929], [74.073477, 16.447656], [74.073194, 16.447655], [74.073195, 16.447382], [74.072912, 16.447381], [74.072914, 16.447107], [74.072348, 16.447105], [74.072349, 16.446832], [74.07065, 16.446824], [74.070649, 16.447097], [74.0698, 16.447094], [74.069801, 16.44682], [74.068669, 16.446815], [74.068672, 16.446269], [74.068388, 16.446268], [74.068391, 16.445722], [74.068108, 16.44572], [74.068109, 16.445447], [74.067826, 16.445446], [74.067828, 16.445173], [74.067545, 16.445171], [74.067547, 16.444625], [74.067264, 16.444624], [74.067269, 16.443531], [74.066986, 16.44353], [74.066988, 16.443257], [74.066704, 16.443255], [74.066706, 16.442982], [74.066423, 16.442981], [74.066424, 16.442708], [74.066141, 16.442707], [74.066144, 16.44216], [74.06586, 16.442159], [74.065862, 16.441886], [74.065579, 16.441885], [74.065584, 16.440792], [74.065301, 16.440791], [74.065304, 16.440244], [74.065587, 16.440246], [74.06559, 16.439426], [74.065307, 16.439425], [74.065309, 16.439152], [74.065026, 16.43915], [74.065031, 16.438058], [74.065314, 16.438059], [74.065318, 16.437239], [74.065035, 16.437238], [74.065036, 16.436965], [74.06447, 16.436962], [74.064469, 16.437236], [74.064186, 16.437234], [74.064187, 16.436961], [74.062772, 16.436955], [74.062773, 16.436682], [74.061358, 16.436675], [74.061359, 16.436402], [74.060793, 16.4364], [74.060794, 16.436127], [74.060511, 16.436125], [74.060513, 16.435852], [74.060229, 16.435851], [74.060231, 16.435578], [74.059948, 16.435576], [74.059949, 16.435303], [74.059666, 16.435302], [74.059667, 16.435029], [74.058818, 16.435025], [74.058819, 16.434752], [74.058536, 16.434751], [74.058538, 16.434477], [74.057689, 16.434474], [74.05769, 16.4342], [74.057407, 16.434199], [74.057408, 16.433926], [74.056842, 16.433923], [74.056843, 16.43365], [74.05656, 16.433649], [74.056563, 16.433103], [74.055431, 16.433098], [74.055433, 16.432551], [74.05515, 16.43255], [74.055152, 16.432277], [74.054869, 16.432276], [74.05487, 16.432002], [74.054304, 16.432], [74.054305, 16.431727], [74.054022, 16.431725], [74.054024, 16.431452], [74.053174, 16.431448], [74.053177, 16.430902], [74.052894, 16.430901], [74.052895, 16.430628], [74.052329, 16.430625], [74.052331, 16.430352], [74.052048, 16.430351], [74.052049, 16.430077], [74.051483, 16.430075], [74.051484, 16.429802], [74.051201, 16.4298], [74.051204, 16.429254], [74.050355, 16.42925], [74.050357, 16.428704], [74.050074, 16.428703], [74.050076, 16.428429], [74.049792, 16.428428], [74.049794, 16.428155], [74.048945, 16.428151], [74.048946, 16.427878], [74.048663, 16.427877], [74.048664, 16.427604], [74.047532, 16.427598], [74.047533, 16.427325], [74.04725, 16.427324], [74.047252, 16.427051], [74.046969, 16.427049], [74.04697, 16.426776], [74.046687, 16.426775], [74.046688, 16.426502], [74.046122, 16.426499], [74.046124, 16.426226], [74.045841, 16.426225], [74.045842, 16.425952], [74.04471, 16.425947], [74.044711, 16.425673], [74.043862, 16.425669], [74.043863, 16.425396], [74.043297, 16.425394], [74.043299, 16.425121], [74.042733, 16.425118], [74.042734, 16.424845], [74.042168, 16.424842], [74.042169, 16.424569], [74.041603, 16.424566], [74.041604, 16.424293], [74.041321, 16.424292], [74.041323, 16.424019], [74.04104, 16.424018], [74.041041, 16.423744], [74.040475, 16.423742], [74.040476, 16.423469], [74.040193, 16.423467], [74.040192, 16.423741], [74.039626, 16.423738], [74.039627, 16.423465], [74.039061, 16.423462], [74.039062, 16.423189], [74.038779, 16.423188], [74.038781, 16.422915], [74.038215, 16.422912], [74.038216, 16.422639], [74.037933, 16.422637], [74.037936, 16.422091], [74.037653, 16.42209], [74.037654, 16.421817], [74.037088, 16.421814], [74.037089, 16.421541], [74.036806, 16.42154], [74.036808, 16.421266], [74.036525, 16.421265], [74.036527, 16.420719], [74.036244, 16.420718], [74.036246, 16.420444], [74.03568, 16.420442], [74.035681, 16.420169], [74.035115, 16.420166], [74.035119, 16.419347], [74.034836, 16.419345], [74.034837, 16.419072], [74.034271, 16.419069], [74.034273, 16.418796], [74.033989, 16.418795], [74.033991, 16.418522], [74.033708, 16.41852], [74.033709, 16.418247], [74.033426, 16.418246], [74.033429, 16.4177], [74.033146, 16.417698], [74.033147, 16.417425], [74.032864, 16.417424], [74.032866, 16.417151], [74.032582, 16.417149], [74.032584, 16.416876], [74.032301, 16.416875], [74.032302, 16.416602], [74.032019, 16.416601], [74.03202, 16.416327], [74.031737, 16.416326], [74.031739, 16.416053], [74.031456, 16.416052], [74.031457, 16.415778], [74.031174, 16.415777], [74.031175, 16.415504], [74.02976, 16.415497], [74.029759, 16.415771], [74.029476, 16.415769], [74.029475, 16.416042], [74.028626, 16.416038], [74.028627, 16.415765], [74.028061, 16.415763], [74.028064, 16.415216], [74.027781, 16.415215], [74.027782, 16.414942], [74.027499, 16.414941], [74.027504, 16.413848], [74.027221, 16.413847], [74.027223, 16.413573], [74.026657, 16.413571], [74.026658, 16.413298], [74.026375, 16.413296], [74.026378, 16.41275], [74.026095, 16.412749], [74.026096, 16.412476], [74.025813, 16.412474], [74.025814, 16.412201], [74.025248, 16.412198], [74.025247, 16.412472], [74.024964, 16.41247], [74.024965, 16.412197], [74.024682, 16.412196], [74.024684, 16.411923], [74.023269, 16.411916], [74.023267, 16.412189], [74.021852, 16.412183], [74.021854, 16.411909], [74.021005, 16.411906], [74.021003, 16.412179], [74.02072, 16.412177], [74.020726, 16.411085], [74.020443, 16.411083], [74.020445, 16.410537], [74.020162, 16.410536], [74.020165, 16.409989], [74.019882, 16.409988], [74.019883, 16.409715], [74.0196, 16.409714], [74.019606, 16.408621], [74.019323, 16.40862], [74.019326, 16.408073], [74.019043, 16.408072], [74.019045, 16.407526], [74.018762, 16.407524], [74.018765, 16.406978], [74.018482, 16.406977], [74.018483, 16.406703], [74.0182, 16.406702], [74.018211, 16.404517], [74.017645, 16.404514], [74.017647, 16.404241], [74.017364, 16.40424], [74.017369, 16.403147], [74.017086, 16.403146], [74.017089, 16.402599], [74.016523, 16.402597], [74.016524, 16.402324], [74.016241, 16.402322], [74.016247, 16.40123], [74.015964, 16.401228], [74.015967, 16.400682], [74.015684, 16.400681], [74.01569, 16.399315], [74.015407, 16.399313], [74.015409, 16.39904], [74.015692, 16.399042], [74.015696, 16.398222], [74.015413, 16.398221], [74.015414, 16.397948], [74.015131, 16.397946], [74.015133, 16.397673], [74.01485, 16.397672], [74.014851, 16.397399], [74.014568, 16.397397], [74.014575, 16.396031], [74.014292, 16.39603], [74.014299, 16.394664], [74.014016, 16.394663], [74.014019, 16.394117], [74.013736, 16.394115], [74.013737, 16.393842], [74.01402, 16.393844], [74.014024, 16.393024], [74.013741, 16.393023], [74.013743, 16.39275], [74.01346, 16.392748], [74.013461, 16.392475], [74.012895, 16.392472], [74.012898, 16.391926], [74.012615, 16.391925], [74.012619, 16.391105], [74.012336, 16.391104], [74.012339, 16.390558], [74.012622, 16.390559], [74.012623, 16.390286], [74.012906, 16.390287], [74.012907, 16.390014], [74.01319, 16.390015], [74.013192, 16.389742], [74.013475, 16.389743], [74.013476, 16.38947], [74.013193, 16.389469], [74.013196, 16.388923], [74.012913, 16.388921], [74.012914, 16.388648], [74.012631, 16.388647], [74.012633, 16.388374], [74.01235, 16.388372], [74.012352, 16.387826], [74.012069, 16.387825], [74.012071, 16.387551], [74.011788, 16.38755], [74.011789, 16.387277], [74.01094, 16.387273], [74.010943, 16.386727], [74.011226, 16.386728], [74.011234, 16.385089], [74.010951, 16.385088], [74.010958, 16.383722], [74.010675, 16.38372], [74.010677, 16.383447], [74.010394, 16.383446], [74.010396, 16.3829], [74.010113, 16.382898], [74.010115, 16.382625], [74.009832, 16.382624], [74.009833, 16.382351], [74.00955, 16.382349], [74.009552, 16.382076], [74.009269, 16.382075], [74.00927, 16.381802], [74.008987, 16.3818], [74.008988, 16.381527], [74.008705, 16.381526], [74.008707, 16.381253], [74.008424, 16.381251], [74.008429, 16.380159], [74.008146, 16.380157], [74.008148, 16.379884], [74.007865, 16.379883], [74.007868, 16.379336], [74.007585, 16.379335], [74.007587, 16.378789], [74.007304, 16.378787], [74.007306, 16.378514], [74.007023, 16.378513], [74.007024, 16.37824], [74.006741, 16.378238], [74.006743, 16.377965], [74.00646, 16.377964], [74.006461, 16.377691], [74.006178, 16.377689], [74.006179, 16.377416], [74.005897, 16.377415], [74.005898, 16.377142], [74.005615, 16.37714], [74.005616, 16.376867], [74.005333, 16.376866], [74.005335, 16.376593], [74.005052, 16.376591], [74.005053, 16.376318], [74.00477, 16.376317], [74.004772, 16.376044], [74.004489, 16.376042], [74.00449, 16.375769], [74.004207, 16.375768], [74.004208, 16.375495], [74.003925, 16.375493], [74.003928, 16.374947], [74.003645, 16.374946], [74.003647, 16.374673], [74.003364, 16.374671], [74.003365, 16.374398], [74.003082, 16.374397], [74.003084, 16.374124], [74.002801, 16.374122], [74.002802, 16.373849], [74.002519, 16.373848], [74.00252, 16.373575], [74.002237, 16.373573], [74.002239, 16.3733], [74.001956, 16.373299], [74.001957, 16.373026], [74.001391, 16.373023], [74.001393, 16.37275], [74.00111, 16.372748], [74.001111, 16.372475], [74.000828, 16.372474], [74.00083, 16.372201], [74.000264, 16.372198], [74.000265, 16.371925], [73.999982, 16.371924], [73.999984, 16.37165], [73.999701, 16.371649], [73.999702, 16.371376], [73.999419, 16.371374], [73.99942, 16.371101], [73.999137, 16.3711], [73.999139, 16.370827], [73.998856, 16.370825], [73.998857, 16.370552], [73.998291, 16.37055], [73.998293, 16.370276], [73.99801, 16.370275], [73.998011, 16.370002], [73.997728, 16.370001], [73.99773, 16.369727], [73.997164, 16.369725], [73.997165, 16.369452], [73.996882, 16.36945], [73.996884, 16.369177], [73.996318, 16.369174], [73.996319, 16.368901], [73.996036, 16.3689], [73.996038, 16.368627], [73.995472, 16.368624], [73.995473, 16.368351], [73.99519, 16.368349], [73.995192, 16.368076], [73.994909, 16.368075], [73.99491, 16.367802], [73.994627, 16.3678], [73.994628, 16.367527], [73.994345, 16.367526], [73.994347, 16.367253], [73.993781, 16.36725], [73.993782, 16.366977], [73.993499, 16.366976], [73.993501, 16.366702], [73.993218, 16.366701], [73.993219, 16.366428], [73.992936, 16.366427], [73.992938, 16.366153], [73.992655, 16.366152], [73.992656, 16.365879], [73.992373, 16.365877], [73.992375, 16.365604], [73.992092, 16.365603], [73.992093, 16.36533], [73.99181, 16.365328], [73.991812, 16.365055], [73.991529, 16.365054], [73.99153, 16.364781], [73.991247, 16.364779], [73.991249, 16.364506], [73.990966, 16.364505], [73.990967, 16.364232], [73.990401, 16.364229], [73.990402, 16.363956], [73.99012, 16.363954], [73.990121, 16.363681], [73.989555, 16.363679], [73.989556, 16.363405], [73.989274, 16.363404], [73.989275, 16.363131], [73.988709, 16.363128], [73.98871, 16.362855], [73.987862, 16.362851], [73.987863, 16.362578], [73.987014, 16.362574], [73.987016, 16.362301], [73.986733, 16.362299], [73.986734, 16.362026], [73.985885, 16.362022], [73.985887, 16.361749], [73.985604, 16.361747], [73.985605, 16.361474], [73.985039, 16.361472], [73.985041, 16.361198], [73.984758, 16.361197], [73.984759, 16.360924], [73.98391, 16.36092], [73.983912, 16.360647], [73.983629, 16.360645], [73.98363, 16.360372], [73.982781, 16.360368], [73.982783, 16.360095], [73.9825, 16.360093], [73.982501, 16.35982], [73.981936, 16.359818], [73.981937, 16.359544], [73.981088, 16.35954], [73.98109, 16.359267], [73.980807, 16.359266], [73.980808, 16.358993], [73.980525, 16.358991], [73.980528, 16.358445], [73.980245, 16.358443], [73.980246, 16.35817], [73.979115, 16.358165], [73.979116, 16.357892], [73.978833, 16.35789], [73.978835, 16.357617], [73.978552, 16.357616], [73.978553, 16.357343], [73.97827, 16.357341], [73.978272, 16.357068], [73.977989, 16.357067], [73.977993, 16.356247], [73.97771, 16.356246], [73.977713, 16.3557], [73.97743, 16.355698], [73.977433, 16.355152], [73.97715, 16.35515], [73.977151, 16.354877], [73.976868, 16.354876], [73.97687, 16.354603], [73.976587, 16.354601], [73.976588, 16.354328], [73.976022, 16.354325], [73.976024, 16.354052], [73.975741, 16.354051], [73.975742, 16.353778], [73.975176, 16.353775], [73.975178, 16.353502], [73.974895, 16.3535], [73.974898, 16.352954], [73.974332, 16.352951], [73.974333, 16.352678], [73.97405, 16.352677], [73.974053, 16.352131], [73.97377, 16.352129], [73.973773, 16.351583], [73.97349, 16.351581], [73.973492, 16.351308], [73.973209, 16.351307], [73.973212, 16.350761], [73.972929, 16.350759], [73.97293, 16.350486], [73.972647, 16.350485], [73.972649, 16.350211], [73.972366, 16.35021], [73.972367, 16.349937], [73.971801, 16.349934], [73.971803, 16.349661], [73.97152, 16.34966], [73.971523, 16.349113], [73.97124, 16.349112], [73.971241, 16.348839], [73.97011, 16.348833], [73.970111, 16.34856], [73.969545, 16.348557], [73.969547, 16.348284], [73.969264, 16.348283], [73.969265, 16.34801], [73.968982, 16.348008], [73.968984, 16.347735], [73.968701, 16.347734], [73.968702, 16.347461], [73.968419, 16.347459], [73.968421, 16.347186], [73.967572, 16.347182], [73.967573, 16.346909], [73.965876, 16.3469], [73.965877, 16.346627], [73.965594, 16.346626], [73.965596, 16.346353], [73.963898, 16.346344], [73.963897, 16.346617], [73.963614, 16.346616], [73.963615, 16.346343], [73.961352, 16.346332], [73.961351, 16.346605], [73.959087, 16.346594], [73.959086, 16.346867], [73.95852, 16.346864], [73.958519, 16.347137], [73.958236, 16.347136], [73.958234, 16.347409], [73.957951, 16.347408], [73.95795, 16.347681], [73.957667, 16.347679], [73.957666, 16.347953], [73.956817, 16.347948], [73.956815, 16.348222], [73.955967, 16.348217], [73.955965, 16.34849], [73.955116, 16.348486], [73.955118, 16.348213], [73.954552, 16.34821], [73.954553, 16.347937], [73.954271, 16.347936], [73.954272, 16.347663], [73.953989, 16.347661], [73.953992, 16.347115], [73.953709, 16.347113], [73.953712, 16.346567], [73.953429, 16.346566], [73.953431, 16.346293], [73.953148, 16.346291], [73.953149, 16.346018], [73.952583, 16.346015], [73.952585, 16.345742], [73.952302, 16.345741], [73.952303, 16.345467], [73.951737, 16.345465], [73.951739, 16.345191], [73.951456, 16.34519], [73.951457, 16.344917], [73.951175, 16.344916], [73.951176, 16.344642], [73.950893, 16.344641], [73.950895, 16.344368], [73.949763, 16.344362], [73.949761, 16.344635], [73.949479, 16.344634], [73.949477, 16.344907], [73.948628, 16.344903], [73.948627, 16.345176], [73.948344, 16.345175], [73.94834, 16.345994], [73.947491, 16.34599], [73.947492, 16.345717], [73.946361, 16.345711], [73.946362, 16.345438], [73.946079, 16.345436], [73.946078, 16.34571], [73.945795, 16.345708], [73.945792, 16.346255], [73.945226, 16.346252], [73.945225, 16.346525], [73.944942, 16.346523], [73.94494, 16.346797], [73.943526, 16.346789], [73.943527, 16.346516], [73.943244, 16.346515], [73.943246, 16.346242], [73.942963, 16.34624], [73.942961, 16.346513], [73.942678, 16.346512], [73.94268, 16.346239], [73.940699, 16.346229], [73.940698, 16.346502], [73.940132, 16.346499], [73.940129, 16.347046], [73.93928, 16.347041], [73.939282, 16.346768], [73.938999, 16.346767], [73.939001, 16.346494], [73.937869, 16.346488], [73.93787, 16.346215], [73.937587, 16.346213], [73.937592, 16.345394], [73.936743, 16.34539], [73.936742, 16.345663], [73.936459, 16.345661], [73.93646, 16.345388], [73.936177, 16.345387], [73.93618, 16.34484], [73.935897, 16.344839], [73.935899, 16.344566], [73.93505, 16.344562], [73.935052, 16.344288], [73.934769, 16.344287], [73.934767, 16.34456], [73.933918, 16.344556], [73.93392, 16.344283], [73.932788, 16.344277], [73.932787, 16.34455], [73.932221, 16.344547], [73.932223, 16.344274], [73.930525, 16.344265], [73.930527, 16.343992], [73.930244, 16.343991], [73.930247, 16.343445], [73.929964, 16.343443], [73.929965, 16.34317], [73.929682, 16.343168], [73.929684, 16.342895], [73.929401, 16.342894], [73.929402, 16.342621], [73.928554, 16.342616], [73.928557, 16.34207], [73.928274, 16.342069], [73.928275, 16.341796], [73.927709, 16.341793], [73.927711, 16.341519], [73.927428, 16.341518], [73.927429, 16.341245], [73.926864, 16.341242], [73.926862, 16.341515], [73.926013, 16.341511], [73.926015, 16.341238], [73.925732, 16.341236], [73.925735, 16.34069], [73.925452, 16.340688], [73.925454, 16.340415], [73.924322, 16.34041], [73.924324, 16.340136], [73.924041, 16.340135], [73.924042, 16.339862], [73.923476, 16.339859], [73.923478, 16.339586], [73.923195, 16.339584], [73.923196, 16.339311], [73.922348, 16.339307], [73.922349, 16.339034], [73.921783, 16.339031], [73.921785, 16.338758], [73.921219, 16.338755], [73.921218, 16.339028], [73.919803, 16.339021], [73.919802, 16.339294], [73.920085, 16.339295], [73.920083, 16.339568], [73.9198, 16.339567], [73.919797, 16.340113], [73.92008, 16.340115], [73.920079, 16.340388], [73.919796, 16.340386], [73.919793, 16.340933], [73.919227, 16.34093], [73.919225, 16.341203], [73.918377, 16.341199], [73.918378, 16.340925], [73.918095, 16.340924], [73.918097, 16.340651], [73.917814, 16.340649], [73.917817, 16.340103], [73.917251, 16.3401], [73.917253, 16.339827], [73.91697, 16.339826], [73.916971, 16.339552], [73.916688, 16.339551], [73.916693, 16.338731], [73.917541, 16.338736], [73.917543, 16.338463], [73.91726, 16.338461], [73.917265, 16.337642], [73.916699, 16.337639], [73.9167, 16.337366], [73.915569, 16.33736], [73.91557, 16.337087], [73.915004, 16.337084], [73.915006, 16.336811], [73.91444, 16.336808], [73.914446, 16.335715], [73.914163, 16.335714], [73.914166, 16.335167], [73.913883, 16.335166], [73.913885, 16.334893], [73.913602, 16.334891], [73.913603, 16.334618], [73.912755, 16.334614], [73.912756, 16.334341], [73.912473, 16.334339], [73.912475, 16.334066], [73.912192, 16.334065], [73.912194, 16.333791], [73.911628, 16.333788], [73.911629, 16.333515], [73.910781, 16.333511], [73.910782, 16.333238], [73.910499, 16.333236], [73.910501, 16.332963], [73.909086, 16.332956], [73.909085, 16.333229], [73.908519, 16.333226], [73.908517, 16.333499], [73.908235, 16.333498], [73.908233, 16.333771], [73.90795, 16.333769], [73.907949, 16.334043], [73.906251, 16.334034], [73.90625, 16.334307], [73.905684, 16.334304], [73.905682, 16.334577], [73.9054, 16.334576], [73.905398, 16.334849], [73.905115, 16.334847], [73.905114, 16.335121], [73.904548, 16.335118], [73.904546, 16.335391], [73.904263, 16.335389], [73.904262, 16.335662], [73.903979, 16.335661], [73.903978, 16.335934], [73.902846, 16.335928], [73.902844, 16.336201], [73.902279, 16.336198], [73.902277, 16.336472], [73.901994, 16.33647], [73.901993, 16.336743], [73.90171, 16.336742], [73.901708, 16.337015], [73.901142, 16.337012], [73.901141, 16.337285], [73.900575, 16.337282], [73.900574, 16.337555], [73.900291, 16.337554], [73.900289, 16.337827], [73.900006, 16.337826], [73.900005, 16.338099], [73.899722, 16.338097], [73.89972, 16.33837], [73.898872, 16.338366], [73.89887, 16.338639], [73.898304, 16.338636], [73.898303, 16.338909], [73.89802, 16.338908], [73.898021, 16.338635], [73.897456, 16.338632], [73.897457, 16.338359], [73.896891, 16.338356], [73.896893, 16.338083], [73.89661, 16.338081], [73.896612, 16.337808], [73.896329, 16.337806], [73.89633, 16.337533], [73.896047, 16.337532], [73.896049, 16.337259], [73.894917, 16.337253], [73.894916, 16.337526], [73.894633, 16.337524], [73.894631, 16.337798], [73.893217, 16.33779], [73.893218, 16.337517], [73.892935, 16.337515], [73.892937, 16.337242], [73.892654, 16.337241], [73.892656, 16.336968], [73.89209, 16.336965], [73.892091, 16.336692], [73.891243, 16.336687], [73.891244, 16.336414], [73.890396, 16.336409], [73.890397, 16.336136], [73.889266, 16.33613], [73.889267, 16.335857], [73.888701, 16.335854], [73.888703, 16.335581], [73.888137, 16.335578], [73.888139, 16.335305], [73.88729, 16.3353], [73.887292, 16.335027], [73.886726, 16.335024], [73.886727, 16.334751], [73.886161, 16.334748], [73.886163, 16.334475], [73.885597, 16.334472], [73.885599, 16.334199], [73.88475, 16.334194], [73.884752, 16.333921], [73.883903, 16.333917], [73.883905, 16.333644], [73.883622, 16.333642], [73.883625, 16.333096], [73.883342, 16.333094], [73.883345, 16.332548], [73.883062, 16.332546], [73.883071, 16.330908], [73.882789, 16.330906], [73.88279, 16.330633], [73.882507, 16.330631], [73.882509, 16.330358], [73.882226, 16.330357], [73.882229, 16.32981], [73.881946, 16.329809], [73.881948, 16.329536], [73.881665, 16.329534], [73.881674, 16.327895], [73.881391, 16.327894], [73.881394, 16.327348], [73.881111, 16.327346], [73.881115, 16.3268], [73.880832, 16.326798], [73.880835, 16.326252], [73.881118, 16.326253], [73.881119, 16.32598], [73.880836, 16.325979], [73.880852, 16.323247], [73.880569, 16.323246], [73.880572, 16.322699], [73.880289, 16.322698], [73.880291, 16.322425], [73.880008, 16.322423], [73.880009, 16.32215], [73.879727, 16.322149], [73.879728, 16.321875], [73.879162, 16.321872], [73.879165, 16.321326], [73.878883, 16.321325], [73.878884, 16.321051], [73.878601, 16.32105], [73.878604, 16.320504], [73.878039, 16.320501], [73.87804, 16.320227], [73.877192, 16.320223], [73.877193, 16.31995], [73.876627, 16.319947], [73.876626, 16.32022], [73.876343, 16.320218], [73.876345, 16.319945], [73.876062, 16.319944], [73.876065, 16.319397], [73.875782, 16.319396], [73.875784, 16.319123], [73.875501, 16.319121], [73.875502, 16.318848], [73.875219, 16.318847], [73.875221, 16.318573], [73.874938, 16.318572], [73.87494, 16.318299], [73.874657, 16.318297], [73.874658, 16.318024], [73.874375, 16.318023], [73.874377, 16.317749], [73.874094, 16.317748], [73.874096, 16.317475], [73.873813, 16.317473], [73.873814, 16.3172], [73.873532, 16.317199], [73.873533, 16.316925], [73.872967, 16.316922], [73.872969, 16.316649], [73.872686, 16.316648], [73.872688, 16.316375], [73.872405, 16.316373], [73.872406, 16.3161], [73.871275, 16.316094], [73.871272, 16.31664], [73.870989, 16.316639], [73.870986, 16.317185], [73.870137, 16.317181], [73.87014, 16.316634], [73.869857, 16.316633], [73.869859, 16.31636], [73.869293, 16.316357], [73.869295, 16.316083], [73.868446, 16.316079], [73.86844, 16.317171], [73.868157, 16.31717], [73.868154, 16.317716], [73.867023, 16.31771], [73.867024, 16.317437], [73.866741, 16.317435], [73.866744, 16.316889], [73.866179, 16.316886], [73.866183, 16.316067], [73.865901, 16.316065], [73.865907, 16.314973], [73.865624, 16.314971], [73.865626, 16.314698], [73.865343, 16.314696], [73.865344, 16.314423], [73.865061, 16.314422], [73.865063, 16.314149], [73.86478, 16.314147], [73.864782, 16.313874], [73.864499, 16.313872], [73.8645, 16.313599], [73.864218, 16.313598], [73.864221, 16.313051], [73.863089, 16.313045], [73.863091, 16.312772], [73.862808, 16.312771], [73.86281, 16.312497], [73.862244, 16.312494], [73.862242, 16.312768], [73.861959, 16.312766], [73.861958, 16.313039], [73.861675, 16.313038], [73.861673, 16.313311], [73.861391, 16.313309], [73.861389, 16.313582], [73.861106, 16.313581], [73.861105, 16.313854], [73.860539, 16.313851], [73.860537, 16.314124], [73.859689, 16.31412], [73.859687, 16.314393], [73.858556, 16.314387], [73.858554, 16.31466], [73.857988, 16.314657], [73.857987, 16.31493], [73.857704, 16.314928], [73.857702, 16.315201], [73.857419, 16.3152], [73.857418, 16.315473], [73.856852, 16.31547], [73.856851, 16.315743], [73.856568, 16.315742], [73.856566, 16.316015], [73.856283, 16.316013], [73.856282, 16.316286], [73.855999, 16.316285], [73.855997, 16.316558], [73.853451, 16.316544], [73.853453, 16.316271], [73.85317, 16.31627], [73.853172, 16.315996], [73.852889, 16.315995], [73.852891, 16.315722], [73.852325, 16.315719], [73.852323, 16.315992], [73.851758, 16.315989], [73.851759, 16.315716], [73.851476, 16.315714], [73.851475, 16.315987], [73.850343, 16.315981], [73.850345, 16.315708], [73.849496, 16.315703], [73.849498, 16.31543], [73.849215, 16.315429], [73.849217, 16.315155], [73.848934, 16.315154], [73.848935, 16.314881], [73.848652, 16.314879], [73.848651, 16.315152], [73.848368, 16.315151], [73.848365, 16.315697], [73.848082, 16.315696], [73.848079, 16.316242], [73.847796, 16.31624], [73.847794, 16.316513], [73.847511, 16.316512], [73.847508, 16.317058], [73.847225, 16.317057], [73.847224, 16.31733], [73.847507, 16.317331], [73.847502, 16.318151], [73.847785, 16.318152], [73.847783, 16.318426], [73.848066, 16.318427], [73.848064, 16.3187], [73.848347, 16.318702], [73.848342, 16.319521], [73.848625, 16.319523], [73.848621, 16.320342], [73.848903, 16.320344], [73.848899, 16.321163], [73.849181, 16.321165], [73.849173, 16.322531], [73.849456, 16.322532], [73.849445, 16.324444], [73.849728, 16.324446], [73.849723, 16.325265], [73.850006, 16.325267], [73.850005, 16.32554], [73.850287, 16.325541], [73.850286, 16.325815], [73.850569, 16.325816], [73.850564, 16.326636], [73.85113, 16.326639], [73.851128, 16.326912], [73.852542, 16.326919], [73.852544, 16.326646], [73.853958, 16.326654], [73.85395, 16.32802], [73.853668, 16.328018], [73.853666, 16.328291], [73.853383, 16.32829], [73.85338, 16.328836], [73.853097, 16.328835], [73.853095, 16.329108], [73.85253, 16.329105], [73.852531, 16.328832], [73.852248, 16.32883], [73.852247, 16.329103], [73.850832, 16.329095], [73.850834, 16.328822], [73.850551, 16.328821], [73.850553, 16.328548], [73.848855, 16.328538], [73.848854, 16.328811], [73.848005, 16.328807], [73.848002, 16.329353], [73.847436, 16.32935], [73.847433, 16.329896], [73.84715, 16.329895], [73.847142, 16.331261], [73.846859, 16.331259], [73.846858, 16.331532], [73.846575, 16.331531], [73.846573, 16.331804], [73.846856, 16.331805], [73.846854, 16.332079], [73.846572, 16.332077], [73.84657, 16.33235], [73.846287, 16.332349], [73.846282, 16.333168], [73.845999, 16.333166], [73.845998, 16.33344], [73.845715, 16.333438], [73.845713, 16.333711], [73.84543, 16.33371], [73.845424, 16.334802], [73.845707, 16.334804], [73.845705, 16.335077], [73.84514, 16.335074], [73.845136, 16.33562], [73.842873, 16.335608], [73.842872, 16.335881], [73.842589, 16.335879], [73.842582, 16.336972], [73.842865, 16.336974], [73.842864, 16.337247], [73.842581, 16.337245], [73.842579, 16.337518], [73.842013, 16.337515], [73.842012, 16.337788], [73.841446, 16.337785], [73.841441, 16.338605], [73.841158, 16.338603], [73.841155, 16.339149], [73.840872, 16.339148], [73.84087, 16.339421], [73.840305, 16.339418], [73.840303, 16.339691], [73.84002, 16.33969], [73.840019, 16.339963], [73.839736, 16.339961], [73.839734, 16.340234], [73.839451, 16.340233], [73.83945, 16.340506], [73.838884, 16.340503], [73.838882, 16.340776], [73.838599, 16.340774], [73.838596, 16.341321], [73.838313, 16.341319], [73.83831, 16.341865], [73.838027, 16.341864], [73.838024, 16.34241], [73.837741, 16.342409], [73.837739, 16.342682], [73.837456, 16.34268], [73.837453, 16.343226], [73.83717, 16.343225], [73.837169, 16.343498], [73.836886, 16.343497], [73.836876, 16.345135], [73.837159, 16.345137], [73.837154, 16.345956], [73.837437, 16.345958], [73.837432, 16.346777], [73.837715, 16.346779], [73.837712, 16.347325], [73.837995, 16.347327], [73.837992, 16.347873], [73.838274, 16.347875], [73.83826, 16.350333], [73.838543, 16.350335], [73.838538, 16.351154], [73.838821, 16.351156], [73.838818, 16.351702], [73.839101, 16.351704], [73.839097, 16.35225], [73.83938, 16.352251], [73.839379, 16.352525], [73.842774, 16.352543], [73.842761, 16.354728], [73.843044, 16.35473], [73.843042, 16.355003], [73.843325, 16.355005], [73.843323, 16.355278], [73.843889, 16.355281], [73.843891, 16.355008], [73.844739, 16.355012], [73.844741, 16.354739], [73.84559, 16.354744], [73.845591, 16.354471], [73.84644, 16.354475], [73.846442, 16.354202], [73.847008, 16.354205], [73.847009, 16.353932], [73.848424, 16.35394], [73.848422, 16.354213], [73.848988, 16.354216], [73.848986, 16.354489], [73.849552, 16.354492], [73.849551, 16.354766], [73.850116, 16.354769], [73.850115, 16.355042], [73.850681, 16.355045], [73.850677, 16.355591], [73.85096, 16.355593], [73.850959, 16.355866], [73.851242, 16.355867], [73.85124, 16.356141], [73.851523, 16.356142], [73.851521, 16.356415], [73.851804, 16.356417], [73.851803, 16.35669], [73.852086, 16.356692], [73.852084, 16.356965], [73.852367, 16.356966], [73.852365, 16.357239], [73.85378, 16.357247], [73.853778, 16.35752], [73.854061, 16.357522], [73.85406, 16.357795], [73.854343, 16.357796], [73.854341, 16.35807], [73.856039, 16.358079], [73.856037, 16.358352], [73.856886, 16.358357], [73.856884, 16.35863], [73.857167, 16.358631], [73.857166, 16.358904], [73.857448, 16.358906], [73.857447, 16.359179], [73.858013, 16.359182], [73.858011, 16.359455], [73.857728, 16.359454], [73.857714, 16.361912], [73.857997, 16.361914], [73.857994, 16.36246], [73.858277, 16.362462], [73.858275, 16.362735], [73.858558, 16.362736], [73.858556, 16.363009], [73.858839, 16.363011], [73.858833, 16.364104], [73.859116, 16.364105], [73.859114, 16.364378], [73.859397, 16.36438], [73.859396, 16.364653], [73.859961, 16.364656], [73.85996, 16.364929], [73.860243, 16.364931], [73.860241, 16.365204], [73.861939, 16.365213], [73.861937, 16.365486], [73.86222, 16.365488], [73.862217, 16.366034], [73.8625, 16.366036], [73.862497, 16.366582], [73.86278, 16.366583], [73.862778, 16.366857], [73.863627, 16.366861], [73.863625, 16.367134], [73.864191, 16.367137], [73.86419, 16.36741], [73.864473, 16.367412], [73.864469, 16.367958], [73.864752, 16.36796], [73.864748, 16.368779], [73.864465, 16.368778], [73.864463, 16.369051], [73.86418, 16.369049], [73.864177, 16.369596], [73.86446, 16.369597], [73.864458, 16.36987], [73.864741, 16.369872], [73.86474, 16.370145], [73.864457, 16.370144], [73.864455, 16.370417], [73.864172, 16.370415], [73.864171, 16.370688], [73.863888, 16.370687], [73.86388, 16.372053], [73.863597, 16.372051], [73.863584, 16.374236], [73.863301, 16.374235], [73.863295, 16.375327], [73.863012, 16.375326], [73.863007, 16.376145], [73.862724, 16.376144], [73.862723, 16.376417], [73.86244, 16.376415], [73.862438, 16.376688], [73.862155, 16.376687], [73.862154, 16.37696], [73.861871, 16.376959], [73.861869, 16.377232], [73.861303, 16.377229], [73.861302, 16.377502], [73.861019, 16.3775], [73.861017, 16.377773], [73.860451, 16.37777], [73.86045, 16.378044], [73.859884, 16.37804], [73.859882, 16.378314], [73.859599, 16.378312], [73.859596, 16.378858], [73.859313, 16.378857], [73.859303, 16.380496], [73.859021, 16.380494], [73.859019, 16.380767], [73.858736, 16.380766], [73.858734, 16.381039], [73.858168, 16.381036], [73.858165, 16.381582], [73.857882, 16.381581], [73.857881, 16.381854], [73.857598, 16.381852], [73.857595, 16.382399], [73.857312, 16.382397], [73.85731, 16.38267], [73.857027, 16.382669], [73.857019, 16.384034], [73.856736, 16.384033], [73.856728, 16.385399], [73.856445, 16.385397], [73.856442, 16.385943], [73.856159, 16.385942], [73.856158, 16.386215], [73.855875, 16.386214], [73.855873, 16.386487], [73.855307, 16.386484], [73.855305, 16.386757], [73.85474, 16.386754], [73.854738, 16.387027], [73.853889, 16.387022], [73.853887, 16.387295], [73.852756, 16.387289], [73.852754, 16.387562], [73.852471, 16.387561], [73.852469, 16.387834], [73.851903, 16.387831], [73.851902, 16.388104], [73.85077, 16.388098], [73.850768, 16.388371], [73.849071, 16.388362], [73.849069, 16.388635], [73.84822, 16.38863], [73.848219, 16.388903], [73.845672, 16.388889], [73.84567, 16.389163], [73.845387, 16.389161], [73.845386, 16.389434], [73.845103, 16.389433], [73.845101, 16.389706], [73.844252, 16.389701], [73.844249, 16.390247], [73.843966, 16.390246], [73.843963, 16.390792], [73.84368, 16.390791], [73.843678, 16.391064], [73.843395, 16.391062], [73.84339, 16.391882], [73.843107, 16.39188], [73.843106, 16.392153], [73.842823, 16.392152], [73.84282, 16.392698], [73.842537, 16.392696], [73.842533, 16.393243], [73.84225, 16.393241], [73.842249, 16.393514], [73.841966, 16.393513], [73.841964, 16.393786], [73.841681, 16.393784], [73.84168, 16.394057], [73.841397, 16.394056], [73.841395, 16.394329], [73.841112, 16.394327], [73.841104, 16.395693], [73.840821, 16.395692], [73.840819, 16.395965], [73.840537, 16.395963], [73.840532, 16.396783], [73.840815, 16.396784], [73.84081, 16.397604], [73.840244, 16.397601], [73.840242, 16.397874], [73.839959, 16.397872], [73.839951, 16.399238], [73.839668, 16.399236], [73.839667, 16.39951], [73.837686, 16.399499], [73.837682, 16.400045], [73.837965, 16.400046], [73.837957, 16.401412], [73.837108, 16.401408], [73.837107, 16.401681], [73.836824, 16.401679], [73.836822, 16.401952], [73.836539, 16.401951], [73.836534, 16.40277], [73.836817, 16.402772], [73.836816, 16.403045], [73.837099, 16.403046], [73.837097, 16.40332], [73.83738, 16.403321], [73.837378, 16.403594], [73.837661, 16.403596], [73.837653, 16.404962], [73.837936, 16.404963], [73.837935, 16.405236], [73.838218, 16.405238], [73.838216, 16.405511], [73.838499, 16.405513], [73.838497, 16.405786], [73.83878, 16.405787], [73.838779, 16.40606], [73.839628, 16.406065], [73.839626, 16.406338], [73.840192, 16.406341], [73.840189, 16.406888], [73.840472, 16.406889], [73.84047, 16.407162], [73.841036, 16.407166], [73.841035, 16.407439], [73.841318, 16.40744], [73.841316, 16.407713], [73.841599, 16.407715], [73.841597, 16.407988], [73.84188, 16.40799], [73.841879, 16.408263], [73.842162, 16.408264], [73.84216, 16.408538], [73.842443, 16.408539], [73.842441, 16.408812], [73.844139, 16.408822], [73.844138, 16.409095], [73.844421, 16.409096], [73.844422, 16.408823], [73.844988, 16.408826], [73.844987, 16.409099], [73.84527, 16.409101], [73.845263, 16.410194], [73.845546, 16.410195], [73.845543, 16.410741], [73.845826, 16.410743], [73.845824, 16.411016], [73.84639, 16.411019], [73.846389, 16.411292], [73.846955, 16.411295], [73.846953, 16.411569], [73.847519, 16.411572], [73.847518, 16.411845], [73.848933, 16.411853], [73.848934, 16.41158], [73.849217, 16.411581], [73.849219, 16.411308], [73.849502, 16.411309], [73.849503, 16.411036], [73.850069, 16.411039], [73.850068, 16.411313], [73.850351, 16.411314], [73.850349, 16.411587], [73.850632, 16.411589], [73.850624, 16.412955], [73.850907, 16.412956], [73.850906, 16.413229], [73.850623, 16.413228], [73.850616, 16.41432], [73.851182, 16.414323], [73.851181, 16.414597], [73.851747, 16.4146], [73.851743, 16.415146], [73.852309, 16.415149], [73.852308, 16.415422], [73.852874, 16.415425], [73.852875, 16.415152], [73.854007, 16.415158], [73.854009, 16.414885], [73.854858, 16.41489], [73.854856, 16.415163], [73.855139, 16.415164], [73.855138, 16.415438], [73.855421, 16.415439], [73.855419, 16.415712], [73.855702, 16.415714], [73.855701, 16.415987], [73.857399, 16.415996], [73.857397, 16.416269], [73.858529, 16.416276], [73.858527, 16.416549], [73.85881, 16.41655], [73.858809, 16.416823], [73.859658, 16.416828], [73.859656, 16.417101], [73.859939, 16.417103], [73.859938, 16.417376], [73.860221, 16.417377], [73.860219, 16.417651], [73.861068, 16.417655], [73.861067, 16.417928], [73.861633, 16.417931], [73.861631, 16.418205], [73.862197, 16.418208], [73.862195, 16.418481], [73.862761, 16.418484], [73.86276, 16.418757], [73.863609, 16.418762], [73.863607, 16.419035], [73.864173, 16.419038], [73.864172, 16.419311], [73.864738, 16.419314], [73.864736, 16.419587], [73.865019, 16.419589], [73.865018, 16.419862], [73.865301, 16.419863], [73.865299, 16.420137], [73.865865, 16.42014], [73.865863, 16.420413], [73.867278, 16.42042], [73.867277, 16.420694], [73.868409, 16.4207], [73.868407, 16.420973], [73.868973, 16.420976], [73.868972, 16.421249], [73.869821, 16.421254], [73.869824, 16.420707], [73.871239, 16.420715], [73.871238, 16.420988], [73.871521, 16.42099], [73.871519, 16.421263], [73.872368, 16.421267], [73.87237, 16.420994], [73.872653, 16.420996], [73.872654, 16.420722], [73.872937, 16.420724], [73.872939, 16.420451], [73.873505, 16.420454], [73.873506, 16.420181], [73.874355, 16.420185], [73.874357, 16.419912], [73.87464, 16.419914], [73.874642, 16.41964], [73.874925, 16.419642], [73.874931, 16.418549], [73.875214, 16.418551], [73.875215, 16.418278], [73.875781, 16.418281], [73.875783, 16.418008], [73.876066, 16.418009], [73.876068, 16.417736], [73.876634, 16.417739], [73.876635, 16.417466], [73.876918, 16.417467], [73.87692, 16.417194], [73.877486, 16.417197], [73.877487, 16.416924], [73.87777, 16.416926], [73.877772, 16.416652], [73.878055, 16.416654], [73.878056, 16.416381], [73.878339, 16.416382], [73.878341, 16.416109], [73.878624, 16.416111], [73.878626, 16.415838], [73.879192, 16.415841], [73.879193, 16.415567], [73.879476, 16.415569], [73.879478, 16.415296], [73.879761, 16.415297], [73.879762, 16.415024], [73.880045, 16.415026], [73.880047, 16.414752], [73.882311, 16.414765], [73.882309, 16.415038], [73.882875, 16.415041], [73.882874, 16.415314], [73.884289, 16.415321], [73.88429, 16.415048], [73.886271, 16.415059], [73.88627, 16.415332], [73.887685, 16.415339], [73.887683, 16.415613], [73.888249, 16.415616], [73.888248, 16.415889], [73.888814, 16.415892], [73.888812, 16.416165], [73.889378, 16.416168], [73.889377, 16.416441], [73.889943, 16.416444], [73.889941, 16.416717], [73.890224, 16.416719], [73.890223, 16.416992], [73.890506, 16.416993], [73.890503, 16.41754], [73.890786, 16.417541], [73.890783, 16.418087], [73.890499, 16.418086], [73.890495, 16.418905], [73.890778, 16.418907], [73.890776, 16.41918], [73.891059, 16.419181], [73.891058, 16.419455], [73.891907, 16.419459], [73.891905, 16.419732], [73.892471, 16.419735], [73.89247, 16.420008], [73.892753, 16.42001], [73.89275, 16.420556], [73.893033, 16.420558], [73.893031, 16.420831], [73.893314, 16.420832], [73.893313, 16.421106], [73.893596, 16.421107], [73.893594, 16.42138], [73.893877, 16.421382], [73.893876, 16.421655], [73.894442, 16.421658], [73.89444, 16.421931], [73.895006, 16.421934], [73.895008, 16.421661], [73.896706, 16.42167], [73.896703, 16.422216], [73.896986, 16.422217], [73.896984, 16.422491], [73.897267, 16.422492], [73.897266, 16.422765], [73.898681, 16.422773], [73.898682, 16.4225], [73.899531, 16.422504], [73.899528, 16.42305], [73.899811, 16.423052], [73.89981, 16.423325], [73.900093, 16.423326], [73.900091, 16.4236], [73.900374, 16.423601], [73.900373, 16.423874], [73.900939, 16.423877], [73.900937, 16.42415], [73.90122, 16.424152], [73.901219, 16.424425], [73.901785, 16.424428], [73.901783, 16.424701], [73.902066, 16.424703], [73.902065, 16.424976], [73.902348, 16.424977], [73.902346, 16.42525], [73.902629, 16.425252], [73.902628, 16.425525], [73.902911, 16.425526], [73.902909, 16.4258], [73.903192, 16.425801], [73.903191, 16.426074], [73.903474, 16.426076], [73.903472, 16.426349], [73.903755, 16.42635], [73.903754, 16.426624], [73.90432, 16.426627], [73.904318, 16.4269], [73.904884, 16.426903], [73.904881, 16.427449], [73.905164, 16.42745], [73.905163, 16.427724], [73.906012, 16.427728], [73.90601, 16.428001], [73.906293, 16.428003], [73.906292, 16.428276], [73.907141, 16.42828], [73.907139, 16.428553], [73.907705, 16.428556], [73.907704, 16.428829], [73.907987, 16.428831], [73.907984, 16.429377], [73.908267, 16.429379], [73.908265, 16.429652], [73.909397, 16.429658], [73.909396, 16.429931], [73.909962, 16.429934], [73.90996, 16.430207], [73.910243, 16.430208], [73.910242, 16.430482], [73.910808, 16.430485], [73.910806, 16.430758], [73.911089, 16.430759], [73.911088, 16.431032], [73.911371, 16.431034], [73.911369, 16.431307], [73.912785, 16.431314], [73.912783, 16.431587], [73.914198, 16.431595], [73.914197, 16.431868], [73.914763, 16.431871], [73.914761, 16.432144], [73.91561, 16.432148], [73.915609, 16.432422], [73.915892, 16.432423], [73.91589, 16.432696], [73.916456, 16.432699], [73.916455, 16.432972], [73.917021, 16.432975], [73.917019, 16.433248], [73.917585, 16.433251], [73.917584, 16.433524], [73.917867, 16.433526], [73.917864, 16.434072], [73.918147, 16.434074], [73.918146, 16.434347], [73.918995, 16.434351], [73.918992, 16.434898], [73.919275, 16.434899], [73.919273, 16.435172], [73.920122, 16.435176], [73.920121, 16.43545], [73.920687, 16.435453], [73.920688, 16.435179], [73.920971, 16.435181], [73.92097, 16.435454], [73.921253, 16.435455], [73.921251, 16.435729], [73.921534, 16.43573], [73.921533, 16.436003], [73.921816, 16.436005], [73.921814, 16.436278], [73.922381, 16.436281], [73.922379, 16.436554], [73.922662, 16.436555], [73.922661, 16.436829], [73.922944, 16.43683], [73.922942, 16.437103], [73.923508, 16.437106], [73.923507, 16.437379], [73.92379, 16.437381], [73.923788, 16.437654], [73.924071, 16.437655], [73.92407, 16.437928], [73.924353, 16.43793], [73.924351, 16.438203], [73.924634, 16.438204], [73.924633, 16.438478], [73.924916, 16.438479], [73.924914, 16.438752], [73.92548, 16.438755], [73.925479, 16.439028], [73.926328, 16.439033], [73.926327, 16.439306], [73.92661, 16.439307], [73.926608, 16.43958], [73.926891, 16.439582], [73.92689, 16.439855], [73.928022, 16.439861], [73.92802, 16.440134], [73.928303, 16.440135], [73.928302, 16.440409], [73.928868, 16.440411], [73.928866, 16.440685], [73.929433, 16.440688], [73.929431, 16.440961], [73.929714, 16.440962], [73.929713, 16.441235], [73.930279, 16.441238], [73.930277, 16.441511], [73.930843, 16.441514], [73.930842, 16.441787], [73.931408, 16.44179], [73.931406, 16.442063], [73.932256, 16.442068], [73.932254, 16.442341], [73.93282, 16.442344], [73.932819, 16.442617], [73.933385, 16.44262], [73.933383, 16.442893], [73.933666, 16.442894], [73.933665, 16.443168], [73.933948, 16.443169], [73.933946, 16.443442], [73.934513, 16.443445], [73.934511, 16.443718], [73.934794, 16.44372], [73.934791, 16.444266], [73.935074, 16.444267], [73.935071, 16.444814], [73.935354, 16.444815], [73.935353, 16.445088], [73.935636, 16.44509], [73.935633, 16.445636], [73.935916, 16.445637], [73.935914, 16.445911], [73.936481, 16.445914], [73.936479, 16.446187], [73.937611, 16.446192], [73.93761, 16.446466], [73.937893, 16.446467], [73.937885, 16.447833], [73.938735, 16.447837], [73.938733, 16.44811], [73.939582, 16.448115], [73.939576, 16.449207], [73.940142, 16.44921], [73.940144, 16.448937], [73.940427, 16.448938], [73.94043, 16.448392], [73.940996, 16.448395], [73.940995, 16.448668], [73.941844, 16.448672], [73.941845, 16.448399], [73.942411, 16.448402], [73.942413, 16.448129], [73.943545, 16.448135], [73.943542, 16.448681], [73.944108, 16.448684], [73.944105, 16.44923], [73.944954, 16.449234], [73.944957, 16.448688], [73.94524, 16.448689], [73.945243, 16.448143], [73.945526, 16.448145], [73.945528, 16.447871], [73.947226, 16.44788], [73.947228, 16.447607], [73.948077, 16.447611], [73.948071, 16.448704], [73.948354, 16.448705], [73.948351, 16.449251], [73.948068, 16.44925], [73.948064, 16.450069], [73.948347, 16.450071], [73.948345, 16.450344], [73.948628, 16.450345], [73.948625, 16.450892], [73.948908, 16.450893], [73.948907, 16.451166], [73.950322, 16.451173], [73.950324, 16.4509], [73.950607, 16.450902], [73.950614, 16.449536], [73.951463, 16.44954], [73.951465, 16.449267], [73.951748, 16.449268], [73.951749, 16.448995], [73.952032, 16.448997], [73.952034, 16.448723], [73.952317, 16.448725], [73.952318, 16.448452], [73.952885, 16.448455], [73.952883, 16.448728], [73.953166, 16.448729], [73.953165, 16.449002], [73.954014, 16.449007], [73.954015, 16.448733], [73.954865, 16.448738], [73.954863, 16.449011], [73.955712, 16.449015], [73.955711, 16.449288], [73.955994, 16.44929], [73.955992, 16.449563], [73.956275, 16.449564], [73.956277, 16.449291], [73.95656, 16.449292], [73.956559, 16.449566], [73.956842, 16.449567], [73.956839, 16.450113], [73.957122, 16.450115], [73.95712, 16.450388], [73.957403, 16.450389], [73.9574, 16.450936], [73.957117, 16.450934], [73.957114, 16.45148], [73.957397, 16.451482], [73.957395, 16.452028], [73.957678, 16.45203], [73.957679, 16.451756], [73.959377, 16.451765], [73.959376, 16.452038], [73.959659, 16.452039], [73.959661, 16.451766], [73.960793, 16.451772], [73.960794, 16.451499], [73.96221, 16.451506], [73.962208, 16.451779], [73.964473, 16.45179], [73.964474, 16.451517], [73.96504, 16.45152], [73.965042, 16.451247], [73.965325, 16.451248], [73.965326, 16.450975], [73.966175, 16.450979], [73.966177, 16.450706], [73.96646, 16.450707], [73.966458, 16.45098], [73.967308, 16.450985], [73.967306, 16.451258], [73.968439, 16.451263], [73.968437, 16.451536], [73.96872, 16.451538], [73.968719, 16.451811], [73.969002, 16.451812], [73.968997, 16.452632], [73.96928, 16.452633], [73.969272, 16.454272], [73.969555, 16.454274], [73.969552, 16.45482], [73.969835, 16.454821], [73.969834, 16.455095], [73.9704, 16.455097], [73.970398, 16.45537], [73.970964, 16.455373], [73.970963, 16.455646], [73.971246, 16.455648], [73.971239, 16.457014], [73.971522, 16.457015], [73.971521, 16.457288], [73.971804, 16.45729], [73.971802, 16.457563], [73.972085, 16.457564], [73.972075, 16.459476], [73.972358, 16.459478], [73.97236, 16.459204], [73.972926, 16.459207], [73.972924, 16.45948], [73.973774, 16.459485], [73.973775, 16.459211], [73.974341, 16.459214], [73.97434, 16.459487], [73.974906, 16.45949], [73.974907, 16.459217], [73.976606, 16.459225], [73.976604, 16.459498], [73.976888, 16.4595], [73.976886, 16.459773], [73.977452, 16.459776], [73.977451, 16.460049], [73.977734, 16.46005], [73.977732, 16.460323], [73.978582, 16.460328], [73.97858, 16.460601], [73.978863, 16.460602], [73.978862, 16.460875], [73.979428, 16.460878], [73.979427, 16.461151], [73.97971, 16.461153], [73.979708, 16.461426], [73.979991, 16.461427], [73.97999, 16.4617], [73.980273, 16.461702], [73.980272, 16.461975], [73.981121, 16.461979], [73.981122, 16.461706], [73.982821, 16.461714], [73.982819, 16.461987], [73.983386, 16.46199], [73.983383, 16.462536], [73.984232, 16.46254], [73.984231, 16.462814], [73.984797, 16.462816], [73.984795, 16.463089], [73.985361, 16.463092], [73.985363, 16.462819], [73.986212, 16.462823], [73.986215, 16.462277], [73.986498, 16.462278], [73.986497, 16.462551], [73.987912, 16.462558], [73.987913, 16.462285], [73.98848, 16.462288], [73.988478, 16.462561], [73.989044, 16.462564], [73.989046, 16.46229], [73.989329, 16.462292], [73.98933, 16.462019], [73.989613, 16.46202], [73.989608, 16.463113], [73.989891, 16.463114], [73.989889, 16.463387], [73.989606, 16.463386], [73.989603, 16.463932], [73.98932, 16.463931], [73.989318, 16.464477], [73.989034, 16.464476], [73.98903, 16.465295], [73.988747, 16.465294], [73.988743, 16.466113], [73.98846, 16.466112], [73.988458, 16.466385], [73.988175, 16.466384], [73.988174, 16.466657], [73.987608, 16.466654], [73.987602, 16.467747], [73.987885, 16.467748], [73.987884, 16.468021], [73.98845, 16.468024], [73.988447, 16.46857], [73.98873, 16.468572], [73.988726, 16.469391], [73.989009, 16.469393], [73.989002, 16.470758], [73.989285, 16.47076], [73.989282, 16.471306], [73.989565, 16.471308], [73.989562, 16.471854], [73.989846, 16.471855], [73.989844, 16.472128], [73.990127, 16.47213], [73.990126, 16.472403], [73.990975, 16.472407], [73.990974, 16.47268], [73.991823, 16.472684], [73.991822, 16.472957], [73.992388, 16.47296], [73.992386, 16.473233], [73.992953, 16.473236], [73.992951, 16.473509], [73.9938, 16.473513], [73.993798, 16.47406], [73.994081, 16.474061], [73.994079, 16.474334], [73.994362, 16.474336], [73.994361, 16.474609], [73.994644, 16.47461], [73.994643, 16.474883], [73.994926, 16.474885], [73.994923, 16.475431], [73.995206, 16.475432], [73.995203, 16.475979], [73.995486, 16.47598], [73.995485, 16.476253], [73.995202, 16.476252], [73.9952, 16.476525], [73.995484, 16.476526], [73.995482, 16.476799], [73.995765, 16.476801], [73.995764, 16.477074], [73.996047, 16.477075], [73.996046, 16.477348], [73.996329, 16.47735], [73.996326, 16.477896], [73.996892, 16.477899], [73.996891, 16.478172], [73.997457, 16.478175], [73.997458, 16.477902], [73.998591, 16.477907], [73.998589, 16.47818], [73.999439, 16.478184], [73.999436, 16.478731], [74.000002, 16.478733], [73.999999, 16.47928], [74.000282, 16.479281], [74.000281, 16.479554], [74.00113, 16.479558], [74.001129, 16.479831], [74.001978, 16.479835], [74.001977, 16.480108], [74.002543, 16.480111], [74.002542, 16.480384], [74.003391, 16.480388], [74.00339, 16.480662], [74.003673, 16.480663], [74.003671, 16.480936], [74.003954, 16.480937], [74.003953, 16.481211], [74.005935, 16.48122], [74.005933, 16.481493], [74.006783, 16.481497], [74.006781, 16.48177], [74.007914, 16.481776], [74.007912, 16.482049], [74.009045, 16.482054], [74.009043, 16.482327], [74.009327, 16.482329], [74.009324, 16.482875], [74.009607, 16.482876], [74.009606, 16.48315], [74.009889, 16.483151], [74.009887, 16.483424], [74.01017, 16.483425], [74.010166, 16.484245], [74.010449, 16.484246], [74.010445, 16.485066], [74.010728, 16.485067], [74.010727, 16.48534], [74.01101, 16.485342], [74.011003, 16.486707], [74.011286, 16.486709], [74.011285, 16.486982], [74.011568, 16.486983], [74.011567, 16.487256], [74.01185, 16.487258], [74.011848, 16.487531], [74.012131, 16.487532], [74.012129, 16.488079], [74.012412, 16.48808], [74.01241, 16.488353], [74.012693, 16.488354], [74.012687, 16.48972], [74.01297, 16.489722], [74.012968, 16.489995], [74.013251, 16.489996], [74.01325, 16.490269], [74.013816, 16.490272], [74.013812, 16.491091], [74.014095, 16.491093], [74.014094, 16.491366], [74.014377, 16.491367], [74.014376, 16.49164], [74.014659, 16.491642], [74.014653, 16.492734], [74.016069, 16.492741], [74.016067, 16.493014], [74.016351, 16.493016], [74.016349, 16.493289], [74.016632, 16.49329], [74.016631, 16.493563], [74.016914, 16.493565], [74.01691, 16.494384], [74.017193, 16.494385], [74.01719, 16.494932], [74.017473, 16.494933], [74.017472, 16.495206], [74.018038, 16.495209], [74.018037, 16.495482], [74.01832, 16.495483], [74.018319, 16.495756], [74.018602, 16.495758], [74.018598, 16.496577], [74.018881, 16.496579], [74.018878, 16.497125], [74.019444, 16.497128], [74.019443, 16.497401], [74.020009, 16.497403], [74.020008, 16.497677], [74.020574, 16.497679], [74.020573, 16.497952], [74.021139, 16.497955], [74.021138, 16.498228], [74.02312, 16.498237], [74.023121, 16.497964], [74.023404, 16.497966], [74.023403, 16.498239], [74.023686, 16.49824], [74.023682, 16.49906], [74.023965, 16.499061], [74.023964, 16.499334], [74.024247, 16.499335], [74.024245, 16.499609], [74.024529, 16.49961], [74.024527, 16.499883], [74.02481, 16.499884], [74.024809, 16.500158], [74.025092, 16.500159], [74.025091, 16.500432], [74.024808, 16.500431], [74.024802, 16.501523], [74.025085, 16.501525], [74.025078, 16.502891], [74.025645, 16.502893], [74.025643, 16.503166], [74.025927, 16.503168], [74.025922, 16.503987], [74.026206, 16.503988], [74.026203, 16.504535], [74.026486, 16.504536], [74.026485, 16.504809], [74.026768, 16.504811], [74.026766, 16.505084], [74.027616, 16.505088], [74.027614, 16.505361], [74.027898, 16.505362], [74.027896, 16.505635], [74.030445, 16.505647], [74.030446, 16.505374], [74.031012, 16.505377], [74.031014, 16.505103], [74.031297, 16.505105], [74.031295, 16.505378], [74.031579, 16.505379], [74.031577, 16.505652], [74.03186, 16.505654], [74.031858, 16.5062], [74.032141, 16.506201], [74.032139, 16.506475], [74.032423, 16.506476], [74.032421, 16.506749], [74.032704, 16.50675], [74.032703, 16.507023], [74.032986, 16.507025], [74.032985, 16.507298], [74.033268, 16.507299], [74.033265, 16.507846], [74.033548, 16.507847], [74.033547, 16.50812], [74.03383, 16.508121], [74.033826, 16.508941], [74.034109, 16.508942], [74.034108, 16.509215], [74.035524, 16.509222], [74.035522, 16.509495], [74.035805, 16.509496], [74.035804, 16.50977], [74.036087, 16.509771], [74.036085, 16.510317], [74.036368, 16.510318], [74.036366, 16.510592], [74.037499, 16.510597], [74.037498, 16.51087], [74.037781, 16.510871], [74.037777, 16.511691], [74.037494, 16.51169], [74.037492, 16.511963], [74.037775, 16.511964], [74.03777, 16.513057], [74.038053, 16.513058], [74.03805, 16.513604], [74.038334, 16.513606], [74.038332, 16.513879], [74.038615, 16.51388], [74.038614, 16.514153], [74.038897, 16.514155], [74.038893, 16.514974], [74.03946, 16.514977], [74.039455, 16.515796], [74.040022, 16.515799], [74.04002, 16.516072], [74.040304, 16.516073], [74.040301, 16.51662], [74.040867, 16.516622], [74.040866, 16.516895], [74.041432, 16.516898], [74.041431, 16.517171], [74.04228, 16.517175], [74.042282, 16.516902], [74.042565, 16.516903], [74.042566, 16.51663], [74.043416, 16.516634], [74.043417, 16.516361], [74.0437, 16.516362], [74.043698, 16.516908], [74.043981, 16.51691], [74.043979, 16.517183], [74.044263, 16.517184], [74.044261, 16.517457], [74.044544, 16.517458], [74.044535, 16.519371], [74.045385, 16.519375], [74.045383, 16.519648], [74.045666, 16.519649], [74.045668, 16.519376], [74.046517, 16.51938], [74.046516, 16.519653], [74.046799, 16.519654], [74.046798, 16.519927], [74.047081, 16.519929], [74.047078, 16.520475], [74.047361, 16.520476], [74.04736, 16.520749], [74.047643, 16.520751], [74.047641, 16.521297], [74.048207, 16.5213], [74.048206, 16.521573], [74.048772, 16.521575], [74.048769, 16.522122], [74.049052, 16.522123], [74.049051, 16.522396], [74.049334, 16.522397], [74.049333, 16.522671], [74.049616, 16.522672], [74.049615, 16.522945], [74.049898, 16.522946], [74.049897, 16.523219], [74.050463, 16.523222], [74.050459, 16.524042], [74.050742, 16.524043], [74.050738, 16.524862], [74.050172, 16.52486], [74.05017, 16.525133], [74.049887, 16.525132], [74.049882, 16.526224], [74.050165, 16.526226], [74.050161, 16.527045], [74.050444, 16.527046], [74.050443, 16.52732], [74.050726, 16.527321], [74.050725, 16.527594], [74.051291, 16.527597], [74.05129, 16.52787], [74.051573, 16.527871], [74.05157, 16.528417], [74.051854, 16.528419], [74.051852, 16.528692], [74.052419, 16.528694], [74.052417, 16.528968], [74.052984, 16.52897], [74.052982, 16.529243], [74.053265, 16.529245], [74.053263, 16.529791], [74.053829, 16.529793], [74.053828, 16.530067], [74.054111, 16.530068], [74.05411, 16.530341], [74.053826, 16.53034], [74.053825, 16.530613], [74.053259, 16.53061], [74.053251, 16.532249], [74.052968, 16.532248], [74.052953, 16.535253], [74.05267, 16.535252], [74.052667, 16.535798], [74.052384, 16.535797], [74.052383, 16.53607], [74.052666, 16.536071], [74.052652, 16.538803], [74.052369, 16.538801], [74.052368, 16.539075], [74.051801, 16.539072], [74.051797, 16.539892], [74.052081, 16.539893], [74.052078, 16.540439], [74.051795, 16.540438], [74.051789, 16.541531], [74.052073, 16.541532], [74.05207, 16.542078], [74.052636, 16.542081], [74.052635, 16.542354], [74.052918, 16.542355], [74.052917, 16.542628], [74.0532, 16.54263], [74.053195, 16.543722], [74.052912, 16.543721], [74.052906, 16.544814], [74.054039, 16.544819], [74.054038, 16.545092], [74.054321, 16.545093], [74.05432, 16.545366], [74.054603, 16.545368], [74.054602, 16.545641], [74.05715, 16.545652], [74.057152, 16.545379], [74.057435, 16.545381], [74.057434, 16.545654], [74.059699, 16.545664], [74.059698, 16.545937], [74.059981, 16.545938], [74.059983, 16.545665], [74.060549, 16.545668], [74.06055, 16.545395], [74.060834, 16.545396], [74.060831, 16.545942], [74.061114, 16.545943], [74.061111, 16.54649], [74.061395, 16.546491], [74.061393, 16.546764], [74.061677, 16.546766], [74.061674, 16.547312], [74.061957, 16.547313], [74.061956, 16.547586], [74.062239, 16.547588], [74.062235, 16.548407], [74.062518, 16.548408], [74.062517, 16.548681], [74.0628, 16.548683], [74.062798, 16.549229], [74.062514, 16.549228], [74.06251, 16.550047], [74.062794, 16.550049], [74.062792, 16.550322], [74.063075, 16.550323], [74.06307, 16.551416], [74.062787, 16.551414], [74.062783, 16.552234], [74.063066, 16.552235], [74.063062, 16.553055], [74.063345, 16.553056], [74.063343, 16.553602], [74.06306, 16.553601], [74.063054, 16.554694], [74.062771, 16.554692], [74.062766, 16.555785], [74.062483, 16.555784], [74.062481, 16.556057], [74.061632, 16.556053], [74.06163, 16.556326], [74.061347, 16.556325], [74.06134, 16.557691], [74.061624, 16.557692], [74.061622, 16.557965], [74.061906, 16.557967], [74.061904, 16.55824], [74.062754, 16.558244], [74.062755, 16.55797], [74.063888, 16.557975], [74.063887, 16.558249], [74.06417, 16.55825], [74.064169, 16.558523], [74.064452, 16.558524], [74.064451, 16.558798], [74.064734, 16.558799], [74.064733, 16.559072], [74.065866, 16.559077], [74.065867, 16.558804], [74.067, 16.558809], [74.067001, 16.558536], [74.067284, 16.558537], [74.067286, 16.558264], [74.068135, 16.558268], [74.068131, 16.559087], [74.068698, 16.55909], [74.068691, 16.560456], [74.069258, 16.560458], [74.069256, 16.560731], [74.069823, 16.560734], [74.069822, 16.561007], [74.070105, 16.561008], [74.070104, 16.561281], [74.070387, 16.561283], [74.070385, 16.561556], [74.072085, 16.561563], [74.072084, 16.561837], [74.07265, 16.561839], [74.072649, 16.562112], [74.073782, 16.562117], [74.07378, 16.56239], [74.07463, 16.562394], [74.074629, 16.562667], [74.075195, 16.56267], [74.075194, 16.562943], [74.076327, 16.562948], [74.076326, 16.563221], [74.076892, 16.563224], [74.076891, 16.563497], [74.077174, 16.563498], [74.077171, 16.564045], [74.077455, 16.564046], [74.077453, 16.564319], [74.077737, 16.56432], [74.077727, 16.566232], [74.078294, 16.566235], [74.078293, 16.566508], [74.078859, 16.566511], [74.07886, 16.566237], [74.079993, 16.566242], [74.079995, 16.565969], [74.080844, 16.565973], [74.080843, 16.566246], [74.081126, 16.566247], [74.081125, 16.566521], [74.081408, 16.566522], [74.081407, 16.566795], [74.082257, 16.566799], [74.082258, 16.566526], [74.083391, 16.566531], [74.08339, 16.566804], [74.083956, 16.566806], [74.083955, 16.567079], [74.084238, 16.567081], [74.084239, 16.566807], [74.085372, 16.566812], [74.085371, 16.567086], [74.085938, 16.567088], [74.085936, 16.567361], [74.08622, 16.567362], [74.086214, 16.568455], [74.086498, 16.568456], [74.086496, 16.56873], [74.08678, 16.568731], [74.086778, 16.569004], [74.087062, 16.569005], [74.087059, 16.569552], [74.087342, 16.569553], [74.08734, 16.570099], [74.087623, 16.5701], [74.087622, 16.570373], [74.091587, 16.570391], [74.091582, 16.571483], [74.091865, 16.571485], [74.091858, 16.573124], [74.091574, 16.573123], [74.091568, 16.574488], [74.091001, 16.574486], [74.090999, 16.575032], [74.091282, 16.575033], [74.091278, 16.575853], [74.091562, 16.575854], [74.09156, 16.576127], [74.091844, 16.576129], [74.091842, 16.576402], [74.091559, 16.576401], [74.091547, 16.578859], [74.091831, 16.57886], [74.091828, 16.579407], [74.092111, 16.579408], [74.09211, 16.579681], [74.092393, 16.579682], [74.092391, 16.580229], [74.093807, 16.580235], [74.093803, 16.581054], [74.094087, 16.581055], [74.094085, 16.581329], [74.094369, 16.58133], [74.094367, 16.581603], [74.095217, 16.581607], [74.095218, 16.581334], [74.096635, 16.58134], [74.096636, 16.581067], [74.097486, 16.58107], [74.097485, 16.581343], [74.098051, 16.581346], [74.09805, 16.581619], [74.098333, 16.58162], [74.098332, 16.581893], [74.098615, 16.581895], [74.098614, 16.582168], [74.09918, 16.58217], [74.099179, 16.582443], [74.099462, 16.582445], [74.099458, 16.583264], [74.099742, 16.583265], [74.09974, 16.583539], [74.100307, 16.583541], [74.100306, 16.583814], [74.101722, 16.58382], [74.101721, 16.584093], [74.102571, 16.584097], [74.102569, 16.58437], [74.103136, 16.584373], [74.103135, 16.584646], [74.104551, 16.584652], [74.104552, 16.584379], [74.105402, 16.584382], [74.105401, 16.584656], [74.107384, 16.584664], [74.107382, 16.584937], [74.108799, 16.584943], [74.108798, 16.585217], [74.109931, 16.585221], [74.109928, 16.585768], [74.110211, 16.585769], [74.110208, 16.586588], [74.110491, 16.58659], [74.110488, 16.587136], [74.111338, 16.58714], [74.111337, 16.587413], [74.11162, 16.587414], [74.111619, 16.587687], [74.111902, 16.587688], [74.111901, 16.587962], [74.112184, 16.587963], [74.112183, 16.588236], [74.11275, 16.588238], [74.112748, 16.588512], [74.113032, 16.588513], [74.11303, 16.588786], [74.113314, 16.588787], [74.113312, 16.58906], [74.113879, 16.589063], [74.113878, 16.589336], [74.114161, 16.589337], [74.11416, 16.58961], [74.115859, 16.589617], [74.115858, 16.589891], [74.116141, 16.589892], [74.11614, 16.590165], [74.116424, 16.590166], [74.116422, 16.590439], [74.116706, 16.590441], [74.116704, 16.590714], [74.117271, 16.590716], [74.117263, 16.592355], [74.117547, 16.592356], [74.117543, 16.593176], [74.117826, 16.593177], [74.117825, 16.59345], [74.118675, 16.593454], [74.118674, 16.593727], [74.119523, 16.593731], [74.119522, 16.594004], [74.120089, 16.594006], [74.120088, 16.594279], [74.120654, 16.594282], [74.120653, 16.594555], [74.120936, 16.594556], [74.120935, 16.594829], [74.121218, 16.59483], [74.121217, 16.595104], [74.1215, 16.595105], [74.121499, 16.595378], [74.122915, 16.595384], [74.122914, 16.595657], [74.123481, 16.59566], [74.12348, 16.595933], [74.123763, 16.595934], [74.123762, 16.596207], [74.124328, 16.596209], [74.124324, 16.597029], [74.124608, 16.59703], [74.124607, 16.597303], [74.12489, 16.597305], [74.124889, 16.597578], [74.125455, 16.59758], [74.125456, 16.597307], [74.126023, 16.597309], [74.126024, 16.597036], [74.126307, 16.597037], [74.126306, 16.59731], [74.12659, 16.597312], [74.126588, 16.597585], [74.126872, 16.597586], [74.126867, 16.598679], [74.128283, 16.598685], [74.128279, 16.599504], [74.128563, 16.599505], [74.128562, 16.599778], [74.129128, 16.599781], [74.129127, 16.600054], [74.12941, 16.600055], [74.129409, 16.600328], [74.129692, 16.60033], [74.129691, 16.600603], [74.130258, 16.600605], [74.130255, 16.601151], [74.130538, 16.601153], [74.130536, 16.601699], [74.131386, 16.601703], [74.131383, 16.602249], [74.131667, 16.60225], [74.131665, 16.602523], [74.132515, 16.602527], [74.132514, 16.6028], [74.133364, 16.602803], [74.133362, 16.60335], [74.133645, 16.603351], [74.133644, 16.603624], [74.133927, 16.603625], [74.133923, 16.604445], [74.13364, 16.604444], [74.133636, 16.605263], [74.13392, 16.605264], [74.133915, 16.606357], [74.134198, 16.606358], [74.134191, 16.607997], [74.134474, 16.607998], [74.134467, 16.609637], [74.13475, 16.609639], [74.134749, 16.609912], [74.135032, 16.609913], [74.135031, 16.610186], [74.135314, 16.610187], [74.135313, 16.61046], [74.135596, 16.610462], [74.135594, 16.611008], [74.13701, 16.611014], [74.137009, 16.611287], [74.137292, 16.611288], [74.137288, 16.612381], [74.137571, 16.612382], [74.13757, 16.612655], [74.137853, 16.612656], [74.137851, 16.613203], [74.138134, 16.613204], [74.138133, 16.613477], [74.138983, 16.613481], [74.138981, 16.613754], [74.139265, 16.613755], [74.139264, 16.614028], [74.139547, 16.614029], [74.139546, 16.614302], [74.139829, 16.614304], [74.139825, 16.615123], [74.140109, 16.615124], [74.140106, 16.615671], [74.140389, 16.615672], [74.140388, 16.615945], [74.141238, 16.615949], [74.141235, 16.616768], [74.140951, 16.616767], [74.14095, 16.61704], [74.141233, 16.617041], [74.141231, 16.617588], [74.141514, 16.617589], [74.141513, 16.617862], [74.141796, 16.617863], [74.141795, 16.618136], [74.141512, 16.618135], [74.141511, 16.618408], [74.143494, 16.618416], [74.143493, 16.61869], [74.143776, 16.618691], [74.143775, 16.618964], [74.144058, 16.618965], [74.144057, 16.619238], [74.14434, 16.619239], [74.144335, 16.620332], [74.144619, 16.620333], [74.144615, 16.621153], [74.144898, 16.621154], [74.14489, 16.623066], [74.144607, 16.623065], [74.144604, 16.623611], [74.144321, 16.62361], [74.144318, 16.624156], [74.143752, 16.624154], [74.143749, 16.624701], [74.143466, 16.624699], [74.143465, 16.624973], [74.143181, 16.624971], [74.14318, 16.625245], [74.142897, 16.625243], [74.142896, 16.625517], [74.142329, 16.625514], [74.142325, 16.626334], [74.142042, 16.626333], [74.142041, 16.626606], [74.141758, 16.626605], [74.141756, 16.626878], [74.141473, 16.626877], [74.141472, 16.62715], [74.141755, 16.627151], [74.141754, 16.627424], [74.142037, 16.627425], [74.142034, 16.628245], [74.1426, 16.628247], [74.142594, 16.629613], [74.142028, 16.629611], [74.142023, 16.630703], [74.141739, 16.630702], [74.141738, 16.630975], [74.141455, 16.630974], [74.141454, 16.631247], [74.14117, 16.631246], [74.141169, 16.631519], [74.140886, 16.631518], [74.140884, 16.631791], [74.140601, 16.63179], [74.1406, 16.632063], [74.140317, 16.632062], [74.140315, 16.632335], [74.140032, 16.632334], [74.140031, 16.632607], [74.139747, 16.632606], [74.139744, 16.633426], [74.13946, 16.633424], [74.139459, 16.633698], [74.139176, 16.633696], [74.139173, 16.634243], [74.13889, 16.634242], [74.138889, 16.634515], [74.138605, 16.634514], [74.138603, 16.63506], [74.13832, 16.635059], [74.138316, 16.635878], [74.138033, 16.635877], [74.138031, 16.63615], [74.137748, 16.636149], [74.137741, 16.637788], [74.137457, 16.637787], [74.137453, 16.63888], [74.137169, 16.638878], [74.137162, 16.640517], [74.137445, 16.640519], [74.137448, 16.639972], [74.137731, 16.639973], [74.137733, 16.639427], [74.13915, 16.639433], [74.139151, 16.63916], [74.139435, 16.639161], [74.139434, 16.639434], [74.14, 16.639436], [74.139999, 16.63971], [74.141132, 16.639714], [74.141131, 16.639987], [74.141415, 16.639989], [74.141413, 16.640262], [74.142263, 16.640265], [74.142262, 16.640538], [74.142546, 16.64054], [74.142544, 16.640813], [74.142828, 16.640814], [74.142827, 16.641087], [74.14311, 16.641088], [74.143109, 16.641362], [74.143392, 16.641363], [74.143391, 16.641636], [74.143674, 16.641637], [74.143671, 16.642457], [74.143954, 16.642458], [74.143949, 16.64355], [74.143666, 16.643549], [74.143661, 16.644642], [74.143944, 16.644643], [74.143942, 16.645189], [74.144509, 16.645192], [74.144507, 16.645465], [74.144791, 16.645466], [74.144789, 16.645739], [74.14564, 16.645743], [74.145638, 16.646016], [74.145922, 16.646017], [74.145923, 16.645744], [74.147056, 16.645749], [74.147055, 16.646022], [74.147339, 16.646023], [74.147337, 16.646296], [74.147621, 16.646297], [74.147619, 16.64657], [74.14847, 16.646574], [74.148468, 16.646847], [74.152152, 16.646862], [74.152151, 16.647135]]]]}}, {"type": "Feature", "properties": {"name": "S8", "long_len": 41005.23229399547, "long_slo": 0.010876660734472, "cent_len": 22813.23974932711, "cent_slo": 0.000964352290237, "10_85_len": 30753.92422049682, "10_85_slo": 0.002243616115631, "basin_slo": 0.122850322604373, "basin_rel": 452.0, "elong_ra": 0.366552509033146, "relief_ra": 0.011022983524622, "drain_den": 0.039196607167988, "len_units": "Metre"}, "geometry": {"type": "MultiPolygon", "coordinates": [[[[74.137162, 16.640517], [74.137169, 16.638878], [74.137453, 16.63888], [74.137457, 16.637787], [74.137741, 16.637788], [74.137748, 16.636149], [74.138031, 16.63615], [74.138033, 16.635877], [74.138316, 16.635878], [74.13832, 16.635059], [74.138603, 16.63506], [74.138605, 16.634514], [74.138889, 16.634515], [74.13889, 16.634242], [74.139173, 16.634243], [74.139176, 16.633696], [74.139459, 16.633698], [74.13946, 16.633424], [74.139744, 16.633426], [74.139747, 16.632606], [74.140031, 16.632607], [74.140032, 16.632334], [74.140315, 16.632335], [74.140317, 16.632062], [74.1406, 16.632063], [74.140601, 16.63179], [74.140884, 16.631791], [74.140886, 16.631518], [74.141169, 16.631519], [74.14117, 16.631246], [74.141454, 16.631247], [74.141455, 16.630974], [74.141738, 16.630975], [74.141739, 16.630702], [74.142023, 16.630703], [74.142028, 16.629611], [74.142594, 16.629613], [74.1426, 16.628247], [74.142034, 16.628245], [74.142037, 16.627425], [74.141754, 16.627424], [74.141755, 16.627151], [74.141472, 16.62715], [74.141473, 16.626877], [74.141756, 16.626878], [74.141758, 16.626605], [74.142041, 16.626606], [74.142042, 16.626333], [74.142325, 16.626334], [74.142329, 16.625514], [74.142896, 16.625517], [74.142897, 16.625243], [74.14318, 16.625245], [74.143181, 16.624971], [74.143465, 16.624973], [74.143466, 16.624699], [74.143749, 16.624701], [74.143752, 16.624154], [74.144318, 16.624156], [74.144321, 16.62361], [74.144604, 16.623611], [74.144607, 16.623065], [74.14489, 16.623066], [74.144898, 16.621154], [74.144615, 16.621153], [74.144619, 16.620333], [74.144335, 16.620332], [74.14434, 16.619239], [74.144057, 16.619238], [74.144058, 16.618965], [74.143775, 16.618964], [74.143776, 16.618691], [74.143493, 16.61869], [74.143494, 16.618416], [74.141511, 16.618408], [74.141512, 16.618135], [74.141795, 16.618136], [74.141796, 16.617863], [74.141513, 16.617862], [74.141514, 16.617589], [74.141231, 16.617588], [74.141233, 16.617041], [74.14095, 16.61704], [74.140951, 16.616767], [74.141235, 16.616768], [74.141238, 16.615949], [74.140388, 16.615945], [74.140389, 16.615672], [74.140106, 16.615671], [74.140109, 16.615124], [74.139825, 16.615123], [74.139829, 16.614304], [74.139546, 16.614302], [74.139547, 16.614029], [74.139264, 16.614028], [74.139265, 16.613755], [74.138981, 16.613754], [74.138983, 16.613481], [74.138133, 16.613477], [74.138134, 16.613204], [74.137851, 16.613203], [74.137853, 16.612656], [74.13757, 16.612655], [74.137571, 16.612382], [74.137288, 16.612381], [74.137292, 16.611288], [74.137009, 16.611287], [74.13701, 16.611014], [74.135594, 16.611008], [74.135596, 16.610462], [74.135313, 16.61046], [74.135314, 16.610187], [74.135031, 16.610186], [74.135032, 16.609913], [74.134749, 16.609912], [74.13475, 16.609639], [74.134467, 16.609637], [74.134474, 16.607998], [74.134191, 16.607997], [74.134198, 16.606358], [74.133915, 16.606357], [74.13392, 16.605264], [74.133636, 16.605263], [74.13364, 16.604444], [74.133923, 16.604445], [74.133927, 16.603625], [74.133644, 16.603624], [74.133645, 16.603351], [74.133362, 16.60335], [74.133364, 16.602803], [74.132514, 16.6028], [74.132515, 16.602527], [74.131665, 16.602523], [74.131667, 16.60225], [74.131383, 16.602249], [74.131386, 16.601703], [74.130536, 16.601699], [74.130538, 16.601153], [74.130255, 16.601151], [74.130258, 16.600605], [74.129691, 16.600603], [74.129692, 16.60033], [74.129409, 16.600328], [74.12941, 16.600055], [74.129127, 16.600054], [74.129128, 16.599781], [74.128562, 16.599778], [74.128563, 16.599505], [74.128279, 16.599504], [74.128283, 16.598685], [74.126867, 16.598679], [74.126872, 16.597586], [74.126588, 16.597585], [74.12659, 16.597312], [74.126306, 16.59731], [74.126307, 16.597037], [74.126024, 16.597036], [74.126023, 16.597309], [74.125456, 16.597307], [74.125455, 16.59758], [74.124889, 16.597578], [74.12489, 16.597305], [74.124607, 16.597303], [74.124608, 16.59703], [74.124324, 16.597029], [74.124328, 16.596209], [74.123762, 16.596207], [74.123763, 16.595934], [74.12348, 16.595933], [74.123481, 16.59566], [74.122914, 16.595657], [74.122915, 16.595384], [74.121499, 16.595378], [74.1215, 16.595105], [74.121217, 16.595104], [74.121218, 16.59483], [74.120935, 16.594829], [74.120936, 16.594556], [74.120653, 16.594555], [74.120654, 16.594282], [74.120088, 16.594279], [74.120089, 16.594006], [74.119522, 16.594004], [74.119523, 16.593731], [74.118674, 16.593727], [74.118675, 16.593454], [74.117825, 16.59345], [74.117826, 16.593177], [74.117543, 16.593176], [74.117547, 16.592356], [74.117263, 16.592355], [74.117271, 16.590716], [74.116704, 16.590714], [74.116706, 16.590441], [74.116422, 16.590439], [74.116424, 16.590166], [74.11614, 16.590165], [74.116141, 16.589892], [74.115858, 16.589891], [74.115859, 16.589617], [74.11416, 16.58961], [74.114161, 16.589337], [74.113878, 16.589336], [74.113879, 16.589063], [74.113312, 16.58906], [74.113314, 16.588787], [74.11303, 16.588786], [74.113032, 16.588513], [74.112748, 16.588512], [74.11275, 16.588238], [74.112183, 16.588236], [74.112184, 16.587963], [74.111901, 16.587962], [74.111902, 16.587688], [74.111619, 16.587687], [74.11162, 16.587414], [74.111337, 16.587413], [74.111338, 16.58714], [74.110488, 16.587136], [74.110491, 16.58659], [74.110208, 16.586588], [74.110211, 16.585769], [74.109928, 16.585768], [74.109931, 16.585221], [74.108798, 16.585217], [74.108799, 16.584943], [74.107382, 16.584937], [74.107384, 16.584664], [74.105401, 16.584656], [74.105402, 16.584382], [74.104552, 16.584379], [74.104551, 16.584652], [74.103135, 16.584646], [74.103136, 16.584373], [74.102569, 16.58437], [74.102571, 16.584097], [74.101721, 16.584093], [74.101722, 16.58382], [74.100306, 16.583814], [74.100307, 16.583541], [74.09974, 16.583539], [74.099742, 16.583265], [74.099458, 16.583264], [74.099462, 16.582445], [74.099179, 16.582443], [74.09918, 16.58217], [74.098614, 16.582168], [74.098615, 16.581895], [74.098332, 16.581893], [74.098333, 16.58162], [74.09805, 16.581619], [74.098051, 16.581346], [74.097485, 16.581343], [74.097486, 16.58107], [74.096636, 16.581067], [74.096635, 16.58134], [74.095218, 16.581334], [74.095217, 16.581607], [74.094367, 16.581603], [74.094369, 16.58133], [74.094085, 16.581329], [74.094087, 16.581055], [74.093803, 16.581054], [74.093807, 16.580235], [74.092391, 16.580229], [74.092393, 16.579682], [74.09211, 16.579681], [74.092111, 16.579408], [74.091828, 16.579407], [74.091831, 16.57886], [74.091547, 16.578859], [74.091559, 16.576401], [74.091842, 16.576402], [74.091844, 16.576129], [74.09156, 16.576127], [74.091562, 16.575854], [74.091278, 16.575853], [74.091282, 16.575033], [74.090999, 16.575032], [74.091001, 16.574486], [74.091568, 16.574488], [74.091574, 16.573123], [74.091858, 16.573124], [74.091865, 16.571485], [74.091582, 16.571483], [74.091587, 16.570391], [74.087622, 16.570373], [74.087623, 16.5701], [74.08734, 16.570099], [74.087342, 16.569553], [74.087059, 16.569552], [74.087062, 16.569005], [74.086778, 16.569004], [74.08678, 16.568731], [74.086496, 16.56873], [74.086498, 16.568456], [74.086214, 16.568455], [74.08622, 16.567362], [74.085936, 16.567361], [74.085938, 16.567088], [74.085371, 16.567086], [74.085372, 16.566812], [74.084239, 16.566807], [74.084238, 16.567081], [74.083955, 16.567079], [74.083956, 16.566806], [74.08339, 16.566804], [74.083391, 16.566531], [74.082258, 16.566526], [74.082257, 16.566799], [74.081407, 16.566795], [74.081408, 16.566522], [74.081125, 16.566521], [74.081126, 16.566247], [74.080843, 16.566246], [74.080844, 16.565973], [74.079995, 16.565969], [74.079993, 16.566242], [74.07886, 16.566237], [74.078859, 16.566511], [74.078293, 16.566508], [74.078294, 16.566235], [74.077727, 16.566232], [74.077737, 16.56432], [74.077453, 16.564319], [74.077455, 16.564046], [74.077171, 16.564045], [74.077174, 16.563498], [74.076891, 16.563497], [74.076892, 16.563224], [74.076326, 16.563221], [74.076327, 16.562948], [74.075194, 16.562943], [74.075195, 16.56267], [74.074629, 16.562667], [74.07463, 16.562394], [74.07378, 16.56239], [74.073782, 16.562117], [74.072649, 16.562112], [74.07265, 16.561839], [74.072084, 16.561837], [74.072085, 16.561563], [74.070385, 16.561556], [74.070387, 16.561283], [74.070104, 16.561281], [74.070105, 16.561008], [74.069822, 16.561007], [74.069823, 16.560734], [74.069256, 16.560731], [74.069258, 16.560458], [74.068691, 16.560456], [74.068698, 16.55909], [74.068131, 16.559087], [74.068135, 16.558268], [74.067286, 16.558264], [74.067284, 16.558537], [74.067001, 16.558536], [74.067, 16.558809], [74.065867, 16.558804], [74.065866, 16.559077], [74.064733, 16.559072], [74.064734, 16.558799], [74.064451, 16.558798], [74.064452, 16.558524], [74.064169, 16.558523], [74.06417, 16.55825], [74.063887, 16.558249], [74.063888, 16.557975], [74.062755, 16.55797], [74.062754, 16.558244], [74.061904, 16.55824], [74.061906, 16.557967], [74.061622, 16.557965], [74.061624, 16.557692], [74.06134, 16.557691], [74.061347, 16.556325], [74.06163, 16.556326], [74.061632, 16.556053], [74.062481, 16.556057], [74.062483, 16.555784], [74.062766, 16.555785], [74.062771, 16.554692], [74.063054, 16.554694], [74.06306, 16.553601], [74.063343, 16.553602], [74.063345, 16.553056], [74.063062, 16.553055], [74.063066, 16.552235], [74.062783, 16.552234], [74.062787, 16.551414], [74.06307, 16.551416], [74.063075, 16.550323], [74.062792, 16.550322], [74.062794, 16.550049], [74.06251, 16.550047], [74.062514, 16.549228], [74.062798, 16.549229], [74.0628, 16.548683], [74.062517, 16.548681], [74.062518, 16.548408], [74.062235, 16.548407], [74.062239, 16.547588], [74.061956, 16.547586], [74.061957, 16.547313], [74.061674, 16.547312], [74.061677, 16.546766], [74.061393, 16.546764], [74.061395, 16.546491], [74.061111, 16.54649], [74.061114, 16.545943], [74.060831, 16.545942], [74.060834, 16.545396], [74.06055, 16.545395], [74.060549, 16.545668], [74.059983, 16.545665], [74.059981, 16.545938], [74.059698, 16.545937], [74.059699, 16.545664], [74.057434, 16.545654], [74.057435, 16.545381], [74.057152, 16.545379], [74.05715, 16.545652], [74.054602, 16.545641], [74.054603, 16.545368], [74.05432, 16.545366], [74.054321, 16.545093], [74.054038, 16.545092], [74.054039, 16.544819], [74.052906, 16.544814], [74.052912, 16.543721], [74.053195, 16.543722], [74.0532, 16.54263], [74.052917, 16.542628], [74.052918, 16.542355], [74.052635, 16.542354], [74.052636, 16.542081], [74.05207, 16.542078], [74.052073, 16.541532], [74.051789, 16.541531], [74.051795, 16.540438], [74.052078, 16.540439], [74.052081, 16.539893], [74.051797, 16.539892], [74.051801, 16.539072], [74.052368, 16.539075], [74.052369, 16.538801], [74.052652, 16.538803], [74.052666, 16.536071], [74.052383, 16.53607], [74.052384, 16.535797], [74.052667, 16.535798], [74.05267, 16.535252], [74.052953, 16.535253], [74.052968, 16.532248], [74.053251, 16.532249], [74.053259, 16.53061], [74.053825, 16.530613], [74.053826, 16.53034], [74.05411, 16.530341], [74.054111, 16.530068], [74.053828, 16.530067], [74.053829, 16.529793], [74.053263, 16.529791], [74.053265, 16.529245], [74.052982, 16.529243], [74.052984, 16.52897], [74.052417, 16.528968], [74.052419, 16.528694], [74.051852, 16.528692], [74.051854, 16.528419], [74.05157, 16.528417], [74.051573, 16.527871], [74.05129, 16.52787], [74.051291, 16.527597], [74.050725, 16.527594], [74.050726, 16.527321], [74.050443, 16.52732], [74.050444, 16.527046], [74.050161, 16.527045], [74.050165, 16.526226], [74.049882, 16.526224], [74.049887, 16.525132], [74.05017, 16.525133], [74.050172, 16.52486], [74.050738, 16.524862], [74.050742, 16.524043], [74.050459, 16.524042], [74.050463, 16.523222], [74.049897, 16.523219], [74.049898, 16.522946], [74.049615, 16.522945], [74.049616, 16.522672], [74.049333, 16.522671], [74.049334, 16.522397], [74.049051, 16.522396], [74.049052, 16.522123], [74.048769, 16.522122], [74.048772, 16.521575], [74.048206, 16.521573], [74.048207, 16.5213], [74.047641, 16.521297], [74.047643, 16.520751], [74.04736, 16.520749], [74.047361, 16.520476], [74.047078, 16.520475], [74.047081, 16.519929], [74.046798, 16.519927], [74.046799, 16.519654], [74.046516, 16.519653], [74.046517, 16.51938], [74.045668, 16.519376], [74.045666, 16.519649], [74.045383, 16.519648], [74.045385, 16.519375], [74.044535, 16.519371], [74.044544, 16.517458], [74.044261, 16.517457], [74.044263, 16.517184], [74.043979, 16.517183], [74.043981, 16.51691], [74.043698, 16.516908], [74.0437, 16.516362], [74.043417, 16.516361], [74.043416, 16.516634], [74.042566, 16.51663], [74.042565, 16.516903], [74.042282, 16.516902], [74.04228, 16.517175], [74.041431, 16.517171], [74.041432, 16.516898], [74.040866, 16.516895], [74.040867, 16.516622], [74.040301, 16.51662], [74.040304, 16.516073], [74.04002, 16.516072], [74.040022, 16.515799], [74.039455, 16.515796], [74.03946, 16.514977], [74.038893, 16.514974], [74.038897, 16.514155], [74.038614, 16.514153], [74.038615, 16.51388], [74.038332, 16.513879], [74.038334, 16.513606], [74.03805, 16.513604], [74.038053, 16.513058], [74.03777, 16.513057], [74.037775, 16.511964], [74.037492, 16.511963], [74.037494, 16.51169], [74.037777, 16.511691], [74.037781, 16.510871], [74.037498, 16.51087], [74.037499, 16.510597], [74.036366, 16.510592], [74.036368, 16.510318], [74.036085, 16.510317], [74.036087, 16.509771], [74.035804, 16.50977], [74.035805, 16.509496], [74.035522, 16.509495], [74.035524, 16.509222], [74.034108, 16.509215], [74.034109, 16.508942], [74.033826, 16.508941], [74.03383, 16.508121], [74.033547, 16.50812], [74.033548, 16.507847], [74.033265, 16.507846], [74.033268, 16.507299], [74.032985, 16.507298], [74.032986, 16.507025], [74.032703, 16.507023], [74.032704, 16.50675], [74.032421, 16.506749], [74.032423, 16.506476], [74.032139, 16.506475], [74.032141, 16.506201], [74.031858, 16.5062], [74.03186, 16.505654], [74.031577, 16.505652], [74.031579, 16.505379], [74.031295, 16.505378], [74.031297, 16.505105], [74.031014, 16.505103], [74.031012, 16.505377], [74.030446, 16.505374], [74.030445, 16.505647], [74.027896, 16.505635], [74.027898, 16.505362], [74.027614, 16.505361], [74.027616, 16.505088], [74.026766, 16.505084], [74.026768, 16.504811], [74.026485, 16.504809], [74.026486, 16.504536], [74.026203, 16.504535], [74.026206, 16.503988], [74.025922, 16.503987], [74.025927, 16.503168], [74.025643, 16.503166], [74.025645, 16.502893], [74.025078, 16.502891], [74.025085, 16.501525], [74.024802, 16.501523], [74.024808, 16.500431], [74.025091, 16.500432], [74.025092, 16.500159], [74.024809, 16.500158], [74.02481, 16.499884], [74.024527, 16.499883], [74.024529, 16.49961], [74.024245, 16.499609], [74.024247, 16.499335], [74.023964, 16.499334], [74.023965, 16.499061], [74.023682, 16.49906], [74.023686, 16.49824], [74.023403, 16.498239], [74.023404, 16.497966], [74.023121, 16.497964], [74.02312, 16.498237], [74.021138, 16.498228], [74.021139, 16.497955], [74.020573, 16.497952], [74.020574, 16.497679], [74.020008, 16.497677], [74.020009, 16.497403], [74.019443, 16.497401], [74.019444, 16.497128], [74.018878, 16.497125], [74.018881, 16.496579], [74.018598, 16.496577], [74.018602, 16.495758], [74.018319, 16.495756], [74.01832, 16.495483], [74.018037, 16.495482], [74.018038, 16.495209], [74.017472, 16.495206], [74.017473, 16.494933], [74.01719, 16.494932], [74.017193, 16.494385], [74.01691, 16.494384], [74.016914, 16.493565], [74.016631, 16.493563], [74.016632, 16.49329], [74.016349, 16.493289], [74.016351, 16.493016], [74.016067, 16.493014], [74.016069, 16.492741], [74.014653, 16.492734], [74.014659, 16.491642], [74.014376, 16.49164], [74.014377, 16.491367], [74.014094, 16.491366], [74.014095, 16.491093], [74.013812, 16.491091], [74.013816, 16.490272], [74.01325, 16.490269], [74.013251, 16.489996], [74.012968, 16.489995], [74.01297, 16.489722], [74.012687, 16.48972], [74.012693, 16.488354], [74.01241, 16.488353], [74.012412, 16.48808], [74.012129, 16.488079], [74.012131, 16.487532], [74.011848, 16.487531], [74.01185, 16.487258], [74.011567, 16.487256], [74.011568, 16.486983], [74.011285, 16.486982], [74.011286, 16.486709], [74.011003, 16.486707], [74.01101, 16.485342], [74.010727, 16.48534], [74.010728, 16.485067], [74.010445, 16.485066], [74.010449, 16.484246], [74.010166, 16.484245], [74.01017, 16.483425], [74.009887, 16.483424], [74.009889, 16.483151], [74.009606, 16.48315], [74.009607, 16.482876], [74.009324, 16.482875], [74.009327, 16.482329], [74.009043, 16.482327], [74.009045, 16.482054], [74.007912, 16.482049], [74.007914, 16.481776], [74.006781, 16.48177], [74.006783, 16.481497], [74.005933, 16.481493], [74.005935, 16.48122], [74.003953, 16.481211], [74.003954, 16.480937], [74.003671, 16.480936], [74.003673, 16.480663], [74.00339, 16.480662], [74.003391, 16.480388], [74.002542, 16.480384], [74.002543, 16.480111], [74.001977, 16.480108], [74.001978, 16.479835], [74.001129, 16.479831], [74.00113, 16.479558], [74.000281, 16.479554], [74.000282, 16.479281], [73.999999, 16.47928], [74.000002, 16.478733], [73.999436, 16.478731], [73.999439, 16.478184], [73.998589, 16.47818], [73.998591, 16.477907], [73.997458, 16.477902], [73.997457, 16.478175], [73.996891, 16.478172], [73.996892, 16.477899], [73.996326, 16.477896], [73.996329, 16.47735], [73.996046, 16.477348], [73.996047, 16.477075], [73.995764, 16.477074], [73.995765, 16.476801], [73.995482, 16.476799], [73.995484, 16.476526], [73.9952, 16.476525], [73.995202, 16.476252], [73.995485, 16.476253], [73.995486, 16.47598], [73.995203, 16.475979], [73.995206, 16.475432], [73.994923, 16.475431], [73.994926, 16.474885], [73.994643, 16.474883], [73.994644, 16.47461], [73.994361, 16.474609], [73.994362, 16.474336], [73.994079, 16.474334], [73.994081, 16.474061], [73.993798, 16.47406], [73.9938, 16.473513], [73.992951, 16.473509], [73.992953, 16.473236], [73.992386, 16.473233], [73.992388, 16.47296], [73.991822, 16.472957], [73.991823, 16.472684], [73.990974, 16.47268], [73.990975, 16.472407], [73.990126, 16.472403], [73.990127, 16.47213], [73.989844, 16.472128], [73.989846, 16.471855], [73.989562, 16.471854], [73.989565, 16.471308], [73.989282, 16.471306], [73.989285, 16.47076], [73.989002, 16.470758], [73.989009, 16.469393], [73.988726, 16.469391], [73.98873, 16.468572], [73.988447, 16.46857], [73.98845, 16.468024], [73.987884, 16.468021], [73.987885, 16.467748], [73.987602, 16.467747], [73.987608, 16.466654], [73.988174, 16.466657], [73.988175, 16.466384], [73.988458, 16.466385], [73.98846, 16.466112], [73.988743, 16.466113], [73.988747, 16.465294], [73.98903, 16.465295], [73.989034, 16.464476], [73.989318, 16.464477], [73.98932, 16.463931], [73.989603, 16.463932], [73.989606, 16.463386], [73.989889, 16.463387], [73.989891, 16.463114], [73.989608, 16.463113], [73.989613, 16.46202], [73.98933, 16.462019], [73.989329, 16.462292], [73.989046, 16.46229], [73.989044, 16.462564], [73.988478, 16.462561], [73.98848, 16.462288], [73.987913, 16.462285], [73.987912, 16.462558], [73.986497, 16.462551], [73.986498, 16.462278], [73.986215, 16.462277], [73.986212, 16.462823], [73.985363, 16.462819], [73.985361, 16.463092], [73.984795, 16.463089], [73.984797, 16.462816], [73.984231, 16.462814], [73.984232, 16.46254], [73.983383, 16.462536], [73.983386, 16.46199], [73.982819, 16.461987], [73.982821, 16.461714], [73.981122, 16.461706], [73.981121, 16.461979], [73.980272, 16.461975], [73.980273, 16.461702], [73.97999, 16.4617], [73.979991, 16.461427], [73.979708, 16.461426], [73.97971, 16.461153], [73.979427, 16.461151], [73.979428, 16.460878], [73.978862, 16.460875], [73.978863, 16.460602], [73.97858, 16.460601], [73.978582, 16.460328], [73.977732, 16.460323], [73.977734, 16.46005], [73.977451, 16.460049], [73.977452, 16.459776], [73.976886, 16.459773], [73.976888, 16.4595], [73.976604, 16.459498], [73.976606, 16.459225], [73.974907, 16.459217], [73.974906, 16.45949], [73.97434, 16.459487], [73.974341, 16.459214], [73.973775, 16.459211], [73.973774, 16.459485], [73.972924, 16.45948], [73.972926, 16.459207], [73.97236, 16.459204], [73.972358, 16.459478], [73.972075, 16.459476], [73.972085, 16.457564], [73.971802, 16.457563], [73.971804, 16.45729], [73.971521, 16.457288], [73.971522, 16.457015], [73.971239, 16.457014], [73.971246, 16.455648], [73.970963, 16.455646], [73.970964, 16.455373], [73.970398, 16.45537], [73.9704, 16.455097], [73.969834, 16.455095], [73.969835, 16.454821], [73.969552, 16.45482], [73.969555, 16.454274], [73.969272, 16.454272], [73.96928, 16.452633], [73.968997, 16.452632], [73.969002, 16.451812], [73.968719, 16.451811], [73.96872, 16.451538], [73.968437, 16.451536], [73.968439, 16.451263], [73.967306, 16.451258], [73.967308, 16.450985], [73.966458, 16.45098], [73.96646, 16.450707], [73.966177, 16.450706], [73.966175, 16.450979], [73.965326, 16.450975], [73.965325, 16.451248], [73.965042, 16.451247], [73.96504, 16.45152], [73.964474, 16.451517], [73.964473, 16.45179], [73.962208, 16.451779], [73.96221, 16.451506], [73.960794, 16.451499], [73.960793, 16.451772], [73.959661, 16.451766], [73.959659, 16.452039], [73.959376, 16.452038], [73.959377, 16.451765], [73.957679, 16.451756], [73.957676, 16.452303], [73.957393, 16.452301], [73.95739, 16.452848], [73.957107, 16.452846], [73.957106, 16.453119], [73.955973, 16.453114], [73.955972, 16.453387], [73.955689, 16.453386], [73.955679, 16.455298], [73.955962, 16.455299], [73.955957, 16.456119], [73.95624, 16.45612], [73.956232, 16.457759], [73.956515, 16.45776], [73.9565, 16.460492], [73.956783, 16.460493], [73.956776, 16.461859], [73.956493, 16.461858], [73.956491, 16.462131], [73.956774, 16.462132], [73.956771, 16.462679], [73.956488, 16.462677], [73.95648, 16.464316], [73.956197, 16.464315], [73.956182, 16.467046], [73.956465, 16.467048], [73.956459, 16.46814], [73.956742, 16.468142], [73.956736, 16.469234], [73.956453, 16.469233], [73.956452, 16.469506], [73.956735, 16.469508], [73.956732, 16.470054], [73.956449, 16.470052], [73.956447, 16.470326], [73.956731, 16.470327], [73.956728, 16.470873], [73.956445, 16.470872], [73.956442, 16.471418], [73.956725, 16.47142], [73.956717, 16.472785], [73.956434, 16.472784], [73.956421, 16.475242], [73.956138, 16.475241], [73.956125, 16.4777], [73.956408, 16.477701], [73.956402, 16.478794], [73.956685, 16.478795], [73.956675, 16.480707], [73.956958, 16.480708], [73.956954, 16.481528], [73.956671, 16.481527], [73.95666, 16.483439], [73.956944, 16.48344], [73.956938, 16.484533], [73.957221, 16.484534], [73.957216, 16.485354], [73.957499, 16.485355], [73.95748, 16.488906], [73.957197, 16.488905], [73.957196, 16.489178], [73.957479, 16.489179], [73.95747, 16.490818], [73.957753, 16.49082], [73.957752, 16.491093], [73.958318, 16.491096], [73.958317, 16.491369], [73.9586, 16.49137], [73.958598, 16.491643], [73.958881, 16.491645], [73.958873, 16.493284], [73.959156, 16.493285], [73.95915, 16.494378], [73.959433, 16.494379], [73.959427, 16.495472], [73.95971, 16.495473], [73.959709, 16.495746], [73.959992, 16.495748], [73.959989, 16.496294], [73.960555, 16.496297], [73.960554, 16.49657], [73.960271, 16.496569], [73.960268, 16.497115], [73.959985, 16.497114], [73.959982, 16.49766], [73.960265, 16.497661], [73.960264, 16.497934], [73.960547, 16.497936], [73.960544, 16.498482], [73.960261, 16.498481], [73.960247, 16.500939], [73.960531, 16.500941], [73.960529, 16.501214], [73.960812, 16.501215], [73.960809, 16.501761], [73.960526, 16.50176], [73.960523, 16.502306], [73.96024, 16.502305], [73.960236, 16.503124], [73.959953, 16.503123], [73.959948, 16.503942], [73.959665, 16.503941], [73.959661, 16.504761], [73.959378, 16.504759], [73.959373, 16.505579], [73.95909, 16.505577], [73.959089, 16.50585], [73.959372, 16.505852], [73.959367, 16.506671], [73.959084, 16.50667], [73.959075, 16.508309], [73.958792, 16.508307], [73.958781, 16.510493], [73.959064, 16.510494], [73.959059, 16.511313], [73.958776, 16.511312], [73.958772, 16.512132], [73.959055, 16.512133], [73.959052, 16.512679], [73.958769, 16.512678], [73.95876, 16.514317], [73.959043, 16.514318], [73.959039, 16.515138], [73.959322, 16.515139], [73.959321, 16.515412], [73.959037, 16.515411], [73.959035, 16.515957], [73.959318, 16.515959], [73.959309, 16.517598], [73.959592, 16.517599], [73.959588, 16.518418], [73.959871, 16.51842], [73.959858, 16.520878], [73.960141, 16.52088], [73.960139, 16.521153], [73.960423, 16.521154], [73.960421, 16.521427], [73.960704, 16.521429], [73.960703, 16.521702], [73.960986, 16.521703], [73.960985, 16.521977], [73.961268, 16.521978], [73.961265, 16.522524], [73.961548, 16.522526], [73.961545, 16.523072], [73.961828, 16.523073], [73.961824, 16.523893], [73.961541, 16.523891], [73.961539, 16.524165], [73.961256, 16.524163], [73.96125, 16.525256], [73.961533, 16.525257], [73.96153, 16.525804], [73.961247, 16.525802], [73.961241, 16.526895], [73.961525, 16.526896], [73.961523, 16.527169], [73.961806, 16.527171], [73.961805, 16.527444], [73.962088, 16.527445], [73.962087, 16.527718], [73.96237, 16.52772], [73.962368, 16.527993], [73.962935, 16.527996], [73.962933, 16.528269], [73.963216, 16.52827], [73.963215, 16.528544], [73.964348, 16.528549], [73.964346, 16.528822], [73.964912, 16.528825], [73.96491, 16.529371], [73.965193, 16.529373], [73.965188, 16.530192], [73.965472, 16.530194], [73.96547, 16.530467], [73.966036, 16.53047], [73.966035, 16.530743], [73.966885, 16.530747], [73.96688, 16.531567], [73.967163, 16.531568], [73.967159, 16.532387], [73.967442, 16.532389], [73.967436, 16.533481], [73.967153, 16.53348], [73.967152, 16.533753], [73.966585, 16.53375], [73.966584, 16.534024], [73.966301, 16.534022], [73.966298, 16.534568], [73.966015, 16.534567], [73.966013, 16.53484], [73.96573, 16.534839], [73.965727, 16.535385], [73.96601, 16.535387], [73.966006, 16.536206], [73.966289, 16.536207], [73.966286, 16.536754], [73.966569, 16.536755], [73.966561, 16.538394], [73.966844, 16.538396], [73.966841, 16.538942], [73.967124, 16.538943], [73.967123, 16.539216], [73.967406, 16.539218], [73.967404, 16.539491], [73.967688, 16.539492], [73.967686, 16.539766], [73.967969, 16.539767], [73.967966, 16.540313], [73.96825, 16.540315], [73.968248, 16.540588], [73.968531, 16.540589], [73.96853, 16.540862], [73.968813, 16.540864], [73.96881, 16.54141], [73.969093, 16.541411], [73.969092, 16.541685], [73.969375, 16.541686], [73.969374, 16.541959], [73.969657, 16.541961], [73.969656, 16.542234], [73.969939, 16.542235], [73.969937, 16.542508], [73.97022, 16.54251], [73.970218, 16.543056], [73.970501, 16.543057], [73.970499, 16.543331], [73.970783, 16.543332], [73.970781, 16.543605], [73.971064, 16.543607], [73.971063, 16.54388], [73.971346, 16.543881], [73.971345, 16.544154], [73.971628, 16.544156], [73.971626, 16.544429], [73.97191, 16.54443], [73.971905, 16.54525], [73.972188, 16.545251], [73.972187, 16.545524], [73.973603, 16.545531], [73.973602, 16.545804], [73.974168, 16.545807], [73.974166, 16.54608], [73.97445, 16.546082], [73.974448, 16.546355], [73.975015, 16.546358], [73.975013, 16.546631], [73.975296, 16.546632], [73.975295, 16.546905], [73.975578, 16.546907], [73.975577, 16.54718], [73.97586, 16.547181], [73.975858, 16.547454], [73.976425, 16.547457], [73.976423, 16.54773], [73.97699, 16.547733], [73.976988, 16.548006], [73.978121, 16.548012], [73.97812, 16.548285], [73.978403, 16.548286], [73.978402, 16.54856], [73.978968, 16.548562], [73.978967, 16.548835], [73.980666, 16.548844], [73.980669, 16.548297], [73.981235, 16.5483], [73.981234, 16.548573], [73.981517, 16.548575], [73.981515, 16.548848], [73.982082, 16.548851], [73.98208, 16.549124], [73.982364, 16.549125], [73.982361, 16.549672], [73.982644, 16.549673], [73.982643, 16.549946], [73.982926, 16.549948], [73.982927, 16.549674], [73.983494, 16.549677], [73.983498, 16.548858], [73.985197, 16.548866], [73.985196, 16.549139], [73.985762, 16.549142], [73.985756, 16.550234], [73.98604, 16.550236], [73.986035, 16.551055], [73.986319, 16.551057], [73.986316, 16.551603], [73.986599, 16.551604], [73.986598, 16.551878], [73.986881, 16.551879], [73.986879, 16.552152], [73.987163, 16.552153], [73.98716, 16.5527], [73.987443, 16.552701], [73.987439, 16.553521], [73.987722, 16.553522], [73.98772, 16.553795], [73.988004, 16.553797], [73.988002, 16.55407], [73.988285, 16.554071], [73.988281, 16.554891], [73.988564, 16.554892], [73.988562, 16.555438], [73.988845, 16.55544], [73.988843, 16.555713], [73.989127, 16.555714], [73.989122, 16.556534], [73.988839, 16.556532], [73.988829, 16.558444], [73.989112, 16.558446], [73.989109, 16.558992], [73.989393, 16.558993], [73.989391, 16.559267], [73.989674, 16.559268], [73.989669, 16.560361], [73.989386, 16.560359], [73.989384, 16.560632], [73.989667, 16.560634], [73.989663, 16.561453], [73.98938, 16.561452], [73.989378, 16.561725], [73.989095, 16.561724], [73.989092, 16.56227], [73.989376, 16.562271], [73.989374, 16.562545], [73.989657, 16.562546], [73.989656, 16.562819], [73.990222, 16.562822], [73.990224, 16.562549], [73.990507, 16.56255], [73.990508, 16.562277], [73.991358, 16.562281], [73.991357, 16.562554], [73.991923, 16.562557], [73.991922, 16.56283], [73.994754, 16.562844], [73.994753, 16.563117], [73.995319, 16.56312], [73.995318, 16.563393], [73.995884, 16.563395], [73.995883, 16.563669], [73.996166, 16.56367], [73.996165, 16.563943], [73.996731, 16.563946], [73.99673, 16.564219], [73.997579, 16.564223], [73.997577, 16.564769], [73.99786, 16.564771], [73.997858, 16.565044], [73.998142, 16.565045], [73.998137, 16.565865], [73.998421, 16.565866], [73.998419, 16.566139], [73.998702, 16.566141], [73.9987, 16.566687], [73.998983, 16.566688], [73.998981, 16.566962], [73.999265, 16.566963], [73.999262, 16.567509], [73.999545, 16.567511], [73.999542, 16.568057], [73.999825, 16.568058], [73.999823, 16.568605], [74.000389, 16.568607], [74.000386, 16.569154], [74.00067, 16.569155], [74.000665, 16.569974], [74.000949, 16.569976], [74.000947, 16.570249], [74.00123, 16.57025], [74.001229, 16.570524], [74.000946, 16.570522], [74.000944, 16.570795], [74.000661, 16.570794], [74.00066, 16.571067], [74.000376, 16.571066], [74.000375, 16.571339], [74.000658, 16.57134], [74.000657, 16.571613], [74.002073, 16.57162], [74.002066, 16.572986], [74.002349, 16.572987], [74.002348, 16.573261], [74.002631, 16.573262], [74.00263, 16.573535], [74.002913, 16.573536], [74.002912, 16.57381], [74.003195, 16.573811], [74.003196, 16.573538], [74.003763, 16.57354], [74.003761, 16.573814], [74.004045, 16.573815], [74.004043, 16.574088], [74.004326, 16.57409], [74.004325, 16.574363], [74.004042, 16.574361], [74.004036, 16.575454], [74.003753, 16.575453], [74.003736, 16.578731], [74.004019, 16.578732], [74.004015, 16.579551], [74.003732, 16.57955], [74.00373, 16.579823], [74.003447, 16.579822], [74.003446, 16.580095], [74.003162, 16.580094], [74.003153, 16.582006], [74.003436, 16.582007], [74.003432, 16.582827], [74.003715, 16.582828], [74.003712, 16.583374], [74.003995, 16.583376], [74.003991, 16.584195], [74.004274, 16.584196], [74.004272, 16.584743], [74.004555, 16.584744], [74.004546, 16.586383], [74.00483, 16.586384], [74.004827, 16.586931], [74.00511, 16.586932], [74.005109, 16.587205], [74.005392, 16.587207], [74.005389, 16.587753], [74.005672, 16.587754], [74.005667, 16.588847], [74.00595, 16.588848], [74.005947, 16.589395], [74.006231, 16.589396], [74.006229, 16.589669], [74.006512, 16.58967], [74.00651, 16.590217], [74.006793, 16.590218], [74.006792, 16.590491], [74.007075, 16.590493], [74.007072, 16.591039], [74.007355, 16.59104], [74.007352, 16.591587], [74.007636, 16.591588], [74.007634, 16.591861], [74.008201, 16.591864], [74.0082, 16.592137], [74.008483, 16.592138], [74.008481, 16.592412], [74.008765, 16.592413], [74.00876, 16.593232], [74.009044, 16.593234], [74.009041, 16.59378], [74.009324, 16.593781], [74.009323, 16.594055], [74.009606, 16.594056], [74.009605, 16.594329], [74.009888, 16.59433], [74.009885, 16.594877], [74.010168, 16.594878], [74.010166, 16.595424], [74.010449, 16.595426], [74.010448, 16.595699], [74.010731, 16.5957], [74.010729, 16.595973], [74.011013, 16.595975], [74.011011, 16.596248], [74.012144, 16.596253], [74.012143, 16.596526], [74.01271, 16.596529], [74.012708, 16.596802], [74.012991, 16.596804], [74.012989, 16.59735], [74.013555, 16.597353], [74.013554, 16.597626], [74.01412, 16.597628], [74.014119, 16.597902], [74.014686, 16.597904], [74.014684, 16.598177], [74.015251, 16.59818], [74.015249, 16.598453], [74.016099, 16.598457], [74.016098, 16.598731], [74.016664, 16.598733], [74.016663, 16.599006], [74.016946, 16.599008], [74.016945, 16.599281], [74.017228, 16.599282], [74.017223, 16.600375], [74.017506, 16.600376], [74.017505, 16.600649], [74.017788, 16.600651], [74.017786, 16.600924], [74.01807, 16.600925], [74.018068, 16.601198], [74.018352, 16.6012], [74.01835, 16.601473], [74.018634, 16.601474], [74.018632, 16.601747], [74.019482, 16.601751], [74.019481, 16.602025], [74.019764, 16.602026], [74.019763, 16.602299], [74.020046, 16.6023], [74.020044, 16.602573], [74.020328, 16.602575], [74.020326, 16.602848], [74.02061, 16.602849], [74.020607, 16.603396], [74.02089, 16.603397], [74.020883, 16.604763], [74.021167, 16.604764], [74.021165, 16.605037], [74.021448, 16.605039], [74.021447, 16.605312], [74.02173, 16.605313], [74.021725, 16.606406], [74.022291, 16.606408], [74.022286, 16.607501], [74.024269, 16.60751], [74.02427, 16.607237], [74.024554, 16.607239], [74.024552, 16.607512], [74.024836, 16.607513], [74.024834, 16.607786], [74.025118, 16.607788], [74.025116, 16.608061], [74.025399, 16.608062], [74.025398, 16.608335], [74.025681, 16.608337], [74.025679, 16.608883], [74.025962, 16.608884], [74.025961, 16.609157], [74.026244, 16.609159], [74.026242, 16.609432], [74.027942, 16.60944], [74.027941, 16.609713], [74.028508, 16.609716], [74.028506, 16.609989], [74.029923, 16.609995], [74.029921, 16.610269], [74.030771, 16.610272], [74.03077, 16.610546], [74.032186, 16.610552], [74.032185, 16.610825], [74.033035, 16.610829], [74.033034, 16.611103], [74.033883, 16.611106], [74.033882, 16.61138], [74.035015, 16.611385], [74.035014, 16.611658], [74.035581, 16.611661], [74.035579, 16.611934], [74.036429, 16.611938], [74.036428, 16.612211], [74.036994, 16.612214], [74.036993, 16.612487], [74.037843, 16.612491], [74.037842, 16.612764], [74.038125, 16.612765], [74.038123, 16.613038], [74.03869, 16.613041], [74.038689, 16.613314], [74.039255, 16.613317], [74.039254, 16.61359], [74.039537, 16.613591], [74.039539, 16.613318], [74.039822, 16.613319], [74.039821, 16.613592], [74.040954, 16.613598], [74.040952, 16.613871], [74.041519, 16.613874], [74.041518, 16.614147], [74.043784, 16.614157], [74.043786, 16.613884], [74.048035, 16.613903], [74.048034, 16.614177], [74.0503, 16.614187], [74.050299, 16.61446], [74.050866, 16.614463], [74.050867, 16.61419], [74.051717, 16.614193], [74.051716, 16.614467], [74.052566, 16.61447], [74.052564, 16.614744], [74.053131, 16.614746], [74.053129, 16.615019], [74.053696, 16.615022], [74.053695, 16.615295], [74.053978, 16.615296], [74.053977, 16.61557], [74.05426, 16.615571], [74.054259, 16.615844], [74.054542, 16.615845], [74.054541, 16.616119], [74.055107, 16.616121], [74.055106, 16.616394], [74.055389, 16.616396], [74.055388, 16.616669], [74.055955, 16.616671], [74.055953, 16.616944], [74.05652, 16.616947], [74.056519, 16.61722], [74.057085, 16.617223], [74.057084, 16.617496], [74.057367, 16.617497], [74.057366, 16.61777], [74.058216, 16.617774], [74.058214, 16.618047], [74.059064, 16.618051], [74.059063, 16.618324], [74.05963, 16.618327], [74.059628, 16.6186], [74.060195, 16.618603], [74.060194, 16.618876], [74.061044, 16.61888], [74.061042, 16.619153], [74.061609, 16.619155], [74.061608, 16.619429], [74.061891, 16.61943], [74.06189, 16.619703], [74.06274, 16.619707], [74.062738, 16.61998], [74.063022, 16.619981], [74.06302, 16.620254], [74.063304, 16.620256], [74.063302, 16.620529], [74.064152, 16.620533], [74.064151, 16.620806], [74.064434, 16.620807], [74.064433, 16.62108], [74.065283, 16.621084], [74.065281, 16.621357], [74.065848, 16.62136], [74.065847, 16.621633], [74.066413, 16.621636], [74.066412, 16.621909], [74.066979, 16.621911], [74.066977, 16.622184], [74.067544, 16.622187], [74.067543, 16.62246], [74.068109, 16.622463], [74.068108, 16.622736], [74.069241, 16.622741], [74.06924, 16.623014], [74.069523, 16.623015], [74.069522, 16.623289], [74.069805, 16.62329], [74.069804, 16.623563], [74.070087, 16.623564], [74.070086, 16.623837], [74.070369, 16.623839], [74.070367, 16.624385], [74.07065, 16.624386], [74.070645, 16.625479], [74.070928, 16.62548], [74.070926, 16.626027], [74.071209, 16.626028], [74.071208, 16.626301], [74.071491, 16.626302], [74.071487, 16.627122], [74.07177, 16.627123], [74.071766, 16.627942], [74.07205, 16.627944], [74.072048, 16.628217], [74.072332, 16.628218], [74.072329, 16.628765], [74.072612, 16.628766], [74.07261, 16.629312], [74.072893, 16.629313], [74.072891, 16.62986], [74.073174, 16.629861], [74.073171, 16.630407], [74.073738, 16.63041], [74.073735, 16.630956], [74.074019, 16.630957], [74.074017, 16.631231], [74.074301, 16.631232], [74.074299, 16.631505], [74.074583, 16.631506], [74.074581, 16.631779], [74.074865, 16.631781], [74.074863, 16.632054], [74.075147, 16.632055], [74.075144, 16.632601], [74.075427, 16.632603], [74.075426, 16.632876], [74.075709, 16.632877], [74.075708, 16.63315], [74.075992, 16.633152], [74.075989, 16.633698], [74.076272, 16.633699], [74.076271, 16.633972], [74.076838, 16.633975], [74.076836, 16.634248], [74.077403, 16.634251], [74.077404, 16.633977], [74.077971, 16.63398], [74.07797, 16.634253], [74.078536, 16.634256], [74.078535, 16.634529], [74.078818, 16.63453], [74.078817, 16.634803], [74.0791, 16.634804], [74.079098, 16.635351], [74.079381, 16.635352], [74.07938, 16.635625], [74.079663, 16.635626], [74.079662, 16.6359], [74.079945, 16.635901], [74.079944, 16.636174], [74.080227, 16.636175], [74.080226, 16.636448], [74.080509, 16.63645], [74.080508, 16.636723], [74.080791, 16.636724], [74.08079, 16.636997], [74.081073, 16.636999], [74.081072, 16.637272], [74.081355, 16.637273], [74.081354, 16.637546], [74.081638, 16.637547], [74.081636, 16.637821], [74.082203, 16.637823], [74.082199, 16.638643], [74.081916, 16.638641], [74.081914, 16.638914], [74.082198, 16.638916], [74.082196, 16.639189], [74.08248, 16.63919], [74.082477, 16.639736], [74.082761, 16.639738], [74.082759, 16.640011], [74.083326, 16.640013], [74.083325, 16.640287], [74.084175, 16.64029], [74.084173, 16.640563], [74.084457, 16.640565], [74.084455, 16.640838], [74.088422, 16.640855], [74.088419, 16.641675], [74.088702, 16.641676], [74.088701, 16.641949], [74.088984, 16.64195], [74.088983, 16.642224], [74.088699, 16.642222], [74.088695, 16.643042], [74.089545, 16.643046], [74.089543, 16.643592], [74.088976, 16.643589], [74.088975, 16.643863], [74.089258, 16.643864], [74.089254, 16.644683], [74.088971, 16.644682], [74.088968, 16.645228], [74.088685, 16.645227], [74.088684, 16.6455], [74.0884, 16.645499], [74.088397, 16.646319], [74.08868, 16.64632], [74.088677, 16.646866], [74.088961, 16.646867], [74.088959, 16.647141], [74.089243, 16.647142], [74.089236, 16.648508], [74.08952, 16.648509], [74.089517, 16.649055], [74.089234, 16.649054], [74.089231, 16.6496], [74.089515, 16.649602], [74.089513, 16.649875], [74.089797, 16.649876], [74.089793, 16.650695], [74.090076, 16.650697], [74.090075, 16.65097], [74.090642, 16.650972], [74.09064, 16.651246], [74.090924, 16.651247], [74.090921, 16.651793], [74.091204, 16.651794], [74.091201, 16.652614], [74.091767, 16.652616], [74.091766, 16.652889], [74.092049, 16.652891], [74.092048, 16.653164], [74.092331, 16.653165], [74.092329, 16.653711], [74.092612, 16.653713], [74.092611, 16.653986], [74.093461, 16.65399], [74.09346, 16.654263], [74.094027, 16.654265], [74.094024, 16.654812], [74.094307, 16.654813], [74.094306, 16.655086], [74.094589, 16.655087], [74.094588, 16.65536], [74.095438, 16.655364], [74.095437, 16.655637], [74.096854, 16.655643], [74.096847, 16.657009], [74.097131, 16.65701], [74.097128, 16.657557], [74.097412, 16.657558], [74.09741, 16.657831], [74.097694, 16.657832], [74.097692, 16.658106], [74.098259, 16.658108], [74.098258, 16.658381], [74.098825, 16.658384], [74.098823, 16.658657], [74.099674, 16.658661], [74.099675, 16.658387], [74.100525, 16.658391], [74.100526, 16.658118], [74.101376, 16.658122], [74.101375, 16.658395], [74.102792, 16.658401], [74.102791, 16.658674], [74.104208, 16.65868], [74.104209, 16.658407], [74.105626, 16.658413], [74.105625, 16.658686], [74.106475, 16.65869], [74.106476, 16.658417], [74.107893, 16.658423], [74.107892, 16.658696], [74.109309, 16.658702], [74.10931, 16.658429], [74.109877, 16.658431], [74.109878, 16.658158], [74.110728, 16.658162], [74.110727, 16.658435], [74.111293, 16.658438], [74.111292, 16.658711], [74.111576, 16.658712], [74.111574, 16.658985], [74.112708, 16.65899], [74.112707, 16.659263], [74.11299, 16.659264], [74.112989, 16.659537], [74.113555, 16.65954], [74.113554, 16.659813], [74.113838, 16.659814], [74.113835, 16.660361], [74.114118, 16.660362], [74.114117, 16.660635], [74.114967, 16.660639], [74.114969, 16.660365], [74.115535, 16.660368], [74.115534, 16.660641], [74.116101, 16.660643], [74.1161, 16.660917], [74.11695, 16.66092], [74.116951, 16.660647], [74.117801, 16.660651], [74.1178, 16.660924], [74.118083, 16.660925], [74.118088, 16.659832], [74.118655, 16.659835], [74.118651, 16.660654], [74.119218, 16.660657], [74.119217, 16.66093], [74.1195, 16.660931], [74.119499, 16.661204], [74.119782, 16.661205], [74.119792, 16.65902], [74.120076, 16.659021], [74.120077, 16.658748], [74.12036, 16.658749], [74.120362, 16.658476], [74.120645, 16.658477], [74.120644, 16.658751], [74.121211, 16.658753], [74.121208, 16.659299], [74.122625, 16.659305], [74.122626, 16.659032], [74.12291, 16.659033], [74.122912, 16.658487], [74.123762, 16.658491], [74.123763, 16.658217], [74.124614, 16.658221], [74.124611, 16.658767], [74.125178, 16.65877], [74.125177, 16.659043], [74.126027, 16.659047], [74.126026, 16.65932], [74.126592, 16.659322], [74.12659, 16.659868], [74.126873, 16.65987], [74.126872, 16.660143], [74.128289, 16.660149], [74.128286, 16.660695], [74.130553, 16.660705], [74.130552, 16.660978], [74.131686, 16.660982], [74.131687, 16.660709], [74.132254, 16.660712], [74.132251, 16.661258], [74.132535, 16.661259], [74.132532, 16.661806], [74.133949, 16.661811], [74.13395, 16.661538], [74.135934, 16.661547], [74.135935, 16.661273], [74.136219, 16.661275], [74.136224, 16.660182], [74.137074, 16.660185], [74.137073, 16.660459], [74.137639, 16.660461], [74.137638, 16.660734], [74.138205, 16.660737], [74.138204, 16.66101], [74.139054, 16.661013], [74.139055, 16.66074], [74.140189, 16.660745], [74.140187, 16.661018], [74.140471, 16.661019], [74.14047, 16.661292], [74.141603, 16.661297], [74.141604, 16.661024], [74.141888, 16.661025], [74.141886, 16.661298], [74.14217, 16.661299], [74.142174, 16.66048], [74.14359, 16.660486], [74.143592, 16.660212], [74.143875, 16.660214], [74.143876, 16.659941], [74.14416, 16.659942], [74.144163, 16.659122], [74.145013, 16.659126], [74.145016, 16.658579], [74.145583, 16.658582], [74.145584, 16.658309], [74.146151, 16.658311], [74.146158, 16.656672], [74.146441, 16.656673], [74.146442, 16.6564], [74.146159, 16.656399], [74.146163, 16.655579], [74.146446, 16.65558], [74.146452, 16.654214], [74.146169, 16.654213], [74.146171, 16.653667], [74.146455, 16.653668], [74.146457, 16.653122], [74.14674, 16.653123], [74.146742, 16.65285], [74.147025, 16.652851], [74.147027, 16.652305], [74.147311, 16.652306], [74.147316, 16.651213], [74.147599, 16.651214], [74.147604, 16.650122], [74.147887, 16.650123], [74.147888, 16.64985], [74.147605, 16.649848], [74.147606, 16.649575], [74.147323, 16.649574], [74.147326, 16.648755], [74.14761, 16.648756], [74.147615, 16.647663], [74.147331, 16.647662], [74.147332, 16.647389], [74.147616, 16.64739], [74.147617, 16.647117], [74.1479, 16.647118], [74.147902, 16.646845], [74.147618, 16.646844], [74.147621, 16.646297], [74.147337, 16.646296], [74.147339, 16.646023], [74.147055, 16.646022], [74.147056, 16.645749], [74.145923, 16.645744], [74.145922, 16.646017], [74.145638, 16.646016], [74.14564, 16.645743], [74.144789, 16.645739], [74.144791, 16.645466], [74.144507, 16.645465], [74.144509, 16.645192], [74.143942, 16.645189], [74.143944, 16.644643], [74.143661, 16.644642], [74.143666, 16.643549], [74.143949, 16.64355], [74.143954, 16.642458], [74.143671, 16.642457], [74.143674, 16.641637], [74.143391, 16.641636], [74.143392, 16.641363], [74.143109, 16.641362], [74.14311, 16.641088], [74.142827, 16.641087], [74.142828, 16.640814], [74.142544, 16.640813], [74.142546, 16.64054], [74.142262, 16.640538], [74.142263, 16.640265], [74.141413, 16.640262], [74.141415, 16.639989], [74.141131, 16.639987], [74.141132, 16.639714], [74.139999, 16.63971], [74.14, 16.639436], [74.139434, 16.639434], [74.139435, 16.639161], [74.139151, 16.63916], [74.13915, 16.639433], [74.137733, 16.639427], [74.137731, 16.639973], [74.137448, 16.639972], [74.137445, 16.640519], [74.137162, 16.640517]]]]}}, {"type": "Feature", "properties": {"name": "S4", "long_len": 42862.49978763546, "long_slo": 0.011105278561875, "cent_len": 19734.93086300583, "cent_slo": 0.000608058882157, "10_85_len": 32146.87484072687, "10_85_slo": 0.002124939218721, "basin_slo": 0.190343290061091, "basin_rel": 478.0, "elong_ra": 0.426116345659196, "relief_ra": 0.011151939396169, "drain_den": 0.039335054150571, "len_units": "Metre"}, "geometry": {"type": "MultiPolygon", "coordinates": [[[[73.803605, 16.921023], [73.805308, 16.921032], [73.805315, 16.91994], [73.805882, 16.919943], [73.805884, 16.91967], [73.806167, 16.919672], [73.806169, 16.919399], [73.806453, 16.9194], [73.806455, 16.919127], [73.806738, 16.919129], [73.80674, 16.918856], [73.807024, 16.918857], [73.807026, 16.918584], [73.807309, 16.918586], [73.807311, 16.918313], [73.807595, 16.918314], [73.807596, 16.918041], [73.80788, 16.918043], [73.807884, 16.917497], [73.808167, 16.917498], [73.808169, 16.917225], [73.808453, 16.917227], [73.808456, 16.916681], [73.80874, 16.916682], [73.808742, 16.916409], [73.809593, 16.916414], [73.809595, 16.916141], [73.810162, 16.916144], [73.810164, 16.915871], [73.81215, 16.915883], [73.812152, 16.91561], [73.812435, 16.915611], [73.812437, 16.915338], [73.812721, 16.91534], [73.812724, 16.914793], [73.813008, 16.914795], [73.81301, 16.914522], [73.813293, 16.914524], [73.813295, 16.91425], [73.813863, 16.914254], [73.813866, 16.913707], [73.81415, 16.913709], [73.814155, 16.91289], [73.814439, 16.912891], [73.81444, 16.912618], [73.815008, 16.912621], [73.81501, 16.912348], [73.815293, 16.91235], [73.815295, 16.912077], [73.815862, 16.91208], [73.815864, 16.911807], [73.816148, 16.911809], [73.81615, 16.911536], [73.816433, 16.911537], [73.816435, 16.911264], [73.816151, 16.911262], [73.816184, 16.906073], [73.816467, 16.906074], [73.816469, 16.905801], [73.816753, 16.905803], [73.816755, 16.90553], [73.817038, 16.905531], [73.817043, 16.904712], [73.81676, 16.90471], [73.816761, 16.904437], [73.816478, 16.904436], [73.816479, 16.904163], [73.816763, 16.904164], [73.816766, 16.903618], [73.81705, 16.90362], [73.817052, 16.903346], [73.817336, 16.903348], [73.817337, 16.903075], [73.817621, 16.903077], [73.817623, 16.902803], [73.81819, 16.902807], [73.818192, 16.902534], [73.818476, 16.902535], [73.818482, 16.901443], [73.818766, 16.901444], [73.818768, 16.901171], [73.818484, 16.90117], [73.818486, 16.900896], [73.818769, 16.900898], [73.818771, 16.900625], [73.819055, 16.900627], [73.819058, 16.90008], [73.818775, 16.900079], [73.81878, 16.899259], [73.818496, 16.899258], [73.81851, 16.897073], [73.818793, 16.897074], [73.818802, 16.895708], [73.819086, 16.89571], [73.819094, 16.894344], [73.819378, 16.894346], [73.819379, 16.894073], [73.819663, 16.894075], [73.819667, 16.893528], [73.81995, 16.89353], [73.819952, 16.893257], [73.820236, 16.893258], [73.820242, 16.892166], [73.820526, 16.892168], [73.820528, 16.891894], [73.820812, 16.891896], [73.820813, 16.891623], [73.821097, 16.891625], [73.821099, 16.891351], [73.821382, 16.891353], [73.821384, 16.89108], [73.821668, 16.891082], [73.821671, 16.890535], [73.821955, 16.890537], [73.821956, 16.890264], [73.82224, 16.890265], [73.822242, 16.889992], [73.822526, 16.889994], [73.822527, 16.889721], [73.823095, 16.889724], [73.823096, 16.889451], [73.82338, 16.889453], [73.823382, 16.889179], [73.824517, 16.889186], [73.824518, 16.888913], [73.825086, 16.888916], [73.825087, 16.888643], [73.825371, 16.888644], [73.825373, 16.888371], [73.825656, 16.888373], [73.82566, 16.887827], [73.826227, 16.88783], [73.826229, 16.887557], [73.826513, 16.887558], [73.826516, 16.887012], [73.8268, 16.887014], [73.826805, 16.886194], [73.827088, 16.886196], [73.82709, 16.885923], [73.827941, 16.885928], [73.827943, 16.885655], [73.828226, 16.885656], [73.82823, 16.88511], [73.828797, 16.885113], [73.828799, 16.88484], [73.829934, 16.884847], [73.829932, 16.88512], [73.830216, 16.885121], [73.830214, 16.885394], [73.830498, 16.885396], [73.830496, 16.885669], [73.832198, 16.885679], [73.832197, 16.885952], [73.83248, 16.885954], [73.832477, 16.8865], [73.832193, 16.886498], [73.832188, 16.887318], [73.832755, 16.887321], [73.832754, 16.887594], [73.833038, 16.887596], [73.833036, 16.887869], [73.83332, 16.88787], [73.833316, 16.888417], [73.8336, 16.888418], [73.833598, 16.888692], [73.833882, 16.888693], [73.833884, 16.88842], [73.834451, 16.888423], [73.834453, 16.88815], [73.835587, 16.888157], [73.835589, 16.887883], [73.835873, 16.887885], [73.835879, 16.886792], [73.836447, 16.886796], [73.836454, 16.885703], [73.836737, 16.885705], [73.836742, 16.884885], [73.837026, 16.884887], [73.837028, 16.884614], [73.837311, 16.884615], [73.837313, 16.884342], [73.83788, 16.884346], [73.837882, 16.884072], [73.838166, 16.884074], [73.838167, 16.883801], [73.838735, 16.883804], [73.838738, 16.883258], [73.839022, 16.883259], [73.839025, 16.882713], [73.839309, 16.882715], [73.839312, 16.882168], [73.839596, 16.88217], [73.839599, 16.881624], [73.839883, 16.881625], [73.839885, 16.881352], [73.839601, 16.881351], [73.839604, 16.880804], [73.839888, 16.880806], [73.839893, 16.879987], [73.839609, 16.879985], [73.839613, 16.879439], [73.839329, 16.879437], [73.839331, 16.879164], [73.839047, 16.879162], [73.83905, 16.878616], [73.838767, 16.878614], [73.83877, 16.878068], [73.839337, 16.878071], [73.839339, 16.877798], [73.839906, 16.877801], [73.839905, 16.878075], [73.840188, 16.878076], [73.840185, 16.878622], [73.840469, 16.878624], [73.840467, 16.878897], [73.840751, 16.878899], [73.840747, 16.879445], [73.841031, 16.879447], [73.841026, 16.880266], [73.841593, 16.880269], [73.841592, 16.880542], [73.841875, 16.880544], [73.841874, 16.880817], [73.842441, 16.88082], [73.842439, 16.881094], [73.843007, 16.881097], [73.843005, 16.88137], [73.844991, 16.881381], [73.844993, 16.881108], [73.845276, 16.88111], [73.845278, 16.880836], [73.846413, 16.880843], [73.846416, 16.880297], [73.8467, 16.880298], [73.846701, 16.880025], [73.846985, 16.880027], [73.846987, 16.879753], [73.84727, 16.879755], [73.847274, 16.879209], [73.847557, 16.87921], [73.847562, 16.878391], [73.847846, 16.878393], [73.847853, 16.8773], [73.848136, 16.877302], [73.848135, 16.877575], [73.85012, 16.877586], [73.850119, 16.877859], [73.851254, 16.877865], [73.851255, 16.877592], [73.851539, 16.877594], [73.851541, 16.877321], [73.852108, 16.877324], [73.85211, 16.877051], [73.852393, 16.877052], [73.852395, 16.876779], [73.852679, 16.876781], [73.852682, 16.876235], [73.852966, 16.876236], [73.852967, 16.875963], [73.853251, 16.875965], [73.853253, 16.875691], [73.853536, 16.875693], [73.853538, 16.87542], [73.853822, 16.875421], [73.853823, 16.875148], [73.854107, 16.87515], [73.854108, 16.874877], [73.854392, 16.874878], [73.854394, 16.874605], [73.854961, 16.874608], [73.85496, 16.874882], [73.855243, 16.874883], [73.85524, 16.875429], [73.856375, 16.875436], [73.856376, 16.875163], [73.856944, 16.875166], [73.856945, 16.874893], [73.85808, 16.874899], [73.858082, 16.874626], [73.858649, 16.874629], [73.858652, 16.874083], [73.858936, 16.874084], [73.858938, 16.873811], [73.859505, 16.873814], [73.859507, 16.873541], [73.85979, 16.873543], [73.859792, 16.87327], [73.860359, 16.873273], [73.860361, 16.873], [73.861496, 16.873006], [73.861494, 16.873279], [73.861778, 16.873281], [73.861786, 16.871915], [73.861502, 16.871913], [73.861505, 16.871367], [73.861222, 16.871365], [73.861225, 16.870819], [73.861509, 16.870821], [73.861517, 16.869455], [73.861801, 16.869457], [73.861802, 16.869183], [73.862086, 16.869185], [73.862087, 16.868912], [73.862371, 16.868914], [73.862378, 16.867821], [73.862661, 16.867823], [73.862666, 16.867003], [73.86295, 16.867005], [73.862952, 16.866732], [73.863235, 16.866733], [73.863237, 16.86646], [73.863521, 16.866462], [73.863522, 16.866188], [73.864657, 16.866195], [73.86466, 16.865648], [73.864944, 16.86565], [73.864955, 16.863738], [73.865239, 16.86374], [73.865242, 16.863193], [73.865526, 16.863195], [73.865527, 16.862922], [73.865811, 16.862923], [73.865816, 16.862104], [73.866667, 16.862109], [73.866665, 16.862382], [73.867233, 16.862385], [73.867234, 16.862112], [73.866951, 16.86211], [73.866959, 16.860744], [73.867242, 16.860746], [73.86725, 16.85938], [73.868101, 16.859385], [73.868103, 16.859112], [73.868387, 16.859113], [73.868388, 16.85884], [73.868672, 16.858842], [73.868674, 16.858569], [73.869241, 16.858572], [73.869243, 16.858299], [73.869526, 16.8583], [73.869528, 16.858027], [73.870946, 16.858035], [73.870948, 16.857762], [73.871515, 16.857765], [73.871517, 16.857492], [73.8718, 16.857493], [73.871802, 16.85722], [73.872369, 16.857223], [73.872371, 16.85695], [73.873222, 16.856955], [73.873223, 16.856682], [73.873791, 16.856685], [73.873792, 16.856412], [73.874076, 16.856413], [73.874079, 16.855867], [73.874363, 16.855868], [73.874365, 16.855595], [73.874648, 16.855597], [73.874651, 16.855051], [73.874935, 16.855052], [73.874938, 16.854506], [73.875222, 16.854507], [73.875224, 16.854234], [73.875507, 16.854236], [73.87551, 16.85369], [73.876078, 16.853693], [73.876079, 16.85342], [73.876363, 16.853421], [73.876365, 16.853148], [73.876648, 16.85315], [73.876651, 16.852603], [73.876935, 16.852605], [73.876937, 16.852332], [73.87722, 16.852333], [73.877232, 16.850421], [73.877515, 16.850423], [73.877525, 16.848784], [73.877809, 16.848785], [73.877807, 16.849059], [73.878942, 16.849065], [73.878945, 16.848519], [73.879228, 16.84852], [73.879232, 16.847974], [73.879515, 16.847975], [73.879517, 16.847702], [73.879801, 16.847704], [73.879804, 16.847157], [73.880087, 16.847159], [73.880089, 16.846886], [73.880656, 16.846889], [73.880658, 16.846616], [73.880942, 16.846617], [73.880943, 16.846344], [73.881227, 16.846346], [73.881228, 16.846073], [73.881796, 16.846076], [73.881797, 16.845803], [73.882081, 16.845804], [73.882083, 16.845531], [73.88265, 16.845534], [73.882651, 16.845261], [73.88407, 16.845269], [73.884071, 16.844995], [73.884355, 16.844997], [73.884356, 16.844724], [73.886058, 16.844733], [73.88606, 16.84446], [73.886627, 16.844463], [73.886629, 16.84419], [73.886912, 16.844191], [73.886914, 16.843918], [73.889183, 16.843931], [73.889185, 16.843657], [73.890036, 16.843662], [73.890037, 16.843389], [73.890604, 16.843392], [73.890606, 16.843119], [73.891173, 16.843122], [73.891175, 16.842849], [73.892026, 16.842853], [73.892027, 16.84258], [73.894296, 16.842592], [73.894298, 16.842319], [73.894865, 16.842322], [73.894867, 16.842049], [73.89515, 16.842051], [73.895152, 16.841778], [73.895436, 16.841779], [73.895437, 16.841506], [73.896855, 16.841514], [73.896854, 16.841787], [73.897988, 16.841793], [73.897992, 16.841247], [73.898559, 16.84125], [73.89856, 16.840976], [73.899128, 16.840979], [73.899129, 16.840706], [73.899697, 16.840709], [73.899698, 16.840436], [73.899982, 16.840438], [73.899983, 16.840165], [73.900267, 16.840166], [73.900268, 16.839893], [73.900552, 16.839895], [73.900554, 16.839621], [73.900837, 16.839623], [73.900839, 16.83935], [73.901406, 16.839353], [73.901408, 16.83908], [73.901691, 16.839081], [73.901693, 16.838808], [73.90226, 16.838811], [73.902262, 16.838538], [73.902829, 16.838541], [73.902831, 16.838268], [73.903114, 16.838269], [73.903116, 16.837996], [73.903399, 16.837998], [73.903403, 16.837451], [73.903686, 16.837453], [73.903691, 16.836633], [73.903975, 16.836635], [73.903978, 16.836089], [73.904261, 16.83609], [73.904263, 16.835817], [73.903979, 16.835816], [73.903981, 16.835542], [73.904264, 16.835544], [73.904271, 16.834451], [73.904554, 16.834453], [73.904558, 16.833907], [73.904274, 16.833905], [73.904277, 16.833359], [73.904561, 16.83336], [73.904562, 16.833087], [73.904846, 16.833089], [73.904851, 16.832269], [73.905134, 16.832271], [73.905137, 16.831724], [73.905421, 16.831726], [73.905423, 16.831453], [73.90599, 16.831456], [73.905994, 16.830636], [73.906278, 16.830638], [73.906283, 16.829818], [73.906566, 16.82982], [73.906571, 16.829001], [73.906287, 16.828999], [73.906294, 16.827906], [73.906577, 16.827908], [73.906585, 16.826542], [73.906302, 16.826541], [73.906306, 16.825721], [73.90659, 16.825723], [73.906591, 16.82545], [73.907159, 16.825453], [73.90716, 16.82518], [73.907444, 16.825181], [73.907445, 16.824908], [73.907729, 16.824909], [73.907731, 16.824636], [73.908014, 16.824638], [73.908016, 16.824365], [73.908299, 16.824366], [73.908301, 16.824093], [73.908585, 16.824094], [73.908586, 16.823821], [73.909153, 16.823824], [73.909155, 16.823551], [73.909438, 16.823553], [73.90944, 16.82328], [73.909724, 16.823281], [73.909722, 16.823554], [73.910006, 16.823556], [73.910007, 16.823283], [73.910291, 16.823284], [73.910292, 16.823011], [73.91086, 16.823014], [73.910861, 16.822741], [73.911428, 16.822744], [73.91143, 16.822471], [73.912281, 16.822475], [73.912282, 16.822202], [73.912566, 16.822204], [73.912568, 16.82193], [73.912851, 16.821932], [73.912853, 16.821659], [73.913136, 16.82166], [73.913138, 16.821387], [73.914272, 16.821393], [73.914271, 16.821666], [73.914554, 16.821668], [73.914553, 16.821941], [73.914836, 16.821942], [73.914835, 16.822215], [73.915118, 16.822217], [73.915117, 16.82249], [73.915684, 16.822493], [73.915689, 16.821674], [73.915972, 16.821675], [73.915979, 16.820583], [73.916262, 16.820584], [73.916268, 16.819492], [73.916552, 16.819493], [73.916554, 16.81922], [73.916837, 16.819221], [73.91684, 16.818675], [73.917407, 16.818678], [73.917409, 16.818405], [73.917693, 16.818406], [73.917703, 16.816494], [73.917987, 16.816496], [73.917989, 16.816223], [73.917705, 16.816221], [73.917708, 16.815675], [73.917424, 16.815673], [73.917426, 16.8154], [73.917142, 16.815399], [73.91715, 16.814033], [73.917434, 16.814035], [73.917462, 16.809118], [73.917745, 16.809119], [73.917753, 16.807754], [73.918037, 16.807755], [73.918047, 16.805843], [73.918331, 16.805845], [73.918336, 16.805025], [73.918619, 16.805027], [73.918622, 16.80448], [73.918906, 16.804482], [73.918907, 16.804209], [73.919191, 16.80421], [73.919194, 16.803664], [73.919478, 16.803665], [73.919479, 16.803392], [73.919763, 16.803394], [73.919766, 16.802847], [73.92005, 16.802849], [73.920053, 16.802303], [73.920336, 16.802304], [73.920342, 16.801212], [73.920626, 16.801213], [73.920627, 16.80094], [73.920911, 16.800941], [73.920913, 16.800668], [73.921196, 16.80067], [73.921199, 16.800123], [73.921483, 16.800125], [73.921484, 16.799852], [73.921768, 16.799853], [73.921771, 16.799307], [73.922055, 16.799308], [73.922059, 16.798489], [73.922343, 16.798491], [73.922349, 16.797398], [73.922633, 16.797399], [73.922634, 16.797126], [73.922918, 16.797128], [73.922919, 16.796855], [73.923203, 16.796856], [73.923204, 16.796583], [73.923771, 16.796586], [73.923773, 16.796313], [73.924624, 16.796317], [73.924625, 16.796044], [73.924909, 16.796046], [73.92491, 16.795772], [73.925477, 16.795775], [73.925479, 16.795502], [73.925763, 16.795504], [73.925764, 16.795231], [73.926048, 16.795232], [73.926049, 16.794959], [73.926616, 16.794962], [73.926618, 16.794689], [73.927185, 16.794692], [73.927187, 16.794418], [73.927754, 16.794421], [73.927755, 16.794148], [73.928039, 16.79415], [73.92804, 16.793877], [73.928324, 16.793878], [73.928327, 16.793332], [73.929178, 16.793336], [73.929179, 16.793063], [73.929746, 16.793066], [73.929748, 16.792793], [73.930315, 16.792796], [73.930316, 16.792523], [73.9306, 16.792524], [73.930603, 16.791978], [73.930887, 16.791979], [73.930885, 16.792252], [73.931169, 16.792254], [73.931167, 16.792527], [73.931451, 16.792529], [73.931449, 16.792802], [73.931733, 16.792803], [73.931731, 16.793076], [73.932582, 16.793081], [73.93258, 16.793354], [73.933431, 16.793358], [73.933433, 16.793085], [73.933716, 16.793087], [73.933718, 16.792813], [73.934001, 16.792815], [73.934003, 16.792542], [73.934286, 16.792543], [73.934288, 16.79227], [73.934571, 16.792272], [73.934574, 16.791725], [73.934858, 16.791727], [73.93486, 16.791454], [73.93571, 16.791458], [73.935712, 16.791185], [73.936562, 16.791189], [73.936564, 16.790916], [73.936848, 16.790918], [73.936849, 16.790644], [73.937133, 16.790646], [73.937134, 16.790373], [73.937418, 16.790374], [73.937419, 16.790101], [73.937703, 16.790103], [73.937704, 16.789829], [73.937988, 16.789831], [73.937991, 16.789285], [73.938274, 16.789286], [73.938276, 16.789013], [73.93856, 16.789014], [73.938561, 16.788741], [73.938845, 16.788743], [73.938846, 16.788469], [73.93913, 16.788471], [73.939131, 16.788198], [73.939698, 16.788201], [73.9397, 16.787928], [73.939983, 16.787929], [73.939985, 16.787656], [73.940268, 16.787657], [73.940271, 16.787111], [73.940555, 16.787113], [73.940557, 16.786839], [73.94084, 16.786841], [73.940842, 16.786568], [73.941125, 16.786569], [73.941127, 16.786296], [73.94141, 16.786297], [73.941412, 16.786024], [73.941695, 16.786026], [73.941697, 16.785753], [73.94198, 16.785754], [73.941983, 16.785208], [73.942267, 16.785209], [73.942278, 16.783297], [73.942561, 16.783299], [73.942563, 16.783025], [73.942846, 16.783027], [73.942848, 16.782754], [73.9454, 16.782767], [73.945401, 16.782494], [73.945685, 16.782495], [73.945686, 16.782222], [73.94597, 16.782223], [73.945971, 16.78195], [73.946255, 16.781952], [73.946253, 16.782225], [73.946537, 16.782226], [73.946535, 16.7825], [73.946819, 16.782501], [73.946817, 16.782774], [73.947668, 16.782778], [73.947667, 16.783052], [73.948234, 16.783055], [73.948232, 16.783328], [73.949933, 16.783336], [73.949935, 16.783063], [73.950218, 16.783065], [73.950221, 16.782518], [73.950505, 16.78252], [73.950507, 16.782247], [73.95079, 16.782248], [73.950793, 16.781702], [73.951077, 16.781703], [73.951078, 16.78143], [73.951362, 16.781432], [73.951363, 16.781158], [73.951647, 16.78116], [73.951648, 16.780887], [73.951932, 16.780888], [73.951938, 16.779795], [73.952221, 16.779797], [73.952224, 16.779251], [73.952508, 16.779252], [73.952511, 16.778706], [73.952794, 16.778707], [73.952796, 16.778434], [73.953079, 16.778436], [73.953082, 16.777889], [73.953366, 16.777891], [73.953364, 16.778164], [73.955633, 16.778175], [73.955634, 16.777902], [73.956485, 16.777906], [73.956483, 16.77818], [73.956767, 16.778181], [73.956766, 16.778454], [73.957616, 16.778459], [73.957615, 16.778732], [73.957898, 16.778733], [73.9579, 16.77846], [73.958183, 16.778461], [73.958188, 16.777642], [73.958471, 16.777643], [73.958473, 16.77737], [73.958756, 16.777372], [73.958758, 16.777098], [73.959041, 16.7771], [73.959043, 16.776827], [73.959326, 16.776828], [73.959329, 16.776282], [73.959613, 16.776283], [73.959614, 16.77601], [73.959898, 16.776012], [73.959901, 16.775465], [73.960184, 16.775467], [73.960186, 16.775194], [73.960469, 16.775195], [73.960471, 16.774922], [73.960754, 16.774923], [73.960756, 16.77465], [73.962174, 16.774657], [73.962175, 16.774384], [73.963593, 16.774391], [73.963594, 16.774118], [73.964161, 16.774121], [73.964163, 16.773848], [73.96473, 16.773851], [73.964731, 16.773578], [73.965582, 16.773582], [73.965583, 16.773309], [73.965867, 16.77331], [73.965868, 16.773037], [73.966152, 16.773038], [73.966154, 16.772765], [73.966437, 16.772767], [73.966439, 16.772493], [73.966722, 16.772495], [73.966724, 16.772222], [73.967291, 16.772225], [73.967292, 16.771951], [73.967576, 16.771953], [73.967577, 16.77168], [73.967861, 16.771681], [73.967862, 16.771408], [73.968146, 16.771409], [73.968149, 16.770863], [73.968432, 16.770864], [73.968434, 16.770591], [73.968717, 16.770593], [73.96872, 16.770046], [73.969004, 16.770048], [73.969008, 16.769228], [73.968724, 16.769227], [73.968729, 16.768408], [73.969012, 16.768409], [73.969015, 16.767863], [73.969299, 16.767864], [73.9693, 16.767591], [73.969584, 16.767592], [73.969587, 16.767046], [73.96987, 16.767047], [73.969873, 16.766501], [73.970157, 16.766503], [73.97016, 16.765956], [73.970443, 16.765958], [73.970445, 16.765685], [73.970728, 16.765686], [73.97073, 16.765413], [73.971013, 16.765414], [73.971029, 16.76241], [73.970746, 16.762408], [73.970753, 16.761042], [73.971037, 16.761044], [73.971038, 16.760771], [73.970755, 16.760769], [73.970756, 16.760496], [73.970473, 16.760495], [73.970476, 16.759948], [73.970192, 16.759947], [73.970194, 16.759674], [73.96991, 16.759672], [73.969913, 16.759126], [73.96963, 16.759125], [73.969631, 16.758851], [73.969347, 16.75885], [73.96935, 16.758304], [73.969634, 16.758305], [73.969638, 16.757486], [73.969922, 16.757487], [73.969925, 16.756941], [73.970208, 16.756942], [73.97021, 16.756669], [73.969926, 16.756668], [73.969929, 16.756121], [73.970213, 16.756123], [73.970219, 16.75503], [73.970502, 16.755032], [73.970505, 16.754485], [73.970789, 16.754487], [73.97079, 16.754214], [73.971074, 16.754215], [73.971075, 16.753942], [73.971358, 16.753943], [73.971364, 16.752851], [73.971648, 16.752852], [73.971649, 16.752579], [73.972783, 16.752585], [73.972785, 16.752311], [73.973635, 16.752316], [73.973637, 16.752042], [73.974204, 16.752045], [73.974208, 16.751226], [73.973925, 16.751224], [73.973926, 16.750951], [73.973359, 16.750948], [73.973361, 16.750675], [73.973077, 16.750674], [73.973089, 16.748489], [73.971955, 16.748483], [73.971953, 16.748756], [73.970819, 16.74875], [73.970818, 16.749024], [73.970534, 16.749022], [73.970533, 16.749295], [73.970249, 16.749294], [73.970248, 16.749567], [73.969681, 16.749564], [73.969682, 16.749291], [73.969399, 16.74929], [73.9694, 16.749017], [73.969117, 16.749015], [73.969118, 16.748742], [73.968551, 16.748739], [73.968553, 16.748466], [73.967986, 16.748463], [73.967983, 16.749009], [73.966282, 16.749001], [73.966279, 16.749547], [73.965995, 16.749546], [73.96599, 16.750638], [73.966557, 16.750641], [73.966555, 16.750914], [73.966839, 16.750916], [73.966837, 16.751189], [73.965987, 16.751185], [73.965985, 16.751458], [73.965702, 16.751456], [73.9657, 16.75173], [73.965133, 16.751727], [73.965132, 16.752], [73.964848, 16.751999], [73.964844, 16.752818], [73.96456, 16.752817], [73.964559, 16.75309], [73.963141, 16.753083], [73.963143, 16.752809], [73.962292, 16.752805], [73.962294, 16.752532], [73.96201, 16.752531], [73.962012, 16.752257], [73.961728, 16.752256], [73.961733, 16.751437], [73.962016, 16.751438], [73.962019, 16.750892], [73.961735, 16.75089], [73.961737, 16.750617], [73.961453, 16.750616], [73.961455, 16.750343], [73.961171, 16.750341], [73.961174, 16.749795], [73.961458, 16.749796], [73.961461, 16.74925], [73.961744, 16.749251], [73.961746, 16.748978], [73.961462, 16.748977], [73.961465, 16.74843], [73.960331, 16.748425], [73.960333, 16.748152], [73.960049, 16.74815], [73.960054, 16.747331], [73.959203, 16.747326], [73.959205, 16.747053], [73.958354, 16.747049], [73.958356, 16.746776], [73.957789, 16.746773], [73.957787, 16.747046], [73.95722, 16.747043], [73.957222, 16.74677], [73.956371, 16.746766], [73.95637, 16.747039], [73.956086, 16.747038], [73.956089, 16.746491], [73.955806, 16.74649], [73.955807, 16.746217], [73.955524, 16.746215], [73.955525, 16.745942], [73.954958, 16.745939], [73.95496, 16.745666], [73.954393, 16.745663], [73.954394, 16.74539], [73.952977, 16.745383], [73.952978, 16.74511], [73.952695, 16.745108], [73.952696, 16.744835], [73.952413, 16.744834], [73.952417, 16.744014], [73.951, 16.744007], [73.951001, 16.743734], [73.950434, 16.743731], [73.950436, 16.743458], [73.949869, 16.743455], [73.94987, 16.743182], [73.949587, 16.74318], [73.949588, 16.742907], [73.949021, 16.742904], [73.949023, 16.742631], [73.948172, 16.742627], [73.948174, 16.742354], [73.946756, 16.742346], [73.946755, 16.74262], [73.946471, 16.742618], [73.94647, 16.742891], [73.946186, 16.74289], [73.946188, 16.742617], [73.945621, 16.742614], [73.945622, 16.742341], [73.944488, 16.742335], [73.94449, 16.742062], [73.942222, 16.74205], [73.942221, 16.742323], [73.94052, 16.742314], [73.940518, 16.742588], [73.940235, 16.742586], [73.940232, 16.743132], [73.939948, 16.743131], [73.939947, 16.743404], [73.939663, 16.743403], [73.939662, 16.743676], [73.939378, 16.743674], [73.939377, 16.743948], [73.939093, 16.743946], [73.93909, 16.744492], [73.938523, 16.744489], [73.938522, 16.744763], [73.936254, 16.744751], [73.936252, 16.745024], [73.935969, 16.745023], [73.935967, 16.745296], [73.935684, 16.745294], [73.935681, 16.745841], [73.934263, 16.745833], [73.934262, 16.746106], [73.933978, 16.746105], [73.933975, 16.746651], [73.933691, 16.74665], [73.93369, 16.746923], [73.933406, 16.746922], [73.933402, 16.747741], [73.931134, 16.747729], [73.931132, 16.748002], [73.930565, 16.747999], [73.930564, 16.748273], [73.925177, 16.748245], [73.925176, 16.748518], [73.924892, 16.748516], [73.924891, 16.748789], [73.924324, 16.748786], [73.924325, 16.748513], [73.923758, 16.74851], [73.92376, 16.748237], [73.922909, 16.748233], [73.922911, 16.74796], [73.922344, 16.747957], [73.922346, 16.747684], [73.921212, 16.747678], [73.92121, 16.747951], [73.919793, 16.747943], [73.919794, 16.74767], [73.919511, 16.747669], [73.919512, 16.747396], [73.919229, 16.747394], [73.919232, 16.746848], [73.918948, 16.746846], [73.91895, 16.746573], [73.918099, 16.746569], [73.918098, 16.746842], [73.917531, 16.746839], [73.917529, 16.747112], [73.916112, 16.747105], [73.916113, 16.746831], [73.915546, 16.746828], [73.915548, 16.746555], [73.914981, 16.746552], [73.914982, 16.746279], [73.914699, 16.746278], [73.9147, 16.746005], [73.914133, 16.746002], [73.914132, 16.746275], [73.912147, 16.746264], [73.912149, 16.745991], [73.910165, 16.745981], [73.910166, 16.745707], [73.909599, 16.745704], [73.909601, 16.745431], [73.909034, 16.745428], [73.909035, 16.745155], [73.908752, 16.745154], [73.908753, 16.744881], [73.90847, 16.744879], [73.908471, 16.744606], [73.908188, 16.744604], [73.908189, 16.744331], [73.907622, 16.744328], [73.907624, 16.744055], [73.907341, 16.744054], [73.907342, 16.74378], [73.906775, 16.743777], [73.906777, 16.743504], [73.906493, 16.743503], [73.906495, 16.74323], [73.905928, 16.743227], [73.905929, 16.742954], [73.905646, 16.742952], [73.905647, 16.742679], [73.904513, 16.742673], [73.904515, 16.7424], [73.903948, 16.742397], [73.90395, 16.742124], [73.903666, 16.742122], [73.903668, 16.741849], [73.903384, 16.741847], [73.903386, 16.741574], [73.901685, 16.741565], [73.901686, 16.741292], [73.899419, 16.74128], [73.89942, 16.741007], [73.898003, 16.740999], [73.898004, 16.740726], [73.897721, 16.740725], [73.897722, 16.740451], [73.897439, 16.74045], [73.89744, 16.740177], [73.896874, 16.740174], [73.896875, 16.739901], [73.896308, 16.739898], [73.89631, 16.739624], [73.896026, 16.739623], [73.896028, 16.73935], [73.895461, 16.739347], [73.895462, 16.739074], [73.894328, 16.739068], [73.89433, 16.738794], [73.894047, 16.738793], [73.894045, 16.739066], [73.893195, 16.739061], [73.893196, 16.738788], [73.890928, 16.738776], [73.89093, 16.738503], [73.890363, 16.7385], [73.890364, 16.738227], [73.889514, 16.738222], [73.889516, 16.737949], [73.888949, 16.737946], [73.88895, 16.737673], [73.888667, 16.737671], [73.888668, 16.737398], [73.888385, 16.737397], [73.88839, 16.736577], [73.887256, 16.736571], [73.887253, 16.737117], [73.886686, 16.737114], [73.886684, 16.737388], [73.886401, 16.737386], [73.886397, 16.737932], [73.885263, 16.737926], [73.885262, 16.738199], [73.884978, 16.738198], [73.884975, 16.738744], [73.883558, 16.738736], [73.883559, 16.738463], [73.879874, 16.738443], [73.879873, 16.738716], [73.879306, 16.738713], [73.879304, 16.738987], [73.878454, 16.738982], [73.878452, 16.739255], [73.878169, 16.739253], [73.878167, 16.739527], [73.877883, 16.739525], [73.877882, 16.739798], [73.877598, 16.739797], [73.8776, 16.739524], [73.87675, 16.739519], [73.876748, 16.739792], [73.876181, 16.739789], [73.876179, 16.740062], [73.875896, 16.740061], [73.875894, 16.740334], [73.875611, 16.740332], [73.875609, 16.740605], [73.875326, 16.740604], [73.875324, 16.740877], [73.875041, 16.740875], [73.875039, 16.741149], [73.874472, 16.741145], [73.87447, 16.741419], [73.873337, 16.741412], [73.873335, 16.741686], [73.872484, 16.741681], [73.872486, 16.741408], [73.870218, 16.741395], [73.87022, 16.741122], [73.869653, 16.741119], [73.869654, 16.740846], [73.867954, 16.740837], [73.867955, 16.740563], [73.863987, 16.740542], [73.863985, 16.740815], [73.863418, 16.740812], [73.863416, 16.741085], [73.861715, 16.741075], [73.861714, 16.741349], [73.86143, 16.741347], [73.861429, 16.74162], [73.860011, 16.741612], [73.860013, 16.741339], [73.859446, 16.741336], [73.859443, 16.741882], [73.859159, 16.741881], [73.859158, 16.742154], [73.858307, 16.742149], [73.858306, 16.742422], [73.858022, 16.742421], [73.858017, 16.74324], [73.856883, 16.743234], [73.856882, 16.743507], [73.857165, 16.743509], [73.857163, 16.743782], [73.85688, 16.74378], [73.856878, 16.744053], [73.856311, 16.74405], [73.85631, 16.744323], [73.856026, 16.744322], [73.856028, 16.744049], [73.855744, 16.744047], [73.855751, 16.742955], [73.855184, 16.742951], [73.855182, 16.743225], [73.853481, 16.743215], [73.853486, 16.742396], [73.852919, 16.742393], [73.852923, 16.741846], [73.852356, 16.741843], [73.852354, 16.742116], [73.852071, 16.742115], [73.852072, 16.741842], [73.851222, 16.741837], [73.851223, 16.741564], [73.850656, 16.741561], [73.850655, 16.741834], [73.850371, 16.741832], [73.85037, 16.742105], [73.849803, 16.742102], [73.849799, 16.742648], [73.848382, 16.74264], [73.848385, 16.742094], [73.847535, 16.742089], [73.847525, 16.743728], [73.847809, 16.74373], [73.847807, 16.744003], [73.847523, 16.744001], [73.847522, 16.744275], [73.847238, 16.744273], [73.847235, 16.744819], [73.846951, 16.744818], [73.84695, 16.745091], [73.846666, 16.745089], [73.846665, 16.745362], [73.845814, 16.745358], [73.845816, 16.745084], [73.845249, 16.745081], [73.845251, 16.744808], [73.844967, 16.744807], [73.844965, 16.74508], [73.844398, 16.745077], [73.8444, 16.744803], [73.843833, 16.7448], [73.843832, 16.745073], [73.843265, 16.74507], [73.843263, 16.745343], [73.842696, 16.74534], [73.842698, 16.745067], [73.842414, 16.745065], [73.842417, 16.744519], [73.842134, 16.744518], [73.842136, 16.744244], [73.841852, 16.744243], [73.841855, 16.743697], [73.841288, 16.743693], [73.84129, 16.74342], [73.841007, 16.743419], [73.841005, 16.743692], [73.840721, 16.74369], [73.840718, 16.744236], [73.840435, 16.744235], [73.840436, 16.743962], [73.839586, 16.743957], [73.839584, 16.74423], [73.839301, 16.744228], [73.839297, 16.744775], [73.837313, 16.744764], [73.837315, 16.74449], [73.836748, 16.744487], [73.836746, 16.74476], [73.836463, 16.744759], [73.836464, 16.744486], [73.836181, 16.744484], [73.836179, 16.744757], [73.835896, 16.744756], [73.835892, 16.745302], [73.835042, 16.745297], [73.835039, 16.745843], [73.834755, 16.745842], [73.83475, 16.746661], [73.835034, 16.746663], [73.835019, 16.749121], [73.834735, 16.749119], [73.834732, 16.749666], [73.834448, 16.749664], [73.834445, 16.75021], [73.834161, 16.750209], [73.834156, 16.751028], [73.833023, 16.751022], [73.833021, 16.751295], [73.832737, 16.751293], [73.832736, 16.751566], [73.832452, 16.751565], [73.832451, 16.751838], [73.832167, 16.751836], [73.832165, 16.75211], [73.831598, 16.752106], [73.831597, 16.752379], [73.829896, 16.75237], [73.829894, 16.752643], [73.829611, 16.752641], [73.829609, 16.752915], [73.829325, 16.752913], [73.829324, 16.753186], [73.82904, 16.753184], [73.829037, 16.753731], [73.828753, 16.753729], [73.82875, 16.754275], [73.828467, 16.754274], [73.828465, 16.754547], [73.828181, 16.754545], [73.828178, 16.755092], [73.827895, 16.75509], [73.827893, 16.755363], [73.827609, 16.755361], [73.827608, 16.755635], [73.827324, 16.755633], [73.827323, 16.755906], [73.827039, 16.755905], [73.827037, 16.756178], [73.82647, 16.756174], [73.826469, 16.756448], [73.825335, 16.756441], [73.82533, 16.757261], [73.825046, 16.757259], [73.825045, 16.757532], [73.824761, 16.75753], [73.824758, 16.758077], [73.824474, 16.758075], [73.824472, 16.758348], [73.823905, 16.758345], [73.823904, 16.758618], [73.82362, 16.758617], [73.823619, 16.75889], [73.823052, 16.758886], [73.82305, 16.75916], [73.822483, 16.759156], [73.822481, 16.75943], [73.822198, 16.759428], [73.822196, 16.759701], [73.821913, 16.759699], [73.821911, 16.759973], [73.821627, 16.759971], [73.821626, 16.760244], [73.821342, 16.760242], [73.821341, 16.760516], [73.821057, 16.760514], [73.821054, 16.76106], [73.82077, 16.761059], [73.820767, 16.761605], [73.820483, 16.761603], [73.820482, 16.761876], [73.820198, 16.761875], [73.820196, 16.762148], [73.819913, 16.762146], [73.819911, 16.762419], [73.819628, 16.762418], [73.819626, 16.762691], [73.819342, 16.762689], [73.819339, 16.763236], [73.819623, 16.763237], [73.819619, 16.763784], [73.819336, 16.763782], [73.819332, 16.764328], [73.819049, 16.764327], [73.819039, 16.765965], [73.818755, 16.765964], [73.818754, 16.766237], [73.81847, 16.766235], [73.818468, 16.766508], [73.817901, 16.766505], [73.8179, 16.766778], [73.817333, 16.766775], [73.817331, 16.767048], [73.817047, 16.767047], [73.817046, 16.76732], [73.816195, 16.767315], [73.816193, 16.767588], [73.815626, 16.767585], [73.815625, 16.767858], [73.815058, 16.767855], [73.815054, 16.768401], [73.814771, 16.768399], [73.814769, 16.768672], [73.814202, 16.768669], [73.8142, 16.768942], [73.813917, 16.768941], [73.813915, 16.769214], [73.811647, 16.769201], [73.811649, 16.768928], [73.811365, 16.768926], [73.811367, 16.768653], [73.811083, 16.768651], [73.811082, 16.768924], [73.810798, 16.768923], [73.810797, 16.769196], [73.810513, 16.769194], [73.810515, 16.768921], [73.809948, 16.768918], [73.809949, 16.768645], [73.809666, 16.768643], [73.809668, 16.76837], [73.809101, 16.768367], [73.809102, 16.768093], [73.808819, 16.768092], [73.808822, 16.767545], [73.808255, 16.767542], [73.808258, 16.766996], [73.806557, 16.766986], [73.806556, 16.767259], [73.804571, 16.767248], [73.804573, 16.766975], [73.804289, 16.766973], [73.804288, 16.767246], [73.80287, 16.767238], [73.802872, 16.766965], [73.802588, 16.766963], [73.802593, 16.766144], [73.80231, 16.766142], [73.802312, 16.765869], [73.802028, 16.765867], [73.802031, 16.765321], [73.801748, 16.765319], [73.80175, 16.765046], [73.801183, 16.765043], [73.801184, 16.76477], [73.800901, 16.764768], [73.800903, 16.764495], [73.800336, 16.764492], [73.800337, 16.764218], [73.800054, 16.764217], [73.800055, 16.763944], [73.799772, 16.763942], [73.799775, 16.763396], [73.799492, 16.763394], [73.799495, 16.762848], [73.799212, 16.762846], [73.799214, 16.762573], [73.79893, 16.762571], [73.798932, 16.762298], [73.798648, 16.762297], [73.79865, 16.762024], [73.796949, 16.762014], [73.796951, 16.76174], [73.79525, 16.761731], [73.795248, 16.762004], [73.794964, 16.762002], [73.794963, 16.762275], [73.794679, 16.762273], [73.794677, 16.762547], [73.794394, 16.762545], [73.794392, 16.762818], [73.794109, 16.762816], [73.79411, 16.762543], [73.793827, 16.762542], [73.793829, 16.762269], [73.792695, 16.762262], [73.792693, 16.762535], [73.792126, 16.762532], [73.792122, 16.763078], [73.791555, 16.763075], [73.791554, 16.763348], [73.79127, 16.763346], [73.791268, 16.763619], [73.790985, 16.763618], [73.790983, 16.763891], [73.7907, 16.763889], [73.790698, 16.764162], [73.790131, 16.764159], [73.790129, 16.764432], [73.789846, 16.76443], [73.789844, 16.764703], [73.789561, 16.764702], [73.789559, 16.764975], [73.789275, 16.764973], [73.789274, 16.765246], [73.78899, 16.765245], [73.788988, 16.765518], [73.788705, 16.765516], [73.788703, 16.765789], [73.78842, 16.765788], [73.788418, 16.766061], [73.787851, 16.766057], [73.787849, 16.766331], [73.787566, 16.766329], [73.787562, 16.766875], [73.787279, 16.766874], [73.787273, 16.767693], [73.78699, 16.767691], [73.786983, 16.768784], [73.787266, 16.768785], [73.787263, 16.769332], [73.787547, 16.769333], [73.787541, 16.770153], [73.787258, 16.770151], [73.787249, 16.771517], [73.787533, 16.771519], [73.787531, 16.771792], [73.787247, 16.77179], [73.787246, 16.772063], [73.786962, 16.772061], [73.786959, 16.772608], [73.786675, 16.772606], [73.786672, 16.773152], [73.786388, 16.773151], [73.786386, 16.773424], [73.786103, 16.773422], [73.786099, 16.773968], [73.785816, 16.773967], [73.785811, 16.774786], [73.785527, 16.774784], [73.785519, 16.77615], [73.785235, 16.776148], [73.785232, 16.776695], [73.784948, 16.776693], [73.784946, 16.776966], [73.784663, 16.776965], [73.784661, 16.777238], [73.784094, 16.777234], [73.784092, 16.777507], [73.783809, 16.777506], [73.783805, 16.778052], [73.783522, 16.77805], [73.78352, 16.778323], [73.783236, 16.778322], [73.783235, 16.778595], [73.782951, 16.778593], [73.782949, 16.778866], [73.782666, 16.778865], [73.782664, 16.779138], [73.782381, 16.779136], [73.782379, 16.779409], [73.781812, 16.779406], [73.78181, 16.779679], [73.781527, 16.779677], [73.781525, 16.779951], [73.781241, 16.779949], [73.78124, 16.780222], [73.780956, 16.78022], [73.780954, 16.780493], [73.780671, 16.780492], [73.780669, 16.780765], [73.77755, 16.780746], [73.777548, 16.78102], [73.776131, 16.781011], [73.776133, 16.780738], [73.775849, 16.780736], [73.775851, 16.780463], [73.775, 16.780458], [73.774998, 16.780731], [73.774148, 16.780726], [73.77415, 16.780453], [73.773866, 16.780451], [73.773868, 16.780178], [73.773584, 16.780177], [73.773591, 16.779084], [73.773308, 16.779082], [73.773311, 16.778536], [73.773028, 16.778534], [73.773029, 16.778261], [73.772746, 16.77826], [73.772748, 16.777986], [73.772464, 16.777985], [73.772468, 16.777438], [73.772184, 16.777437], [73.772186, 16.777164], [73.771902, 16.777162], [73.771904, 16.776889], [73.771337, 16.776885], [73.771339, 16.776612], [73.771055, 16.776611], [73.771057, 16.776338], [73.770774, 16.776336], [73.770775, 16.776063], [73.770492, 16.776061], [73.770494, 16.775788], [73.77021, 16.775786], [73.770212, 16.775513], [73.769928, 16.775511], [73.769941, 16.773599], [73.769657, 16.773598], [73.769661, 16.773051], [73.769377, 16.77305], [73.769379, 16.772777], [73.769095, 16.772775], [73.769097, 16.772502], [73.768814, 16.7725], [73.768815, 16.772227], [73.767681, 16.77222], [73.767679, 16.772493], [73.766829, 16.772488], [73.766827, 16.772761], [73.766544, 16.77276], [73.766542, 16.773033], [73.766258, 16.773031], [73.766257, 16.773304], [73.76569, 16.773301], [73.765688, 16.773574], [73.765404, 16.773572], [73.765403, 16.773845], [73.765119, 16.773844], [73.765115, 16.77439], [73.762564, 16.774375], [73.762562, 16.774648], [73.761995, 16.774644], [73.761993, 16.774918], [73.76171, 16.774916], [73.761708, 16.775189], [73.760574, 16.775182], [73.760572, 16.775455], [73.760289, 16.775454], [73.760285, 16.776], [73.760001, 16.775998], [73.759989, 16.77791], [73.759706, 16.777908], [73.759702, 16.778455], [73.759419, 16.778453], [73.759417, 16.778726], [73.759133, 16.778724], [73.759131, 16.778997], [73.758848, 16.778996], [73.75885, 16.778723], [73.758566, 16.778721], [73.758564, 16.778994], [73.758281, 16.778992], [73.758267, 16.781177], [73.757983, 16.781176], [73.757976, 16.782268], [73.757693, 16.782266], [73.757685, 16.783359], [73.757969, 16.783361], [73.75796, 16.784726], [73.757677, 16.784725], [73.757668, 16.78609], [73.757951, 16.786092], [73.757949, 16.786365], [73.757666, 16.786363], [73.757661, 16.787183], [73.758228, 16.787186], [73.758226, 16.787459], [73.758793, 16.787463], [73.758791, 16.787736], [73.759358, 16.787739], [73.759356, 16.788013], [73.75964, 16.788014], [73.759638, 16.788287], [73.759922, 16.788289], [73.75992, 16.788562], [73.759636, 16.78856], [73.759631, 16.78938], [73.759915, 16.789382], [73.759913, 16.789655], [73.760196, 16.789656], [73.760182, 16.791841], [73.759899, 16.79184], [73.759897, 16.792113], [73.76018, 16.792115], [73.760175, 16.792934], [73.760459, 16.792936], [73.760452, 16.794028], [73.760168, 16.794027], [73.760166, 16.7943], [73.759883, 16.794298], [73.759879, 16.794844], [73.759596, 16.794843], [73.759587, 16.796208], [73.75987, 16.79621], [73.759869, 16.796483], [73.760152, 16.796485], [73.76015, 16.796758], [73.760434, 16.79676], [73.76042, 16.798945], [73.760703, 16.798946], [73.7607, 16.799493], [73.760983, 16.799494], [73.760981, 16.799767], [73.761265, 16.799769], [73.761263, 16.800042], [73.761547, 16.800044], [73.761545, 16.800317], [73.761829, 16.800319], [73.761816, 16.802231], [73.761533, 16.802229], [73.761531, 16.802502], [73.761247, 16.8025], [73.761246, 16.802774], [73.760962, 16.802772], [73.76096, 16.803045], [73.760677, 16.803043], [73.760675, 16.803316], [73.760391, 16.803315], [73.76039, 16.803588], [73.760106, 16.803586], [73.760101, 16.804406], [73.759817, 16.804404], [73.759814, 16.80495], [73.75953, 16.804948], [73.759528, 16.805221], [73.758961, 16.805218], [73.758959, 16.805491], [73.756974, 16.805479], [73.756973, 16.805752], [73.756122, 16.805747], [73.75612, 16.80602], [73.754986, 16.806013], [73.754984, 16.806287], [73.7547, 16.806285], [73.754699, 16.806558], [73.754415, 16.806556], [73.754413, 16.806829], [73.75413, 16.806828], [73.754128, 16.807101], [73.753844, 16.807099], [73.753841, 16.807645], [73.752707, 16.807639], [73.752705, 16.807912], [73.752421, 16.80791], [73.752411, 16.809549], [73.752694, 16.80955], [73.752691, 16.810097], [73.752407, 16.810095], [73.752403, 16.810641], [73.75212, 16.81064], [73.752118, 16.810913], [73.751834, 16.810911], [73.751833, 16.811184], [73.752116, 16.811186], [73.752114, 16.811459], [73.751831, 16.811457], [73.751829, 16.81173], [73.751546, 16.811729], [73.751544, 16.812002], [73.75126, 16.812], [73.751258, 16.812273], [73.750975, 16.812271], [73.750973, 16.812545], [73.750689, 16.812543], [73.750688, 16.812816], [73.750404, 16.812814], [73.750402, 16.813087], [73.750119, 16.813086], [73.750117, 16.813359], [73.749833, 16.813357], [73.749832, 16.81363], [73.749264, 16.813627], [73.749254, 16.815265], [73.74897, 16.815264], [73.748968, 16.815537], [73.748401, 16.815533], [73.748399, 16.815807], [73.748116, 16.815805], [73.748114, 16.816078], [73.747547, 16.816075], [73.747545, 16.816348], [73.746978, 16.816344], [73.746976, 16.816617], [73.746692, 16.816616], [73.746689, 16.817162], [73.746122, 16.817158], [73.74612, 16.817432], [73.745836, 16.81743], [73.745835, 16.817703], [73.7447, 16.817696], [73.744698, 16.817969], [73.744131, 16.817966], [73.744129, 16.818239], [73.743846, 16.818237], [73.743844, 16.81851], [73.74356, 16.818508], [73.743559, 16.818782], [73.743275, 16.81878], [73.743273, 16.819053], [73.74299, 16.819051], [73.742988, 16.819324], [73.742421, 16.819321], [73.742419, 16.819594], [73.741852, 16.819591], [73.74185, 16.819864], [73.741283, 16.81986], [73.741281, 16.820133], [73.740714, 16.82013], [73.740712, 16.820403], [73.740428, 16.820401], [73.740427, 16.820674], [73.740143, 16.820673], [73.740141, 16.820946], [73.739291, 16.820941], [73.739289, 16.821214], [73.739005, 16.821212], [73.739003, 16.821485], [73.73872, 16.821483], [73.738718, 16.821756], [73.738151, 16.821753], [73.738147, 16.822299], [73.737013, 16.822292], [73.737011, 16.822565], [73.73616, 16.82256], [73.736158, 16.822833], [73.735591, 16.82283], [73.735573, 16.825561], [73.735857, 16.825563], [73.735853, 16.826109], [73.736137, 16.826111], [73.736133, 16.826657], [73.735566, 16.826654], [73.735564, 16.826927], [73.735848, 16.826928], [73.735844, 16.827475], [73.736128, 16.827476], [73.736126, 16.82775], [73.735842, 16.827748], [73.73584, 16.828021], [73.734706, 16.828014], [73.734704, 16.828287], [73.734421, 16.828285], [73.734419, 16.828559], [73.734135, 16.828557], [73.734133, 16.82883], [73.733566, 16.828826], [73.733564, 16.8291], [73.733281, 16.829098], [73.733279, 16.829371], [73.732995, 16.829369], [73.732994, 16.829642], [73.732426, 16.829639], [73.732421, 16.830458], [73.73157, 16.830453], [73.731568, 16.830726], [73.731285, 16.830724], [73.731281, 16.831271], [73.730997, 16.831269], [73.730996, 16.831542], [73.730712, 16.83154], [73.73071, 16.831813], [73.730427, 16.831812], [73.730425, 16.832085], [73.730141, 16.832083], [73.730139, 16.832356], [73.729572, 16.832353], [73.72957, 16.832626], [73.72872, 16.83262], [73.728718, 16.832894], [73.728434, 16.832892], [73.728432, 16.833165], [73.728149, 16.833163], [73.728147, 16.833436], [73.727863, 16.833435], [73.727861, 16.833708], [73.728429, 16.833711], [73.728427, 16.833984], [73.728994, 16.833988], [73.728996, 16.833715], [73.729279, 16.833716], [73.729281, 16.833443], [73.730983, 16.833454], [73.730981, 16.833727], [73.731265, 16.833729], [73.731263, 16.834002], [73.732114, 16.834007], [73.73211, 16.834553], [73.732394, 16.834555], [73.732392, 16.834828], [73.732675, 16.83483], [73.732674, 16.835103], [73.732957, 16.835105], [73.732952, 16.835924], [73.733235, 16.835926], [73.733234, 16.836199], [73.734084, 16.836204], [73.734086, 16.835931], [73.735221, 16.835938], [73.735213, 16.837031], [73.735497, 16.837032], [73.735495, 16.837306], [73.735779, 16.837307], [73.735777, 16.83758], [73.736061, 16.837582], [73.736055, 16.838402], [73.735772, 16.8384], [73.735768, 16.838946], [73.736051, 16.838948], [73.736046, 16.839767], [73.73633, 16.839769], [73.736326, 16.840315], [73.73661, 16.840317], [73.736606, 16.840863], [73.73689, 16.840865], [73.736882, 16.841958], [73.737166, 16.841959], [73.737157, 16.843325], [73.737441, 16.843327], [73.737433, 16.844419], [73.737717, 16.844421], [73.737715, 16.844694], [73.737999, 16.844696], [73.738001, 16.844423], [73.738568, 16.844426], [73.73857, 16.844153], [73.738853, 16.844155], [73.738855, 16.843882], [73.739139, 16.843883], [73.73914, 16.84361], [73.739424, 16.843612], [73.739426, 16.843339], [73.739993, 16.843342], [73.739995, 16.843069], [73.740279, 16.843071], [73.740282, 16.842525], [73.740566, 16.842526], [73.740568, 16.842253], [73.740851, 16.842255], [73.740853, 16.841982], [73.74142, 16.841985], [73.741422, 16.841712], [73.741989, 16.841716], [73.741991, 16.841443], [73.742275, 16.841444], [73.742277, 16.841171], [73.74256, 16.841173], [73.742562, 16.8409], [73.742846, 16.840902], [73.742847, 16.840628], [73.743131, 16.84063], [73.743135, 16.840084], [73.743418, 16.840086], [73.74342, 16.839813], [73.743704, 16.839814], [73.743705, 16.839541], [73.743989, 16.839543], [73.743991, 16.83927], [73.744558, 16.839273], [73.74456, 16.839], [73.744843, 16.839002], [73.744845, 16.838729], [73.745413, 16.838732], [73.745414, 16.838459], [73.745698, 16.838461], [73.7457, 16.838188], [73.746267, 16.838191], [73.746269, 16.837918], [73.746836, 16.837921], [73.746838, 16.837648], [73.747405, 16.837652], [73.747407, 16.837379], [73.74769, 16.83738], [73.747692, 16.837107], [73.747976, 16.837109], [73.747978, 16.836836], [73.748261, 16.836838], [73.748263, 16.836564], [73.74883, 16.836568], [73.748832, 16.836295], [73.751385, 16.83631], [73.751386, 16.836037], [73.75167, 16.836039], [73.751672, 16.835766], [73.751955, 16.835767], [73.751957, 16.835494], [73.753659, 16.835505], [73.753657, 16.835778], [73.753941, 16.83578], [73.753939, 16.836053], [73.754222, 16.836054], [73.754219, 16.836601], [73.754502, 16.836602], [73.754499, 16.837149], [73.754782, 16.83715], [73.754781, 16.837423], [73.755064, 16.837425], [73.755063, 16.837698], [73.755346, 16.8377], [73.755344, 16.837973], [73.755628, 16.837975], [73.755626, 16.838248], [73.75591, 16.83825], [73.755908, 16.838523], [73.756475, 16.838526], [73.756473, 16.838799], [73.756757, 16.838801], [73.756754, 16.839347], [73.757037, 16.839349], [73.757035, 16.839622], [73.757319, 16.839624], [73.757317, 16.839897], [73.757601, 16.839899], [73.757597, 16.840445], [73.757881, 16.840447], [73.757879, 16.84072], [73.758163, 16.840722], [73.758161, 16.840995], [73.758445, 16.840996], [73.758443, 16.84127], [73.75901, 16.841273], [73.759008, 16.841546], [73.759292, 16.841548], [73.759288, 16.842094], [73.759572, 16.842096], [73.75957, 16.842369], [73.759854, 16.842371], [73.75985, 16.842917], [73.760134, 16.842919], [73.760132, 16.843192], [73.760416, 16.843194], [73.760414, 16.843467], [73.760697, 16.843468], [73.760694, 16.844015], [73.760978, 16.844016], [73.760976, 16.844289], [73.761259, 16.844291], [73.761258, 16.844564], [73.762108, 16.844569], [73.762107, 16.844843], [73.76239, 16.844844], [73.762392, 16.844571], [73.762676, 16.844573], [73.762677, 16.8443], [73.763245, 16.844303], [73.763243, 16.844576], [73.76381, 16.84458], [73.763808, 16.844853], [73.764376, 16.844856], [73.764377, 16.844583], [73.764661, 16.844585], [73.764659, 16.844858], [73.76551, 16.844863], [73.765508, 16.845136], [73.765792, 16.845138], [73.765788, 16.845684], [73.766072, 16.845686], [73.766067, 16.846505], [73.76635, 16.846507], [73.766349, 16.84678], [73.766916, 16.846783], [73.766914, 16.847057], [73.767198, 16.847058], [73.767189, 16.848424], [73.766905, 16.848422], [73.766902, 16.848969], [73.767185, 16.84897], [73.767182, 16.849517], [73.767465, 16.849518], [73.767464, 16.849791], [73.767747, 16.849793], [73.767746, 16.850066], [73.768313, 16.85007], [73.768311, 16.850343], [73.768878, 16.850346], [73.768877, 16.850619], [73.76916, 16.850621], [73.769157, 16.851167], [73.76944, 16.851169], [73.769439, 16.851442], [73.769722, 16.851444], [73.769717, 16.852263], [73.770001, 16.852265], [73.769999, 16.852538], [73.770566, 16.852541], [73.770564, 16.852814], [73.770848, 16.852816], [73.770846, 16.853089], [73.77113, 16.853091], [73.771128, 16.853364], [73.771412, 16.853366], [73.77141, 16.853639], [73.771694, 16.853641], [73.77169, 16.854187], [73.771974, 16.854189], [73.771968, 16.855008], [73.772252, 16.85501], [73.77225, 16.855283], [73.771967, 16.855281], [73.771963, 16.855827], [73.772247, 16.855829], [73.772241, 16.856649], [73.771958, 16.856647], [73.771956, 16.85692], [73.771672, 16.856918], [73.771671, 16.857191], [73.771387, 16.85719], [73.771382, 16.858009], [73.770814, 16.858006], [73.770804, 16.859644], [73.77052, 16.859643], [73.770508, 16.861555], [73.770224, 16.861553], [73.770219, 16.862372], [73.769935, 16.862371], [73.769933, 16.862644], [73.768799, 16.862637], [73.768797, 16.86291], [73.768513, 16.862908], [73.768505, 16.864274], [73.768221, 16.864272], [73.768217, 16.864819], [73.768501, 16.86482], [73.768499, 16.865093], [73.768783, 16.865095], [73.768781, 16.865368], [73.769065, 16.86537], [73.769067, 16.865097], [73.769634, 16.8651], [73.769623, 16.866739], [73.76934, 16.866737], [73.769338, 16.86701], [73.769054, 16.867009], [73.769049, 16.867828], [73.768765, 16.867826], [73.768762, 16.868373], [73.768478, 16.868371], [73.768471, 16.869464], [73.76762, 16.869458], [73.767618, 16.869732], [73.767051, 16.869728], [73.767047, 16.870274], [73.76648, 16.870271], [73.766478, 16.870544], [73.766195, 16.870542], [73.766193, 16.870816], [73.765625, 16.870812], [73.765624, 16.871085], [73.76534, 16.871084], [73.765338, 16.871357], [73.764487, 16.871352], [73.764485, 16.871625], [73.764202, 16.871623], [73.7642, 16.871896], [73.763916, 16.871894], [73.763915, 16.872168], [73.763347, 16.872164], [73.763345, 16.872437], [73.762778, 16.872434], [73.762776, 16.872707], [73.762493, 16.872705], [73.762489, 16.873252], [73.762205, 16.87325], [73.762198, 16.874342], [73.761915, 16.874341], [73.761909, 16.87516], [73.761626, 16.875158], [73.761624, 16.875431], [73.76134, 16.87543], [73.761338, 16.875703], [73.760771, 16.875699], [73.760768, 16.876246], [73.7602, 16.876242], [73.760198, 16.876515], [73.759064, 16.876508], [73.759062, 16.876782], [73.758778, 16.87678], [73.758775, 16.877326], [73.758207, 16.877323], [73.758206, 16.877596], [73.757922, 16.877594], [73.75792, 16.877867], [73.757636, 16.877866], [73.757635, 16.878139], [73.757351, 16.878137], [73.757347, 16.878683], [73.756213, 16.878676], [73.756211, 16.878949], [73.755927, 16.878948], [73.755929, 16.878675], [73.754511, 16.878666], [73.754509, 16.878939], [73.754225, 16.878937], [73.754223, 16.879211], [73.75394, 16.879209], [73.753938, 16.879482], [73.753654, 16.87948], [73.753652, 16.879753], [73.753369, 16.879752], [73.753367, 16.880025], [73.753083, 16.880023], [73.753078, 16.880842], [73.752794, 16.880841], [73.752791, 16.881387], [73.752507, 16.881385], [73.752503, 16.881931], [73.75222, 16.88193], [73.752218, 16.882203], [73.751934, 16.882201], [73.751931, 16.882747], [73.752214, 16.882749], [73.752213, 16.883022], [73.752496, 16.883024], [73.752491, 16.883843], [73.752775, 16.883845], [73.752773, 16.884118], [73.753056, 16.88412], [73.753055, 16.884393], [73.753338, 16.884395], [73.753337, 16.884668], [73.75362, 16.88467], [73.753615, 16.885489], [73.753899, 16.885491], [73.753897, 16.885764], [73.754464, 16.885767], [73.754462, 16.88604], [73.754746, 16.886042], [73.754744, 16.886315], [73.755879, 16.886322], [73.755877, 16.886595], [73.756161, 16.886597], [73.75615, 16.888236], [73.756434, 16.888238], [73.756432, 16.888511], [73.757283, 16.888516], [73.757281, 16.888789], [73.757849, 16.888792], [73.757847, 16.889066], [73.758131, 16.889067], [73.758129, 16.88934], [73.758412, 16.889342], [73.758411, 16.889615], [73.758694, 16.889617], [73.758696, 16.889344], [73.759264, 16.889347], [73.759258, 16.890167], [73.759542, 16.890168], [73.75954, 16.890441], [73.760107, 16.890445], [73.760104, 16.890991], [73.760388, 16.890993], [73.760386, 16.891266], [73.76067, 16.891268], [73.760668, 16.891541], [73.760951, 16.891543], [73.760943, 16.892908], [73.760659, 16.892907], [73.760657, 16.89318], [73.760373, 16.893178], [73.760372, 16.893451], [73.760088, 16.893449], [73.760081, 16.894542], [73.759797, 16.89454], [73.759795, 16.894813], [73.759512, 16.894812], [73.75951, 16.895085], [73.759226, 16.895083], [73.759222, 16.895629], [73.758939, 16.895628], [73.758933, 16.896447], [73.75865, 16.896445], [73.758648, 16.896718], [73.758364, 16.896717], [73.758362, 16.89699], [73.758079, 16.896988], [73.758073, 16.897807], [73.758357, 16.897809], [73.758354, 16.898355], [73.75807, 16.898354], [73.758061, 16.899719], [73.757777, 16.899718], [73.757775, 16.899991], [73.757492, 16.899989], [73.757486, 16.900808], [73.757203, 16.900807], [73.757201, 16.90108], [73.756917, 16.901078], [73.756912, 16.901897], [73.757195, 16.901899], [73.757194, 16.902172], [73.75691, 16.902171], [73.756908, 16.902444], [73.757192, 16.902445], [73.757183, 16.903811], [73.757467, 16.903813], [73.757468, 16.90354], [73.757752, 16.903541], [73.757754, 16.903268], [73.758038, 16.90327], [73.758039, 16.902997], [73.758891, 16.903002], [73.758892, 16.902729], [73.759176, 16.902731], [73.759178, 16.902457], [73.759462, 16.902459], [73.759465, 16.901913], [73.759749, 16.901915], [73.759751, 16.901641], [73.760034, 16.901643], [73.760036, 16.90137], [73.760887, 16.901375], [73.760889, 16.901102], [73.761173, 16.901104], [73.761171, 16.901377], [73.761738, 16.90138], [73.761737, 16.901654], [73.76202, 16.901655], [73.762018, 16.901928], [73.762302, 16.90193], [73.762297, 16.902749], [73.762581, 16.902751], [73.762579, 16.903024], [73.762862, 16.903026], [73.762857, 16.903845], [73.763141, 16.903847], [73.763139, 16.90412], [73.763423, 16.904122], [73.763412, 16.905761], [73.763696, 16.905762], [73.763694, 16.906036], [73.763978, 16.906037], [73.763964, 16.908222], [73.764247, 16.908224], [73.764245, 16.908497], [73.764529, 16.908499], [73.764527, 16.908772], [73.764811, 16.908774], [73.764808, 16.90932], [73.768212, 16.909341], [73.768214, 16.909067], [73.768498, 16.909069], [73.768499, 16.908796], [73.768783, 16.908798], [73.768785, 16.908525], [73.769069, 16.908526], [73.769072, 16.90798], [73.769356, 16.907982], [73.769358, 16.907709], [73.769925, 16.907712], [73.769927, 16.907439], [73.770494, 16.907442], [73.770496, 16.907169], [73.77078, 16.907171], [73.770782, 16.906898], [73.771065, 16.906899], [73.771067, 16.906626], [73.772486, 16.906635], [73.772484, 16.906908], [73.773051, 16.906911], [73.77305, 16.907184], [73.773617, 16.907188], [73.773615, 16.907461], [73.773899, 16.907463], [73.773897, 16.907736], [73.774181, 16.907738], [73.774179, 16.908011], [73.774463, 16.908012], [73.774461, 16.908285], [73.774745, 16.908287], [73.774743, 16.90856], [73.775027, 16.908562], [73.775025, 16.908835], [73.775309, 16.908837], [73.775307, 16.90911], [73.775874, 16.909113], [73.775873, 16.909386], [73.776156, 16.909388], [73.776155, 16.909661], [73.776438, 16.909663], [73.776437, 16.909936], [73.777004, 16.90994], [73.777008, 16.909393], [73.777575, 16.909397], [73.777577, 16.909124], [73.777861, 16.909125], [73.777862, 16.908852], [73.77843, 16.908855], [73.778431, 16.908582], [73.780701, 16.908596], [73.780699, 16.908869], [73.780983, 16.908871], [73.780981, 16.909144], [73.781265, 16.909146], [73.781267, 16.908872], [73.781551, 16.908874], [73.781552, 16.908601], [73.78212, 16.908604], [73.782122, 16.908331], [73.782405, 16.908333], [73.782409, 16.907787], [73.782693, 16.907788], [73.782701, 16.906423], [73.782985, 16.906424], [73.782989, 16.905878], [73.784407, 16.905887], [73.784405, 16.90616], [73.784689, 16.906161], [73.784687, 16.906434], [73.784971, 16.906436], [73.784969, 16.906709], [73.785253, 16.906711], [73.785251, 16.906984], [73.788656, 16.907004], [73.788654, 16.907277], [73.790073, 16.907286], [73.790071, 16.907559], [73.790355, 16.907561], [73.790353, 16.907834], [73.790637, 16.907835], [73.790628, 16.909201], [73.790912, 16.909203], [73.79091, 16.909476], [73.791194, 16.909478], [73.791192, 16.909751], [73.791476, 16.909752], [73.791474, 16.910026], [73.791758, 16.910027], [73.791756, 16.9103], [73.79204, 16.910302], [73.792038, 16.910575], [73.792322, 16.910577], [73.79232, 16.91085], [73.792604, 16.910852], [73.792602, 16.911125], [73.792886, 16.911126], [73.792884, 16.9114], [73.794586, 16.91141], [73.794585, 16.911683], [73.794868, 16.911684], [73.794866, 16.911958], [73.79515, 16.911959], [73.795148, 16.912232], [73.795432, 16.912234], [73.795429, 16.91278], [73.795712, 16.912782], [73.795711, 16.913055], [73.795994, 16.913057], [73.795993, 16.91333], [73.796276, 16.913332], [73.796275, 16.913605], [73.796842, 16.913608], [73.79684, 16.913881], [73.797124, 16.913883], [73.797121, 16.914429], [73.797404, 16.914431], [73.797403, 16.914704], [73.797686, 16.914706], [73.797681, 16.915525], [73.797965, 16.915527], [73.797963, 16.9158], [73.798247, 16.915801], [73.798245, 16.916075], [73.798529, 16.916076], [73.798527, 16.916349], [73.798811, 16.916351], [73.798794, 16.919082], [73.799361, 16.919086], [73.799359, 16.919359], [73.799643, 16.91936], [73.799641, 16.919634], [73.799925, 16.919635], [73.799923, 16.919908], [73.800207, 16.91991], [73.800205, 16.920183], [73.800489, 16.920185], [73.800487, 16.920458], [73.801339, 16.920463], [73.801337, 16.920736], [73.803607, 16.920749], [73.803605, 16.921023]]]]}}, {"type": "Feature", "properties": {"name": "S5", "long_len": 25250.34350130368, "long_slo": 0.016534428530782, "cent_len": 14269.80701405313, "cent_slo": 0.001156287536597, "10_85_len": 18937.75762597791, "10_85_slo": 0.003326687416972, "basin_slo": 0.185294209743579, "basin_rel": 441.0, "elong_ra": 0.460936852805422, "relief_ra": 0.017465108939101, "drain_den": 0.03941936028321, "len_units": "Metre"}, "geometry": {"type": "MultiPolygon", "coordinates": [[[[73.963141, 16.753083], [73.964559, 16.75309], [73.96456, 16.752817], [73.964844, 16.752818], [73.964848, 16.751999], [73.965132, 16.752], [73.965133, 16.751727], [73.9657, 16.75173], [73.965702, 16.751456], [73.965985, 16.751458], [73.965987, 16.751185], [73.966837, 16.751189], [73.966839, 16.750916], [73.966555, 16.750914], [73.966557, 16.750641], [73.96599, 16.750638], [73.965995, 16.749546], [73.966279, 16.749547], [73.966282, 16.749001], [73.967983, 16.749009], [73.967986, 16.748463], [73.968553, 16.748466], [73.968551, 16.748739], [73.969118, 16.748742], [73.969117, 16.749015], [73.9694, 16.749017], [73.969399, 16.74929], [73.969682, 16.749291], [73.969681, 16.749564], [73.970248, 16.749567], [73.970249, 16.749294], [73.970533, 16.749295], [73.970534, 16.749022], [73.970818, 16.749024], [73.970819, 16.74875], [73.971953, 16.748756], [73.971955, 16.748483], [73.973089, 16.748489], [73.97309, 16.748215], [73.972807, 16.748214], [73.97281, 16.747668], [73.973093, 16.747669], [73.973096, 16.747123], [73.97338, 16.747124], [73.973381, 16.746851], [73.973098, 16.74685], [73.973099, 16.746577], [73.972816, 16.746575], [73.972817, 16.746302], [73.97225, 16.746299], [73.972253, 16.745753], [73.971969, 16.745751], [73.971972, 16.745205], [73.971689, 16.745204], [73.97169, 16.744931], [73.971407, 16.744929], [73.97141, 16.744383], [73.971126, 16.744381], [73.971128, 16.744108], [73.971411, 16.74411], [73.971416, 16.74329], [73.971699, 16.743292], [73.971701, 16.743019], [73.973118, 16.743026], [73.973123, 16.742206], [73.972839, 16.742205], [73.97284, 16.741932], [73.973124, 16.741933], [73.973127, 16.741387], [73.97341, 16.741388], [73.973412, 16.741115], [73.973695, 16.741116], [73.973698, 16.74057], [73.973982, 16.740571], [73.973983, 16.740298], [73.974267, 16.7403], [73.974268, 16.740027], [73.974835, 16.740029], [73.974837, 16.739756], [73.97512, 16.739758], [73.975124, 16.738938], [73.975408, 16.73894], [73.975409, 16.738666], [73.975693, 16.738668], [73.975702, 16.737029], [73.975135, 16.737026], [73.975142, 16.73566], [73.975426, 16.735662], [73.975427, 16.735389], [73.97571, 16.73539], [73.975713, 16.734844], [73.975997, 16.734845], [73.975998, 16.734572], [73.976282, 16.734573], [73.976288, 16.733481], [73.976571, 16.733482], [73.976573, 16.733209], [73.976856, 16.73321], [73.976857, 16.732937], [73.977141, 16.732939], [73.977142, 16.732665], [73.977426, 16.732667], [73.977427, 16.732394], [73.977711, 16.732395], [73.977712, 16.732122], [73.977996, 16.732123], [73.977997, 16.73185], [73.978281, 16.731852], [73.978282, 16.731578], [73.978566, 16.73158], [73.978567, 16.731307], [73.978851, 16.731308], [73.978852, 16.731035], [73.979136, 16.731036], [73.979137, 16.730763], [73.97942, 16.730765], [73.979422, 16.730491], [73.979705, 16.730493], [73.979707, 16.73022], [73.97999, 16.730221], [73.979992, 16.729948], [73.980559, 16.729951], [73.980562, 16.729404], [73.980845, 16.729406], [73.980847, 16.729133], [73.98113, 16.729134], [73.981143, 16.726676], [73.981427, 16.726677], [73.981429, 16.726131], [73.981146, 16.726129], [73.981147, 16.725856], [73.981431, 16.725858], [73.981442, 16.723672], [73.981159, 16.723671], [73.981162, 16.723125], [73.980878, 16.723123], [73.980883, 16.722304], [73.980599, 16.722302], [73.980602, 16.721756], [73.980319, 16.721755], [73.98032, 16.721482], [73.980604, 16.721483], [73.980607, 16.720937], [73.980323, 16.720935], [73.980325, 16.720662], [73.980041, 16.720661], [73.980043, 16.720388], [73.979476, 16.720385], [73.979477, 16.720112], [73.97891, 16.720109], [73.978912, 16.719836], [73.978628, 16.719834], [73.97863, 16.719561], [73.978346, 16.71956], [73.978349, 16.719013], [73.978066, 16.719012], [73.978067, 16.718739], [73.977784, 16.718737], [73.977788, 16.717918], [73.977505, 16.717917], [73.977519, 16.715185], [73.977803, 16.715186], [73.977807, 16.714367], [73.97809, 16.714368], [73.978093, 16.713822], [73.97781, 16.713821], [73.977817, 16.712455], [73.977534, 16.712453], [73.977535, 16.71218], [73.977252, 16.712179], [73.977253, 16.711906], [73.97697, 16.711904], [73.97698, 16.709992], [73.976696, 16.709991], [73.976698, 16.709718], [73.976414, 16.709716], [73.976416, 16.709443], [73.976132, 16.709442], [73.976134, 16.709169], [73.97585, 16.709167], [73.975852, 16.708894], [73.975568, 16.708893], [73.97557, 16.708619], [73.975003, 16.708617], [73.975004, 16.708344], [73.973587, 16.708336], [73.973589, 16.708063], [73.973305, 16.708062], [73.973307, 16.707789], [73.973023, 16.707787], [73.973028, 16.706968], [73.972744, 16.706966], [73.972746, 16.706693], [73.972462, 16.706692], [73.972465, 16.706146], [73.972182, 16.706144], [73.972183, 16.705871], [73.9719, 16.70587], [73.971901, 16.705596], [73.971618, 16.705595], [73.971619, 16.705322], [73.971336, 16.705321], [73.971337, 16.705047], [73.971054, 16.705046], [73.971058, 16.704226], [73.970775, 16.704225], [73.970776, 16.703952], [73.970209, 16.703949], [73.970211, 16.703676], [73.969927, 16.703675], [73.969929, 16.703401], [73.969645, 16.7034], [73.96965, 16.702581], [73.969366, 16.702579], [73.969368, 16.702306], [73.968801, 16.702303], [73.968802, 16.70203], [73.968519, 16.702029], [73.968521, 16.701755], [73.968237, 16.701754], [73.96824, 16.701208], [73.96739, 16.701203], [73.967391, 16.70093], [73.967108, 16.700929], [73.967109, 16.700656], [73.966826, 16.700654], [73.966824, 16.700927], [73.965974, 16.700923], [73.965975, 16.70065], [73.965692, 16.700649], [73.965691, 16.700922], [73.965407, 16.70092], [73.965406, 16.701194], [73.964555, 16.701189], [73.964557, 16.700916], [73.964273, 16.700915], [73.964278, 16.700095], [73.963994, 16.700094], [73.963996, 16.699821], [73.963429, 16.699818], [73.963432, 16.699272], [73.963149, 16.69927], [73.963153, 16.698451], [73.962586, 16.698448], [73.962588, 16.698175], [73.962304, 16.698173], [73.962306, 16.6979], [73.962022, 16.697899], [73.962025, 16.697352], [73.961742, 16.697351], [73.961743, 16.697078], [73.96146, 16.697076], [73.961461, 16.696803], [73.960894, 16.6968], [73.960896, 16.696527], [73.960612, 16.696526], [73.960614, 16.696253], [73.960331, 16.696251], [73.960335, 16.695432], [73.960052, 16.69543], [73.960055, 16.694884], [73.959771, 16.694883], [73.959773, 16.694609], [73.958922, 16.694605], [73.958924, 16.694332], [73.95864, 16.694331], [73.958642, 16.694057], [73.958358, 16.694056], [73.95836, 16.693783], [73.958643, 16.693784], [73.958645, 16.693511], [73.958361, 16.69351], [73.958366, 16.69269], [73.958082, 16.692689], [73.958085, 16.692142], [73.957802, 16.692141], [73.957803, 16.691868], [73.95752, 16.691866], [73.957523, 16.69132], [73.956956, 16.691317], [73.956958, 16.691044], [73.956391, 16.691041], [73.956392, 16.690768], [73.956109, 16.690767], [73.95611, 16.690494], [73.955544, 16.690491], [73.955542, 16.690764], [73.953558, 16.690754], [73.953557, 16.691027], [73.952423, 16.691021], [73.952426, 16.690475], [73.952143, 16.690474], [73.952144, 16.6902], [73.951861, 16.690199], [73.951864, 16.689653], [73.951297, 16.68965], [73.951298, 16.689377], [73.951015, 16.689375], [73.951016, 16.689102], [73.950733, 16.689101], [73.950736, 16.688554], [73.949319, 16.688547], [73.949316, 16.689093], [73.948466, 16.689089], [73.948464, 16.689362], [73.948181, 16.689361], [73.948179, 16.689634], [73.947896, 16.689632], [73.947893, 16.690179], [73.946759, 16.690173], [73.946761, 16.6899], [73.946477, 16.689898], [73.94648, 16.689352], [73.946197, 16.689351], [73.946198, 16.689078], [73.945632, 16.689075], [73.945633, 16.688801], [73.94535, 16.6888], [73.945351, 16.688527], [73.944784, 16.688524], [73.944789, 16.687705], [73.944505, 16.687703], [73.944507, 16.68743], [73.944223, 16.687429], [73.944225, 16.687155], [73.943942, 16.687154], [73.943943, 16.686881], [73.94366, 16.686879], [73.943663, 16.686333], [73.943379, 16.686332], [73.943381, 16.686058], [73.943097, 16.686057], [73.943099, 16.685784], [73.942815, 16.685782], [73.942817, 16.685509], [73.94225, 16.685506], [73.942252, 16.685233], [73.941968, 16.685232], [73.94197, 16.684959], [73.941686, 16.684957], [73.941688, 16.684684], [73.941404, 16.684683], [73.941406, 16.684409], [73.940556, 16.684405], [73.940557, 16.684132], [73.93999, 16.684129], [73.939992, 16.683856], [73.939708, 16.683854], [73.939713, 16.683035], [73.939146, 16.683032], [73.939148, 16.682759], [73.938581, 16.682756], [73.938579, 16.683029], [73.938013, 16.683026], [73.938014, 16.682753], [73.937447, 16.68275], [73.937449, 16.682477], [73.937165, 16.682476], [73.937167, 16.682202], [73.936884, 16.682201], [73.936887, 16.681655], [73.936603, 16.681653], [73.936602, 16.681926], [73.936035, 16.681923], [73.936036, 16.68165], [73.935753, 16.681649], [73.935754, 16.681376], [73.935471, 16.681374], [73.935473, 16.681101], [73.935189, 16.6811], [73.935191, 16.680826], [73.93264, 16.680813], [73.932639, 16.681086], [73.932072, 16.681084], [73.93207, 16.681357], [73.930653, 16.681349], [73.930655, 16.681076], [73.930088, 16.681073], [73.930086, 16.681346], [73.929803, 16.681345], [73.929802, 16.681618], [73.929518, 16.681617], [73.929517, 16.68189], [73.929233, 16.681888], [73.929232, 16.682161], [73.928665, 16.682159], [73.928663, 16.682432], [73.928097, 16.682429], [73.928094, 16.682975], [73.92781, 16.682974], [73.927809, 16.683247], [73.927525, 16.683245], [73.927522, 16.683792], [73.926955, 16.683789], [73.926954, 16.684062], [73.925253, 16.684053], [73.925256, 16.683507], [73.92469, 16.683504], [73.924691, 16.683231], [73.923841, 16.683226], [73.923843, 16.682953], [73.923559, 16.682952], [73.923561, 16.682678], [73.92271, 16.682674], [73.92272, 16.681035], [73.922436, 16.681034], [73.922438, 16.68076], [73.921871, 16.680758], [73.921873, 16.680484], [73.921306, 16.680481], [73.921307, 16.680208], [73.920457, 16.680204], [73.920459, 16.679931], [73.920175, 16.679929], [73.920177, 16.679656], [73.919893, 16.679655], [73.919896, 16.679108], [73.919613, 16.679107], [73.919615, 16.678834], [73.918764, 16.678829], [73.918766, 16.678556], [73.917349, 16.678549], [73.917347, 16.678822], [73.916781, 16.678819], [73.916782, 16.678546], [73.916499, 16.678544], [73.916497, 16.678817], [73.91508, 16.67881], [73.915079, 16.679083], [73.914229, 16.679079], [73.914232, 16.678532], [73.913948, 16.678531], [73.91395, 16.678258], [73.913666, 16.678256], [73.913669, 16.67771], [73.913386, 16.677708], [73.913389, 16.677162], [73.913106, 16.677161], [73.913109, 16.676614], [73.912825, 16.676613], [73.912827, 16.67634], [73.912544, 16.676338], [73.912545, 16.676065], [73.911978, 16.676062], [73.91198, 16.675789], [73.910846, 16.675783], [73.910848, 16.67551], [73.910565, 16.675508], [73.910566, 16.675235], [73.908582, 16.675225], [73.908584, 16.674952], [73.908301, 16.67495], [73.908302, 16.674677], [73.907735, 16.674674], [73.907738, 16.674128], [73.907455, 16.674126], [73.907457, 16.673853], [73.907173, 16.673852], [73.907175, 16.673578], [73.906891, 16.673577], [73.906893, 16.673304], [73.906326, 16.673301], [73.906329, 16.672754], [73.906046, 16.672753], [73.906047, 16.67248], [73.905764, 16.672478], [73.905766, 16.672205], [73.905482, 16.672204], [73.905484, 16.671931], [73.9052, 16.671929], [73.905203, 16.671383], [73.90492, 16.671381], [73.904922, 16.671108], [73.904638, 16.671107], [73.90464, 16.670833], [73.904356, 16.670832], [73.904358, 16.670559], [73.904075, 16.670557], [73.904076, 16.670284], [73.903793, 16.670283], [73.903794, 16.670009], [73.903511, 16.670008], [73.903514, 16.669462], [73.903231, 16.66946], [73.903232, 16.669187], [73.902949, 16.669186], [73.90295, 16.668912], [73.902667, 16.668911], [73.902669, 16.668638], [73.902102, 16.668635], [73.902103, 16.668362], [73.901537, 16.668359], [73.901538, 16.668085], [73.901255, 16.668084], [73.901256, 16.667811], [73.900973, 16.667809], [73.900975, 16.667536], [73.900691, 16.667535], [73.900693, 16.667261], [73.900126, 16.667258], [73.900128, 16.666985], [73.899844, 16.666984], [73.899846, 16.666711], [73.898996, 16.666706], [73.898994, 16.666979], [73.898711, 16.666978], [73.898709, 16.667251], [73.898426, 16.667249], [73.898424, 16.667523], [73.898141, 16.667521], [73.898139, 16.667794], [73.897856, 16.667793], [73.897857, 16.66752], [73.896724, 16.667514], [73.896726, 16.66724], [73.896442, 16.667239], [73.896444, 16.666966], [73.895594, 16.666961], [73.895595, 16.666688], [73.894745, 16.666684], [73.894748, 16.666137], [73.894465, 16.666136], [73.894466, 16.665863], [73.894183, 16.665861], [73.894185, 16.665588], [73.893901, 16.665586], [73.893903, 16.665313], [73.893336, 16.66531], [73.893338, 16.665037], [73.892771, 16.665034], [73.892768, 16.66558], [73.891067, 16.665571], [73.891066, 16.665844], [73.890783, 16.665843], [73.890781, 16.666116], [73.890214, 16.666113], [73.890213, 16.666386], [73.887946, 16.666374], [73.887944, 16.666647], [73.886244, 16.666638], [73.886245, 16.666365], [73.885679, 16.666362], [73.885677, 16.666635], [73.884827, 16.66663], [73.884825, 16.666904], [73.883975, 16.666899], [73.883974, 16.667172], [73.88369, 16.667171], [73.883689, 16.667444], [73.883405, 16.667442], [73.883402, 16.667988], [73.883119, 16.667987], [73.883117, 16.66826], [73.882834, 16.668259], [73.882832, 16.668532], [73.882549, 16.66853], [73.882547, 16.668803], [73.881981, 16.6688], [73.881982, 16.668527], [73.881415, 16.668524], [73.881417, 16.668251], [73.881134, 16.668249], [73.881135, 16.667976], [73.880852, 16.667975], [73.88085, 16.668248], [73.880567, 16.668246], [73.880568, 16.667973], [73.880002, 16.66797], [73.880003, 16.667697], [73.87972, 16.667695], [73.879721, 16.667422], [73.879438, 16.667421], [73.87944, 16.667148], [73.879156, 16.667146], [73.879155, 16.667419], [73.877738, 16.667412], [73.877739, 16.667138], [73.877173, 16.667135], [73.877181, 16.66577], [73.876614, 16.665767], [73.876616, 16.665493], [73.875765, 16.665489], [73.875767, 16.665216], [73.875484, 16.665214], [73.875485, 16.664941], [73.874635, 16.664936], [73.87464, 16.664117], [73.874357, 16.664115], [73.87436, 16.663569], [73.874076, 16.663568], [73.874078, 16.663294], [73.873795, 16.663293], [73.873796, 16.66302], [73.869546, 16.662997], [73.869544, 16.66327], [73.868977, 16.663267], [73.868976, 16.66354], [73.868126, 16.663535], [73.868127, 16.663262], [73.865294, 16.663247], [73.865292, 16.66352], [73.865009, 16.663518], [73.865005, 16.664064], [73.865289, 16.664066], [73.865278, 16.665978], [73.865561, 16.66598], [73.865553, 16.667345], [73.865836, 16.667347], [73.865825, 16.669259], [73.865542, 16.669257], [73.865537, 16.670077], [73.865253, 16.670075], [73.865252, 16.670348], [73.864968, 16.670347], [73.864967, 16.67062], [73.864683, 16.670618], [73.86468, 16.671165], [73.864397, 16.671163], [73.864386, 16.673075], [73.864102, 16.673074], [73.864101, 16.673347], [73.863817, 16.673345], [73.863816, 16.673618], [73.862965, 16.673614], [73.862964, 16.673887], [73.86268, 16.673885], [73.862679, 16.674158], [73.861829, 16.674154], [73.861827, 16.674427], [73.86126, 16.674424], [73.861259, 16.674697], [73.860692, 16.674694], [73.860687, 16.675513], [73.86097, 16.675515], [73.860964, 16.676607], [73.861247, 16.676609], [73.861241, 16.677701], [73.861524, 16.677703], [73.861521, 16.678249], [73.861804, 16.678251], [73.8618, 16.67907], [73.861516, 16.679069], [73.86151, 16.680161], [73.861226, 16.68016], [73.861223, 16.680706], [73.86094, 16.680704], [73.860927, 16.68289], [73.860643, 16.682888], [73.86064, 16.683434], [73.860073, 16.683431], [73.860072, 16.683704], [73.858655, 16.683697], [73.858653, 16.68397], [73.85837, 16.683968], [73.858368, 16.684241], [73.856668, 16.684232], [73.856666, 16.684505], [73.856383, 16.684503], [73.856381, 16.684777], [73.856098, 16.684775], [73.856096, 16.685048], [73.855813, 16.685047], [73.855811, 16.68532], [73.855528, 16.685318], [73.855526, 16.685591], [73.855243, 16.68559], [73.855241, 16.685863], [73.854958, 16.685861], [73.854956, 16.686135], [73.854673, 16.686133], [73.854669, 16.686679], [73.854386, 16.686678], [73.854384, 16.686951], [73.854101, 16.686949], [73.854099, 16.687222], [73.852966, 16.687216], [73.852964, 16.687489], [73.852681, 16.687488], [73.852679, 16.687761], [73.851829, 16.687756], [73.851827, 16.688029], [73.850977, 16.688025], [73.850975, 16.688298], [73.850692, 16.688296], [73.85069, 16.688569], [73.850407, 16.688568], [73.850405, 16.688841], [73.850122, 16.688839], [73.85012, 16.689112], [73.849837, 16.689111], [73.849835, 16.689384], [73.849268, 16.689381], [73.849265, 16.689927], [73.848982, 16.689926], [73.84898, 16.690199], [73.848413, 16.690196], [73.848412, 16.690469], [73.848128, 16.690467], [73.848127, 16.69074], [73.847843, 16.690739], [73.847842, 16.691012], [73.847558, 16.69101], [73.847557, 16.691283], [73.847273, 16.691282], [73.847268, 16.692101], [73.846985, 16.6921], [73.846978, 16.693192], [73.846695, 16.693191], [73.84669, 16.69401], [73.843006, 16.693989], [73.843007, 16.693716], [73.841874, 16.69371], [73.841872, 16.693983], [73.841305, 16.69398], [73.841303, 16.694253], [73.840737, 16.69425], [73.840735, 16.694523], [73.840168, 16.69452], [73.840167, 16.694793], [73.8396, 16.69479], [73.839601, 16.694517], [73.839035, 16.694514], [73.839033, 16.694787], [73.838183, 16.694782], [73.838181, 16.695055], [73.837898, 16.695053], [73.837896, 16.695327], [73.837329, 16.695323], [73.837331, 16.69505], [73.837047, 16.695049], [73.837049, 16.694776], [73.836766, 16.694774], [73.836767, 16.694501], [73.83535, 16.694493], [73.835349, 16.694766], [73.835065, 16.694764], [73.835064, 16.695038], [73.83478, 16.695036], [73.834778, 16.695309], [73.834212, 16.695306], [73.83421, 16.695579], [73.833643, 16.695576], [73.833641, 16.695849], [73.832791, 16.695844], [73.83279, 16.696117], [73.832506, 16.696116], [73.832505, 16.696389], [73.831938, 16.696386], [73.831936, 16.696659], [73.831653, 16.696657], [73.831646, 16.69775], [73.830512, 16.697743], [73.830511, 16.698016], [73.830227, 16.698015], [73.830226, 16.698288], [73.829942, 16.698286], [73.829941, 16.69856], [73.829374, 16.698556], [73.82937, 16.699103], [73.829654, 16.699104], [73.82965, 16.699651], [73.829934, 16.699652], [73.829929, 16.700472], [73.829645, 16.70047], [73.829642, 16.701016], [73.829359, 16.701015], [73.829357, 16.701288], [73.828507, 16.701283], [73.828508, 16.70101], [73.828225, 16.701008], [73.828223, 16.701281], [73.82794, 16.70128], [73.827938, 16.701553], [73.827371, 16.70155], [73.82737, 16.701823], [73.826803, 16.70182], [73.826801, 16.702093], [73.826234, 16.70209], [73.826233, 16.702363], [73.825949, 16.702361], [73.825946, 16.702907], [73.825663, 16.702906], [73.825661, 16.703179], [73.824527, 16.703172], [73.824526, 16.703446], [73.824242, 16.703444], [73.82424, 16.703717], [73.823674, 16.703714], [73.823672, 16.703987], [73.822255, 16.703979], [73.822253, 16.704252], [73.821686, 16.704249], [73.821685, 16.704522], [73.820834, 16.704517], [73.820833, 16.70479], [73.820549, 16.704789], [73.820546, 16.705335], [73.820263, 16.705333], [73.820256, 16.706426], [73.819972, 16.706424], [73.819971, 16.706697], [73.819687, 16.706696], [73.819686, 16.706969], [73.819402, 16.706967], [73.819401, 16.70724], [73.819117, 16.707239], [73.819115, 16.707512], [73.818832, 16.70751], [73.818829, 16.708057], [73.818262, 16.708053], [73.818258, 16.7086], [73.817975, 16.708598], [73.817973, 16.708871], [73.81769, 16.70887], [73.817688, 16.709143], [73.817121, 16.709139], [73.81712, 16.709413], [73.816836, 16.709411], [73.816835, 16.709684], [73.816551, 16.709683], [73.816548, 16.710229], [73.816264, 16.710227], [73.816263, 16.7105], [73.815979, 16.710499], [73.815976, 16.711045], [73.815692, 16.711043], [73.815689, 16.71159], [73.815406, 16.711588], [73.815404, 16.711861], [73.815687, 16.711863], [73.815684, 16.712409], [73.815967, 16.712411], [73.815964, 16.712957], [73.816247, 16.712959], [73.816244, 16.713505], [73.816528, 16.713506], [73.816526, 16.71378], [73.816809, 16.713781], [73.816808, 16.714054], [73.817091, 16.714056], [73.817089, 16.714329], [73.817656, 16.714332], [73.817655, 16.714606], [73.818221, 16.714609], [73.818223, 16.714336], [73.821341, 16.714353], [73.821343, 16.71408], [73.821626, 16.714082], [73.821628, 16.713809], [73.822195, 16.713812], [73.822196, 16.713539], [73.822763, 16.713542], [73.822765, 16.713269], [73.823615, 16.713274], [73.823617, 16.713001], [73.8239, 16.713002], [73.823902, 16.712729], [73.824469, 16.712732], [73.82447, 16.712459], [73.825321, 16.712464], [73.825322, 16.712191], [73.826456, 16.712197], [73.826453, 16.712744], [73.826736, 16.712745], [73.826735, 16.713018], [73.827301, 16.713022], [73.827298, 16.713568], [73.827582, 16.713569], [73.82758, 16.713843], [73.827863, 16.713844], [73.827862, 16.714117], [73.828145, 16.714119], [73.828143, 16.714392], [73.82871, 16.714395], [73.828709, 16.714668], [73.828992, 16.71467], [73.82899, 16.714943], [73.828707, 16.714942], [73.828697, 16.71658], [73.82898, 16.716582], [73.828967, 16.718767], [73.828684, 16.718766], [73.82868, 16.719312], [73.828964, 16.719313], [73.828962, 16.719587], [73.829245, 16.719588], [73.829242, 16.720134], [73.829526, 16.720136], [73.829524, 16.720409], [73.829807, 16.720411], [73.829802, 16.72123], [73.830086, 16.721232], [73.830082, 16.721778], [73.830366, 16.72178], [73.830361, 16.722599], [73.830928, 16.722602], [73.830923, 16.723422], [73.831206, 16.723423], [73.831203, 16.72397], [73.831486, 16.723971], [73.831485, 16.724244], [73.832052, 16.724248], [73.83205, 16.724521], [73.8329, 16.724526], [73.832899, 16.724799], [73.833182, 16.7248], [73.83318, 16.725073], [73.833464, 16.725075], [73.833462, 16.725348], [73.833746, 16.72535], [73.833742, 16.725896], [73.834309, 16.725899], [73.834308, 16.726172], [73.834591, 16.726174], [73.834589, 16.726447], [73.834873, 16.726449], [73.834871, 16.726722], [73.835155, 16.726724], [73.835153, 16.726997], [73.835437, 16.726998], [73.835435, 16.727271], [73.835718, 16.727273], [73.835717, 16.727546], [73.836, 16.727548], [73.835998, 16.727821], [73.837416, 16.727829], [73.837414, 16.728102], [73.837698, 16.728104], [73.837696, 16.728377], [73.837979, 16.728378], [73.837974, 16.729198], [73.838258, 16.729199], [73.838253, 16.730019], [73.838536, 16.73002], [73.838533, 16.730567], [73.838817, 16.730568], [73.838813, 16.731115], [73.839097, 16.731116], [73.839093, 16.731662], [73.839377, 16.731664], [73.839375, 16.731937], [73.839659, 16.731939], [73.839657, 16.732212], [73.83994, 16.732213], [73.839939, 16.732487], [73.840222, 16.732488], [73.840221, 16.732761], [73.840504, 16.732763], [73.840502, 16.733036], [73.840786, 16.733038], [73.840784, 16.733311], [73.841068, 16.733312], [73.841061, 16.734405], [73.841345, 16.734407], [73.841341, 16.734953], [73.841625, 16.734954], [73.84162, 16.735774], [73.841336, 16.735772], [73.841335, 16.736045], [73.841051, 16.736044], [73.84105, 16.736317], [73.840766, 16.736315], [73.840764, 16.736588], [73.841048, 16.73659], [73.841045, 16.737136], [73.841328, 16.737138], [73.841312, 16.739869], [73.841028, 16.739868], [73.841026, 16.740141], [73.840743, 16.740139], [73.84074, 16.740686], [73.840456, 16.740684], [73.840446, 16.742323], [73.840163, 16.742321], [73.840161, 16.742594], [73.839878, 16.742593], [73.839876, 16.742866], [73.840159, 16.742868], [73.840156, 16.743414], [73.839873, 16.743412], [73.839871, 16.743685], [73.840154, 16.743687], [73.840153, 16.74396], [73.840436, 16.743962], [73.840435, 16.744235], [73.840718, 16.744236], [73.840721, 16.74369], [73.841005, 16.743692], [73.841007, 16.743419], [73.84129, 16.74342], [73.841288, 16.743693], [73.841855, 16.743697], [73.841852, 16.744243], [73.842136, 16.744244], [73.842134, 16.744518], [73.842417, 16.744519], [73.842414, 16.745065], [73.842698, 16.745067], [73.842696, 16.74534], [73.843263, 16.745343], [73.843265, 16.74507], [73.843832, 16.745073], [73.843833, 16.7448], [73.8444, 16.744803], [73.844398, 16.745077], [73.844965, 16.74508], [73.844967, 16.744807], [73.845251, 16.744808], [73.845249, 16.745081], [73.845816, 16.745084], [73.845814, 16.745358], [73.846665, 16.745362], [73.846666, 16.745089], [73.84695, 16.745091], [73.846951, 16.744818], [73.847235, 16.744819], [73.847238, 16.744273], [73.847522, 16.744275], [73.847523, 16.744001], [73.847807, 16.744003], [73.847809, 16.74373], [73.847525, 16.743728], [73.847535, 16.742089], [73.848385, 16.742094], [73.848382, 16.74264], [73.849799, 16.742648], [73.849803, 16.742102], [73.85037, 16.742105], [73.850371, 16.741832], [73.850655, 16.741834], [73.850656, 16.741561], [73.851223, 16.741564], [73.851222, 16.741837], [73.852072, 16.741842], [73.852071, 16.742115], [73.852354, 16.742116], [73.852356, 16.741843], [73.852923, 16.741846], [73.852919, 16.742393], [73.853486, 16.742396], [73.853481, 16.743215], [73.855182, 16.743225], [73.855184, 16.742951], [73.855751, 16.742955], [73.855744, 16.744047], [73.856028, 16.744049], [73.856026, 16.744322], [73.85631, 16.744323], [73.856311, 16.74405], [73.856878, 16.744053], [73.85688, 16.74378], [73.857163, 16.743782], [73.857165, 16.743509], [73.856882, 16.743507], [73.856883, 16.743234], [73.858017, 16.74324], [73.858022, 16.742421], [73.858306, 16.742422], [73.858307, 16.742149], [73.859158, 16.742154], [73.859159, 16.741881], [73.859443, 16.741882], [73.859446, 16.741336], [73.860013, 16.741339], [73.860011, 16.741612], [73.861429, 16.74162], [73.86143, 16.741347], [73.861714, 16.741349], [73.861715, 16.741075], [73.863416, 16.741085], [73.863418, 16.740812], [73.863985, 16.740815], [73.863987, 16.740542], [73.867955, 16.740563], [73.867954, 16.740837], [73.869654, 16.740846], [73.869653, 16.741119], [73.87022, 16.741122], [73.870218, 16.741395], [73.872486, 16.741408], [73.872484, 16.741681], [73.873335, 16.741686], [73.873337, 16.741412], [73.87447, 16.741419], [73.874472, 16.741145], [73.875039, 16.741149], [73.875041, 16.740875], [73.875324, 16.740877], [73.875326, 16.740604], [73.875609, 16.740605], [73.875611, 16.740332], [73.875894, 16.740334], [73.875896, 16.740061], [73.876179, 16.740062], [73.876181, 16.739789], [73.876748, 16.739792], [73.87675, 16.739519], [73.8776, 16.739524], [73.877598, 16.739797], [73.877882, 16.739798], [73.877883, 16.739525], [73.878167, 16.739527], [73.878169, 16.739253], [73.878452, 16.739255], [73.878454, 16.738982], [73.879304, 16.738987], [73.879306, 16.738713], [73.879873, 16.738716], [73.879874, 16.738443], [73.883559, 16.738463], [73.883558, 16.738736], [73.884975, 16.738744], [73.884978, 16.738198], [73.885262, 16.738199], [73.885263, 16.737926], [73.886397, 16.737932], [73.886401, 16.737386], [73.886684, 16.737388], [73.886686, 16.737114], [73.887253, 16.737117], [73.887256, 16.736571], [73.88839, 16.736577], [73.888385, 16.737397], [73.888668, 16.737398], [73.888667, 16.737671], [73.88895, 16.737673], [73.888949, 16.737946], [73.889516, 16.737949], [73.889514, 16.738222], [73.890364, 16.738227], [73.890363, 16.7385], [73.89093, 16.738503], [73.890928, 16.738776], [73.893196, 16.738788], [73.893195, 16.739061], [73.894045, 16.739066], [73.894047, 16.738793], [73.89433, 16.738794], [73.894328, 16.739068], [73.895462, 16.739074], [73.895461, 16.739347], [73.896028, 16.73935], [73.896026, 16.739623], [73.89631, 16.739624], [73.896308, 16.739898], [73.896875, 16.739901], [73.896874, 16.740174], [73.89744, 16.740177], [73.897439, 16.74045], [73.897722, 16.740451], [73.897721, 16.740725], [73.898004, 16.740726], [73.898003, 16.740999], [73.89942, 16.741007], [73.899419, 16.74128], [73.901686, 16.741292], [73.901685, 16.741565], [73.903386, 16.741574], [73.903384, 16.741847], [73.903668, 16.741849], [73.903666, 16.742122], [73.90395, 16.742124], [73.903948, 16.742397], [73.904515, 16.7424], [73.904513, 16.742673], [73.905647, 16.742679], [73.905646, 16.742952], [73.905929, 16.742954], [73.905928, 16.743227], [73.906495, 16.74323], [73.906493, 16.743503], [73.906777, 16.743504], [73.906775, 16.743777], [73.907342, 16.74378], [73.907341, 16.744054], [73.907624, 16.744055], [73.907622, 16.744328], [73.908189, 16.744331], [73.908188, 16.744604], [73.908471, 16.744606], [73.90847, 16.744879], [73.908753, 16.744881], [73.908752, 16.745154], [73.909035, 16.745155], [73.909034, 16.745428], [73.909601, 16.745431], [73.909599, 16.745704], [73.910166, 16.745707], [73.910165, 16.745981], [73.912149, 16.745991], [73.912147, 16.746264], [73.914132, 16.746275], [73.914133, 16.746002], [73.9147, 16.746005], [73.914699, 16.746278], [73.914982, 16.746279], [73.914981, 16.746552], [73.915548, 16.746555], [73.915546, 16.746828], [73.916113, 16.746831], [73.916112, 16.747105], [73.917529, 16.747112], [73.917531, 16.746839], [73.918098, 16.746842], [73.918099, 16.746569], [73.91895, 16.746573], [73.918948, 16.746846], [73.919232, 16.746848], [73.919229, 16.747394], [73.919512, 16.747396], [73.919511, 16.747669], [73.919794, 16.74767], [73.919793, 16.747943], [73.92121, 16.747951], [73.921212, 16.747678], [73.922346, 16.747684], [73.922344, 16.747957], [73.922911, 16.74796], [73.922909, 16.748233], [73.92376, 16.748237], [73.923758, 16.74851], [73.924325, 16.748513], [73.924324, 16.748786], [73.924891, 16.748789], [73.924892, 16.748516], [73.925176, 16.748518], [73.925177, 16.748245], [73.930564, 16.748273], [73.930565, 16.747999], [73.931132, 16.748002], [73.931134, 16.747729], [73.933402, 16.747741], [73.933406, 16.746922], [73.93369, 16.746923], [73.933691, 16.74665], [73.933975, 16.746651], [73.933978, 16.746105], [73.934262, 16.746106], [73.934263, 16.745833], [73.935681, 16.745841], [73.935684, 16.745294], [73.935967, 16.745296], [73.935969, 16.745023], [73.936252, 16.745024], [73.936254, 16.744751], [73.938522, 16.744763], [73.938523, 16.744489], [73.93909, 16.744492], [73.939093, 16.743946], [73.939377, 16.743948], [73.939378, 16.743674], [73.939662, 16.743676], [73.939663, 16.743403], [73.939947, 16.743404], [73.939948, 16.743131], [73.940232, 16.743132], [73.940235, 16.742586], [73.940518, 16.742588], [73.94052, 16.742314], [73.942221, 16.742323], [73.942222, 16.74205], [73.94449, 16.742062], [73.944488, 16.742335], [73.945622, 16.742341], [73.945621, 16.742614], [73.946188, 16.742617], [73.946186, 16.74289], [73.94647, 16.742891], [73.946471, 16.742618], [73.946755, 16.74262], [73.946756, 16.742346], [73.948174, 16.742354], [73.948172, 16.742627], [73.949023, 16.742631], [73.949021, 16.742904], [73.949588, 16.742907], [73.949587, 16.74318], [73.94987, 16.743182], [73.949869, 16.743455], [73.950436, 16.743458], [73.950434, 16.743731], [73.951001, 16.743734], [73.951, 16.744007], [73.952417, 16.744014], [73.952413, 16.744834], [73.952696, 16.744835], [73.952695, 16.745108], [73.952978, 16.74511], [73.952977, 16.745383], [73.954394, 16.74539], [73.954393, 16.745663], [73.95496, 16.745666], [73.954958, 16.745939], [73.955525, 16.745942], [73.955524, 16.746215], [73.955807, 16.746217], [73.955806, 16.74649], [73.956089, 16.746491], [73.956086, 16.747038], [73.95637, 16.747039], [73.956371, 16.746766], [73.957222, 16.74677], [73.95722, 16.747043], [73.957787, 16.747046], [73.957789, 16.746773], [73.958356, 16.746776], [73.958354, 16.747049], [73.959205, 16.747053], [73.959203, 16.747326], [73.960054, 16.747331], [73.960049, 16.74815], [73.960333, 16.748152], [73.960331, 16.748425], [73.961465, 16.74843], [73.961462, 16.748977], [73.961746, 16.748978], [73.961744, 16.749251], [73.961461, 16.74925], [73.961458, 16.749796], [73.961174, 16.749795], [73.961171, 16.750341], [73.961455, 16.750343], [73.961453, 16.750616], [73.961737, 16.750617], [73.961735, 16.75089], [73.962019, 16.750892], [73.962016, 16.751438], [73.961733, 16.751437], [73.961728, 16.752256], [73.962012, 16.752257], [73.96201, 16.752531], [73.962294, 16.752532], [73.962292, 16.752805], [73.963143, 16.752809], [73.963141, 16.753083]]]]}}, {"type": "Feature", "properties": {"name": "S3", "long_len": 50293.170221447515, "long_slo": 0.009215963081252, "cent_len": 20930.23771290814, "cent_slo": 0.00026277771306, "10_85_len": 37719.87766608588, "10_85_slo": 0.000874870281715, "basin_slo": 0.128437391130559, "basin_rel": 466.0, "elong_ra": 0.362688898995964, "relief_ra": 0.009265671619986, "drain_den": 0.039129028969359, "len_units": "Metre"}, "geometry": {"type": "MultiPolygon", "coordinates": [[[[73.970589, 16.844082], [73.970873, 16.844083], [73.970874, 16.84381], [73.971158, 16.843811], [73.971167, 16.842173], [73.970883, 16.842171], [73.970886, 16.841625], [73.97117, 16.841626], [73.971171, 16.841353], [73.971455, 16.841355], [73.971456, 16.841081], [73.97174, 16.841083], [73.971741, 16.84081], [73.972025, 16.840811], [73.972028, 16.840265], [73.971744, 16.840263], [73.97175, 16.839171], [73.972034, 16.839172], [73.972035, 16.838899], [73.971752, 16.838898], [73.971756, 16.838078], [73.971473, 16.838077], [73.97148, 16.836711], [73.971764, 16.836712], [73.971765, 16.836439], [73.972049, 16.836441], [73.97205, 16.836168], [73.972617, 16.83617], [73.97262, 16.835624], [73.972904, 16.835625], [73.972907, 16.835079], [73.974325, 16.835086], [73.974324, 16.835359], [73.974607, 16.835361], [73.974606, 16.835634], [73.974889, 16.835635], [73.974888, 16.835909], [73.975172, 16.83591], [73.975173, 16.835637], [73.975457, 16.835638], [73.97546, 16.835092], [73.976027, 16.835095], [73.976025, 16.835368], [73.976309, 16.835369], [73.97631, 16.835096], [73.976594, 16.835098], [73.976601, 16.833732], [73.976885, 16.833733], [73.976887, 16.83346], [73.977454, 16.833463], [73.977457, 16.832917], [73.97774, 16.832918], [73.977742, 16.832645], [73.978025, 16.832646], [73.978027, 16.832373], [73.979445, 16.83238], [73.979446, 16.832107], [73.980581, 16.832113], [73.980582, 16.83184], [73.981433, 16.831844], [73.981435, 16.831571], [73.981718, 16.831572], [73.98172, 16.831299], [73.982003, 16.8313], [73.982005, 16.831027], [73.981721, 16.831026], [73.981729, 16.82966], [73.981445, 16.829659], [73.981457, 16.827473], [73.98174, 16.827475], [73.981743, 16.826928], [73.98231, 16.826931], [73.982312, 16.826658], [73.982879, 16.826661], [73.982881, 16.826388], [73.983164, 16.826389], [73.983166, 16.826116], [73.983733, 16.826119], [73.983736, 16.825572], [73.984019, 16.825574], [73.984022, 16.825028], [73.98459, 16.82503], [73.984591, 16.824757], [73.985158, 16.82476], [73.98516, 16.824487], [73.985727, 16.82449], [73.98573, 16.823943], [73.986013, 16.823945], [73.986016, 16.823398], [73.9863, 16.8234], [73.986301, 16.823127], [73.986585, 16.823128], [73.986587, 16.822855], [73.987154, 16.822858], [73.987155, 16.822585], [73.987439, 16.822586], [73.987442, 16.82204], [73.987725, 16.822041], [73.987728, 16.821495], [73.988012, 16.821496], [73.988013, 16.821223], [73.988581, 16.821226], [73.988582, 16.820953], [73.988866, 16.820954], [73.988867, 16.820681], [73.989434, 16.820684], [73.989437, 16.820137], [73.990572, 16.820143], [73.990573, 16.81987], [73.99114, 16.819873], [73.991142, 16.819599], [73.991709, 16.819602], [73.99171, 16.819329], [73.992561, 16.819333], [73.992563, 16.81906], [73.993413, 16.819064], [73.993415, 16.818791], [73.994549, 16.818797], [73.994551, 16.818524], [73.995118, 16.818526], [73.995119, 16.818253], [73.995687, 16.818256], [73.995688, 16.817983], [73.998808, 16.817998], [73.998809, 16.817725], [74.000511, 16.817733], [74.000517, 16.81664], [74.0008, 16.816642], [74.000803, 16.816096], [74.00137, 16.816098], [74.001372, 16.815825], [74.001655, 16.815827], [74.001657, 16.815553], [74.002224, 16.815556], [74.00222, 16.816376], [74.002503, 16.816377], [74.0025, 16.816923], [74.002784, 16.816925], [74.002783, 16.817198], [74.003066, 16.817199], [74.003065, 16.817472], [74.003916, 16.817476], [74.003914, 16.81775], [74.004198, 16.817751], [74.004196, 16.818024], [74.00448, 16.818026], [74.004476, 16.818845], [74.004759, 16.818846], [74.004761, 16.818573], [74.005328, 16.818576], [74.005326, 16.818849], [74.005894, 16.818852], [74.005892, 16.819125], [74.006176, 16.819126], [74.006174, 16.8194], [74.006742, 16.819402], [74.00674, 16.819675], [74.007024, 16.819677], [74.007022, 16.81995], [74.007306, 16.819951], [74.007305, 16.820224], [74.007588, 16.820226], [74.007587, 16.820499], [74.00787, 16.8205], [74.007869, 16.820774], [74.008153, 16.820775], [74.008151, 16.821048], [74.008718, 16.821051], [74.008717, 16.821324], [74.011269, 16.821336], [74.011271, 16.821063], [74.014391, 16.821078], [74.014392, 16.820805], [74.015527, 16.82081], [74.015525, 16.821083], [74.017227, 16.821092], [74.017225, 16.821365], [74.019494, 16.821376], [74.019496, 16.821102], [74.02063, 16.821108], [74.020632, 16.820835], [74.024319, 16.820852], [74.024317, 16.821125], [74.02687, 16.821137], [74.026871, 16.820864], [74.028005, 16.82087], [74.028004, 16.821143], [74.028571, 16.821146], [74.02857, 16.821419], [74.028854, 16.82142], [74.028852, 16.821693], [74.029136, 16.821695], [74.029137, 16.821421], [74.029421, 16.821423], [74.029422, 16.82115], [74.029706, 16.821151], [74.029707, 16.820878], [74.029991, 16.820879], [74.029992, 16.820606], [74.030559, 16.820609], [74.030561, 16.820335], [74.031128, 16.820338], [74.031129, 16.820065], [74.031697, 16.820068], [74.031698, 16.819794], [74.032549, 16.819798], [74.03255, 16.819525], [74.033401, 16.819529], [74.0334, 16.819802], [74.034534, 16.819808], [74.034533, 16.820081], [74.036234, 16.820089], [74.036233, 16.820362], [74.036517, 16.820363], [74.036515, 16.820637], [74.036799, 16.820638], [74.036798, 16.820911], [74.037081, 16.820912], [74.03708, 16.821186], [74.038214, 16.821191], [74.038213, 16.821464], [74.03878, 16.821467], [74.038779, 16.82174], [74.039062, 16.821741], [74.039061, 16.822014], [74.041046, 16.822024], [74.041055, 16.820385], [74.043323, 16.820395], [74.043322, 16.820668], [74.043889, 16.820671], [74.043888, 16.820944], [74.044172, 16.820946], [74.044173, 16.820672], [74.045024, 16.820676], [74.045025, 16.820403], [74.045309, 16.820404], [74.04531, 16.820131], [74.045594, 16.820133], [74.045598, 16.819313], [74.045031, 16.819311], [74.045032, 16.819037], [74.044465, 16.819035], [74.044467, 16.818488], [74.044751, 16.81849], [74.044752, 16.818217], [74.04532, 16.818219], [74.045321, 16.817946], [74.045605, 16.817947], [74.045606, 16.817674], [74.046457, 16.817678], [74.046458, 16.817405], [74.046742, 16.817406], [74.04674, 16.817679], [74.047308, 16.817682], [74.047309, 16.817409], [74.047593, 16.81741], [74.047595, 16.816864], [74.048163, 16.816867], [74.048161, 16.81714], [74.048728, 16.817142], [74.048726, 16.817689], [74.049293, 16.817691], [74.049294, 16.817418], [74.049578, 16.817419], [74.049579, 16.817146], [74.049863, 16.817148], [74.049866, 16.816601], [74.049582, 16.8166], [74.049586, 16.815781], [74.050153, 16.815783], [74.050155, 16.81551], [74.050438, 16.815511], [74.05044, 16.815238], [74.050723, 16.815239], [74.050726, 16.814693], [74.05101, 16.814694], [74.051011, 16.814421], [74.051578, 16.814424], [74.051579, 16.814151], [74.052714, 16.814156], [74.052715, 16.813883], [74.052999, 16.813884], [74.053, 16.813611], [74.053284, 16.813612], [74.053282, 16.813885], [74.053566, 16.813887], [74.053565, 16.81416], [74.053848, 16.814161], [74.053846, 16.814708], [74.054129, 16.814709], [74.054128, 16.814982], [74.054411, 16.814983], [74.054409, 16.81553], [74.054692, 16.815531], [74.054691, 16.815804], [74.056109, 16.815811], [74.056117, 16.814172], [74.056401, 16.814173], [74.056409, 16.812534], [74.056693, 16.812535], [74.056694, 16.812262], [74.057545, 16.812266], [74.057543, 16.812539], [74.059812, 16.81255], [74.059811, 16.812823], [74.060094, 16.812824], [74.060093, 16.813097], [74.060377, 16.813098], [74.060375, 16.813372], [74.060943, 16.813374], [74.060944, 16.813101], [74.061227, 16.813102], [74.061229, 16.812829], [74.061796, 16.812832], [74.061795, 16.813105], [74.062929, 16.81311], [74.062928, 16.813383], [74.063211, 16.813385], [74.06321, 16.813658], [74.063494, 16.813659], [74.063492, 16.813932], [74.063776, 16.813933], [74.063775, 16.814207], [74.064058, 16.814208], [74.064057, 16.814481], [74.06434, 16.814482], [74.064339, 16.814756], [74.064623, 16.814757], [74.064621, 16.81503], [74.065189, 16.815033], [74.065187, 16.815306], [74.065754, 16.815308], [74.065752, 16.815855], [74.066035, 16.815856], [74.066034, 16.816129], [74.066318, 16.81613], [74.066316, 16.816403], [74.0666, 16.816405], [74.066599, 16.816678], [74.066882, 16.816679], [74.066881, 16.816952], [74.067732, 16.816956], [74.06773, 16.817229], [74.068014, 16.817231], [74.068013, 16.817504], [74.06858, 16.817506], [74.068579, 16.81778], [74.069429, 16.817783], [74.069433, 16.816964], [74.069717, 16.816965], [74.069716, 16.817238], [74.070566, 16.817242], [74.070568, 16.816969], [74.071135, 16.816972], [74.071136, 16.816698], [74.072271, 16.816704], [74.072266, 16.817796], [74.072549, 16.817798], [74.072548, 16.818071], [74.072831, 16.818072], [74.07283, 16.818345], [74.073114, 16.818346], [74.073111, 16.818893], [74.075096, 16.818902], [74.075095, 16.819175], [74.076229, 16.81918], [74.076228, 16.819453], [74.076795, 16.819456], [74.076797, 16.819182], [74.077364, 16.819185], [74.077367, 16.818639], [74.078217, 16.818643], [74.078216, 16.818916], [74.0785, 16.818917], [74.078497, 16.819463], [74.079915, 16.81947], [74.079916, 16.819196], [74.0802, 16.819198], [74.080203, 16.818651], [74.08077, 16.818654], [74.080773, 16.818108], [74.081056, 16.818109], [74.081059, 16.817563], [74.081342, 16.817564], [74.081344, 16.817291], [74.082195, 16.817294], [74.082197, 16.816748], [74.082481, 16.816749], [74.082482, 16.816476], [74.082766, 16.816478], [74.082767, 16.816204], [74.085603, 16.816217], [74.085605, 16.815944], [74.087306, 16.815951], [74.087305, 16.816225], [74.087588, 16.816226], [74.087587, 16.816499], [74.088154, 16.816502], [74.088157, 16.815955], [74.088441, 16.815956], [74.088442, 16.815683], [74.088726, 16.815685], [74.088727, 16.815411], [74.089294, 16.815414], [74.089295, 16.815141], [74.089863, 16.815143], [74.089864, 16.81487], [74.090148, 16.814871], [74.090149, 16.814598], [74.090432, 16.814599], [74.090434, 16.814326], [74.090717, 16.814328], [74.090719, 16.814054], [74.091002, 16.814056], [74.091004, 16.813782], [74.091571, 16.813785], [74.091572, 16.813512], [74.091856, 16.813513], [74.091857, 16.81324], [74.092141, 16.813241], [74.092142, 16.812968], [74.092993, 16.812972], [74.092994, 16.812699], [74.093845, 16.812702], [74.093846, 16.812429], [74.094981, 16.812434], [74.094982, 16.812161], [74.097534, 16.812172], [74.097536, 16.811899], [74.09867, 16.811904], [74.098671, 16.811631], [74.099806, 16.811636], [74.099807, 16.811363], [74.100658, 16.811366], [74.100659, 16.811093], [74.101226, 16.811096], [74.101225, 16.811369], [74.101509, 16.81137], [74.101507, 16.811643], [74.102075, 16.811646], [74.102073, 16.811919], [74.102641, 16.811921], [74.102639, 16.812195], [74.103206, 16.812197], [74.103205, 16.81247], [74.10434, 16.812475], [74.104338, 16.812748], [74.104622, 16.81275], [74.104621, 16.813023], [74.106039, 16.813029], [74.106037, 16.813302], [74.106321, 16.813303], [74.106318, 16.81385], [74.106602, 16.813851], [74.106601, 16.814124], [74.107735, 16.814129], [74.107736, 16.813856], [74.10802, 16.813857], [74.108023, 16.813311], [74.107739, 16.813309], [74.10774, 16.813036], [74.107457, 16.813035], [74.107458, 16.812762], [74.107174, 16.812761], [74.107176, 16.812487], [74.106892, 16.812486], [74.106893, 16.812213], [74.10661, 16.812212], [74.106615, 16.811119], [74.107749, 16.811124], [74.107751, 16.810851], [74.108034, 16.810852], [74.108039, 16.80976], [74.108323, 16.809761], [74.108324, 16.809488], [74.108608, 16.809489], [74.108609, 16.809216], [74.108893, 16.809217], [74.108895, 16.808671], [74.109179, 16.808672], [74.10918, 16.808399], [74.109464, 16.8084], [74.109465, 16.808127], [74.109181, 16.808125], [74.109186, 16.807033], [74.108903, 16.807032], [74.108904, 16.806758], [74.10862, 16.806757], [74.108623, 16.806211], [74.108907, 16.806212], [74.108909, 16.805666], [74.109193, 16.805667], [74.109195, 16.805121], [74.109763, 16.805123], [74.109764, 16.80485], [74.110047, 16.804851], [74.110049, 16.804578], [74.110616, 16.804581], [74.110617, 16.804307], [74.111468, 16.804311], [74.111469, 16.804038], [74.112036, 16.80404], [74.112038, 16.803767], [74.113172, 16.803772], [74.113173, 16.803499], [74.113457, 16.8035], [74.113458, 16.803227], [74.114025, 16.803229], [74.114027, 16.802956], [74.11431, 16.802957], [74.114312, 16.802684], [74.114879, 16.802687], [74.11488, 16.802414], [74.117149, 16.802423], [74.117151, 16.801877], [74.117435, 16.801878], [74.117436, 16.801605], [74.11772, 16.801606], [74.117721, 16.801333], [74.118572, 16.801337], [74.118573, 16.801064], [74.119424, 16.801067], [74.119425, 16.800794], [74.120276, 16.800798], [74.120277, 16.800525], [74.121695, 16.800531], [74.121696, 16.800257], [74.122547, 16.800261], [74.122546, 16.800534], [74.122829, 16.800535], [74.122828, 16.800809], [74.123112, 16.80081], [74.123108, 16.801629], [74.123392, 16.80163], [74.123389, 16.802177], [74.123673, 16.802178], [74.123671, 16.802451], [74.123955, 16.802452], [74.123952, 16.802999], [74.124236, 16.803], [74.124235, 16.803273], [74.124518, 16.803274], [74.124517, 16.803547], [74.124801, 16.803549], [74.124799, 16.803822], [74.125367, 16.803824], [74.125365, 16.804097], [74.125649, 16.804099], [74.125648, 16.804372], [74.126782, 16.804377], [74.126781, 16.80465], [74.127065, 16.804651], [74.127066, 16.804378], [74.128484, 16.804384], [74.128482, 16.804657], [74.129333, 16.804661], [74.129335, 16.804387], [74.130469, 16.804392], [74.13047, 16.804119], [74.131605, 16.804124], [74.131606, 16.803851], [74.13274, 16.803855], [74.132741, 16.803582], [74.134159, 16.803588], [74.134161, 16.803315], [74.135862, 16.803322], [74.135861, 16.803595], [74.136145, 16.803597], [74.136143, 16.80387], [74.136427, 16.803871], [74.136426, 16.804144], [74.140112, 16.80416], [74.140114, 16.803886], [74.141815, 16.803894], [74.14182, 16.802801], [74.142387, 16.802803], [74.142389, 16.80253], [74.143239, 16.802534], [74.143241, 16.80226], [74.144091, 16.802264], [74.14409, 16.802537], [74.144374, 16.802538], [74.144373, 16.802811], [74.145223, 16.802815], [74.145222, 16.803088], [74.14664, 16.803094], [74.146639, 16.803367], [74.146923, 16.803368], [74.146921, 16.803642], [74.147205, 16.803643], [74.147204, 16.803916], [74.148338, 16.803921], [74.148339, 16.803647], [74.148906, 16.80365], [74.148908, 16.803377], [74.149475, 16.803379], [74.149476, 16.803106], [74.150043, 16.803108], [74.150045, 16.802835], [74.150328, 16.802836], [74.150331, 16.80229], [74.151465, 16.802295], [74.151466, 16.802021], [74.15175, 16.802023], [74.151752, 16.801476], [74.152036, 16.801477], [74.152037, 16.801204], [74.155157, 16.801217], [74.155155, 16.80149], [74.156006, 16.801494], [74.156007, 16.801221], [74.156291, 16.801222], [74.15629, 16.801495], [74.156857, 16.801497], [74.156856, 16.80177], [74.157139, 16.801771], [74.157137, 16.802318], [74.15742, 16.802319], [74.157419, 16.802592], [74.159688, 16.802601], [74.159689, 16.802328], [74.161674, 16.802336], [74.161676, 16.802063], [74.161959, 16.802064], [74.16196, 16.801791], [74.162244, 16.801792], [74.162243, 16.802066], [74.165362, 16.802078], [74.165364, 16.801805], [74.166214, 16.801808], [74.166216, 16.801535], [74.166499, 16.801536], [74.1665, 16.801263], [74.167635, 16.801268], [74.167636, 16.800995], [74.168487, 16.800998], [74.168488, 16.800725], [74.169339, 16.800728], [74.16934, 16.800455], [74.169623, 16.800456], [74.169625, 16.800183], [74.170475, 16.800187], [74.170477, 16.799913], [74.171044, 16.799916], [74.171045, 16.799643], [74.171612, 16.799645], [74.171613, 16.799372], [74.171897, 16.799373], [74.171898, 16.7991], [74.172465, 16.799102], [74.172468, 16.798556], [74.172751, 16.798557], [74.172752, 16.798284], [74.17332, 16.798286], [74.173321, 16.798013], [74.173604, 16.798014], [74.173606, 16.797741], [74.173889, 16.797742], [74.173888, 16.798015], [74.175022, 16.79802], [74.175024, 16.797746], [74.175307, 16.797748], [74.175309, 16.797201], [74.17616, 16.797205], [74.176159, 16.797478], [74.179279, 16.79749], [74.179282, 16.796671], [74.178999, 16.79667], [74.179, 16.796396], [74.179283, 16.796398], [74.17929, 16.794759], [74.178723, 16.794756], [74.178725, 16.79421], [74.178442, 16.794209], [74.178443, 16.793936], [74.178159, 16.793935], [74.178161, 16.793661], [74.177877, 16.79366], [74.177879, 16.793114], [74.177596, 16.793113], [74.177598, 16.792566], [74.177315, 16.792565], [74.177318, 16.791746], [74.177035, 16.791745], [74.177037, 16.791198], [74.176753, 16.791197], [74.176757, 16.790378], [74.176473, 16.790377], [74.176484, 16.787918], [74.176767, 16.787919], [74.176772, 16.786827], [74.177056, 16.786828], [74.17706, 16.785735], [74.177344, 16.785736], [74.177349, 16.784643], [74.177065, 16.784642], [74.177066, 16.784369], [74.176783, 16.784368], [74.176784, 16.784095], [74.177068, 16.784096], [74.177069, 16.783823], [74.177352, 16.783824], [74.177355, 16.783278], [74.178205, 16.783281], [74.178206, 16.783008], [74.17849, 16.783009], [74.178494, 16.782189], [74.178777, 16.782191], [74.178778, 16.781917], [74.179062, 16.781919], [74.179063, 16.781645], [74.179347, 16.781646], [74.179351, 16.780554], [74.179635, 16.780555], [74.179636, 16.780282], [74.179352, 16.780281], [74.179357, 16.779188], [74.179641, 16.779189], [74.179642, 16.778916], [74.179925, 16.778917], [74.179934, 16.777005], [74.17965, 16.777004], [74.179651, 16.776731], [74.179368, 16.776729], [74.179372, 16.775637], [74.179089, 16.775636], [74.179092, 16.774816], [74.179376, 16.774817], [74.179381, 16.773725], [74.179097, 16.773723], [74.179099, 16.773177], [74.179383, 16.773178], [74.179384, 16.772905], [74.179668, 16.772906], [74.179669, 16.772633], [74.179952, 16.772634], [74.179954, 16.772361], [74.180237, 16.772362], [74.180238, 16.772089], [74.180522, 16.77209], [74.180523, 16.771817], [74.18109, 16.771819], [74.181091, 16.771546], [74.181375, 16.771547], [74.181376, 16.771274], [74.18166, 16.771275], [74.181661, 16.771002], [74.182228, 16.771004], [74.182234, 16.769638], [74.182517, 16.769639], [74.182521, 16.76882], [74.182804, 16.768821], [74.182805, 16.768548], [74.183373, 16.76855], [74.183375, 16.768004], [74.183658, 16.768005], [74.18366, 16.767732], [74.183943, 16.767733], [74.183944, 16.76746], [74.184228, 16.767461], [74.184231, 16.766641], [74.185366, 16.766646], [74.185367, 16.766373], [74.18565, 16.766374], [74.185651, 16.766101], [74.185935, 16.766102], [74.185936, 16.765829], [74.18622, 16.76583], [74.186221, 16.765557], [74.186504, 16.765558], [74.186506, 16.765284], [74.187073, 16.765287], [74.187075, 16.76474], [74.187358, 16.764742], [74.18736, 16.764468], [74.187643, 16.764469], [74.187644, 16.764196], [74.189913, 16.764205], [74.189914, 16.763932], [74.190197, 16.763933], [74.190199, 16.76366], [74.190766, 16.763662], [74.190767, 16.763389], [74.19105, 16.76339], [74.191051, 16.763117], [74.191335, 16.763118], [74.191336, 16.762845], [74.191903, 16.762847], [74.191904, 16.762574], [74.192188, 16.762575], [74.19219, 16.762029], [74.192474, 16.76203], [74.192475, 16.761757], [74.192758, 16.761758], [74.19276, 16.761485], [74.19361, 16.761488], [74.193609, 16.761761], [74.194176, 16.761763], [74.194181, 16.760671], [74.194464, 16.760672], [74.194465, 16.760399], [74.195033, 16.760401], [74.195034, 16.760128], [74.195601, 16.76013], [74.195602, 16.759857], [74.195885, 16.759858], [74.195887, 16.759585], [74.19617, 16.759586], [74.196171, 16.759313], [74.196455, 16.759314], [74.196457, 16.758767], [74.196741, 16.758768], [74.196742, 16.758495], [74.197309, 16.758497], [74.19731, 16.758224], [74.197877, 16.758227], [74.197878, 16.757953], [74.198729, 16.757957], [74.19873, 16.757683], [74.199297, 16.757686], [74.199299, 16.757139], [74.199583, 16.75714], [74.199585, 16.756594], [74.199869, 16.756595], [74.199871, 16.756049], [74.199587, 16.756048], [74.199589, 16.755775], [74.199305, 16.755774], [74.199306, 16.7555], [74.199023, 16.755499], [74.199024, 16.755226], [74.19874, 16.755225], [74.198741, 16.754952], [74.198458, 16.754951], [74.198459, 16.754678], [74.196474, 16.75467], [74.196475, 16.754397], [74.195908, 16.754394], [74.19591, 16.754121], [74.195059, 16.754118], [74.19506, 16.753845], [74.194777, 16.753844], [74.194778, 16.75357], [74.195061, 16.753572], [74.195064, 16.753025], [74.195631, 16.753027], [74.195632, 16.752754], [74.196199, 16.752757], [74.196201, 16.75221], [74.195918, 16.752209], [74.195921, 16.75139], [74.195637, 16.751388], [74.195641, 16.750569], [74.195357, 16.750568], [74.19536, 16.750021], [74.195643, 16.750023], [74.195644, 16.749749], [74.195928, 16.749751], [74.19593, 16.749204], [74.196214, 16.749205], [74.196219, 16.747839], [74.196503, 16.747841], [74.196506, 16.747021], [74.196223, 16.74702], [74.196224, 16.746747], [74.195657, 16.746745], [74.195665, 16.744832], [74.195949, 16.744833], [74.195952, 16.744014], [74.195668, 16.744013], [74.19567, 16.74374], [74.195386, 16.743739], [74.19539, 16.742919], [74.195673, 16.74292], [74.195675, 16.742374], [74.195392, 16.742373], [74.195394, 16.741826], [74.195678, 16.741827], [74.195681, 16.741008], [74.195965, 16.741009], [74.195968, 16.74019], [74.195685, 16.740188], [74.195686, 16.739915], [74.195402, 16.739914], [74.195401, 16.740187], [74.195117, 16.740186], [74.195119, 16.739913], [74.194835, 16.739912], [74.194841, 16.738546], [74.195408, 16.738548], [74.195409, 16.738275], [74.195693, 16.738276], [74.195695, 16.73773], [74.195411, 16.737729], [74.195414, 16.737182], [74.195697, 16.737184], [74.195702, 16.736091], [74.195985, 16.736092], [74.195986, 16.735819], [74.196553, 16.735821], [74.196554, 16.735548], [74.196838, 16.735549], [74.196839, 16.735276], [74.19769, 16.735279], [74.197691, 16.735006], [74.197974, 16.735007], [74.197978, 16.734188], [74.197694, 16.734186], [74.197695, 16.733913], [74.197412, 16.733912], [74.197413, 16.733639], [74.19713, 16.733638], [74.197134, 16.732545], [74.197418, 16.732546], [74.197419, 16.732273], [74.197702, 16.732274], [74.197708, 16.730908], [74.197991, 16.730909], [74.197993, 16.730636], [74.19856, 16.730639], [74.198561, 16.730365], [74.198844, 16.730366], [74.198845, 16.730093], [74.199129, 16.730094], [74.19913, 16.729821], [74.199413, 16.729822], [74.199415, 16.729549], [74.199698, 16.72955], [74.1997, 16.729004], [74.199417, 16.729003], [74.199418, 16.72873], [74.199135, 16.728729], [74.199136, 16.728455], [74.198569, 16.728453], [74.19857, 16.72818], [74.198853, 16.728181], [74.198857, 16.727362], [74.19914, 16.727363], [74.199141, 16.72709], [74.198574, 16.727087], [74.198576, 16.726814], [74.197725, 16.726811], [74.197726, 16.726538], [74.196876, 16.726534], [74.196877, 16.726261], [74.196593, 16.72626], [74.196604, 16.723802], [74.196037, 16.723799], [74.196034, 16.724346], [74.194617, 16.72434], [74.194619, 16.723794], [74.194052, 16.723792], [74.194054, 16.723518], [74.19377, 16.723517], [74.193772, 16.722971], [74.193489, 16.72297], [74.193491, 16.722424], [74.193208, 16.722422], [74.193209, 16.722149], [74.192642, 16.722147], [74.192641, 16.72242], [74.19179, 16.722417], [74.191789, 16.72269], [74.190939, 16.722687], [74.190938, 16.72296], [74.190654, 16.722959], [74.190653, 16.723232], [74.190086, 16.72323], [74.190081, 16.724322], [74.189514, 16.72432], [74.189511, 16.72514], [74.188093, 16.725134], [74.188092, 16.725407], [74.187809, 16.725406], [74.18781, 16.725133], [74.187243, 16.725131], [74.187242, 16.725404], [74.186675, 16.725402], [74.186674, 16.725675], [74.18639, 16.725674], [74.186389, 16.725947], [74.186106, 16.725946], [74.186104, 16.726219], [74.185821, 16.726218], [74.18582, 16.726491], [74.185536, 16.72649], [74.185535, 16.726763], [74.185252, 16.726762], [74.18525, 16.727035], [74.1844, 16.727032], [74.184399, 16.727305], [74.184115, 16.727304], [74.18411, 16.72867], [74.184393, 16.728671], [74.184388, 16.729764], [74.184105, 16.729762], [74.184106, 16.729489], [74.183256, 16.729486], [74.183254, 16.729759], [74.182404, 16.729756], [74.182406, 16.729209], [74.181556, 16.729206], [74.181553, 16.729752], [74.18127, 16.729751], [74.181269, 16.730024], [74.180702, 16.730022], [74.180701, 16.730295], [74.180417, 16.730294], [74.180414, 16.731114], [74.180697, 16.731115], [74.180695, 16.731661], [74.180978, 16.731662], [74.18098, 16.731389], [74.181263, 16.73139], [74.181261, 16.731937], [74.180977, 16.731935], [74.180976, 16.732209], [74.180693, 16.732207], [74.180691, 16.732481], [74.180408, 16.73248], [74.180407, 16.732753], [74.179556, 16.732749], [74.179559, 16.732203], [74.179275, 16.732202], [74.179273, 16.732748], [74.178989, 16.732747], [74.178987, 16.733293], [74.17927, 16.733295], [74.179266, 16.734387], [74.178982, 16.734386], [74.178981, 16.734659], [74.179265, 16.73466], [74.179263, 16.734934], [74.179547, 16.734935], [74.179545, 16.735481], [74.179261, 16.73548], [74.17926, 16.735753], [74.178409, 16.73575], [74.178406, 16.736569], [74.178122, 16.736568], [74.178121, 16.736841], [74.178405, 16.736842], [74.178402, 16.737389], [74.177835, 16.737386], [74.177833, 16.737933], [74.177549, 16.737932], [74.177548, 16.738205], [74.176698, 16.738201], [74.176694, 16.739021], [74.176978, 16.739022], [74.176974, 16.739842], [74.176691, 16.73984], [74.17669, 16.740114], [74.175556, 16.740109], [74.175558, 16.739563], [74.175274, 16.739562], [74.175278, 16.738742], [74.173577, 16.738735], [74.173576, 16.739008], [74.172725, 16.739005], [74.172724, 16.739278], [74.171307, 16.739273], [74.171305, 16.739546], [74.171589, 16.739547], [74.171588, 16.73982], [74.171871, 16.739821], [74.17187, 16.740094], [74.172153, 16.740095], [74.172151, 16.740642], [74.172435, 16.740643], [74.172433, 16.740916], [74.17215, 16.740915], [74.172149, 16.741188], [74.171865, 16.741187], [74.171863, 16.741733], [74.171579, 16.741732], [74.171578, 16.742005], [74.171295, 16.742004], [74.171296, 16.741731], [74.170162, 16.741726], [74.170161, 16.742], [74.169877, 16.741999], [74.169876, 16.742272], [74.169309, 16.742269], [74.16931, 16.741996], [74.169027, 16.741995], [74.169028, 16.741722], [74.168744, 16.741721], [74.168746, 16.741448], [74.167895, 16.741444], [74.167894, 16.741717], [74.167327, 16.741715], [74.167326, 16.741988], [74.166192, 16.741984], [74.166193, 16.74171], [74.165909, 16.741709], [74.16591, 16.741436], [74.164776, 16.741432], [74.164778, 16.741158], [74.164211, 16.741156], [74.164212, 16.740883], [74.163645, 16.740881], [74.163644, 16.741154], [74.163077, 16.741152], [74.163075, 16.741425], [74.162792, 16.741424], [74.162791, 16.741697], [74.16194, 16.741693], [74.161939, 16.741966], [74.161372, 16.741964], [74.161371, 16.742237], [74.160804, 16.742235], [74.160803, 16.742508], [74.160519, 16.742507], [74.16052, 16.742234], [74.160237, 16.742233], [74.160239, 16.741686], [74.159105, 16.741682], [74.159106, 16.741409], [74.158539, 16.741406], [74.15854, 16.741133], [74.157406, 16.741128], [74.157408, 16.740855], [74.157124, 16.740854], [74.157125, 16.740581], [74.156842, 16.74058], [74.156843, 16.740307], [74.155993, 16.740303], [74.155994, 16.74003], [74.15571, 16.740029], [74.155711, 16.739756], [74.155428, 16.739755], [74.155429, 16.739481], [74.155146, 16.73948], [74.155147, 16.739207], [74.15458, 16.739205], [74.154579, 16.739478], [74.154012, 16.739476], [74.15401, 16.739749], [74.152593, 16.739743], [74.152592, 16.740016], [74.151741, 16.740013], [74.151742, 16.739739], [74.151175, 16.739737], [74.151177, 16.739464], [74.15061, 16.739462], [74.150611, 16.739188], [74.148059, 16.739178], [74.14806, 16.738905], [74.14721, 16.738901], [74.147209, 16.739174], [74.146925, 16.739173], [74.146926, 16.7389], [74.146643, 16.738899], [74.146644, 16.738626], [74.146361, 16.738625], [74.146363, 16.738078], [74.14608, 16.738077], [74.146081, 16.737804], [74.145797, 16.737803], [74.145799, 16.73753], [74.145515, 16.737528], [74.145516, 16.737255], [74.145233, 16.737254], [74.145235, 16.736708], [74.144952, 16.736707], [74.144953, 16.736433], [74.144669, 16.736432], [74.144671, 16.736159], [74.144387, 16.736158], [74.14439, 16.735611], [74.144106, 16.73561], [74.144107, 16.735337], [74.143257, 16.735334], [74.143258, 16.73506], [74.142975, 16.735059], [74.142976, 16.734786], [74.142409, 16.734784], [74.14241, 16.734511], [74.142127, 16.734509], [74.142128, 16.734236], [74.141844, 16.734235], [74.141845, 16.733962], [74.141562, 16.733961], [74.141567, 16.732868], [74.141283, 16.732867], [74.141286, 16.732321], [74.141002, 16.732319], [74.141007, 16.731227], [74.140724, 16.731226], [74.140726, 16.730679], [74.14101, 16.73068], [74.141011, 16.730407], [74.141294, 16.730408], [74.141296, 16.730135], [74.141579, 16.730136], [74.14158, 16.729863], [74.141297, 16.729862], [74.141303, 16.728496], [74.141019, 16.728495], [74.141021, 16.728222], [74.140737, 16.728221], [74.140738, 16.727948], [74.140455, 16.727946], [74.140457, 16.7274], [74.140174, 16.727399], [74.140175, 16.727126], [74.139892, 16.727124], [74.139897, 16.726032], [74.139613, 16.726031], [74.139617, 16.725211], [74.139333, 16.72521], [74.139338, 16.724117], [74.139622, 16.724118], [74.139625, 16.723299], [74.139342, 16.723298], [74.139344, 16.722751], [74.139061, 16.72275], [74.139062, 16.722477], [74.138779, 16.722476], [74.13878, 16.722203], [74.138496, 16.722202], [74.1385, 16.721382], [74.138216, 16.721381], [74.138221, 16.720288], [74.137654, 16.720286], [74.137657, 16.71974], [74.137373, 16.719738], [74.137377, 16.718919], [74.137094, 16.718918], [74.137095, 16.718644], [74.136811, 16.718643], [74.136816, 16.717551], [74.136533, 16.717549], [74.136535, 16.717003], [74.136252, 16.717002], [74.136253, 16.716729], [74.13597, 16.716728], [74.135972, 16.716181], [74.135122, 16.716178], [74.135123, 16.715905], [74.134839, 16.715903], [74.134841, 16.71563], [74.134274, 16.715628], [74.134275, 16.715355], [74.133708, 16.715352], [74.133709, 16.715079], [74.133142, 16.715077], [74.133145, 16.71453], [74.132861, 16.714529], [74.132864, 16.713983], [74.13173, 16.713978], [74.131731, 16.713705], [74.131448, 16.713704], [74.131454, 16.712338], [74.130037, 16.712332], [74.130038, 16.712059], [74.129754, 16.712058], [74.129758, 16.711238], [74.125223, 16.711219], [74.125221, 16.711492], [74.124655, 16.71149], [74.124653, 16.711763], [74.123236, 16.711757], [74.123237, 16.711484], [74.12267, 16.711481], [74.122672, 16.711208], [74.122105, 16.711206], [74.122106, 16.710933], [74.121822, 16.710931], [74.121825, 16.710385], [74.121542, 16.710384], [74.121545, 16.709564], [74.120128, 16.709558], [74.120127, 16.709831], [74.11956, 16.709829], [74.119561, 16.709556], [74.118994, 16.709553], [74.118993, 16.709827], [74.118426, 16.709824], [74.118425, 16.710097], [74.118141, 16.710096], [74.118143, 16.709823], [74.117859, 16.709822], [74.11786, 16.709549], [74.117293, 16.709546], [74.117292, 16.709819], [74.117009, 16.709818], [74.116992, 16.713369], [74.116709, 16.713368], [74.116705, 16.714188], [74.116422, 16.714186], [74.116419, 16.714733], [74.116136, 16.714732], [74.116132, 16.715551], [74.115848, 16.71555], [74.115847, 16.715823], [74.114146, 16.715816], [74.114145, 16.716089], [74.113862, 16.716088], [74.113859, 16.716634], [74.113292, 16.716632], [74.113293, 16.716358], [74.111593, 16.716351], [74.111594, 16.716078], [74.111027, 16.716075], [74.111026, 16.716349], [74.110459, 16.716346], [74.11046, 16.716073], [74.10961, 16.716069], [74.109608, 16.716343], [74.107057, 16.716332], [74.10706, 16.715785], [74.106776, 16.715784], [74.106779, 16.715238], [74.106212, 16.715235], [74.106213, 16.714962], [74.105646, 16.71496], [74.105648, 16.714686], [74.105364, 16.714685], [74.105365, 16.714412], [74.105082, 16.714411], [74.105084, 16.713864], [74.10225, 16.713852], [74.102251, 16.713579], [74.101684, 16.713577], [74.101685, 16.713303], [74.100552, 16.713298], [74.10055, 16.713572], [74.0997, 16.713568], [74.099699, 16.713841], [74.098848, 16.713837], [74.098847, 16.714111], [74.098564, 16.714109], [74.098562, 16.714382], [74.098279, 16.714381], [74.098276, 16.714928], [74.097993, 16.714926], [74.097985, 16.716565], [74.097702, 16.716564], [74.0977, 16.716837], [74.097417, 16.716836], [74.097416, 16.717109], [74.097132, 16.717108], [74.097131, 16.717381], [74.096847, 16.71738], [74.096845, 16.717926], [74.096561, 16.717925], [74.09656, 16.718198], [74.095993, 16.718196], [74.095994, 16.717922], [74.095144, 16.717919], [74.095145, 16.717646], [74.094295, 16.717642], [74.094296, 16.717369], [74.094013, 16.717367], [74.094011, 16.717641], [74.092594, 16.717634], [74.092593, 16.717908], [74.091742, 16.717904], [74.09174, 16.71845], [74.090889, 16.718446], [74.090888, 16.71872], [74.089754, 16.718715], [74.089756, 16.718441], [74.089472, 16.71844], [74.089473, 16.718167], [74.088623, 16.718163], [74.088622, 16.718436], [74.088338, 16.718435], [74.088337, 16.718708], [74.088053, 16.718707], [74.088052, 16.71898], [74.087485, 16.718978], [74.087484, 16.719251], [74.086917, 16.719248], [74.086914, 16.719795], [74.086631, 16.719793], [74.086628, 16.72034], [74.086345, 16.720339], [74.086342, 16.720885], [74.085775, 16.720882], [74.085774, 16.721156], [74.085491, 16.721154], [74.085489, 16.721427], [74.085206, 16.721426], [74.085204, 16.721699], [74.084921, 16.721698], [74.08492, 16.721971], [74.084636, 16.72197], [74.084635, 16.722243], [74.084351, 16.722242], [74.084348, 16.723061], [74.084064, 16.72306], [74.08406, 16.72388], [74.083777, 16.723878], [74.083775, 16.724152], [74.081224, 16.72414], [74.081223, 16.724413], [74.078955, 16.724403], [74.078956, 16.72413], [74.078106, 16.724126], [74.078105, 16.724399], [74.075837, 16.724389], [74.075838, 16.724116], [74.075271, 16.724114], [74.075272, 16.72384], [74.074989, 16.723839], [74.07499, 16.723566], [74.074707, 16.723565], [74.074708, 16.723292], [74.074425, 16.72329], [74.074423, 16.723564], [74.07414, 16.723562], [74.074139, 16.723835], [74.073855, 16.723834], [74.073856, 16.723561], [74.073289, 16.723558], [74.073285, 16.724378], [74.072435, 16.724374], [74.072434, 16.724647], [74.07215, 16.724646], [74.072149, 16.724919], [74.070732, 16.724913], [74.070733, 16.72464], [74.067898, 16.724627], [74.067897, 16.7249], [74.067613, 16.724899], [74.067612, 16.725172], [74.067329, 16.725171], [74.067327, 16.725444], [74.06676, 16.725441], [74.066759, 16.725714], [74.066192, 16.725712], [74.066191, 16.725985], [74.06534, 16.725981], [74.065339, 16.726254], [74.063071, 16.726244], [74.06307, 16.726517], [74.062503, 16.726515], [74.062501, 16.726788], [74.062218, 16.726786], [74.062217, 16.72706], [74.06165, 16.727057], [74.061648, 16.72733], [74.061081, 16.727328], [74.06108, 16.727601], [74.060513, 16.727598], [74.060512, 16.727871], [74.060228, 16.72787], [74.060227, 16.728143], [74.058243, 16.728134], [74.058244, 16.727861], [74.057677, 16.727858], [74.057676, 16.728132], [74.057392, 16.72813], [74.057391, 16.728404], [74.057107, 16.728402], [74.057106, 16.728675], [74.054555, 16.728664], [74.054553, 16.728937], [74.053419, 16.728932], [74.053418, 16.729205], [74.053135, 16.729204], [74.053133, 16.729477], [74.052566, 16.729474], [74.052565, 16.729747], [74.051714, 16.729743], [74.051713, 16.730017], [74.05143, 16.730015], [74.051428, 16.730288], [74.050861, 16.730286], [74.05086, 16.730559], [74.050293, 16.730556], [74.05029, 16.731103], [74.050007, 16.731101], [74.050005, 16.731374], [74.049438, 16.731372], [74.049437, 16.731645], [74.049154, 16.731644], [74.049151, 16.73219], [74.048867, 16.732189], [74.048866, 16.732462], [74.048583, 16.732461], [74.04858, 16.733007], [74.048296, 16.733006], [74.048295, 16.733279], [74.048012, 16.733277], [74.048009, 16.733824], [74.047725, 16.733822], [74.047724, 16.734096], [74.046874, 16.734092], [74.046872, 16.734365], [74.045171, 16.734357], [74.04517, 16.73463], [74.044603, 16.734628], [74.044604, 16.734354], [74.043754, 16.73435], [74.043752, 16.734624], [74.043469, 16.734622], [74.04347, 16.734349], [74.043187, 16.734348], [74.043188, 16.734075], [74.042905, 16.734073], [74.042906, 16.7338], [74.042339, 16.733798], [74.042341, 16.733524], [74.042057, 16.733523], [74.042058, 16.73325], [74.041491, 16.733247], [74.041493, 16.732974], [74.041209, 16.732973], [74.041211, 16.7327], [74.040644, 16.732697], [74.040645, 16.732424], [74.040362, 16.732423], [74.040363, 16.732149], [74.040079, 16.732148], [74.040081, 16.731875], [74.039797, 16.731874], [74.0398, 16.731327], [74.039517, 16.731326], [74.039518, 16.731053], [74.039234, 16.731052], [74.039237, 16.730505], [74.038954, 16.730504], [74.038955, 16.730231], [74.038672, 16.730229], [74.038676, 16.72941], [74.038392, 16.729409], [74.038394, 16.729135], [74.037827, 16.729133], [74.037828, 16.72886], [74.037545, 16.728858], [74.037546, 16.728585], [74.037262, 16.728584], [74.037264, 16.728311], [74.03698, 16.728309], [74.036982, 16.728036], [74.036698, 16.728035], [74.0367, 16.727762], [74.036416, 16.72776], [74.036418, 16.727487], [74.035851, 16.727485], [74.035852, 16.727211], [74.035002, 16.727207], [74.035003, 16.726934], [74.034152, 16.72693], [74.034154, 16.726657], [74.033303, 16.726653], [74.033305, 16.72638], [74.032454, 16.726376], [74.032457, 16.72583], [74.032174, 16.725828], [74.032175, 16.725555], [74.031892, 16.725554], [74.031893, 16.725281], [74.031609, 16.725279], [74.031611, 16.725006], [74.029627, 16.724997], [74.029628, 16.724724], [74.029061, 16.724721], [74.029062, 16.724448], [74.028212, 16.724444], [74.028213, 16.724171], [74.02793, 16.724169], [74.027931, 16.723896], [74.027648, 16.723895], [74.027649, 16.723622], [74.025665, 16.723612], [74.025666, 16.723339], [74.025383, 16.723338], [74.025384, 16.723065], [74.025101, 16.723064], [74.025102, 16.72279], [74.023401, 16.722782], [74.023403, 16.722509], [74.023119, 16.722508], [74.023121, 16.722235], [74.021987, 16.722229], [74.021985, 16.722502], [74.021418, 16.7225], [74.021417, 16.722773], [74.02085, 16.72277], [74.020851, 16.722497], [74.020568, 16.722496], [74.020569, 16.722223], [74.020286, 16.722221], [74.020287, 16.721948], [74.019437, 16.721944], [74.019438, 16.721671], [74.019155, 16.72167], [74.019156, 16.721396], [74.018873, 16.721395], [74.018876, 16.720849], [74.018025, 16.720845], [74.018027, 16.720572], [74.017743, 16.72057], [74.017742, 16.720843], [74.015757, 16.720834], [74.015756, 16.721107], [74.015189, 16.721104], [74.015188, 16.721378], [74.014621, 16.721375], [74.014619, 16.721648], [74.014052, 16.721645], [74.014051, 16.721918], [74.011783, 16.721908], [74.011782, 16.722181], [74.011498, 16.722179], [74.011493, 16.723272], [74.011209, 16.723271], [74.011207, 16.723817], [74.01064, 16.723814], [74.010638, 16.724087], [74.010355, 16.724086], [74.010353, 16.724359], [74.009786, 16.724356], [74.009785, 16.72463], [74.008651, 16.724624], [74.008657, 16.723532], [74.008373, 16.72353], [74.008376, 16.722984], [74.008093, 16.722983], [74.008094, 16.722709], [74.007811, 16.722708], [74.007812, 16.722435], [74.007529, 16.722434], [74.00753, 16.72216], [74.004412, 16.722145], [74.004413, 16.721872], [74.003846, 16.721869], [74.003845, 16.722143], [74.003561, 16.722141], [74.00356, 16.722414], [74.00271, 16.72241], [74.002711, 16.722137], [74.002144, 16.722134], [74.002141, 16.722681], [74.001858, 16.722679], [74.001856, 16.722953], [74.001289, 16.72295], [74.001285, 16.723769], [74.001002, 16.723768], [74.001005, 16.723222], [74.000721, 16.72322], [74.000722, 16.722947], [74.000156, 16.722944], [74.000158, 16.722398], [74.000442, 16.722399], [74.000443, 16.722126], [74.00016, 16.722125], [74.000166, 16.721032], [73.999882, 16.721031], [73.999893, 16.718846], [74.000177, 16.718847], [74.000178, 16.718574], [74.000462, 16.718575], [74.000466, 16.717756], [74.00075, 16.717757], [74.000752, 16.717211], [73.999902, 16.717207], [73.999903, 16.716933], [73.99962, 16.716932], [73.999621, 16.716659], [73.999054, 16.716656], [73.999056, 16.716383], [73.998489, 16.71638], [73.998488, 16.716653], [73.99707, 16.716647], [73.997072, 16.716373], [73.996788, 16.716372], [73.99679, 16.716099], [73.995939, 16.716095], [73.995945, 16.715002], [73.995662, 16.715001], [73.995669, 16.713635], [73.995385, 16.713634], [73.995391, 16.712541], [73.995108, 16.71254], [73.995112, 16.71172], [73.994828, 16.711719], [73.994833, 16.710899], [73.994549, 16.710898], [73.994552, 16.710352], [73.994269, 16.71035], [73.99427, 16.710077], [73.993987, 16.710076], [73.993988, 16.709803], [73.993705, 16.709801], [73.993707, 16.709255], [73.993141, 16.709252], [73.993142, 16.708979], [73.992008, 16.708973], [73.992011, 16.708427], [73.991728, 16.708426], [73.991729, 16.708153], [73.991446, 16.708151], [73.991447, 16.707878], [73.99088, 16.707875], [73.990882, 16.707602], [73.990598, 16.707601], [73.9906, 16.707328], [73.990316, 16.707326], [73.990318, 16.707053], [73.990034, 16.707052], [73.990036, 16.706778], [73.989752, 16.706777], [73.989754, 16.706504], [73.989187, 16.706501], [73.989188, 16.706228], [73.988621, 16.706225], [73.98862, 16.706498], [73.987769, 16.706494], [73.987768, 16.706767], [73.986351, 16.70676], [73.986352, 16.706487], [73.986069, 16.706486], [73.986067, 16.706759], [73.985784, 16.706758], [73.985783, 16.707031], [73.984932, 16.707027], [73.984931, 16.7073], [73.984647, 16.707298], [73.984646, 16.707572], [73.984362, 16.70757], [73.984361, 16.707843], [73.984078, 16.707842], [73.984076, 16.708115], [73.983793, 16.708114], [73.983791, 16.708387], [73.983508, 16.708385], [73.983509, 16.708112], [73.982942, 16.70811], [73.982941, 16.708383], [73.982657, 16.708381], [73.982656, 16.708654], [73.982373, 16.708653], [73.982371, 16.708926], [73.981804, 16.708923], [73.981803, 16.709197], [73.980669, 16.709191], [73.980668, 16.709464], [73.978117, 16.709452], [73.978115, 16.709725], [73.977548, 16.709722], [73.977547, 16.709995], [73.97698, 16.709992], [73.97697, 16.711904], [73.977253, 16.711906], [73.977252, 16.712179], [73.977535, 16.71218], [73.977534, 16.712453], [73.977817, 16.712455], [73.97781, 16.713821], [73.978093, 16.713822], [73.97809, 16.714368], [73.977807, 16.714367], [73.977803, 16.715186], [73.977519, 16.715185], [73.977505, 16.717917], [73.977788, 16.717918], [73.977784, 16.718737], [73.978067, 16.718739], [73.978066, 16.719012], [73.978349, 16.719013], [73.978346, 16.71956], [73.97863, 16.719561], [73.978628, 16.719834], [73.978912, 16.719836], [73.97891, 16.720109], [73.979477, 16.720112], [73.979476, 16.720385], [73.980043, 16.720388], [73.980041, 16.720661], [73.980325, 16.720662], [73.980323, 16.720935], [73.980607, 16.720937], [73.980604, 16.721483], [73.98032, 16.721482], [73.980319, 16.721755], [73.980602, 16.721756], [73.980599, 16.722302], [73.980883, 16.722304], [73.980878, 16.723123], [73.981162, 16.723125], [73.981159, 16.723671], [73.981442, 16.723672], [73.981431, 16.725858], [73.981147, 16.725856], [73.981146, 16.726129], [73.981429, 16.726131], [73.981427, 16.726677], [73.981143, 16.726676], [73.98113, 16.729134], [73.980847, 16.729133], [73.980845, 16.729406], [73.980562, 16.729404], [73.980559, 16.729951], [73.979992, 16.729948], [73.97999, 16.730221], [73.979707, 16.73022], [73.979705, 16.730493], [73.979422, 16.730491], [73.97942, 16.730765], [73.979137, 16.730763], [73.979136, 16.731036], [73.978852, 16.731035], [73.978851, 16.731308], [73.978567, 16.731307], [73.978566, 16.73158], [73.978282, 16.731578], [73.978281, 16.731852], [73.977997, 16.73185], [73.977996, 16.732123], [73.977712, 16.732122], [73.977711, 16.732395], [73.977427, 16.732394], [73.977426, 16.732667], [73.977142, 16.732665], [73.977141, 16.732939], [73.976857, 16.732937], [73.976856, 16.73321], [73.976573, 16.733209], [73.976571, 16.733482], [73.976288, 16.733481], [73.976282, 16.734573], [73.975998, 16.734572], [73.975997, 16.734845], [73.975713, 16.734844], [73.97571, 16.73539], [73.975427, 16.735389], [73.975426, 16.735662], [73.975142, 16.73566], [73.975135, 16.737026], [73.975702, 16.737029], [73.975693, 16.738668], [73.975409, 16.738666], [73.975408, 16.73894], [73.975124, 16.738938], [73.97512, 16.739758], [73.974837, 16.739756], [73.974835, 16.740029], [73.974268, 16.740027], [73.974267, 16.7403], [73.973983, 16.740298], [73.973982, 16.740571], [73.973698, 16.74057], [73.973695, 16.741116], [73.973412, 16.741115], [73.97341, 16.741388], [73.973127, 16.741387], [73.973124, 16.741933], [73.97284, 16.741932], [73.972839, 16.742205], [73.973123, 16.742206], [73.973118, 16.743026], [73.971701, 16.743019], [73.971699, 16.743292], [73.971416, 16.74329], [73.971411, 16.74411], [73.971128, 16.744108], [73.971126, 16.744381], [73.97141, 16.744383], [73.971407, 16.744929], [73.97169, 16.744931], [73.971689, 16.745204], [73.971972, 16.745205], [73.971969, 16.745751], [73.972253, 16.745753], [73.97225, 16.746299], [73.972817, 16.746302], [73.972816, 16.746575], [73.973099, 16.746577], [73.973098, 16.74685], [73.973381, 16.746851], [73.97338, 16.747124], [73.973096, 16.747123], [73.973093, 16.747669], [73.97281, 16.747668], [73.972807, 16.748214], [73.97309, 16.748215], [73.973077, 16.750674], [73.973361, 16.750675], [73.973359, 16.750948], [73.973926, 16.750951], [73.973925, 16.751224], [73.974208, 16.751226], [73.974204, 16.752045], [73.973637, 16.752042], [73.973635, 16.752316], [73.972785, 16.752311], [73.972783, 16.752585], [73.971649, 16.752579], [73.971648, 16.752852], [73.971364, 16.752851], [73.971358, 16.753943], [73.971075, 16.753942], [73.971074, 16.754215], [73.97079, 16.754214], [73.970789, 16.754487], [73.970505, 16.754485], [73.970502, 16.755032], [73.970219, 16.75503], [73.970213, 16.756123], [73.969929, 16.756121], [73.969926, 16.756668], [73.97021, 16.756669], [73.970208, 16.756942], [73.969925, 16.756941], [73.969922, 16.757487], [73.969638, 16.757486], [73.969634, 16.758305], [73.96935, 16.758304], [73.969347, 16.75885], [73.969631, 16.758851], [73.96963, 16.759125], [73.969913, 16.759126], [73.96991, 16.759672], [73.970194, 16.759674], [73.970192, 16.759947], [73.970476, 16.759948], [73.970473, 16.760495], [73.970756, 16.760496], [73.970755, 16.760769], [73.971038, 16.760771], [73.971037, 16.761044], [73.970753, 16.761042], [73.970746, 16.762408], [73.971029, 16.76241], [73.971013, 16.765414], [73.97073, 16.765413], [73.970728, 16.765686], [73.970445, 16.765685], [73.970443, 16.765958], [73.97016, 16.765956], [73.970157, 16.766503], [73.969873, 16.766501], [73.96987, 16.767047], [73.969587, 16.767046], [73.969584, 16.767592], [73.9693, 16.767591], [73.969299, 16.767864], [73.969015, 16.767863], [73.969012, 16.768409], [73.968729, 16.768408], [73.968724, 16.769227], [73.969008, 16.769228], [73.969004, 16.770048], [73.96872, 16.770046], [73.968717, 16.770593], [73.968434, 16.770591], [73.968432, 16.770864], [73.968149, 16.770863], [73.968146, 16.771409], [73.967862, 16.771408], [73.967861, 16.771681], [73.967577, 16.77168], [73.967576, 16.771953], [73.967292, 16.771951], [73.967291, 16.772225], [73.966724, 16.772222], [73.966722, 16.772495], [73.966439, 16.772493], [73.966437, 16.772767], [73.966154, 16.772765], [73.966152, 16.773038], [73.965868, 16.773037], [73.965867, 16.77331], [73.965583, 16.773309], [73.965582, 16.773582], [73.964731, 16.773578], [73.96473, 16.773851], [73.964163, 16.773848], [73.964161, 16.774121], [73.963594, 16.774118], [73.963593, 16.774391], [73.962175, 16.774384], [73.962174, 16.774657], [73.960756, 16.77465], [73.960754, 16.774923], [73.960471, 16.774922], [73.960469, 16.775195], [73.960186, 16.775194], [73.960184, 16.775467], [73.959901, 16.775465], [73.959898, 16.776012], [73.959614, 16.77601], [73.959613, 16.776283], [73.959329, 16.776282], [73.959326, 16.776828], [73.959043, 16.776827], [73.959041, 16.7771], [73.958758, 16.777098], [73.958756, 16.777372], [73.958473, 16.77737], [73.958471, 16.777643], [73.958188, 16.777642], [73.958183, 16.778461], [73.9579, 16.77846], [73.957898, 16.778733], [73.957615, 16.778732], [73.957616, 16.778459], [73.956766, 16.778454], [73.956767, 16.778181], [73.956483, 16.77818], [73.956485, 16.777906], [73.955634, 16.777902], [73.955633, 16.778175], [73.953364, 16.778164], [73.953366, 16.777891], [73.953082, 16.777889], [73.953079, 16.778436], [73.952796, 16.778434], [73.952794, 16.778707], [73.952511, 16.778706], [73.952508, 16.779252], [73.952224, 16.779251], [73.952221, 16.779797], [73.951938, 16.779795], [73.951932, 16.780888], [73.951648, 16.780887], [73.951647, 16.78116], [73.951363, 16.781158], [73.951362, 16.781432], [73.951078, 16.78143], [73.951077, 16.781703], [73.950793, 16.781702], [73.95079, 16.782248], [73.950507, 16.782247], [73.950505, 16.78252], [73.950221, 16.782518], [73.950218, 16.783065], [73.949935, 16.783063], [73.949933, 16.783336], [73.948232, 16.783328], [73.948234, 16.783055], [73.947667, 16.783052], [73.947668, 16.782778], [73.946817, 16.782774], [73.946819, 16.782501], [73.946535, 16.7825], [73.946537, 16.782226], [73.946253, 16.782225], [73.946255, 16.781952], [73.945971, 16.78195], [73.94597, 16.782223], [73.945686, 16.782222], [73.945685, 16.782495], [73.945401, 16.782494], [73.9454, 16.782767], [73.942848, 16.782754], [73.942846, 16.783027], [73.942563, 16.783025], [73.942561, 16.783299], [73.942278, 16.783297], [73.942267, 16.785209], [73.941983, 16.785208], [73.94198, 16.785754], [73.941697, 16.785753], [73.941695, 16.786026], [73.941412, 16.786024], [73.94141, 16.786297], [73.941127, 16.786296], [73.941125, 16.786569], [73.940842, 16.786568], [73.94084, 16.786841], [73.940557, 16.786839], [73.940555, 16.787113], [73.940271, 16.787111], [73.940268, 16.787657], [73.939985, 16.787656], [73.939983, 16.787929], [73.9397, 16.787928], [73.939698, 16.788201], [73.939131, 16.788198], [73.93913, 16.788471], [73.938846, 16.788469], [73.938845, 16.788743], [73.938561, 16.788741], [73.93856, 16.789014], [73.938276, 16.789013], [73.938274, 16.789286], [73.937991, 16.789285], [73.937988, 16.789831], [73.937704, 16.789829], [73.937703, 16.790103], [73.937419, 16.790101], [73.937418, 16.790374], [73.937134, 16.790373], [73.937133, 16.790646], [73.936849, 16.790644], [73.936848, 16.790918], [73.936564, 16.790916], [73.936562, 16.791189], [73.935712, 16.791185], [73.93571, 16.791458], [73.93486, 16.791454], [73.934858, 16.791727], [73.934574, 16.791725], [73.934571, 16.792272], [73.934288, 16.79227], [73.934286, 16.792543], [73.934003, 16.792542], [73.934001, 16.792815], [73.933718, 16.792813], [73.933716, 16.793087], [73.933433, 16.793085], [73.933431, 16.793358], [73.93258, 16.793354], [73.932582, 16.793081], [73.931731, 16.793076], [73.931733, 16.792803], [73.931449, 16.792802], [73.931451, 16.792529], [73.931167, 16.792527], [73.931169, 16.792254], [73.930885, 16.792252], [73.930887, 16.791979], [73.930603, 16.791978], [73.9306, 16.792524], [73.930316, 16.792523], [73.930315, 16.792796], [73.929748, 16.792793], [73.929746, 16.793066], [73.929179, 16.793063], [73.929178, 16.793336], [73.928327, 16.793332], [73.928324, 16.793878], [73.92804, 16.793877], [73.928039, 16.79415], [73.927755, 16.794148], [73.927754, 16.794421], [73.927187, 16.794418], [73.927185, 16.794692], [73.926618, 16.794689], [73.926616, 16.794962], [73.926049, 16.794959], [73.926048, 16.795232], [73.925764, 16.795231], [73.925763, 16.795504], [73.925479, 16.795502], [73.925477, 16.795775], [73.92491, 16.795772], [73.924909, 16.796046], [73.924625, 16.796044], [73.924624, 16.796317], [73.923773, 16.796313], [73.923771, 16.796586], [73.923204, 16.796583], [73.923203, 16.796856], [73.922919, 16.796855], [73.922918, 16.797128], [73.922634, 16.797126], [73.922633, 16.797399], [73.922349, 16.797398], [73.922343, 16.798491], [73.922059, 16.798489], [73.922055, 16.799308], [73.921771, 16.799307], [73.921768, 16.799853], [73.921484, 16.799852], [73.921483, 16.800125], [73.921199, 16.800123], [73.921196, 16.80067], [73.920913, 16.800668], [73.920911, 16.800941], [73.920627, 16.80094], [73.920626, 16.801213], [73.920342, 16.801212], [73.920336, 16.802304], [73.920053, 16.802303], [73.92005, 16.802849], [73.919766, 16.802847], [73.919763, 16.803394], [73.919479, 16.803392], [73.919478, 16.803665], [73.919194, 16.803664], [73.919191, 16.80421], [73.918907, 16.804209], [73.918906, 16.804482], [73.918622, 16.80448], [73.918619, 16.805027], [73.918336, 16.805025], [73.918331, 16.805845], [73.918047, 16.805843], [73.918037, 16.807755], [73.917753, 16.807754], [73.917745, 16.809119], [73.917462, 16.809118], [73.917434, 16.814035], [73.91715, 16.814033], [73.917142, 16.815399], [73.917426, 16.8154], [73.917424, 16.815673], [73.917708, 16.815675], [73.917705, 16.816221], [73.917989, 16.816223], [73.917987, 16.816496], [73.917703, 16.816494], [73.917693, 16.818406], [73.917409, 16.818405], [73.917407, 16.818678], [73.91684, 16.818675], [73.916837, 16.819221], [73.916554, 16.81922], [73.916552, 16.819493], [73.916268, 16.819492], [73.916262, 16.820584], [73.915979, 16.820583], [73.915972, 16.821675], [73.915689, 16.821674], [73.915684, 16.822493], [73.915117, 16.82249], [73.915118, 16.822217], [73.914835, 16.822215], [73.914836, 16.821942], [73.914553, 16.821941], [73.914554, 16.821668], [73.914271, 16.821666], [73.914272, 16.821393], [73.913138, 16.821387], [73.913136, 16.82166], [73.912853, 16.821659], [73.912851, 16.821932], [73.912568, 16.82193], [73.912566, 16.822204], [73.912282, 16.822202], [73.912281, 16.822475], [73.91143, 16.822471], [73.911428, 16.822744], [73.910861, 16.822741], [73.91086, 16.823014], [73.910292, 16.823011], [73.910291, 16.823284], [73.910007, 16.823283], [73.910006, 16.823556], [73.909722, 16.823554], [73.909724, 16.823281], [73.90944, 16.82328], [73.909438, 16.823553], [73.909155, 16.823551], [73.909153, 16.823824], [73.908586, 16.823821], [73.908585, 16.824094], [73.908301, 16.824093], [73.908299, 16.824366], [73.908016, 16.824365], [73.908014, 16.824638], [73.907731, 16.824636], [73.907729, 16.824909], [73.907445, 16.824908], [73.907444, 16.825181], [73.90716, 16.82518], [73.907159, 16.825453], [73.906591, 16.82545], [73.90659, 16.825723], [73.906306, 16.825721], [73.906302, 16.826541], [73.906585, 16.826542], [73.906577, 16.827908], [73.906294, 16.827906], [73.906287, 16.828999], [73.906571, 16.829001], [73.906566, 16.82982], [73.906283, 16.829818], [73.906278, 16.830638], [73.905994, 16.830636], [73.90599, 16.831456], [73.905423, 16.831453], [73.905421, 16.831726], [73.905137, 16.831724], [73.905134, 16.832271], [73.904851, 16.832269], [73.904846, 16.833089], [73.904562, 16.833087], [73.904561, 16.83336], [73.904277, 16.833359], [73.904274, 16.833905], [73.904558, 16.833907], [73.904554, 16.834453], [73.904271, 16.834451], [73.904264, 16.835544], [73.903981, 16.835542], [73.903979, 16.835816], [73.904263, 16.835817], [73.904261, 16.83609], [73.903978, 16.836089], [73.903971, 16.837181], [73.904255, 16.837183], [73.90425, 16.838002], [73.904818, 16.838005], [73.904819, 16.837732], [73.905103, 16.837734], [73.905104, 16.83746], [73.905672, 16.837463], [73.90567, 16.837737], [73.905954, 16.837738], [73.905952, 16.838011], [73.906519, 16.838014], [73.906518, 16.838287], [73.906801, 16.838289], [73.9068, 16.838562], [73.907083, 16.838564], [73.907082, 16.838837], [73.907366, 16.838838], [73.907364, 16.839111], [73.907648, 16.839113], [73.907646, 16.839386], [73.90793, 16.839388], [73.907928, 16.839661], [73.908779, 16.839665], [73.908777, 16.839938], [73.909061, 16.83994], [73.909063, 16.839667], [73.90963, 16.83967], [73.909631, 16.839397], [73.910482, 16.839401], [73.910484, 16.839128], [73.911902, 16.839136], [73.911904, 16.838862], [73.912187, 16.838864], [73.912189, 16.838591], [73.911905, 16.838589], [73.911907, 16.838316], [73.91219, 16.838318], [73.912192, 16.838044], [73.912476, 16.838046], [73.912474, 16.838319], [73.912758, 16.838321], [73.912756, 16.838594], [73.91304, 16.838595], [73.913038, 16.838868], [73.913605, 16.838871], [73.913604, 16.839145], [73.913887, 16.839146], [73.913884, 16.839692], [73.915019, 16.839698], [73.915017, 16.839971], [73.915868, 16.839976], [73.91587, 16.839703], [73.916153, 16.839704], [73.916155, 16.839431], [73.916722, 16.839434], [73.916725, 16.838888], [73.916442, 16.838886], [73.916443, 16.838613], [73.916727, 16.838615], [73.91673, 16.838068], [73.917014, 16.83807], [73.917015, 16.837797], [73.917299, 16.837798], [73.9173, 16.837525], [73.917584, 16.837527], [73.917587, 16.83698], [73.917871, 16.836982], [73.917877, 16.835889], [73.918728, 16.835894], [73.918729, 16.835621], [73.919013, 16.835622], [73.919015, 16.835349], [73.922985, 16.83537], [73.922987, 16.835097], [73.92327, 16.835098], [73.923272, 16.834825], [73.924407, 16.834831], [73.924405, 16.835104], [73.924689, 16.835106], [73.92469, 16.834832], [73.926676, 16.834843], [73.926674, 16.835116], [73.926958, 16.835117], [73.926956, 16.835391], [73.927523, 16.835394], [73.927522, 16.835667], [73.928089, 16.83567], [73.928088, 16.835943], [73.928655, 16.835946], [73.928653, 16.836219], [73.928937, 16.83622], [73.928935, 16.836494], [73.929503, 16.836496], [73.929501, 16.83677], [73.929785, 16.836771], [73.929783, 16.837044], [73.93035, 16.837047], [73.930349, 16.83732], [73.931483, 16.837326], [73.931486, 16.83678], [73.93177, 16.836781], [73.931773, 16.836235], [73.932057, 16.836237], [73.932058, 16.835963], [73.932342, 16.835965], [73.932343, 16.835692], [73.933194, 16.835696], [73.933196, 16.835423], [73.933479, 16.835425], [73.933478, 16.835698], [73.93518, 16.835707], [73.935181, 16.835433], [73.935465, 16.835435], [73.935463, 16.835708], [73.935747, 16.835709], [73.935745, 16.835983], [73.936313, 16.835986], [73.936311, 16.836259], [73.936595, 16.83626], [73.936593, 16.836533], [73.937728, 16.836539], [73.937729, 16.836266], [73.938297, 16.836269], [73.938298, 16.835996], [73.938582, 16.835997], [73.938583, 16.835724], [73.938867, 16.835726], [73.938868, 16.835452], [73.939719, 16.835457], [73.939721, 16.835184], [73.940855, 16.83519], [73.940857, 16.834916], [73.94114, 16.834918], [73.941142, 16.834645], [73.941993, 16.834649], [73.941994, 16.834376], [73.942278, 16.834377], [73.94228, 16.834104], [73.942563, 16.834106], [73.94256, 16.834652], [73.942844, 16.834653], [73.942841, 16.8352], [73.943124, 16.835201], [73.943123, 16.835474], [73.943406, 16.835476], [73.943405, 16.835749], [73.943689, 16.83575], [73.943687, 16.836024], [73.944538, 16.836028], [73.944536, 16.836301], [73.945104, 16.836304], [73.945102, 16.836577], [73.945386, 16.836579], [73.945384, 16.836852], [73.945668, 16.836853], [73.945666, 16.837126], [73.94595, 16.837128], [73.945949, 16.837401], [73.94765, 16.83741], [73.947652, 16.837137], [73.948219, 16.837139], [73.948221, 16.836866], [73.948504, 16.836868], [73.948506, 16.836595], [73.948789, 16.836596], [73.948791, 16.836323], [73.951911, 16.836339], [73.951912, 16.836066], [73.952196, 16.836067], [73.952199, 16.835521], [73.952766, 16.835524], [73.952769, 16.834977], [73.953053, 16.834979], [73.953054, 16.834706], [73.953905, 16.83471], [73.953904, 16.834983], [73.954755, 16.834988], [73.954746, 16.836626], [73.955029, 16.836628], [73.95502, 16.838267], [73.955304, 16.838268], [73.955298, 16.839361], [73.955582, 16.839362], [73.95558, 16.839635], [73.956431, 16.83964], [73.956429, 16.839913], [73.958982, 16.839926], [73.958984, 16.839653], [73.959267, 16.839654], [73.959269, 16.839381], [73.96012, 16.839385], [73.960118, 16.839658], [73.960685, 16.839661], [73.960687, 16.839388], [73.960971, 16.83939], [73.960972, 16.839117], [73.961256, 16.839118], [73.961254, 16.839391], [73.962389, 16.839397], [73.962387, 16.83967], [73.962671, 16.839671], [73.962669, 16.839945], [73.962953, 16.839946], [73.962952, 16.840219], [73.963235, 16.840221], [73.963231, 16.84104], [73.963514, 16.841041], [73.96351, 16.841861], [73.963226, 16.841859], [73.963225, 16.842133], [73.963508, 16.842134], [73.963507, 16.842407], [73.963791, 16.842409], [73.963789, 16.842682], [73.964073, 16.842683], [73.964071, 16.842956], [73.964355, 16.842958], [73.964353, 16.843231], [73.965204, 16.843235], [73.965203, 16.843508], [73.968323, 16.843524], [73.968324, 16.843251], [73.968608, 16.843252], [73.96861, 16.842979], [73.968893, 16.842981], [73.968895, 16.842707], [73.969178, 16.842709], [73.969177, 16.842982], [73.969744, 16.842985], [73.969743, 16.843258], [73.97031, 16.843261], [73.970307, 16.843807], [73.970591, 16.843809], [73.970589, 16.844082]]]]}}, {"type": "Feature", "properties": {"name": "S2", "long_len": 32570.98716973963, "long_slo": 0.004390410375184, "cent_len": 17353.68231972943, "cent_slo": 5.6857624844e-05, "10_85_len": 24428.24037730474, "10_85_slo": 0.000163924412429, "basin_slo": 0.098113934727266, "basin_rel": 397.0, "elong_ra": 0.429596731086978, "relief_ra": 0.012188761670965, "drain_den": 0.039014485664598, "len_units": "Metre"}, "geometry": {"type": "MultiPolygon", "coordinates": [[[[74.043469, 16.734622], [74.043752, 16.734624], [74.043754, 16.73435], [74.044604, 16.734354], [74.044603, 16.734628], [74.04517, 16.73463], [74.045171, 16.734357], [74.046872, 16.734365], [74.046874, 16.734092], [74.047724, 16.734096], [74.047725, 16.733822], [74.048009, 16.733824], [74.048012, 16.733277], [74.048295, 16.733279], [74.048296, 16.733006], [74.04858, 16.733007], [74.048583, 16.732461], [74.048866, 16.732462], [74.048867, 16.732189], [74.049151, 16.73219], [74.049154, 16.731644], [74.049437, 16.731645], [74.049438, 16.731372], [74.050005, 16.731374], [74.050007, 16.731101], [74.05029, 16.731103], [74.050293, 16.730556], [74.05086, 16.730559], [74.050861, 16.730286], [74.051428, 16.730288], [74.05143, 16.730015], [74.051713, 16.730017], [74.051714, 16.729743], [74.052565, 16.729747], [74.052566, 16.729474], [74.053133, 16.729477], [74.053135, 16.729204], [74.053418, 16.729205], [74.053419, 16.728932], [74.054553, 16.728937], [74.054555, 16.728664], [74.057106, 16.728675], [74.057107, 16.728402], [74.057391, 16.728404], [74.057392, 16.72813], [74.057676, 16.728132], [74.057677, 16.727858], [74.058244, 16.727861], [74.058243, 16.728134], [74.060227, 16.728143], [74.060228, 16.72787], [74.060512, 16.727871], [74.060513, 16.727598], [74.06108, 16.727601], [74.061081, 16.727328], [74.061648, 16.72733], [74.06165, 16.727057], [74.062217, 16.72706], [74.062218, 16.726786], [74.062501, 16.726788], [74.062503, 16.726515], [74.06307, 16.726517], [74.063071, 16.726244], [74.065339, 16.726254], [74.06534, 16.725981], [74.066191, 16.725985], [74.066192, 16.725712], [74.066759, 16.725714], [74.06676, 16.725441], [74.067327, 16.725444], [74.067329, 16.725171], [74.067612, 16.725172], [74.067613, 16.724899], [74.067897, 16.7249], [74.067898, 16.724627], [74.070733, 16.72464], [74.070732, 16.724913], [74.072149, 16.724919], [74.07215, 16.724646], [74.072434, 16.724647], [74.072435, 16.724374], [74.073285, 16.724378], [74.073289, 16.723558], [74.073856, 16.723561], [74.073855, 16.723834], [74.074139, 16.723835], [74.07414, 16.723562], [74.074423, 16.723564], [74.074425, 16.72329], [74.074708, 16.723292], [74.074707, 16.723565], [74.07499, 16.723566], [74.074989, 16.723839], [74.075272, 16.72384], [74.075271, 16.724114], [74.075838, 16.724116], [74.075837, 16.724389], [74.078105, 16.724399], [74.078106, 16.724126], [74.078956, 16.72413], [74.078955, 16.724403], [74.081223, 16.724413], [74.081224, 16.72414], [74.083775, 16.724152], [74.083777, 16.723878], [74.08406, 16.72388], [74.084064, 16.72306], [74.084348, 16.723061], [74.084351, 16.722242], [74.084635, 16.722243], [74.084636, 16.72197], [74.08492, 16.721971], [74.084921, 16.721698], [74.085204, 16.721699], [74.085206, 16.721426], [74.085489, 16.721427], [74.085491, 16.721154], [74.085774, 16.721156], [74.085775, 16.720882], [74.086342, 16.720885], [74.086345, 16.720339], [74.086628, 16.72034], [74.086631, 16.719793], [74.086914, 16.719795], [74.086917, 16.719248], [74.087484, 16.719251], [74.087485, 16.718978], [74.088052, 16.71898], [74.088053, 16.718707], [74.088337, 16.718708], [74.088338, 16.718435], [74.088622, 16.718436], [74.088623, 16.718163], [74.089473, 16.718167], [74.089472, 16.71844], [74.089756, 16.718441], [74.089754, 16.718715], [74.090888, 16.71872], [74.090889, 16.718446], [74.09174, 16.71845], [74.091742, 16.717904], [74.092593, 16.717908], [74.092594, 16.717634], [74.094011, 16.717641], [74.094013, 16.717367], [74.094296, 16.717369], [74.094295, 16.717642], [74.095145, 16.717646], [74.095144, 16.717919], [74.095994, 16.717922], [74.095993, 16.718196], [74.09656, 16.718198], [74.096561, 16.717925], [74.096845, 16.717926], [74.096847, 16.71738], [74.097131, 16.717381], [74.097132, 16.717108], [74.097416, 16.717109], [74.097417, 16.716836], [74.0977, 16.716837], [74.097702, 16.716564], [74.097985, 16.716565], [74.097993, 16.714926], [74.098276, 16.714928], [74.098279, 16.714381], [74.098562, 16.714382], [74.098564, 16.714109], [74.098847, 16.714111], [74.098848, 16.713837], [74.099699, 16.713841], [74.0997, 16.713568], [74.10055, 16.713572], [74.100552, 16.713298], [74.101685, 16.713303], [74.101684, 16.713577], [74.102251, 16.713579], [74.10225, 16.713852], [74.105084, 16.713864], [74.105082, 16.714411], [74.105365, 16.714412], [74.105364, 16.714685], [74.105648, 16.714686], [74.105646, 16.71496], [74.106213, 16.714962], [74.106212, 16.715235], [74.106779, 16.715238], [74.106776, 16.715784], [74.10706, 16.715785], [74.107057, 16.716332], [74.109608, 16.716343], [74.10961, 16.716069], [74.11046, 16.716073], [74.110459, 16.716346], [74.111026, 16.716349], [74.111027, 16.716075], [74.111594, 16.716078], [74.111593, 16.716351], [74.113293, 16.716358], [74.113292, 16.716632], [74.113859, 16.716634], [74.113862, 16.716088], [74.114145, 16.716089], [74.114146, 16.715816], [74.115847, 16.715823], [74.115848, 16.71555], [74.116132, 16.715551], [74.116136, 16.714732], [74.116419, 16.714733], [74.116422, 16.714186], [74.116705, 16.714188], [74.116709, 16.713368], [74.116992, 16.713369], [74.117009, 16.709818], [74.117292, 16.709819], [74.117293, 16.709546], [74.11786, 16.709549], [74.117859, 16.709822], [74.118143, 16.709823], [74.118141, 16.710096], [74.118425, 16.710097], [74.118426, 16.709824], [74.118993, 16.709827], [74.118994, 16.709553], [74.119561, 16.709556], [74.11956, 16.709829], [74.120127, 16.709831], [74.120128, 16.709558], [74.121545, 16.709564], [74.121542, 16.710384], [74.121825, 16.710385], [74.121822, 16.710931], [74.122106, 16.710933], [74.122105, 16.711206], [74.122672, 16.711208], [74.12267, 16.711481], [74.123237, 16.711484], [74.123236, 16.711757], [74.124653, 16.711763], [74.124655, 16.71149], [74.125221, 16.711492], [74.125223, 16.711219], [74.129758, 16.711238], [74.129754, 16.712058], [74.130038, 16.712059], [74.130037, 16.712332], [74.131454, 16.712338], [74.131448, 16.713704], [74.131731, 16.713705], [74.13173, 16.713978], [74.132864, 16.713983], [74.132861, 16.714529], [74.133145, 16.71453], [74.133142, 16.715077], [74.133709, 16.715079], [74.133708, 16.715352], [74.134275, 16.715355], [74.134274, 16.715628], [74.134841, 16.71563], [74.134839, 16.715903], [74.135123, 16.715905], [74.135122, 16.716178], [74.135972, 16.716181], [74.13597, 16.716728], [74.136253, 16.716729], [74.136252, 16.717002], [74.136535, 16.717003], [74.136533, 16.717549], [74.136816, 16.717551], [74.136811, 16.718643], [74.137095, 16.718644], [74.137094, 16.718918], [74.137377, 16.718919], [74.137373, 16.719738], [74.137657, 16.71974], [74.137654, 16.720286], [74.138221, 16.720288], [74.138216, 16.721381], [74.1385, 16.721382], [74.138496, 16.722202], [74.13878, 16.722203], [74.138779, 16.722476], [74.139062, 16.722477], [74.139061, 16.72275], [74.139344, 16.722751], [74.139342, 16.723298], [74.139625, 16.723299], [74.139622, 16.724118], [74.139338, 16.724117], [74.139333, 16.72521], [74.139617, 16.725211], [74.139613, 16.726031], [74.139897, 16.726032], [74.139892, 16.727124], [74.140175, 16.727126], [74.140174, 16.727399], [74.140457, 16.7274], [74.140455, 16.727946], [74.140738, 16.727948], [74.140737, 16.728221], [74.141021, 16.728222], [74.141019, 16.728495], [74.141303, 16.728496], [74.141297, 16.729862], [74.14158, 16.729863], [74.141579, 16.730136], [74.141296, 16.730135], [74.141294, 16.730408], [74.141011, 16.730407], [74.14101, 16.73068], [74.140726, 16.730679], [74.140724, 16.731226], [74.141007, 16.731227], [74.141002, 16.732319], [74.141286, 16.732321], [74.141283, 16.732867], [74.141567, 16.732868], [74.141562, 16.733961], [74.141845, 16.733962], [74.141844, 16.734235], [74.142128, 16.734236], [74.142127, 16.734509], [74.14241, 16.734511], [74.142409, 16.734784], [74.142976, 16.734786], [74.142975, 16.735059], [74.143258, 16.73506], [74.143257, 16.735334], [74.144107, 16.735337], [74.144106, 16.73561], [74.14439, 16.735611], [74.144387, 16.736158], [74.144671, 16.736159], [74.144669, 16.736432], [74.144953, 16.736433], [74.144952, 16.736707], [74.145235, 16.736708], [74.145233, 16.737254], [74.145516, 16.737255], [74.145515, 16.737528], [74.145799, 16.73753], [74.145797, 16.737803], [74.146081, 16.737804], [74.14608, 16.738077], [74.146363, 16.738078], [74.146361, 16.738625], [74.146644, 16.738626], [74.146643, 16.738899], [74.146926, 16.7389], [74.146925, 16.739173], [74.147209, 16.739174], [74.14721, 16.738901], [74.14806, 16.738905], [74.148059, 16.739178], [74.150611, 16.739188], [74.15061, 16.739462], [74.151177, 16.739464], [74.151175, 16.739737], [74.151742, 16.739739], [74.151741, 16.740013], [74.152592, 16.740016], [74.152593, 16.739743], [74.15401, 16.739749], [74.154012, 16.739476], [74.154579, 16.739478], [74.15458, 16.739205], [74.155147, 16.739207], [74.155146, 16.73948], [74.155429, 16.739481], [74.155428, 16.739755], [74.155711, 16.739756], [74.15571, 16.740029], [74.155994, 16.74003], [74.155993, 16.740303], [74.156843, 16.740307], [74.156842, 16.74058], [74.157125, 16.740581], [74.157124, 16.740854], [74.157408, 16.740855], [74.157406, 16.741128], [74.15854, 16.741133], [74.158539, 16.741406], [74.159106, 16.741409], [74.159105, 16.741682], [74.160239, 16.741686], [74.160237, 16.742233], [74.16052, 16.742234], [74.160519, 16.742507], [74.160803, 16.742508], [74.160804, 16.742235], [74.161371, 16.742237], [74.161372, 16.741964], [74.161939, 16.741966], [74.16194, 16.741693], [74.162791, 16.741697], [74.162792, 16.741424], [74.163075, 16.741425], [74.163077, 16.741152], [74.163644, 16.741154], [74.163645, 16.740881], [74.164212, 16.740883], [74.164211, 16.741156], [74.164778, 16.741158], [74.164776, 16.741432], [74.16591, 16.741436], [74.165909, 16.741709], [74.166193, 16.74171], [74.166192, 16.741984], [74.167326, 16.741988], [74.167327, 16.741715], [74.167894, 16.741717], [74.167895, 16.741444], [74.168746, 16.741448], [74.168744, 16.741721], [74.169028, 16.741722], [74.169027, 16.741995], [74.16931, 16.741996], [74.169309, 16.742269], [74.169876, 16.742272], [74.169877, 16.741999], [74.170161, 16.742], [74.170162, 16.741726], [74.171296, 16.741731], [74.171295, 16.742004], [74.171578, 16.742005], [74.171579, 16.741732], [74.171863, 16.741733], [74.171865, 16.741187], [74.172149, 16.741188], [74.17215, 16.740915], [74.172433, 16.740916], [74.172435, 16.740643], [74.172151, 16.740642], [74.172153, 16.740095], [74.17187, 16.740094], [74.171871, 16.739821], [74.171588, 16.73982], [74.171589, 16.739547], [74.171305, 16.739546], [74.171307, 16.739273], [74.172724, 16.739278], [74.172725, 16.739005], [74.173576, 16.739008], [74.173577, 16.738735], [74.175278, 16.738742], [74.175274, 16.739562], [74.175558, 16.739563], [74.175556, 16.740109], [74.17669, 16.740114], [74.176691, 16.73984], [74.176974, 16.739842], [74.176978, 16.739022], [74.176694, 16.739021], [74.176698, 16.738201], [74.177548, 16.738205], [74.177549, 16.737932], [74.177833, 16.737933], [74.177835, 16.737386], [74.178402, 16.737389], [74.178405, 16.736842], [74.178121, 16.736841], [74.178122, 16.736568], [74.178406, 16.736569], [74.178409, 16.73575], [74.17926, 16.735753], [74.179261, 16.73548], [74.179545, 16.735481], [74.179547, 16.734935], [74.179263, 16.734934], [74.179265, 16.73466], [74.178981, 16.734659], [74.178982, 16.734386], [74.179266, 16.734387], [74.17927, 16.733295], [74.178987, 16.733293], [74.178989, 16.732747], [74.178706, 16.732746], [74.178707, 16.732473], [74.17899, 16.732474], [74.178992, 16.732201], [74.177574, 16.732195], [74.177573, 16.732468], [74.177289, 16.732467], [74.177288, 16.73274], [74.176721, 16.732738], [74.176717, 16.733831], [74.17615, 16.733828], [74.176148, 16.734102], [74.175581, 16.734099], [74.175583, 16.733826], [74.174449, 16.733822], [74.17445, 16.733548], [74.173599, 16.733545], [74.1736, 16.733272], [74.173317, 16.733271], [74.173319, 16.732724], [74.173036, 16.732723], [74.173037, 16.73245], [74.172754, 16.732449], [74.172752, 16.732722], [74.171902, 16.732719], [74.171903, 16.732446], [74.170486, 16.73244], [74.170488, 16.731894], [74.170204, 16.731892], [74.170207, 16.731346], [74.169923, 16.731345], [74.169924, 16.731072], [74.169641, 16.731071], [74.169643, 16.730524], [74.16936, 16.730523], [74.169361, 16.73025], [74.169078, 16.730249], [74.169079, 16.729976], [74.168228, 16.729972], [74.168231, 16.729426], [74.166246, 16.729418], [74.166247, 16.729145], [74.165964, 16.729144], [74.165967, 16.728324], [74.165117, 16.728321], [74.165118, 16.728047], [74.164835, 16.728046], [74.164836, 16.727773], [74.165119, 16.727774], [74.165123, 16.726955], [74.164839, 16.726954], [74.164841, 16.726681], [74.164274, 16.726678], [74.164276, 16.726132], [74.163142, 16.726127], [74.163143, 16.725854], [74.162576, 16.725852], [74.162579, 16.725305], [74.162295, 16.725304], [74.162304, 16.723392], [74.162587, 16.723393], [74.162588, 16.72312], [74.162872, 16.723121], [74.162873, 16.722848], [74.16344, 16.72285], [74.163446, 16.721485], [74.163729, 16.721486], [74.163733, 16.720666], [74.1643, 16.720669], [74.164299, 16.720942], [74.164866, 16.720944], [74.164867, 16.720671], [74.165434, 16.720673], [74.165436, 16.720127], [74.16572, 16.720128], [74.165723, 16.719308], [74.16629, 16.719311], [74.166291, 16.719038], [74.166858, 16.71904], [74.166859, 16.718767], [74.167426, 16.718769], [74.167425, 16.719042], [74.167709, 16.719043], [74.167708, 16.719316], [74.168558, 16.71932], [74.168559, 16.719047], [74.169126, 16.719049], [74.169127, 16.718776], [74.169411, 16.718777], [74.169413, 16.718231], [74.169697, 16.718232], [74.169698, 16.717959], [74.169981, 16.71796], [74.169982, 16.717686], [74.170266, 16.717688], [74.170269, 16.716868], [74.170553, 16.716869], [74.170552, 16.717142], [74.171402, 16.717146], [74.171403, 16.716873], [74.17197, 16.716875], [74.171971, 16.716602], [74.172255, 16.716603], [74.172256, 16.71633], [74.17254, 16.716331], [74.172541, 16.716058], [74.173108, 16.71606], [74.173112, 16.714967], [74.173396, 16.714968], [74.173397, 16.714695], [74.17368, 16.714696], [74.173683, 16.71415], [74.173966, 16.714151], [74.173969, 16.713605], [74.174252, 16.713606], [74.174253, 16.713333], [74.174537, 16.713334], [74.174538, 16.713061], [74.174821, 16.713062], [74.174823, 16.712789], [74.175956, 16.712793], [74.175958, 16.71252], [74.176241, 16.712521], [74.176245, 16.711702], [74.175961, 16.711701], [74.175962, 16.711427], [74.176813, 16.711431], [74.176814, 16.711158], [74.177097, 16.711159], [74.177098, 16.710886], [74.177382, 16.710887], [74.177385, 16.710067], [74.177669, 16.710068], [74.177672, 16.709249], [74.177956, 16.70925], [74.177957, 16.708977], [74.178524, 16.708979], [74.178525, 16.708706], [74.179092, 16.708708], [74.179093, 16.708435], [74.179377, 16.708436], [74.179378, 16.708163], [74.179661, 16.708164], [74.179662, 16.707891], [74.179946, 16.707892], [74.179951, 16.706799], [74.180518, 16.706802], [74.180519, 16.706528], [74.181369, 16.706532], [74.18137, 16.706259], [74.181654, 16.70626], [74.181655, 16.705987], [74.181938, 16.705988], [74.181942, 16.705168], [74.182225, 16.705169], [74.182226, 16.704896], [74.182793, 16.704898], [74.182798, 16.703806], [74.183081, 16.703807], [74.183083, 16.703534], [74.183366, 16.703535], [74.183368, 16.702988], [74.183652, 16.70299], [74.183653, 16.702716], [74.183936, 16.702717], [74.183938, 16.702444], [74.184221, 16.702445], [74.184222, 16.702172], [74.184506, 16.702173], [74.184508, 16.701627], [74.184791, 16.701628], [74.184794, 16.701082], [74.185077, 16.701083], [74.185081, 16.700263], [74.185364, 16.700265], [74.185365, 16.699991], [74.185649, 16.699992], [74.18565, 16.699719], [74.185933, 16.69972], [74.185937, 16.698901], [74.18622, 16.698902], [74.186221, 16.698629], [74.186505, 16.69863], [74.186506, 16.698357], [74.186789, 16.698358], [74.186791, 16.698085], [74.187074, 16.698086], [74.187076, 16.697539], [74.18736, 16.697541], [74.187361, 16.697267], [74.187077, 16.697266], [74.187079, 16.696993], [74.186795, 16.696992], [74.186796, 16.696719], [74.18708, 16.69672], [74.187081, 16.696447], [74.187364, 16.696448], [74.187367, 16.695902], [74.18765, 16.695903], [74.187656, 16.694537], [74.187372, 16.694536], [74.187374, 16.694263], [74.18709, 16.694261], [74.187091, 16.693988], [74.186808, 16.693987], [74.18681, 16.693441], [74.187377, 16.693443], [74.187378, 16.69317], [74.187945, 16.693172], [74.187947, 16.692626], [74.189081, 16.69263], [74.189082, 16.692357], [74.190783, 16.692364], [74.190784, 16.692091], [74.191351, 16.692093], [74.191353, 16.691546], [74.191637, 16.691547], [74.191639, 16.691001], [74.191922, 16.691002], [74.191925, 16.690456], [74.191358, 16.690454], [74.19136, 16.689907], [74.191077, 16.689906], [74.191079, 16.68936], [74.191362, 16.689361], [74.191364, 16.689088], [74.191647, 16.689089], [74.191653, 16.687723], [74.191369, 16.687722], [74.191372, 16.687176], [74.191088, 16.687175], [74.191091, 16.686628], [74.190807, 16.686627], [74.190808, 16.686354], [74.190525, 16.686353], [74.190526, 16.68608], [74.190243, 16.686079], [74.190244, 16.685805], [74.189677, 16.685803], [74.189678, 16.68553], [74.189395, 16.685529], [74.189398, 16.684709], [74.189965, 16.684712], [74.189976, 16.68198], [74.18941, 16.681978], [74.189411, 16.681704], [74.188844, 16.681702], [74.188846, 16.681156], [74.18913, 16.681157], [74.189132, 16.680611], [74.189415, 16.680612], [74.189416, 16.680339], [74.19055, 16.680343], [74.190551, 16.68007], [74.191685, 16.680074], [74.191688, 16.679255], [74.192255, 16.679257], [74.192256, 16.678984], [74.19254, 16.678985], [74.192547, 16.677346], [74.192263, 16.677345], [74.192264, 16.677072], [74.191981, 16.677071], [74.191983, 16.676524], [74.1917, 16.676523], [74.191701, 16.67625], [74.191418, 16.676249], [74.191422, 16.675156], [74.191706, 16.675157], [74.191707, 16.674884], [74.191423, 16.674883], [74.191427, 16.674063], [74.19171, 16.674065], [74.191715, 16.672972], [74.191998, 16.672973], [74.191999, 16.6727], [74.192283, 16.672701], [74.192284, 16.672428], [74.192851, 16.67243], [74.192855, 16.671337], [74.193139, 16.671338], [74.19314, 16.671065], [74.193423, 16.671066], [74.193424, 16.670793], [74.193708, 16.670794], [74.193709, 16.670521], [74.194843, 16.670525], [74.194844, 16.670252], [74.195127, 16.670253], [74.195129, 16.669707], [74.195696, 16.669709], [74.195697, 16.669436], [74.195981, 16.669437], [74.195982, 16.669164], [74.196549, 16.669166], [74.196548, 16.669439], [74.197681, 16.669444], [74.197682, 16.669171], [74.198249, 16.669173], [74.198257, 16.667261], [74.197974, 16.667259], [74.197975, 16.666986], [74.197691, 16.666985], [74.197693, 16.666712], [74.197409, 16.666711], [74.197413, 16.665891], [74.197129, 16.66589], [74.197137, 16.663978], [74.196854, 16.663977], [74.196861, 16.662338], [74.196577, 16.662337], [74.196578, 16.662064], [74.196295, 16.662063], [74.196296, 16.661789], [74.196579, 16.661791], [74.196582, 16.661244], [74.197148, 16.661246], [74.19715, 16.660973], [74.197433, 16.660974], [74.197435, 16.660428], [74.197719, 16.660429], [74.197723, 16.659336], [74.198007, 16.659337], [74.198008, 16.659064], [74.197724, 16.659063], [74.197726, 16.65879], [74.197442, 16.658789], [74.197443, 16.658516], [74.198577, 16.65852], [74.198578, 16.658247], [74.198861, 16.658248], [74.198864, 16.657702], [74.19858, 16.657701], [74.198587, 16.656062], [74.19887, 16.656063], [74.198872, 16.655789], [74.198305, 16.655787], [74.198308, 16.654968], [74.198025, 16.654967], [74.198026, 16.654694], [74.197743, 16.654692], [74.197744, 16.654419], [74.196894, 16.654416], [74.196895, 16.654143], [74.196611, 16.654142], [74.196612, 16.653869], [74.196329, 16.653867], [74.196331, 16.653321], [74.196048, 16.65332], [74.196049, 16.653047], [74.195766, 16.653046], [74.195767, 16.652773], [74.195484, 16.652771], [74.195487, 16.651952], [74.195204, 16.651951], [74.195207, 16.651131], [74.19464, 16.651129], [74.194645, 16.650036], [74.194928, 16.650037], [74.194929, 16.649764], [74.195496, 16.649767], [74.195501, 16.648674], [74.195217, 16.648673], [74.195218, 16.6484], [74.194935, 16.648398], [74.194938, 16.647579], [74.194655, 16.647578], [74.194656, 16.647305], [74.194089, 16.647302], [74.194091, 16.647029], [74.193807, 16.647028], [74.193808, 16.646755], [74.193525, 16.646754], [74.193526, 16.646481], [74.19381, 16.646482], [74.193816, 16.644843], [74.1941, 16.644844], [74.194101, 16.644571], [74.194668, 16.644573], [74.194669, 16.6443], [74.194952, 16.644301], [74.194953, 16.644028], [74.195237, 16.644029], [74.195238, 16.643756], [74.195521, 16.643757], [74.195529, 16.641845], [74.195246, 16.641843], [74.195249, 16.641024], [74.195533, 16.641025], [74.195536, 16.640205], [74.195253, 16.640204], [74.195254, 16.639931], [74.19497, 16.63993], [74.194977, 16.638291], [74.195261, 16.638292], [74.195263, 16.637746], [74.194979, 16.637745], [74.194985, 16.636379], [74.194702, 16.636378], [74.194703, 16.636105], [74.19442, 16.636103], [74.194424, 16.635011], [74.194141, 16.63501], [74.194148, 16.633371], [74.194431, 16.633372], [74.194433, 16.632825], [74.19415, 16.632824], [74.194156, 16.631458], [74.193872, 16.631457], [74.193873, 16.631184], [74.19359, 16.631183], [74.193591, 16.63091], [74.193308, 16.630909], [74.193309, 16.630636], [74.193026, 16.630635], [74.193027, 16.630361], [74.192743, 16.63036], [74.192745, 16.630087], [74.191895, 16.630084], [74.191896, 16.629811], [74.190196, 16.629804], [74.190192, 16.630623], [74.189909, 16.630622], [74.189908, 16.630896], [74.188774, 16.630891], [74.188771, 16.631711], [74.187921, 16.631707], [74.187922, 16.631434], [74.187639, 16.631433], [74.18764, 16.63116], [74.187356, 16.631159], [74.187355, 16.631432], [74.186789, 16.63143], [74.186786, 16.631976], [74.186503, 16.631975], [74.186502, 16.632248], [74.186218, 16.632247], [74.186217, 16.63252], [74.185934, 16.632519], [74.185933, 16.632792], [74.185649, 16.632791], [74.185647, 16.633337], [74.184797, 16.633334], [74.184795, 16.63388], [74.183945, 16.633877], [74.183944, 16.63415], [74.18366, 16.634149], [74.183659, 16.634422], [74.183376, 16.634421], [74.183375, 16.634694], [74.183091, 16.634693], [74.183089, 16.63524], [74.182806, 16.635239], [74.182804, 16.635512], [74.182521, 16.635511], [74.182519, 16.636057], [74.182235, 16.636056], [74.182234, 16.636329], [74.181668, 16.636327], [74.181669, 16.636054], [74.180819, 16.63605], [74.180818, 16.636323], [74.179684, 16.636319], [74.179683, 16.636592], [74.1794, 16.636591], [74.179396, 16.637411], [74.179113, 16.637409], [74.17911, 16.637956], [74.178827, 16.637955], [74.178826, 16.638228], [74.178259, 16.638226], [74.178257, 16.638772], [74.177407, 16.638769], [74.177406, 16.639042], [74.176839, 16.639039], [74.17684, 16.638766], [74.17599, 16.638763], [74.175991, 16.63849], [74.175424, 16.638487], [74.175423, 16.638761], [74.174857, 16.638758], [74.174855, 16.639032], [74.173722, 16.639027], [74.173718, 16.639847], [74.172868, 16.639843], [74.172867, 16.640116], [74.172584, 16.640115], [74.172582, 16.640662], [74.172298, 16.64066], [74.172297, 16.640934], [74.172014, 16.640932], [74.172012, 16.641206], [74.169746, 16.641197], [74.169744, 16.64147], [74.168044, 16.641463], [74.168045, 16.64119], [74.167762, 16.641189], [74.167764, 16.640642], [74.167481, 16.640641], [74.167482, 16.640368], [74.166632, 16.640365], [74.166633, 16.640091], [74.165783, 16.640088], [74.165784, 16.639815], [74.165501, 16.639814], [74.165507, 16.638448], [74.16494, 16.638446], [74.164939, 16.638719], [74.164372, 16.638716], [74.164371, 16.63899], [74.163805, 16.638987], [74.163803, 16.639261], [74.16267, 16.639256], [74.162668, 16.639802], [74.162384, 16.639801], [74.162383, 16.640074], [74.161816, 16.640072], [74.161815, 16.640345], [74.161248, 16.640343], [74.161247, 16.640616], [74.160964, 16.640615], [74.160961, 16.641161], [74.160678, 16.64116], [74.160677, 16.641433], [74.160394, 16.641432], [74.160391, 16.641978], [74.159824, 16.641976], [74.159823, 16.642249], [74.15954, 16.642248], [74.159539, 16.642521], [74.159255, 16.64252], [74.159254, 16.642793], [74.158687, 16.642791], [74.158686, 16.643064], [74.156986, 16.643057], [74.156987, 16.642784], [74.156704, 16.642783], [74.156703, 16.643056], [74.156136, 16.643054], [74.156134, 16.6436], [74.15585, 16.643599], [74.155848, 16.644145], [74.155564, 16.644144], [74.155562, 16.644691], [74.154712, 16.644687], [74.154713, 16.644414], [74.15443, 16.644413], [74.154429, 16.644686], [74.154145, 16.644685], [74.154144, 16.644958], [74.153861, 16.644957], [74.153856, 16.64605], [74.153573, 16.646048], [74.153569, 16.646868], [74.152719, 16.646864], [74.152718, 16.647138], [74.152151, 16.647135], [74.152152, 16.646862], [74.148468, 16.646847], [74.14847, 16.646574], [74.147619, 16.64657], [74.147618, 16.646844], [74.147902, 16.646845], [74.1479, 16.647118], [74.147617, 16.647117], [74.147616, 16.64739], [74.147332, 16.647389], [74.147331, 16.647662], [74.147615, 16.647663], [74.14761, 16.648756], [74.147326, 16.648755], [74.147323, 16.649574], [74.147606, 16.649575], [74.147605, 16.649848], [74.147888, 16.64985], [74.147887, 16.650123], [74.147604, 16.650122], [74.147599, 16.651214], [74.147316, 16.651213], [74.147311, 16.652306], [74.147027, 16.652305], [74.147025, 16.652851], [74.146742, 16.65285], [74.14674, 16.653123], [74.146457, 16.653122], [74.146455, 16.653668], [74.146171, 16.653667], [74.146169, 16.654213], [74.146452, 16.654214], [74.146446, 16.65558], [74.146163, 16.655579], [74.146159, 16.656399], [74.146442, 16.6564], [74.146441, 16.656673], [74.146158, 16.656672], [74.146151, 16.658311], [74.145584, 16.658309], [74.145583, 16.658582], [74.145016, 16.658579], [74.145013, 16.659126], [74.144163, 16.659122], [74.14416, 16.659942], [74.143876, 16.659941], [74.143875, 16.660214], [74.143592, 16.660212], [74.14359, 16.660486], [74.142174, 16.66048], [74.14217, 16.661299], [74.141886, 16.661298], [74.141888, 16.661025], [74.141604, 16.661024], [74.141603, 16.661297], [74.14047, 16.661292], [74.140471, 16.661019], [74.140187, 16.661018], [74.140189, 16.660745], [74.139055, 16.66074], [74.139054, 16.661013], [74.138204, 16.66101], [74.138205, 16.660737], [74.137638, 16.660734], [74.137639, 16.660461], [74.137073, 16.660459], [74.137074, 16.660185], [74.136224, 16.660182], [74.136219, 16.661275], [74.135935, 16.661273], [74.135934, 16.661547], [74.13395, 16.661538], [74.133949, 16.661811], [74.132532, 16.661806], [74.132535, 16.661259], [74.132251, 16.661258], [74.132254, 16.660712], [74.131687, 16.660709], [74.131686, 16.660982], [74.130552, 16.660978], [74.130553, 16.660705], [74.128286, 16.660695], [74.128289, 16.660149], [74.126872, 16.660143], [74.126873, 16.65987], [74.12659, 16.659868], [74.126592, 16.659322], [74.126026, 16.65932], [74.126027, 16.659047], [74.125177, 16.659043], [74.125178, 16.65877], [74.124611, 16.658767], [74.124614, 16.658221], [74.123763, 16.658217], [74.123762, 16.658491], [74.122912, 16.658487], [74.12291, 16.659033], [74.122626, 16.659032], [74.122625, 16.659305], [74.121208, 16.659299], [74.121211, 16.658753], [74.120644, 16.658751], [74.120645, 16.658477], [74.120362, 16.658476], [74.12036, 16.658749], [74.120077, 16.658748], [74.120076, 16.659021], [74.119792, 16.65902], [74.119782, 16.661205], [74.119499, 16.661204], [74.1195, 16.660931], [74.119217, 16.66093], [74.119218, 16.660657], [74.118651, 16.660654], [74.118655, 16.659835], [74.118088, 16.659832], [74.118083, 16.660925], [74.1178, 16.660924], [74.117801, 16.660651], [74.116951, 16.660647], [74.11695, 16.66092], [74.1161, 16.660917], [74.116101, 16.660643], [74.115534, 16.660641], [74.115535, 16.660368], [74.114969, 16.660365], [74.114967, 16.660639], [74.114117, 16.660635], [74.114118, 16.660362], [74.113835, 16.660361], [74.113838, 16.659814], [74.113554, 16.659813], [74.113555, 16.65954], [74.112989, 16.659537], [74.11299, 16.659264], [74.112707, 16.659263], [74.112708, 16.65899], [74.111574, 16.658985], [74.111576, 16.658712], [74.111292, 16.658711], [74.111293, 16.658438], [74.110727, 16.658435], [74.110728, 16.658162], [74.109878, 16.658158], [74.109877, 16.658431], [74.10931, 16.658429], [74.109309, 16.658702], [74.107892, 16.658696], [74.107893, 16.658423], [74.106476, 16.658417], [74.106475, 16.65869], [74.105625, 16.658686], [74.105626, 16.658413], [74.104209, 16.658407], [74.104208, 16.65868], [74.102791, 16.658674], [74.102792, 16.658401], [74.101375, 16.658395], [74.101376, 16.658122], [74.100526, 16.658118], [74.100525, 16.658391], [74.099675, 16.658387], [74.099674, 16.658661], [74.098823, 16.658657], [74.098825, 16.658384], [74.098258, 16.658381], [74.098259, 16.658108], [74.097692, 16.658106], [74.097694, 16.657832], [74.09741, 16.657831], [74.097412, 16.657558], [74.097128, 16.657557], [74.097131, 16.65701], [74.096847, 16.657009], [74.096854, 16.655643], [74.095437, 16.655637], [74.095438, 16.655364], [74.094588, 16.65536], [74.094589, 16.655087], [74.094306, 16.655086], [74.094307, 16.654813], [74.094024, 16.654812], [74.094027, 16.654265], [74.09346, 16.654263], [74.093461, 16.65399], [74.092611, 16.653986], [74.092612, 16.653713], [74.092329, 16.653711], [74.092331, 16.653165], [74.092048, 16.653164], [74.092049, 16.652891], [74.091766, 16.652889], [74.091767, 16.652616], [74.091201, 16.652614], [74.091204, 16.651794], [74.090921, 16.651793], [74.090924, 16.651247], [74.09064, 16.651246], [74.090642, 16.650972], [74.090075, 16.65097], [74.090076, 16.650697], [74.089793, 16.650695], [74.089797, 16.649876], [74.089513, 16.649875], [74.089515, 16.649602], [74.089231, 16.6496], [74.089234, 16.649054], [74.089517, 16.649055], [74.08952, 16.648509], [74.089236, 16.648508], [74.089243, 16.647142], [74.088959, 16.647141], [74.088961, 16.646867], [74.088677, 16.646866], [74.08868, 16.64632], [74.088397, 16.646319], [74.0884, 16.645499], [74.088684, 16.6455], [74.088685, 16.645227], [74.088968, 16.645228], [74.088971, 16.644682], [74.089254, 16.644683], [74.089258, 16.643864], [74.088975, 16.643863], [74.088976, 16.643589], [74.089543, 16.643592], [74.089545, 16.643046], [74.088695, 16.643042], [74.088699, 16.642222], [74.088983, 16.642224], [74.088984, 16.64195], [74.088701, 16.641949], [74.088702, 16.641676], [74.088419, 16.641675], [74.088422, 16.640855], [74.084455, 16.640838], [74.084457, 16.640565], [74.084173, 16.640563], [74.084175, 16.64029], [74.083325, 16.640287], [74.083326, 16.640013], [74.082759, 16.640011], [74.082761, 16.639738], [74.082477, 16.639736], [74.08248, 16.63919], [74.082196, 16.639189], [74.082198, 16.638916], [74.081914, 16.638914], [74.081916, 16.638641], [74.082199, 16.638643], [74.082203, 16.637823], [74.081636, 16.637821], [74.081638, 16.637547], [74.081354, 16.637546], [74.081355, 16.637273], [74.081072, 16.637272], [74.081073, 16.636999], [74.08079, 16.636997], [74.080791, 16.636724], [74.080508, 16.636723], [74.080509, 16.63645], [74.080226, 16.636448], [74.080227, 16.636175], [74.079944, 16.636174], [74.079945, 16.635901], [74.079662, 16.6359], [74.079663, 16.635626], [74.07938, 16.635625], [74.079381, 16.635352], [74.079098, 16.635351], [74.0791, 16.634804], [74.078817, 16.634803], [74.078818, 16.63453], [74.078535, 16.634529], [74.078536, 16.634256], [74.07797, 16.634253], [74.077971, 16.63398], [74.077404, 16.633977], [74.077403, 16.634251], [74.076836, 16.634248], [74.076838, 16.633975], [74.076271, 16.633972], [74.076272, 16.633699], [74.075989, 16.633698], [74.075992, 16.633152], [74.075708, 16.63315], [74.075709, 16.632877], [74.075426, 16.632876], [74.075427, 16.632603], [74.075144, 16.632601], [74.075147, 16.632055], [74.074863, 16.632054], [74.074865, 16.631781], [74.074581, 16.631779], [74.074583, 16.631506], [74.074299, 16.631505], [74.074301, 16.631232], [74.074017, 16.631231], [74.074019, 16.630957], [74.073735, 16.630956], [74.073738, 16.63041], [74.073171, 16.630407], [74.073174, 16.629861], [74.072891, 16.62986], [74.072893, 16.629313], [74.07261, 16.629312], [74.072612, 16.628766], [74.072329, 16.628765], [74.072332, 16.628218], [74.072048, 16.628217], [74.07205, 16.627944], [74.071766, 16.627942], [74.07177, 16.627123], [74.071487, 16.627122], [74.071491, 16.626302], [74.071208, 16.626301], [74.071209, 16.626028], [74.070926, 16.626027], [74.070928, 16.62548], [74.070645, 16.625479], [74.07065, 16.624386], [74.070367, 16.624385], [74.070369, 16.623839], [74.070086, 16.623837], [74.070087, 16.623564], [74.069804, 16.623563], [74.069805, 16.62329], [74.069522, 16.623289], [74.069523, 16.623015], [74.06924, 16.623014], [74.069241, 16.622741], [74.068108, 16.622736], [74.068109, 16.622463], [74.067543, 16.62246], [74.067544, 16.622187], [74.066977, 16.622184], [74.066979, 16.621911], [74.066412, 16.621909], [74.066413, 16.621636], [74.065847, 16.621633], [74.065848, 16.62136], [74.065281, 16.621357], [74.065283, 16.621084], [74.064433, 16.62108], [74.064434, 16.620807], [74.064151, 16.620806], [74.064152, 16.620533], [74.063302, 16.620529], [74.063304, 16.620256], [74.06302, 16.620254], [74.063022, 16.619981], [74.062738, 16.61998], [74.06274, 16.619707], [74.06189, 16.619703], [74.061891, 16.61943], [74.061608, 16.619429], [74.061609, 16.619155], [74.061042, 16.619153], [74.061044, 16.61888], [74.060194, 16.618876], [74.060195, 16.618603], [74.059628, 16.6186], [74.05963, 16.618327], [74.059063, 16.618324], [74.059064, 16.618051], [74.058214, 16.618047], [74.058216, 16.617774], [74.057366, 16.61777], [74.057367, 16.617497], [74.057084, 16.617496], [74.057085, 16.617223], [74.056519, 16.61722], [74.05652, 16.616947], [74.055953, 16.616944], [74.055955, 16.616671], [74.055388, 16.616669], [74.055389, 16.616396], [74.055106, 16.616394], [74.055107, 16.616121], [74.054541, 16.616119], [74.054542, 16.615845], [74.054259, 16.615844], [74.05426, 16.615571], [74.053977, 16.61557], [74.053978, 16.615296], [74.053695, 16.615295], [74.053696, 16.615022], [74.053129, 16.615019], [74.053131, 16.614746], [74.052564, 16.614744], [74.052566, 16.61447], [74.051716, 16.614467], [74.051717, 16.614193], [74.050867, 16.61419], [74.050866, 16.614463], [74.050299, 16.61446], [74.0503, 16.614187], [74.048034, 16.614177], [74.048035, 16.613903], [74.043786, 16.613884], [74.043784, 16.614157], [74.041518, 16.614147], [74.041519, 16.613874], [74.040952, 16.613871], [74.040954, 16.613598], [74.039821, 16.613592], [74.039822, 16.613319], [74.039539, 16.613318], [74.039537, 16.613591], [74.039254, 16.61359], [74.039255, 16.613317], [74.038689, 16.613314], [74.03869, 16.613041], [74.038123, 16.613038], [74.038125, 16.612765], [74.037842, 16.612764], [74.037843, 16.612491], [74.036993, 16.612487], [74.036994, 16.612214], [74.036428, 16.612211], [74.036429, 16.611938], [74.035579, 16.611934], [74.035581, 16.611661], [74.035014, 16.611658], [74.035015, 16.611385], [74.033882, 16.61138], [74.033883, 16.611106], [74.033034, 16.611103], [74.033035, 16.610829], [74.032185, 16.610825], [74.032186, 16.610552], [74.03077, 16.610546], [74.030771, 16.610272], [74.029921, 16.610269], [74.029923, 16.609995], [74.028506, 16.609989], [74.028508, 16.609716], [74.027941, 16.609713], [74.027942, 16.60944], [74.026242, 16.609432], [74.026244, 16.609159], [74.025961, 16.609157], [74.025962, 16.608884], [74.025679, 16.608883], [74.025677, 16.609156], [74.025111, 16.609153], [74.025109, 16.609426], [74.024826, 16.609425], [74.024825, 16.609698], [74.024541, 16.609697], [74.02454, 16.60997], [74.024257, 16.609969], [74.024255, 16.610242], [74.023972, 16.610241], [74.023971, 16.610514], [74.023687, 16.610512], [74.023684, 16.611059], [74.023401, 16.611057], [74.0234, 16.611331], [74.022833, 16.611328], [74.02283, 16.611874], [74.022547, 16.611873], [74.02254, 16.613239], [74.022257, 16.613237], [74.022256, 16.613511], [74.021972, 16.613509], [74.021971, 16.613782], [74.021121, 16.613778], [74.02112, 16.614052], [74.02027, 16.614048], [74.020268, 16.614321], [74.019702, 16.614318], [74.0197, 16.614591], [74.019417, 16.61459], [74.019414, 16.615136], [74.019697, 16.615138], [74.019696, 16.615411], [74.019979, 16.615412], [74.019977, 16.615958], [74.019693, 16.615957], [74.019692, 16.61623], [74.019409, 16.616229], [74.019407, 16.616502], [74.019124, 16.616501], [74.019117, 16.617866], [74.018834, 16.617865], [74.018827, 16.619231], [74.01911, 16.619232], [74.019107, 16.619779], [74.019391, 16.61978], [74.019389, 16.620053], [74.019672, 16.620054], [74.019671, 16.620328], [74.019388, 16.620326], [74.019386, 16.620599], [74.01882, 16.620597], [74.018817, 16.621143], [74.018534, 16.621142], [74.018531, 16.621688], [74.018248, 16.621687], [74.018246, 16.62196], [74.017963, 16.621959], [74.017961, 16.622232], [74.017395, 16.622229], [74.017393, 16.622502], [74.01711, 16.622501], [74.017107, 16.623047], [74.016824, 16.623046], [74.016823, 16.623319], [74.017673, 16.623323], [74.017671, 16.623596], [74.017955, 16.623597], [74.017953, 16.623871], [74.018236, 16.623872], [74.018231, 16.624965], [74.018514, 16.624966], [74.018507, 16.626332], [74.018224, 16.62633], [74.018221, 16.626877], [74.018505, 16.626878], [74.018499, 16.627971], [74.018782, 16.627972], [74.018766, 16.63125], [74.019049, 16.631251], [74.019048, 16.631524], [74.019331, 16.631526], [74.019329, 16.631799], [74.019613, 16.6318], [74.019611, 16.632073], [74.019895, 16.632075], [74.019893, 16.632348], [74.02216, 16.632359], [74.022159, 16.632632], [74.021875, 16.63263], [74.021874, 16.632904], [74.022157, 16.632905], [74.022156, 16.633178], [74.022439, 16.633179], [74.022438, 16.633453], [74.022721, 16.633454], [74.022718, 16.634], [74.023002, 16.634002], [74.023, 16.634275], [74.023284, 16.634276], [74.023278, 16.635369], [74.023562, 16.63537], [74.02356, 16.635643], [74.023843, 16.635645], [74.023842, 16.635918], [74.024409, 16.63592], [74.024401, 16.637559], [74.024684, 16.637561], [74.024678, 16.638653], [74.024962, 16.638655], [74.02496, 16.638928], [74.025244, 16.638929], [74.025242, 16.639202], [74.025526, 16.639204], [74.025524, 16.639477], [74.026091, 16.639479], [74.02609, 16.639753], [74.026656, 16.639755], [74.026655, 16.640028], [74.026938, 16.64003], [74.026937, 16.640303], [74.02722, 16.640304], [74.027219, 16.640577], [74.027502, 16.640579], [74.027501, 16.640852], [74.027784, 16.640853], [74.027783, 16.641126], [74.028066, 16.641128], [74.028065, 16.641401], [74.028348, 16.641402], [74.028344, 16.642222], [74.028627, 16.642223], [74.028626, 16.642496], [74.029193, 16.642499], [74.029191, 16.642772], [74.029758, 16.642775], [74.029761, 16.642228], [74.030044, 16.64223], [74.030043, 16.642503], [74.030609, 16.642505], [74.030608, 16.642779], [74.031175, 16.642781], [74.031169, 16.643874], [74.031736, 16.643877], [74.031733, 16.644423], [74.032016, 16.644424], [74.032015, 16.644697], [74.032582, 16.6447], [74.03258, 16.644973], [74.032864, 16.644974], [74.032862, 16.645248], [74.033146, 16.645249], [74.033144, 16.645522], [74.033428, 16.645523], [74.033426, 16.645797], [74.03371, 16.645798], [74.033708, 16.646071], [74.033992, 16.646072], [74.03399, 16.646346], [74.034274, 16.646347], [74.034272, 16.64662], [74.034556, 16.646621], [74.034554, 16.646895], [74.035121, 16.646897], [74.03512, 16.64717], [74.036253, 16.647176], [74.036246, 16.648541], [74.035963, 16.64854], [74.035957, 16.649633], [74.037091, 16.649638], [74.03709, 16.649911], [74.03794, 16.649915], [74.037938, 16.650188], [74.038222, 16.65019], [74.03822, 16.650463], [74.038504, 16.650464], [74.038502, 16.650737], [74.038786, 16.650739], [74.038783, 16.651285], [74.039066, 16.651286], [74.039062, 16.652106], [74.039346, 16.652107], [74.039344, 16.65238], [74.039628, 16.652381], [74.039626, 16.652655], [74.03991, 16.652656], [74.039908, 16.652929], [74.040192, 16.65293], [74.040182, 16.654843], [74.040465, 16.654844], [74.040464, 16.655117], [74.040747, 16.655118], [74.040746, 16.655391], [74.041029, 16.655393], [74.041027, 16.655939], [74.041593, 16.655942], [74.041592, 16.656215], [74.041875, 16.656216], [74.041874, 16.656489], [74.041591, 16.656488], [74.041589, 16.656761], [74.041306, 16.65676], [74.041301, 16.657853], [74.041017, 16.657851], [74.041013, 16.658671], [74.04073, 16.658669], [74.040728, 16.658943], [74.040445, 16.658941], [74.040441, 16.659761], [74.040724, 16.659762], [74.040723, 16.660035], [74.04129, 16.660038], [74.041288, 16.660311], [74.041572, 16.660312], [74.041569, 16.660859], [74.041852, 16.66086], [74.04185, 16.661406], [74.042133, 16.661408], [74.042132, 16.661681], [74.042415, 16.661682], [74.042414, 16.661955], [74.043264, 16.661959], [74.043263, 16.662232], [74.043546, 16.662234], [74.043545, 16.662507], [74.044961, 16.662513], [74.04496, 16.662786], [74.045527, 16.662789], [74.045525, 16.663062], [74.045809, 16.663063], [74.045808, 16.663337], [74.046091, 16.663338], [74.04609, 16.663611], [74.046656, 16.663614], [74.046654, 16.66416], [74.046937, 16.664161], [74.046933, 16.664981], [74.047216, 16.664982], [74.047212, 16.665802], [74.047496, 16.665803], [74.047494, 16.666076], [74.048061, 16.666079], [74.04806, 16.666352], [74.048343, 16.666353], [74.048342, 16.666626], [74.048625, 16.666628], [74.048624, 16.666901], [74.048907, 16.666902], [74.048904, 16.667448], [74.049188, 16.66745], [74.049187, 16.667723], [74.049753, 16.667725], [74.049752, 16.667999], [74.050319, 16.668001], [74.050317, 16.668274], [74.050884, 16.668277], [74.050883, 16.66855], [74.05145, 16.668553], [74.051448, 16.668826], [74.051732, 16.668827], [74.05173, 16.6691], [74.052014, 16.669102], [74.052012, 16.669375], [74.052296, 16.669376], [74.052294, 16.669649], [74.052578, 16.669651], [74.052576, 16.669924], [74.053143, 16.669926], [74.053142, 16.670199], [74.053425, 16.670201], [74.053423, 16.670747], [74.053706, 16.670748], [74.053705, 16.671022], [74.053988, 16.671023], [74.053987, 16.671296], [74.05427, 16.671297], [74.054269, 16.67157], [74.054552, 16.671572], [74.054551, 16.671845], [74.054834, 16.671846], [74.054832, 16.672393], [74.055398, 16.672395], [74.055397, 16.672668], [74.055964, 16.672671], [74.055962, 16.672944], [74.056246, 16.672945], [74.056244, 16.673218], [74.056528, 16.67322], [74.056527, 16.673493], [74.05681, 16.673494], [74.056809, 16.673767], [74.057092, 16.673769], [74.057091, 16.674042], [74.057374, 16.674043], [74.057373, 16.674316], [74.05794, 16.674319], [74.057938, 16.674592], [74.058222, 16.674593], [74.05822, 16.674866], [74.058787, 16.674869], [74.058786, 16.675142], [74.059069, 16.675144], [74.059068, 16.675417], [74.059351, 16.675418], [74.05935, 16.675691], [74.059633, 16.675692], [74.059632, 16.675966], [74.059915, 16.675967], [74.059911, 16.676786], [74.060195, 16.676788], [74.060193, 16.677061], [74.060477, 16.677062], [74.060474, 16.677608], [74.060758, 16.67761], [74.060754, 16.678429], [74.06047, 16.678428], [74.060465, 16.679521], [74.060181, 16.679519], [74.060179, 16.680066], [74.059895, 16.680064], [74.059894, 16.680337], [74.059044, 16.680334], [74.059042, 16.680607], [74.058759, 16.680605], [74.058756, 16.681152], [74.05904, 16.681153], [74.059038, 16.681426], [74.058755, 16.681425], [74.058752, 16.681971], [74.058469, 16.68197], [74.058468, 16.682243], [74.057901, 16.682241], [74.057899, 16.682514], [74.057616, 16.682512], [74.057615, 16.682786], [74.057331, 16.682784], [74.05733, 16.683057], [74.057046, 16.683056], [74.057045, 16.683329], [74.056762, 16.683328], [74.05676, 16.683601], [74.056194, 16.683599], [74.056192, 16.683872], [74.055909, 16.683871], [74.055907, 16.684144], [74.055624, 16.684142], [74.055623, 16.684416], [74.055339, 16.684414], [74.055338, 16.684687], [74.054771, 16.684685], [74.05477, 16.684958], [74.054486, 16.684957], [74.054485, 16.68523], [74.053351, 16.685225], [74.05335, 16.685498], [74.053067, 16.685497], [74.053065, 16.68577], [74.052498, 16.685767], [74.052496, 16.686313], [74.052212, 16.686312], [74.052208, 16.687132], [74.051925, 16.68713], [74.051922, 16.687677], [74.051639, 16.687675], [74.051633, 16.688768], [74.05135, 16.688767], [74.051347, 16.689313], [74.051064, 16.689312], [74.051062, 16.689585], [74.050779, 16.689584], [74.050778, 16.689857], [74.050494, 16.689855], [74.050493, 16.690129], [74.05021, 16.690127], [74.050208, 16.6904], [74.048791, 16.690394], [74.04879, 16.690667], [74.048506, 16.690666], [74.048505, 16.690939], [74.047655, 16.690935], [74.047656, 16.690662], [74.046522, 16.690657], [74.046524, 16.690384], [74.04539, 16.690378], [74.045391, 16.690105], [74.044824, 16.690103], [74.044826, 16.689829], [74.044542, 16.689828], [74.044544, 16.689555], [74.04426, 16.689554], [74.044262, 16.68928], [74.043978, 16.689279], [74.04398, 16.689006], [74.043696, 16.689005], [74.043698, 16.688731], [74.042281, 16.688725], [74.042279, 16.688998], [74.041996, 16.688997], [74.041994, 16.68927], [74.041428, 16.689267], [74.041426, 16.68954], [74.041143, 16.689539], [74.041141, 16.689812], [74.039724, 16.689806], [74.039723, 16.690079], [74.039439, 16.690078], [74.039438, 16.690351], [74.037738, 16.690343], [74.037736, 16.690616], [74.036603, 16.690611], [74.036601, 16.690884], [74.036885, 16.690885], [74.036882, 16.691432], [74.035465, 16.691425], [74.035463, 16.691698], [74.03518, 16.691697], [74.035176, 16.692516], [74.034892, 16.692515], [74.034891, 16.692788], [74.034608, 16.692787], [74.034606, 16.69306], [74.033473, 16.693055], [74.033471, 16.693328], [74.033188, 16.693326], [74.033186, 16.6936], [74.032903, 16.693598], [74.032902, 16.693871], [74.031768, 16.693866], [74.031765, 16.694412], [74.031482, 16.694411], [74.03148, 16.694684], [74.030063, 16.694678], [74.03006, 16.695224], [74.029777, 16.695223], [74.029773, 16.696042], [74.029206, 16.696039], [74.029203, 16.696586], [74.028353, 16.696582], [74.028352, 16.696855], [74.027785, 16.696852], [74.027775, 16.698764], [74.028058, 16.698766], [74.028056, 16.699312], [74.027772, 16.699311], [74.027769, 16.699857], [74.027486, 16.699856], [74.027485, 16.700129], [74.027768, 16.70013], [74.027767, 16.700403], [74.02805, 16.700405], [74.028042, 16.702044], [74.027758, 16.702042], [74.027757, 16.702315], [74.027474, 16.702314], [74.027469, 16.703134], [74.027186, 16.703132], [74.027183, 16.703679], [74.0269, 16.703677], [74.026897, 16.704224], [74.026614, 16.704222], [74.026611, 16.704769], [74.026327, 16.704767], [74.026326, 16.70504], [74.025759, 16.705038], [74.025755, 16.705857], [74.025472, 16.705856], [74.02547, 16.706129], [74.025754, 16.70613], [74.025745, 16.707769], [74.026029, 16.707771], [74.026027, 16.708044], [74.025744, 16.708042], [74.025743, 16.708316], [74.026026, 16.708317], [74.026025, 16.70859], [74.025741, 16.708589], [74.02574, 16.708862], [74.025456, 16.708861], [74.025448, 16.7105], [74.025731, 16.710501], [74.025729, 16.711047], [74.026012, 16.711049], [74.026011, 16.711322], [74.026294, 16.711323], [74.026291, 16.711869], [74.026575, 16.711871], [74.026573, 16.712144], [74.026857, 16.712145], [74.026856, 16.712418], [74.027139, 16.71242], [74.027138, 16.712693], [74.027421, 16.712694], [74.027418, 16.71324], [74.027702, 16.713242], [74.027695, 16.714608], [74.027128, 16.714605], [74.027124, 16.715424], [74.02684, 16.715423], [74.026832, 16.717062], [74.026549, 16.717061], [74.026544, 16.71788], [74.026261, 16.717879], [74.026251, 16.719791], [74.025968, 16.71979], [74.025965, 16.720336], [74.025398, 16.720333], [74.025397, 16.720606], [74.025113, 16.720605], [74.025112, 16.720878], [74.024828, 16.720877], [74.024827, 16.72115], [74.024543, 16.721149], [74.024542, 16.721422], [74.024259, 16.721421], [74.024257, 16.721694], [74.02369, 16.721691], [74.023689, 16.721964], [74.022272, 16.721957], [74.02227, 16.722231], [74.023121, 16.722235], [74.023119, 16.722508], [74.023403, 16.722509], [74.023401, 16.722782], [74.025102, 16.72279], [74.025101, 16.723064], [74.025384, 16.723065], [74.025383, 16.723338], [74.025666, 16.723339], [74.025665, 16.723612], [74.027649, 16.723622], [74.027648, 16.723895], [74.027931, 16.723896], [74.02793, 16.724169], [74.028213, 16.724171], [74.028212, 16.724444], [74.029062, 16.724448], [74.029061, 16.724721], [74.029628, 16.724724], [74.029627, 16.724997], [74.031611, 16.725006], [74.031609, 16.725279], [74.031893, 16.725281], [74.031892, 16.725554], [74.032175, 16.725555], [74.032174, 16.725828], [74.032457, 16.72583], [74.032454, 16.726376], [74.033305, 16.72638], [74.033303, 16.726653], [74.034154, 16.726657], [74.034152, 16.72693], [74.035003, 16.726934], [74.035002, 16.727207], [74.035852, 16.727211], [74.035851, 16.727485], [74.036418, 16.727487], [74.036416, 16.72776], [74.0367, 16.727762], [74.036698, 16.728035], [74.036982, 16.728036], [74.03698, 16.728309], [74.037264, 16.728311], [74.037262, 16.728584], [74.037546, 16.728585], [74.037545, 16.728858], [74.037828, 16.72886], [74.037827, 16.729133], [74.038394, 16.729135], [74.038392, 16.729409], [74.038676, 16.72941], [74.038672, 16.730229], [74.038955, 16.730231], [74.038954, 16.730504], [74.039237, 16.730505], [74.039234, 16.731052], [74.039518, 16.731053], [74.039517, 16.731326], [74.0398, 16.731327], [74.039797, 16.731874], [74.040081, 16.731875], [74.040079, 16.732148], [74.040363, 16.732149], [74.040362, 16.732423], [74.040645, 16.732424], [74.040644, 16.732697], [74.041211, 16.7327], [74.041209, 16.732973], [74.041493, 16.732974], [74.041491, 16.733247], [74.042058, 16.73325], [74.042057, 16.733523], [74.042341, 16.733524], [74.042339, 16.733798], [74.042906, 16.7338], [74.042905, 16.734073], [74.043188, 16.734075], [74.043187, 16.734348], [74.04347, 16.734349], [74.043469, 16.734622]]]]}}, {"type": "Feature", "properties": {"name": "S1", "long_len": 19333.12092424499, "long_slo": 0.011146674189047, "cent_len": 10149.44017496295, "cent_slo": 0.003202147058335, "10_85_len": 14499.8406931837, "10_85_slo": 0.005841566020454, "basin_slo": 0.055758345457051, "basin_rel": 216.0, "elong_ra": 0.541925201122591, "relief_ra": 0.011172536542154, "drain_den": 0.038629530306061, "len_units": "Metre"}, "geometry": {"type": "MultiPolygon", "coordinates": [[[[74.199305, 16.755774], [74.200723, 16.755779], [74.200725, 16.755233], [74.201008, 16.755234], [74.201007, 16.755507], [74.201291, 16.755508], [74.201292, 16.755235], [74.201859, 16.755237], [74.20186, 16.754964], [74.202144, 16.754965], [74.202145, 16.754692], [74.202428, 16.754693], [74.20243, 16.75442], [74.203847, 16.754425], [74.203848, 16.754152], [74.204132, 16.754153], [74.204134, 16.753607], [74.205552, 16.753612], [74.205554, 16.753066], [74.205838, 16.753067], [74.205844, 16.751428], [74.206411, 16.75143], [74.206413, 16.751157], [74.206696, 16.751158], [74.206698, 16.750612], [74.206982, 16.750613], [74.206984, 16.750066], [74.206701, 16.750065], [74.206703, 16.749519], [74.206136, 16.749517], [74.206138, 16.748971], [74.205855, 16.748969], [74.205859, 16.747877], [74.206143, 16.747878], [74.206149, 16.746239], [74.206716, 16.746241], [74.206718, 16.745968], [74.207852, 16.745972], [74.207853, 16.745699], [74.208703, 16.745702], [74.208704, 16.745429], [74.208988, 16.74543], [74.208989, 16.745157], [74.209273, 16.745158], [74.209271, 16.745431], [74.209838, 16.745433], [74.209837, 16.745707], [74.212673, 16.745717], [74.212674, 16.745444], [74.213241, 16.745446], [74.213242, 16.745173], [74.213525, 16.745174], [74.213526, 16.744901], [74.214661, 16.744906], [74.214662, 16.744632], [74.216363, 16.744639], [74.216364, 16.744366], [74.216647, 16.744367], [74.216648, 16.744094], [74.216932, 16.744095], [74.216933, 16.743821], [74.217784, 16.743825], [74.217785, 16.743552], [74.218635, 16.743555], [74.218638, 16.743008], [74.218921, 16.743009], [74.218922, 16.742736], [74.220907, 16.742744], [74.220909, 16.742197], [74.221192, 16.742199], [74.221194, 16.741925], [74.222328, 16.74193], [74.222329, 16.741656], [74.222612, 16.741658], [74.222613, 16.741384], [74.223464, 16.741388], [74.223465, 16.741114], [74.223749, 16.741115], [74.22375, 16.740842], [74.223466, 16.740841], [74.223467, 16.740568], [74.223751, 16.740569], [74.223752, 16.740296], [74.223468, 16.740295], [74.223471, 16.739749], [74.224038, 16.739751], [74.22404, 16.739204], [74.223756, 16.739203], [74.223757, 16.73893], [74.223474, 16.738929], [74.223478, 16.737836], [74.224329, 16.737839], [74.22433, 16.737566], [74.224613, 16.737567], [74.224612, 16.737841], [74.225179, 16.737843], [74.225182, 16.737296], [74.225465, 16.737297], [74.225466, 16.737024], [74.22575, 16.737025], [74.225751, 16.736752], [74.226034, 16.736753], [74.226035, 16.73648], [74.226319, 16.736481], [74.22632, 16.736208], [74.228304, 16.736215], [74.228306, 16.735942], [74.229156, 16.735945], [74.229155, 16.736219], [74.229722, 16.736221], [74.229724, 16.735674], [74.230008, 16.735675], [74.230009, 16.735402], [74.230292, 16.735403], [74.230293, 16.73513], [74.23086, 16.735132], [74.230858, 16.735679], [74.231142, 16.73568], [74.231141, 16.735953], [74.232275, 16.735957], [74.232272, 16.736503], [74.232839, 16.736505], [74.232836, 16.737325], [74.233403, 16.737327], [74.233402, 16.7376], [74.233686, 16.737601], [74.233684, 16.737874], [74.234252, 16.737877], [74.23425, 16.73815], [74.234817, 16.738152], [74.234816, 16.738425], [74.2351, 16.738426], [74.235094, 16.739792], [74.235378, 16.739793], [74.235379, 16.73952], [74.235662, 16.739521], [74.235664, 16.739248], [74.235947, 16.739249], [74.23595, 16.738429], [74.236234, 16.73843], [74.236235, 16.738157], [74.236518, 16.738158], [74.236522, 16.737339], [74.236805, 16.73734], [74.236806, 16.737066], [74.237657, 16.73707], [74.237656, 16.737343], [74.238223, 16.737345], [74.238224, 16.737072], [74.238507, 16.737073], [74.238508, 16.7368], [74.238792, 16.736801], [74.238794, 16.736254], [74.239078, 16.736255], [74.239081, 16.735436], [74.239364, 16.735437], [74.239365, 16.735164], [74.239649, 16.735165], [74.23965, 16.734892], [74.240217, 16.734894], [74.240218, 16.73462], [74.240785, 16.734623], [74.240786, 16.734349], [74.24192, 16.734354], [74.241922, 16.733807], [74.241639, 16.733806], [74.241642, 16.732987], [74.241926, 16.732988], [74.241928, 16.732441], [74.242211, 16.732442], [74.242212, 16.732169], [74.242496, 16.73217], [74.242498, 16.731624], [74.243065, 16.731626], [74.243066, 16.731353], [74.243633, 16.731355], [74.24364, 16.729716], [74.243923, 16.729717], [74.24393, 16.728078], [74.244213, 16.728079], [74.244215, 16.727533], [74.244499, 16.727534], [74.244501, 16.726987], [74.244217, 16.726986], [74.244218, 16.726713], [74.243935, 16.726712], [74.243939, 16.725619], [74.243656, 16.725618], [74.243661, 16.724252], [74.242244, 16.724247], [74.24225, 16.722608], [74.241683, 16.722606], [74.241684, 16.722333], [74.241401, 16.722332], [74.241402, 16.722059], [74.241118, 16.722058], [74.241119, 16.721784], [74.240836, 16.721783], [74.240838, 16.721237], [74.239988, 16.721234], [74.239989, 16.720961], [74.239705, 16.72096], [74.239706, 16.720687], [74.239423, 16.720685], [74.239424, 16.720412], [74.239707, 16.720413], [74.239713, 16.719047], [74.239429, 16.719046], [74.23943, 16.718773], [74.239714, 16.718774], [74.239716, 16.718228], [74.24, 16.718229], [74.240001, 16.717956], [74.240284, 16.717957], [74.240285, 16.717684], [74.241136, 16.717687], [74.24114, 16.716594], [74.241423, 16.716595], [74.241425, 16.716322], [74.241708, 16.716323], [74.24171, 16.715777], [74.241994, 16.715778], [74.241995, 16.715505], [74.242562, 16.715507], [74.242563, 16.715233], [74.242846, 16.715234], [74.242849, 16.714415], [74.243133, 16.714416], [74.243134, 16.714143], [74.242851, 16.714142], [74.242852, 16.713869], [74.242568, 16.713868], [74.24257, 16.713321], [74.242287, 16.71332], [74.242289, 16.712774], [74.242572, 16.712775], [74.242574, 16.712502], [74.24314, 16.712504], [74.243142, 16.712231], [74.243425, 16.712232], [74.243426, 16.711958], [74.24371, 16.71196], [74.243708, 16.712233], [74.244275, 16.712235], [74.244276, 16.711962], [74.24456, 16.711963], [74.244561, 16.711689], [74.245128, 16.711692], [74.24513, 16.711145], [74.245414, 16.711146], [74.245417, 16.710327], [74.2457, 16.710328], [74.245703, 16.709508], [74.246554, 16.709511], [74.246555, 16.709238], [74.246838, 16.709239], [74.246839, 16.708966], [74.247123, 16.708967], [74.247125, 16.708421], [74.247409, 16.708422], [74.24741, 16.708149], [74.247693, 16.70815], [74.247695, 16.707603], [74.247979, 16.707604], [74.24798, 16.707331], [74.247696, 16.70733], [74.247701, 16.706237], [74.247417, 16.706236], [74.247422, 16.70487], [74.247139, 16.704869], [74.24714, 16.704596], [74.24799, 16.704599], [74.247992, 16.704326], [74.248558, 16.704328], [74.24856, 16.704055], [74.24941, 16.704058], [74.249413, 16.703239], [74.24998, 16.703241], [74.249981, 16.702967], [74.249698, 16.702966], [74.2497, 16.70242], [74.249983, 16.702421], [74.249985, 16.701875], [74.250269, 16.701876], [74.25027, 16.701603], [74.250553, 16.701604], [74.250554, 16.70133], [74.251405, 16.701334], [74.251404, 16.701607], [74.251687, 16.701608], [74.251685, 16.702154], [74.252252, 16.702156], [74.252253, 16.701883], [74.25282, 16.701885], [74.252821, 16.701612], [74.252537, 16.701611], [74.252543, 16.700245], [74.253393, 16.700248], [74.253395, 16.699702], [74.253679, 16.699703], [74.253682, 16.698883], [74.254249, 16.698885], [74.25425, 16.698612], [74.254533, 16.698613], [74.254534, 16.69834], [74.255101, 16.698342], [74.255102, 16.698069], [74.255386, 16.69807], [74.255387, 16.697797], [74.25567, 16.697798], [74.255669, 16.698071], [74.256236, 16.698073], [74.256237, 16.6978], [74.256804, 16.697802], [74.256805, 16.697529], [74.257089, 16.69753], [74.25709, 16.697256], [74.257373, 16.697257], [74.257374, 16.696984], [74.257941, 16.696986], [74.257942, 16.696713], [74.258226, 16.696714], [74.258231, 16.695348], [74.25738, 16.695345], [74.257382, 16.695072], [74.257098, 16.695071], [74.257101, 16.694251], [74.256818, 16.69425], [74.25682, 16.693704], [74.256536, 16.693703], [74.256539, 16.693157], [74.256822, 16.693158], [74.256824, 16.692611], [74.257391, 16.692613], [74.257392, 16.69234], [74.257676, 16.692341], [74.257677, 16.692068], [74.258243, 16.69207], [74.258246, 16.691524], [74.258529, 16.691525], [74.258532, 16.690705], [74.258816, 16.690706], [74.258817, 16.690433], [74.2591, 16.690434], [74.259104, 16.689341], [74.259388, 16.689342], [74.259389, 16.689069], [74.259105, 16.689068], [74.259109, 16.688249], [74.258825, 16.688248], [74.258828, 16.687428], [74.259112, 16.687429], [74.259113, 16.687156], [74.258829, 16.687155], [74.25883, 16.686882], [74.258263, 16.68688], [74.258265, 16.686607], [74.257131, 16.686603], [74.257132, 16.686329], [74.256848, 16.686328], [74.256851, 16.685782], [74.257134, 16.685783], [74.257135, 16.68551], [74.257418, 16.685511], [74.25742, 16.685238], [74.257136, 16.685237], [74.257137, 16.684963], [74.256854, 16.684962], [74.256855, 16.684689], [74.257138, 16.68469], [74.257139, 16.684417], [74.25799, 16.68442], [74.257992, 16.683874], [74.257708, 16.683873], [74.25771, 16.683326], [74.257994, 16.683327], [74.257996, 16.682781], [74.258563, 16.682783], [74.258565, 16.682237], [74.257998, 16.682235], [74.257999, 16.681962], [74.257716, 16.681961], [74.257719, 16.681141], [74.257435, 16.68114], [74.257437, 16.680594], [74.256871, 16.680592], [74.256872, 16.680318], [74.256588, 16.680317], [74.256597, 16.678132], [74.25603, 16.67813], [74.256032, 16.677584], [74.255749, 16.677583], [74.255751, 16.677036], [74.255467, 16.677035], [74.255469, 16.676489], [74.255753, 16.67649], [74.255754, 16.676217], [74.256321, 16.676219], [74.256323, 16.675672], [74.256606, 16.675673], [74.256607, 16.6754], [74.257457, 16.675403], [74.257459, 16.67513], [74.257742, 16.675131], [74.257743, 16.674858], [74.258026, 16.674859], [74.258031, 16.673766], [74.258314, 16.673767], [74.258318, 16.672675], [74.258035, 16.672674], [74.25804, 16.671308], [74.257757, 16.671307], [74.257758, 16.671034], [74.258325, 16.671036], [74.258327, 16.670489], [74.25861, 16.67049], [74.258615, 16.669124], [74.259182, 16.669126], [74.259183, 16.668853], [74.2606, 16.668858], [74.260604, 16.667766], [74.260888, 16.667767], [74.260889, 16.667493], [74.261172, 16.667494], [74.261173, 16.667221], [74.261457, 16.667222], [74.261458, 16.666949], [74.262025, 16.666951], [74.262026, 16.666678], [74.262309, 16.666679], [74.26231, 16.666406], [74.262593, 16.666407], [74.262597, 16.665587], [74.262313, 16.665586], [74.262317, 16.664493], [74.262601, 16.664495], [74.262602, 16.664221], [74.262885, 16.664222], [74.262892, 16.662583], [74.263175, 16.662584], [74.263176, 16.662311], [74.263459, 16.662312], [74.263461, 16.661766], [74.262895, 16.661764], [74.262896, 16.661491], [74.263179, 16.661492], [74.263181, 16.660945], [74.263465, 16.660946], [74.263468, 16.660127], [74.263184, 16.660126], [74.263185, 16.659853], [74.262902, 16.659852], [74.262903, 16.659578], [74.26262, 16.659577], [74.262622, 16.659031], [74.262338, 16.65903], [74.26234, 16.658484], [74.262057, 16.658483], [74.262058, 16.658209], [74.260641, 16.658204], [74.260642, 16.657931], [74.260359, 16.65793], [74.260364, 16.656564], [74.258947, 16.656559], [74.258948, 16.656286], [74.257248, 16.65628], [74.257249, 16.656007], [74.256965, 16.656006], [74.256967, 16.655733], [74.256683, 16.655732], [74.256684, 16.655458], [74.256117, 16.655456], [74.256116, 16.65573], [74.25555, 16.655728], [74.255551, 16.655454], [74.255267, 16.655453], [74.255268, 16.65518], [74.254985, 16.655179], [74.254986, 16.654906], [74.254136, 16.654903], [74.254137, 16.65463], [74.253854, 16.654629], [74.253855, 16.654356], [74.253571, 16.654355], [74.253572, 16.654081], [74.253289, 16.65408], [74.253288, 16.654354], [74.252721, 16.654351], [74.252722, 16.654078], [74.252439, 16.654077], [74.25244, 16.653804], [74.252156, 16.653803], [74.252161, 16.65271], [74.251877, 16.652709], [74.251878, 16.652436], [74.251595, 16.652435], [74.251596, 16.652162], [74.251029, 16.65216], [74.25103, 16.651887], [74.249613, 16.651882], [74.249614, 16.651608], [74.249331, 16.651607], [74.249332, 16.651334], [74.249616, 16.651335], [74.249617, 16.651062], [74.249333, 16.651061], [74.249335, 16.650515], [74.249052, 16.650514], [74.249053, 16.650241], [74.24877, 16.650239], [74.248775, 16.648874], [74.248492, 16.648873], [74.248493, 16.648599], [74.248209, 16.648598], [74.24821, 16.648325], [74.247927, 16.648324], [74.247928, 16.648051], [74.247645, 16.64805], [74.247646, 16.647777], [74.247362, 16.647776], [74.247364, 16.647229], [74.247081, 16.647228], [74.247085, 16.646136], [74.246802, 16.646135], [74.246804, 16.645588], [74.246521, 16.645587], [74.246522, 16.645314], [74.246238, 16.645313], [74.24624, 16.64504], [74.245956, 16.645039], [74.24596, 16.643946], [74.245394, 16.643944], [74.245395, 16.643671], [74.245111, 16.64367], [74.245112, 16.643397], [74.244262, 16.643394], [74.244261, 16.643667], [74.243695, 16.643665], [74.243697, 16.643118], [74.242847, 16.643115], [74.242848, 16.642842], [74.242281, 16.64284], [74.242282, 16.642567], [74.241999, 16.642566], [74.242, 16.642293], [74.2403, 16.642286], [74.240302, 16.64174], [74.240018, 16.641739], [74.240019, 16.641466], [74.239736, 16.641465], [74.239737, 16.641192], [74.238887, 16.641189], [74.238888, 16.640915], [74.238038, 16.640912], [74.238039, 16.640639], [74.237756, 16.640638], [74.237758, 16.640092], [74.237474, 16.640091], [74.237476, 16.639817], [74.237192, 16.639816], [74.237194, 16.63927], [74.236911, 16.639269], [74.236913, 16.638723], [74.23663, 16.638722], [74.236632, 16.638175], [74.236349, 16.638174], [74.23635, 16.637901], [74.235783, 16.637899], [74.235784, 16.637626], [74.234367, 16.637621], [74.234368, 16.637347], [74.234085, 16.637346], [74.234086, 16.637073], [74.233803, 16.637072], [74.233804, 16.636799], [74.23267, 16.636795], [74.232669, 16.637068], [74.232103, 16.637066], [74.232104, 16.636793], [74.23182, 16.636792], [74.231821, 16.636518], [74.231255, 16.636516], [74.231256, 16.636243], [74.230689, 16.636241], [74.23069, 16.635968], [74.230407, 16.635967], [74.230406, 16.63624], [74.228989, 16.636235], [74.228994, 16.634869], [74.228428, 16.634867], [74.228429, 16.634594], [74.228145, 16.634593], [74.228147, 16.634319], [74.22843, 16.63432], [74.228432, 16.633774], [74.228149, 16.633773], [74.22815, 16.6335], [74.227866, 16.633499], [74.227868, 16.633226], [74.227584, 16.633225], [74.22759, 16.631859], [74.227306, 16.631858], [74.22731, 16.631038], [74.227026, 16.631037], [74.227027, 16.630764], [74.227311, 16.630765], [74.227312, 16.630492], [74.227595, 16.630493], [74.227599, 16.6294], [74.228166, 16.629402], [74.228167, 16.629129], [74.228451, 16.62913], [74.228455, 16.628037], [74.228738, 16.628038], [74.228745, 16.626399], [74.227895, 16.626396], [74.227898, 16.625577], [74.228181, 16.625578], [74.228183, 16.625305], [74.227899, 16.625304], [74.227901, 16.624757], [74.227618, 16.624756], [74.22762, 16.62421], [74.227054, 16.624208], [74.227055, 16.623935], [74.227338, 16.623936], [74.227341, 16.623116], [74.227625, 16.623117], [74.227626, 16.622844], [74.227342, 16.622843], [74.227348, 16.621477], [74.227065, 16.621476], [74.227067, 16.62093], [74.225933, 16.620925], [74.225934, 16.620652], [74.225651, 16.620651], [74.22565, 16.620924], [74.224517, 16.62092], [74.224521, 16.619827], [74.224238, 16.619826], [74.22424, 16.61928], [74.223673, 16.619278], [74.223677, 16.618458], [74.223393, 16.618457], [74.223394, 16.618184], [74.223111, 16.618183], [74.223112, 16.61791], [74.222829, 16.617909], [74.22283, 16.617636], [74.222547, 16.617635], [74.22255, 16.616815], [74.221983, 16.616813], [74.221984, 16.61654], [74.221418, 16.616538], [74.22142, 16.615991], [74.221137, 16.61599], [74.221138, 16.615717], [74.220854, 16.615716], [74.220859, 16.614623], [74.220292, 16.614621], [74.220294, 16.614075], [74.220011, 16.614074], [74.220012, 16.613801], [74.219729, 16.613799], [74.219732, 16.61298], [74.219449, 16.612979], [74.21945, 16.612706], [74.218883, 16.612704], [74.218885, 16.612157], [74.218602, 16.612156], [74.218603, 16.611883], [74.21832, 16.611882], [74.218321, 16.611609], [74.218038, 16.611608], [74.218039, 16.611335], [74.217472, 16.611332], [74.217473, 16.611059], [74.215207, 16.611051], [74.215208, 16.610777], [74.214641, 16.610775], [74.21464, 16.611049], [74.214357, 16.611047], [74.214356, 16.611321], [74.213506, 16.611317], [74.213507, 16.611044], [74.213223, 16.611043], [74.213225, 16.61077], [74.212375, 16.610767], [74.212373, 16.61104], [74.211807, 16.611038], [74.211806, 16.611311], [74.211522, 16.61131], [74.21152, 16.611856], [74.211237, 16.611855], [74.211235, 16.612402], [74.210951, 16.6124], [74.210952, 16.612127], [74.210386, 16.612125], [74.210387, 16.611852], [74.210104, 16.611851], [74.210102, 16.612124], [74.209536, 16.612122], [74.209535, 16.612395], [74.209251, 16.612394], [74.209249, 16.61294], [74.208966, 16.612939], [74.208964, 16.613486], [74.207547, 16.61348], [74.207546, 16.613753], [74.206979, 16.613751], [74.206978, 16.614024], [74.206411, 16.614022], [74.20641, 16.614295], [74.206127, 16.614294], [74.206125, 16.614841], [74.205841, 16.61484], [74.20584, 16.615113], [74.20499, 16.61511], [74.204991, 16.614836], [74.204708, 16.614835], [74.204707, 16.615108], [74.204424, 16.615107], [74.204423, 16.615381], [74.201873, 16.615371], [74.20187, 16.615917], [74.201587, 16.615916], [74.201583, 16.617009], [74.200166, 16.617003], [74.200165, 16.617276], [74.200448, 16.617278], [74.200441, 16.618917], [74.199025, 16.618911], [74.199024, 16.619184], [74.19874, 16.619183], [74.198739, 16.619456], [74.199022, 16.619457], [74.19902, 16.620004], [74.198737, 16.620003], [74.198735, 16.620549], [74.198451, 16.620548], [74.198449, 16.621094], [74.197882, 16.621092], [74.19788, 16.621638], [74.197313, 16.621636], [74.197312, 16.621909], [74.197029, 16.621908], [74.197028, 16.622182], [74.196744, 16.62218], [74.196741, 16.623], [74.197024, 16.623001], [74.197023, 16.623274], [74.196457, 16.623272], [74.196455, 16.623545], [74.195889, 16.623543], [74.19589, 16.62327], [74.195323, 16.623268], [74.195324, 16.622994], [74.195041, 16.622993], [74.19504, 16.623267], [74.194473, 16.623264], [74.194472, 16.623538], [74.193905, 16.623535], [74.193901, 16.624628], [74.194184, 16.624629], [74.194182, 16.625175], [74.193899, 16.625174], [74.193889, 16.62736], [74.193323, 16.627358], [74.193319, 16.628177], [74.192753, 16.628175], [74.19275, 16.628721], [74.193034, 16.628722], [74.193031, 16.629269], [74.193315, 16.62927], [74.193311, 16.630089], [74.193595, 16.63009], [74.19359, 16.631183], [74.193873, 16.631184], [74.193872, 16.631457], [74.194156, 16.631458], [74.19415, 16.632824], [74.194433, 16.632825], [74.194431, 16.633372], [74.194148, 16.633371], [74.194141, 16.63501], [74.194424, 16.635011], [74.19442, 16.636103], [74.194703, 16.636105], [74.194702, 16.636378], [74.194985, 16.636379], [74.194979, 16.637745], [74.195263, 16.637746], [74.195261, 16.638292], [74.194977, 16.638291], [74.19497, 16.63993], [74.195254, 16.639931], [74.195253, 16.640204], [74.195536, 16.640205], [74.195533, 16.641025], [74.195249, 16.641024], [74.195246, 16.641843], [74.195529, 16.641845], [74.195521, 16.643757], [74.195238, 16.643756], [74.195237, 16.644029], [74.194953, 16.644028], [74.194952, 16.644301], [74.194669, 16.6443], [74.194668, 16.644573], [74.194101, 16.644571], [74.1941, 16.644844], [74.193816, 16.644843], [74.19381, 16.646482], [74.193526, 16.646481], [74.193525, 16.646754], [74.193808, 16.646755], [74.193807, 16.647028], [74.194091, 16.647029], [74.194089, 16.647302], [74.194656, 16.647305], [74.194655, 16.647578], [74.194938, 16.647579], [74.194935, 16.648398], [74.195218, 16.6484], [74.195217, 16.648673], [74.195501, 16.648674], [74.195496, 16.649767], [74.194929, 16.649764], [74.194928, 16.650037], [74.194645, 16.650036], [74.19464, 16.651129], [74.195207, 16.651131], [74.195204, 16.651951], [74.195487, 16.651952], [74.195484, 16.652771], [74.195767, 16.652773], [74.195766, 16.653046], [74.196049, 16.653047], [74.196048, 16.65332], [74.196331, 16.653321], [74.196329, 16.653867], [74.196612, 16.653869], [74.196611, 16.654142], [74.196895, 16.654143], [74.196894, 16.654416], [74.197744, 16.654419], [74.197743, 16.654692], [74.198026, 16.654694], [74.198025, 16.654967], [74.198308, 16.654968], [74.198305, 16.655787], [74.198872, 16.655789], [74.19887, 16.656063], [74.198587, 16.656062], [74.19858, 16.657701], [74.198864, 16.657702], [74.198861, 16.658248], [74.198578, 16.658247], [74.198577, 16.65852], [74.197443, 16.658516], [74.197442, 16.658789], [74.197726, 16.65879], [74.197724, 16.659063], [74.198008, 16.659064], [74.198007, 16.659337], [74.197723, 16.659336], [74.197719, 16.660429], [74.197435, 16.660428], [74.197433, 16.660974], [74.19715, 16.660973], [74.197148, 16.661246], [74.196582, 16.661244], [74.196579, 16.661791], [74.196296, 16.661789], [74.196295, 16.662063], [74.196578, 16.662064], [74.196577, 16.662337], [74.196861, 16.662338], [74.196854, 16.663977], [74.197137, 16.663978], [74.197129, 16.66589], [74.197413, 16.665891], [74.197409, 16.666711], [74.197693, 16.666712], [74.197691, 16.666985], [74.197975, 16.666986], [74.197974, 16.667259], [74.198257, 16.667261], [74.198249, 16.669173], [74.197682, 16.669171], [74.197681, 16.669444], [74.196548, 16.669439], [74.196549, 16.669166], [74.195982, 16.669164], [74.195981, 16.669437], [74.195697, 16.669436], [74.195696, 16.669709], [74.195129, 16.669707], [74.195127, 16.670253], [74.194844, 16.670252], [74.194843, 16.670525], [74.193709, 16.670521], [74.193708, 16.670794], [74.193424, 16.670793], [74.193423, 16.671066], [74.19314, 16.671065], [74.193139, 16.671338], [74.192855, 16.671337], [74.192851, 16.67243], [74.192284, 16.672428], [74.192283, 16.672701], [74.191999, 16.6727], [74.191998, 16.672973], [74.191715, 16.672972], [74.19171, 16.674065], [74.191427, 16.674063], [74.191423, 16.674883], [74.191707, 16.674884], [74.191706, 16.675157], [74.191422, 16.675156], [74.191418, 16.676249], [74.191701, 16.67625], [74.1917, 16.676523], [74.191983, 16.676524], [74.191981, 16.677071], [74.192264, 16.677072], [74.192263, 16.677345], [74.192547, 16.677346], [74.19254, 16.678985], [74.192256, 16.678984], [74.192255, 16.679257], [74.191688, 16.679255], [74.191685, 16.680074], [74.190551, 16.68007], [74.19055, 16.680343], [74.189416, 16.680339], [74.189415, 16.680612], [74.189132, 16.680611], [74.18913, 16.681157], [74.188846, 16.681156], [74.188844, 16.681702], [74.189411, 16.681704], [74.18941, 16.681978], [74.189976, 16.68198], [74.189965, 16.684712], [74.189398, 16.684709], [74.189395, 16.685529], [74.189678, 16.68553], [74.189677, 16.685803], [74.190244, 16.685805], [74.190243, 16.686079], [74.190526, 16.68608], [74.190525, 16.686353], [74.190808, 16.686354], [74.190807, 16.686627], [74.191091, 16.686628], [74.191088, 16.687175], [74.191372, 16.687176], [74.191369, 16.687722], [74.191653, 16.687723], [74.191647, 16.689089], [74.191364, 16.689088], [74.191362, 16.689361], [74.191079, 16.68936], [74.191077, 16.689906], [74.19136, 16.689907], [74.191358, 16.690454], [74.191925, 16.690456], [74.191922, 16.691002], [74.191639, 16.691001], [74.191637, 16.691547], [74.191353, 16.691546], [74.191351, 16.692093], [74.190784, 16.692091], [74.190783, 16.692364], [74.189082, 16.692357], [74.189081, 16.69263], [74.187947, 16.692626], [74.187945, 16.693172], [74.187378, 16.69317], [74.187377, 16.693443], [74.18681, 16.693441], [74.186808, 16.693987], [74.187091, 16.693988], [74.18709, 16.694261], [74.187374, 16.694263], [74.187372, 16.694536], [74.187656, 16.694537], [74.18765, 16.695903], [74.187367, 16.695902], [74.187364, 16.696448], [74.187081, 16.696447], [74.18708, 16.69672], [74.186796, 16.696719], [74.186795, 16.696992], [74.187079, 16.696993], [74.187077, 16.697266], [74.187361, 16.697267], [74.18736, 16.697541], [74.187076, 16.697539], [74.187074, 16.698086], [74.186791, 16.698085], [74.186789, 16.698358], [74.186506, 16.698357], [74.186505, 16.69863], [74.186221, 16.698629], [74.18622, 16.698902], [74.185937, 16.698901], [74.185933, 16.69972], [74.18565, 16.699719], [74.185649, 16.699992], [74.185365, 16.699991], [74.185364, 16.700265], [74.185081, 16.700263], [74.185077, 16.701083], [74.184794, 16.701082], [74.184791, 16.701628], [74.184508, 16.701627], [74.184506, 16.702173], [74.184222, 16.702172], [74.184221, 16.702445], [74.183938, 16.702444], [74.183936, 16.702717], [74.183653, 16.702716], [74.183652, 16.70299], [74.183368, 16.702988], [74.183366, 16.703535], [74.183083, 16.703534], [74.183081, 16.703807], [74.182798, 16.703806], [74.182793, 16.704898], [74.182226, 16.704896], [74.182225, 16.705169], [74.181942, 16.705168], [74.181938, 16.705988], [74.181655, 16.705987], [74.181654, 16.70626], [74.18137, 16.706259], [74.181369, 16.706532], [74.180519, 16.706528], [74.180518, 16.706802], [74.179951, 16.706799], [74.179946, 16.707892], [74.179662, 16.707891], [74.179661, 16.708164], [74.179378, 16.708163], [74.179377, 16.708436], [74.179093, 16.708435], [74.179092, 16.708708], [74.178525, 16.708706], [74.178524, 16.708979], [74.177957, 16.708977], [74.177956, 16.70925], [74.177672, 16.709249], [74.177669, 16.710068], [74.177385, 16.710067], [74.177382, 16.710887], [74.177098, 16.710886], [74.177097, 16.711159], [74.176814, 16.711158], [74.176813, 16.711431], [74.175962, 16.711427], [74.175961, 16.711701], [74.176245, 16.711702], [74.176241, 16.712521], [74.175958, 16.71252], [74.175956, 16.712793], [74.174823, 16.712789], [74.174821, 16.713062], [74.174538, 16.713061], [74.174537, 16.713334], [74.174253, 16.713333], [74.174252, 16.713606], [74.173969, 16.713605], [74.173966, 16.714151], [74.173683, 16.71415], [74.17368, 16.714696], [74.173397, 16.714695], [74.173396, 16.714968], [74.173112, 16.714967], [74.173108, 16.71606], [74.172541, 16.716058], [74.17254, 16.716331], [74.172256, 16.71633], [74.172255, 16.716603], [74.171971, 16.716602], [74.17197, 16.716875], [74.171403, 16.716873], [74.171402, 16.717146], [74.170552, 16.717142], [74.170553, 16.716869], [74.170269, 16.716868], [74.170266, 16.717688], [74.169982, 16.717686], [74.169981, 16.71796], [74.169698, 16.717959], [74.169697, 16.718232], [74.169413, 16.718231], [74.169411, 16.718777], [74.169127, 16.718776], [74.169126, 16.719049], [74.168559, 16.719047], [74.168558, 16.71932], [74.167708, 16.719316], [74.167709, 16.719043], [74.167425, 16.719042], [74.167426, 16.718769], [74.166859, 16.718767], [74.166858, 16.71904], [74.166291, 16.719038], [74.16629, 16.719311], [74.165723, 16.719308], [74.16572, 16.720128], [74.165436, 16.720127], [74.165434, 16.720673], [74.164867, 16.720671], [74.164866, 16.720944], [74.164299, 16.720942], [74.1643, 16.720669], [74.163733, 16.720666], [74.163729, 16.721486], [74.163446, 16.721485], [74.16344, 16.72285], [74.162873, 16.722848], [74.162872, 16.723121], [74.162588, 16.72312], [74.162587, 16.723393], [74.162304, 16.723392], [74.162295, 16.725304], [74.162579, 16.725305], [74.162576, 16.725852], [74.163143, 16.725854], [74.163142, 16.726127], [74.164276, 16.726132], [74.164274, 16.726678], [74.164841, 16.726681], [74.164839, 16.726954], [74.165123, 16.726955], [74.165119, 16.727774], [74.164836, 16.727773], [74.164835, 16.728046], [74.165118, 16.728047], [74.165117, 16.728321], [74.165967, 16.728324], [74.165964, 16.729144], [74.166247, 16.729145], [74.166246, 16.729418], [74.168231, 16.729426], [74.168228, 16.729972], [74.169079, 16.729976], [74.169078, 16.730249], [74.169361, 16.73025], [74.16936, 16.730523], [74.169643, 16.730524], [74.169641, 16.731071], [74.169924, 16.731072], [74.169923, 16.731345], [74.170207, 16.731346], [74.170204, 16.731892], [74.170488, 16.731894], [74.170486, 16.73244], [74.171903, 16.732446], [74.171902, 16.732719], [74.172752, 16.732722], [74.172754, 16.732449], [74.173037, 16.73245], [74.173036, 16.732723], [74.173319, 16.732724], [74.173317, 16.733271], [74.1736, 16.733272], [74.173599, 16.733545], [74.17445, 16.733548], [74.174449, 16.733822], [74.175583, 16.733826], [74.175581, 16.734099], [74.176148, 16.734102], [74.17615, 16.733828], [74.176717, 16.733831], [74.176721, 16.732738], [74.177288, 16.73274], [74.177289, 16.732467], [74.177573, 16.732468], [74.177574, 16.732195], [74.178992, 16.732201], [74.17899, 16.732474], [74.178707, 16.732473], [74.178706, 16.732746], [74.179273, 16.732748], [74.179275, 16.732202], [74.179559, 16.732203], [74.179556, 16.732749], [74.180407, 16.732753], [74.180408, 16.73248], [74.180691, 16.732481], [74.180693, 16.732207], [74.180976, 16.732209], [74.180977, 16.731935], [74.181261, 16.731937], [74.181263, 16.73139], [74.18098, 16.731389], [74.180978, 16.731662], [74.180695, 16.731661], [74.180697, 16.731115], [74.180414, 16.731114], [74.180417, 16.730294], [74.180701, 16.730295], [74.180702, 16.730022], [74.181269, 16.730024], [74.18127, 16.729751], [74.181553, 16.729752], [74.181556, 16.729206], [74.182406, 16.729209], [74.182404, 16.729756], [74.183254, 16.729759], [74.183256, 16.729486], [74.184106, 16.729489], [74.184105, 16.729762], [74.184388, 16.729764], [74.184393, 16.728671], [74.18411, 16.72867], [74.184115, 16.727304], [74.184399, 16.727305], [74.1844, 16.727032], [74.18525, 16.727035], [74.185252, 16.726762], [74.185535, 16.726763], [74.185536, 16.72649], [74.18582, 16.726491], [74.185821, 16.726218], [74.186104, 16.726219], [74.186106, 16.725946], [74.186389, 16.725947], [74.18639, 16.725674], [74.186674, 16.725675], [74.186675, 16.725402], [74.187242, 16.725404], [74.187243, 16.725131], [74.18781, 16.725133], [74.187809, 16.725406], [74.188092, 16.725407], [74.188093, 16.725134], [74.189511, 16.72514], [74.189514, 16.72432], [74.190081, 16.724322], [74.190086, 16.72323], [74.190653, 16.723232], [74.190654, 16.722959], [74.190938, 16.72296], [74.190939, 16.722687], [74.191789, 16.72269], [74.19179, 16.722417], [74.192641, 16.72242], [74.192642, 16.722147], [74.193209, 16.722149], [74.193208, 16.722422], [74.193491, 16.722424], [74.193489, 16.72297], [74.193772, 16.722971], [74.19377, 16.723517], [74.194054, 16.723518], [74.194052, 16.723792], [74.194619, 16.723794], [74.194617, 16.72434], [74.196034, 16.724346], [74.196037, 16.723799], [74.196604, 16.723802], [74.196593, 16.72626], [74.196877, 16.726261], [74.196876, 16.726534], [74.197726, 16.726538], [74.197725, 16.726811], [74.198576, 16.726814], [74.198574, 16.727087], [74.199141, 16.72709], [74.19914, 16.727363], [74.198857, 16.727362], [74.198853, 16.728181], [74.19857, 16.72818], [74.198569, 16.728453], [74.199136, 16.728455], [74.199135, 16.728729], [74.199418, 16.72873], [74.199417, 16.729003], [74.1997, 16.729004], [74.199698, 16.72955], [74.199415, 16.729549], [74.199413, 16.729822], [74.19913, 16.729821], [74.199129, 16.730094], [74.198845, 16.730093], [74.198844, 16.730366], [74.198561, 16.730365], [74.19856, 16.730639], [74.197993, 16.730636], [74.197991, 16.730909], [74.197708, 16.730908], [74.197702, 16.732274], [74.197419, 16.732273], [74.197418, 16.732546], [74.197134, 16.732545], [74.19713, 16.733638], [74.197413, 16.733639], [74.197412, 16.733912], [74.197695, 16.733913], [74.197694, 16.734186], [74.197978, 16.734188], [74.197974, 16.735007], [74.197691, 16.735006], [74.19769, 16.735279], [74.196839, 16.735276], [74.196838, 16.735549], [74.196554, 16.735548], [74.196553, 16.735821], [74.195986, 16.735819], [74.195985, 16.736092], [74.195702, 16.736091], [74.195697, 16.737184], [74.195414, 16.737182], [74.195411, 16.737729], [74.195695, 16.73773], [74.195693, 16.738276], [74.195409, 16.738275], [74.195408, 16.738548], [74.194841, 16.738546], [74.194835, 16.739912], [74.195119, 16.739913], [74.195117, 16.740186], [74.195401, 16.740187], [74.195402, 16.739914], [74.195686, 16.739915], [74.195685, 16.740188], [74.195968, 16.74019], [74.195965, 16.741009], [74.195681, 16.741008], [74.195678, 16.741827], [74.195394, 16.741826], [74.195392, 16.742373], [74.195675, 16.742374], [74.195673, 16.74292], [74.19539, 16.742919], [74.195386, 16.743739], [74.19567, 16.74374], [74.195668, 16.744013], [74.195952, 16.744014], [74.195949, 16.744833], [74.195665, 16.744832], [74.195657, 16.746745], [74.196224, 16.746747], [74.196223, 16.74702], [74.196506, 16.747021], [74.196503, 16.747841], [74.196219, 16.747839], [74.196214, 16.749205], [74.19593, 16.749204], [74.195928, 16.749751], [74.195644, 16.749749], [74.195643, 16.750023], [74.19536, 16.750021], [74.195357, 16.750568], [74.195641, 16.750569], [74.195637, 16.751388], [74.195921, 16.75139], [74.195918, 16.752209], [74.196201, 16.75221], [74.196199, 16.752757], [74.195632, 16.752754], [74.195631, 16.753027], [74.195064, 16.753025], [74.195061, 16.753572], [74.194778, 16.75357], [74.194777, 16.753844], [74.19506, 16.753845], [74.195059, 16.754118], [74.19591, 16.754121], [74.195908, 16.754394], [74.196475, 16.754397], [74.196474, 16.75467], [74.198459, 16.754678], [74.198458, 16.754951], [74.198741, 16.754952], [74.19874, 16.755225], [74.199024, 16.755226], [74.199023, 16.755499], [74.199306, 16.7555], [74.199305, 16.755774]]]]}}]}